name,age,educational level,number of not paid past credits,dependents,profession,monthly income,monthly expenditure,savings (debt),debt-to-income ratio before credit,credit: monthly amount,credit-to-income ratio,requested_loan_duration,debt-to-income ratio after credit,collateral,estimated seizable assets,y-categorical-default
name0,37,bachelor degree,1,0,HighSkilled,6554.0,4484.781176159608,2069.2188238403924,0.0,105794.06416739171,0.3518032427625187,60,15.82618940243383,28327,39261.928211553044,0
name1,32,bachelor degree,0,2,HighSkilled,3514.0,2701.5676451379727,812.4323548620273,0.0,77084.57613570544,0.88968272020513,36,21.705220199443204,29467,37922.8955340025,0
name2,32,high school or lower,0,3,LowSkilled,1070.0,1168.0849110498996,-98.08491104989957,0.09166814116813045,5733.612818288521,0.4076611334688769,24,5.450184793774225,0,1759.4590910832849,1
name3,32,high school or lower,0,0,Unemployed_LowSkilled,500.0,380.5741812051779,119.42581879482208,0.0,11152.108165879048,0.3461110106648473,24,22.06536469416845,15052,15981.583396719536,0
name4,30,ausbildung,1,0,MediumSkilled,1625.0,1474.9596435060766,150.04035649392335,0.0,11539.902197164045,0.8318210283599974,60,7.0091457481046895,31392,35802.46510266246,1
name5,46,ausbildung,0,0,MediumSkilled,3120.0,1704.310768661838,1415.689231338162,0.0,46283.609894643,0.7404802761148517,12,14.380743802341295,33343,45928.453952592004,0
name6,40,ausbildung,0,4,MediumSkilled,2606.0,3468.9334383306464,-862.9334383306464,0.3311333224599564,41199.55659266641,0.3425396789474786,48,16.1406331661539,19752,18991.44292266418,1
name7,52,high school or lower,0,0,LowSkilled,2313.0,1033.8554799894757,1279.1445200105243,0.0,12449.252410020921,0.8515910577550633,36,4.829272758327019,19506,24999.846458640244,0
name8,30,ausbildung,0,0,MediumSkilled,1758.0,1551.7631019935354,206.23689800646457,0.0,48993.36844306254,0.7961962778115845,24,27.75149689707399,35074,44275.34294544664,0
name9,42,ausbildung,0,2,MediumSkilled,1725.0,2968.483603991045,-1243.4836039910451,0.7208600602846639,29233.5545513555,0.599572777883559,48,17.667848205998,41954,53985.07340620221,1
name10,49,high school or lower,0,0,LowSkilled,2333.0,2033.1705825371794,299.82941746282063,0.0,27790.048885618355,0.8439294539772875,12,11.78320594434442,0,3954.067019892687,1
name11,32,post graduate degree,1,0,HighSkilled,3053.0,2046.6630370215266,1006.3369629784734,0.0,106266.05583064765,0.9686827024744805,12,34.4774709687747,0,7516.700710263846,0
name12,59,post graduate degree,3,0,Unemployed_HighSkilled,4500.0,3943.8595520062972,556.1404479937028,0.0,45828.23577347282,0.4846340066138116,12,10.060465627884248,41026,57288.33314746325,1
name13,59,ausbildung,1,1,MediumSkilled,3226.0,3555.978577198634,-329.97857719863396,0.10228722169827463,82911.63751584101,0.47661882945933925,24,25.803352787675028,0,6413.542810300701,1
name14,50,bachelor degree,0,0,Unemployed_HighSkilled,3500.0,2768.8455307118384,731.1544692881616,0.0,37787.76767932743,0.6399601048522545,36,10.587603774296936,37972,41495.89141429687,0
name15,45,post graduate degree,1,1,HighSkilled,7582.0,6154.361068032676,1427.6389319673244,0.0,43294.64005745034,0.3131105408313344,60,5.521894107818915,0,18371.450662899417,0
name16,35,post graduate degree,0,2,Unemployed_HighSkilled,1500.0,1884.5393367061083,-384.5393367061083,0.2563595578040722,22748.372362665716,0.8017892478797923,24,15.421941132914549,77788,69413.63738145914,0
name17,53,high school or lower,0,0,Unemployed_LowSkilled,1000.0,784.178981271326,215.82101872867395,0.0,34797.91711475562,0.41043357240908396,60,34.582096096026945,0,1753.1340288997683,0
name18,39,post graduate degree,2,0,HighSkilled,5991.0,4224.419998578974,1766.5800014210263,0.0,136514.6302317136,0.7098404990553859,36,22.49174599070148,10111,28499.843604510985,1
name19,42,post graduate degree,0,3,HighSkilled,6771.0,4362.478629442094,2408.5213705579063,0.0,35457.93822518222,0.8839745164515386,12,4.881024494849256,41436,64093.27544703564,1
name20,41,high school or lower,1,0,LowSkilled,1722.0,1312.9439573885666,409.05604261143344,0.0,12884.36831013794,0.4208707318102918,60,7.244664499144313,0,3108.911895950958,1
name21,34,ausbildung,1,1,MediumSkilled,1893.0,1279.5878727987756,613.4121272012244,0.0,28008.31786434756,0.7557126588753035,12,14.471688186553795,33645,35454.63984359833,0
name22,34,bachelor degree,0,1,HighSkilled,3059.0,2975.5088356542274,83.49116434577263,0.0,19077.627681014008,0.9917416422489694,48,6.209263326795762,38213,48336.20480225795,0
name23,32,bachelor degree,2,1,HighSkilled,3514.0,3489.0426196518097,24.957380348190327,0.0,26959.42767325225,0.4438656722391805,48,7.664903327519652,51022,59239.081443817406,1
name24,50,high school or lower,0,0,LowSkilled,1908.0,1634.5889650238983,273.41103497610175,0.0,64772.04114905438,0.5082311512257867,12,33.80431347698023,14087,19985.971992493363,0
name25,39,ausbildung,0,0,MediumSkilled,1762.0,2655.4357942467946,-893.4357942467946,0.5070577719902353,11191.49197383439,0.37862567072527203,12,6.858642320136881,22140,24799.321413409867,0
name26,48,bachelor degree,1,0,Unemployed_HighSkilled,3500.0,2384.038601998892,1115.9613980011081,0.0,163354.15601194938,0.8678409019773965,48,46.3537698896995,36416,37864.15373662332,1
name27,54,ausbildung,0,1,MediumSkilled,3971.0,5228.4469557133625,-1257.4469557133625,0.3166575058457221,174577.58181490234,0.26668818353759366,48,44.27978563853329,45258,51266.34406437896,1
name28,57,bachelor degree,1,3,HighSkilled,10211.0,12242.570970669023,-2031.5709706690232,0.19895906088228607,174299.28550918758,0.9122149102524819,48,17.268715745750328,52213,79283.55955481627,0
name29,53,ausbildung,0,1,MediumSkilled,3773.0,2968.16042444325,804.8395755567499,0.0,33025.13202164625,0.3932703928964225,48,8.53970115189226,46963,52634.51616371543,0
name30,54,post graduate degree,0,0,HighSkilled,8747.0,5688.97719472127,3058.0228052787297,0.0,65629.57147332624,0.37727507718678194,12,7.153486757522295,22155,46161.383008949044,0
name31,49,high school or lower,0,0,LowSkilled,1552.0,1297.4161098715733,254.58389012842667,0.0,31758.02540744928,0.6800363071375248,12,20.298609225077872,11530,13550.396828067722,0
name32,51,high school or lower,1,2,LowSkilled,1905.0,1721.639748513202,183.360251486798,0.0,95887.4546355544,0.7212710722543272,24,50.238369755416066,0,3451.0493852206214,0
name33,48,bachelor degree,0,1,HighSkilled,4765.0,6776.684861800043,-2011.684861800043,0.4221794043651717,90470.08140938116,0.48181165512047874,12,19.408555355966673,41942,53884.155047429536,0
name34,37,bachelor degree,0,1,HighSkilled,4906.0,8192.849799217869,-3286.849799217869,0.6699653076269607,102257.22650174283,0.6517876098909585,36,21.513264635336466,34171,37581.69637821744,0
name35,37,bachelor degree,0,0,HighSkilled,3127.0,5687.79207228547,-2560.7920722854697,0.8189293483484074,101817.46415640796,0.7692628543786377,60,33.37967899862278,59059,56982.31244492111,1
name36,37,high school or lower,0,0,LowSkilled,1449.0,1009.2368101885962,439.7631898114038,0.0,5313.30003419465,0.3618496967755041,48,3.363379464722737,0,2599.548523281995,0
name37,46,high school or lower,1,3,LowSkilled,1577.0,1605.8430970503036,-28.84309705030364,0.018289852283008015,11780.558985336967,0.4938323861991106,48,7.488523831570875,0,2648.6006749840717,1
name38,45,ausbildung,0,0,MediumSkilled,1940.0,1622.1625044614352,317.8374955385648,0.0,22673.493188638287,0.7835684795736235,60,11.523533862422537,31140,32718.093366451532,0
name39,30,post graduate degree,0,0,HighSkilled,2911.0,3178.270043011448,-267.2700430114478,0.09181382446288142,67967.60885565548,0.7770028146257347,60,23.440356887209525,0,5893.909460941907,1
name40,46,ausbildung,1,0,MediumSkilled,2995.0,2421.1929327753564,573.8070672246436,0.0,63087.017042474195,0.5845921926957945,24,20.87252419874776,39934,45830.08288174738,0
name41,33,ausbildung,0,1,MediumSkilled,1771.0,1321.11204768638,449.88795231361996,0.0,30641.053830423913,0.9222996149355451,60,17.04752449356877,46571,51914.97159910426,0
name42,51,ausbildung,1,0,MediumSkilled,4870.0,5599.391691613974,-729.3916916139742,0.14977242127597007,30315.926921586244,0.8898348776991016,60,6.3748087501437825,0,10551.452841047629,0
name43,56,high school or lower,0,1,LowSkilled,2541.0,2022.8333651647235,518.1666348352765,0.0,25877.0581080562,0.4224923078971138,12,9.979886451484031,0,4685.49664556539,0
name44,32,bachelor degree,1,0,HighSkilled,2914.0,3934.252927375548,-1020.2529273755481,0.3501211144047866,19505.36609660657,0.4304092931606876,60,7.0437951352031964,61014,70554.4120764931,1
name45,30,ausbildung,1,1,MediumSkilled,1727.0,1740.7475922089252,-13.747592208925198,0.007960389235046437,33198.86076400583,0.9357338693071489,48,19.23138874129401,49601,53782.77266178831,0
name46,37,bachelor degree,0,0,HighSkilled,4459.0,4506.649356891172,-47.64935689117192,0.01068610829584479,92873.2691625597,0.999816694414138,36,20.838959075902864,34686,50411.69818536452,1
name47,37,bachelor degree,0,0,HighSkilled,4874.0,3511.8150594448894,1362.1849405551106,0.0,135782.01799965499,0.4310392416722384,36,27.578956310853485,0,12991.364522296755,1
name48,59,ausbildung,0,0,MediumSkilled,4635.0,5080.475245553059,-445.4752455530588,0.09611116408911732,153275.65207248364,0.4520396884636494,48,33.16529176225172,37187,50772.04933157114,0
name49,40,bachelor degree,0,0,HighSkilled,4809.0,5225.495837166594,-416.49583716659436,0.08660757686974306,32148.50240208495,0.9361743463595649,24,6.771677737419743,21570,34957.33055768545,1
name50,38,high school or lower,0,0,LowSkilled,1186.0,549.8040450401292,636.1959549598708,0.0,6789.505354362333,0.8194328445509886,60,5.18828785784356,10909,10870.284971757514,0
name51,31,bachelor degree,0,0,HighSkilled,3286.0,3672.5783197174655,-386.57831971746555,0.11764404130172415,62325.40168314652,0.8314789604571448,24,19.084595253458303,50173,60322.59437599422,1
name52,59,post graduate degree,1,0,HighSkilled,4592.0,10552.580493625468,-5960.580493625468,1.2980358217825496,24396.737633802324,0.6642083722544987,36,6.610914226356226,57945,62897.988813677955,1
name53,30,bachelor degree,0,0,HighSkilled,2619.0,2590.4670249411097,28.532975058890315,0.0,57542.72154638926,0.7571028998652882,36,21.960362188365927,37753,45976.36370207973,0
name54,39,ausbildung,1,0,MediumSkilled,2426.0,1809.2879384598489,616.7120615401511,0.0,86414.87614490592,0.2928691140798827,60,35.3661022602497,36343,40376.37657112334,0
name55,41,ausbildung,0,0,Unemployed_MediumSkilled,1300.0,856.2370663399035,443.76293366009645,0.0,8426.124530522651,0.7630264518502499,24,6.140278151432734,22135,23460.817160562205,0
name56,51,high school or lower,1,0,Unemployed_LowSkilled,1000.0,690.1406976757863,309.8593023242137,0.0,13738.90046969827,0.814081562120642,24,13.429041167374056,0,1780.607806208554,1
name57,60,bachelor degree,0,0,HighSkilled,14367.0,7908.765704195868,6458.234295804132,0.0,392725.37450718414,0.7209886460364379,12,26.88572006761189,26501,69539.73131143056,0
name58,56,high school or lower,0,0,LowSkilled,2050.0,1451.1863569640113,598.8136430359887,0.0,19918.83117520418,0.8727021055528456,24,9.424398796179606,24123,29417.620946901752,1
name59,46,bachelor degree,0,0,HighSkilled,7740.0,4509.392555167743,3230.607444832257,0.0,42172.47835160139,0.2767870727762516,24,5.031249471158803,65330,89557.45795810707,1
name60,54,high school or lower,0,0,LowSkilled,2360.0,2533.6302164426957,-173.63021644269566,0.07357212561131171,24616.116840020495,0.2384636733837689,48,10.504130108670843,7342,10159.98043123504,1
name61,54,high school or lower,0,0,LowSkilled,1196.0,1730.954675432132,-534.954675432132,0.44728651791984286,11948.531974106229,0.33407064789810736,36,10.43769786750699,5844,5955.999431535341,1
name62,59,ausbildung,2,1,Unemployed_MediumSkilled,2000.0,2144.4133296872606,-144.41332968726056,0.07220666484363028,33801.24264481006,0.6822881512600221,12,16.97282798724866,17349,23345.595274036652,1
name63,53,post graduate degree,0,1,HighSkilled,10586.0,4707.856523457264,5878.143476542736,0.0,186134.21665922255,0.5031737243372749,36,17.027779442913264,58969,77707.41097165033,1
name64,30,high school or lower,1,2,LowSkilled,1097.0,1201.439065678912,-104.4390656789119,0.09520425312571733,23343.32075960931,0.9651860440817931,36,21.374439220864375,0,1598.9178576758434,1
name65,52,bachelor degree,1,0,HighSkilled,8925.0,7328.929995092373,1596.0700049076268,0.0,148607.84189757606,0.4593516746436466,60,16.47190721486481,65375,88092.84941066448,0
name66,36,ausbildung,0,0,MediumSkilled,2484.0,1507.6649367926327,976.3350632073673,0.0,32220.02357912476,0.7351484024307604,24,12.577974442800883,41901,46799.83831462983,0
name67,38,bachelor degree,1,0,Unemployed_HighSkilled,2250.0,1675.7953881732865,574.2046118267135,0.0,43084.16089678174,0.771898653345974,48,18.893313904424456,61845,61470.875624321416,1
name68,60,ausbildung,0,0,MediumSkilled,3931.0,2783.3446823197833,1147.6553176802167,0.0,117530.16048326126,0.8218711946463233,48,29.6063355801529,10936,17779.64233126409,0
name69,53,ausbildung,1,0,MediumSkilled,3653.0,3363.855761753994,289.1442382460059,0.0,35379.80270099553,0.5591692705562727,48,9.605983701820291,44607,56203.83220432842,1
name70,45,ausbildung,0,0,MediumSkilled,2554.0,3221.081742143882,-667.0817421438819,0.2611909718652631,62474.763418794566,0.42599823797449377,36,24.7227271577676,45203,44583.11083997665,0
name71,56,post graduate degree,2,1,HighSkilled,7731.0,17457.82944881524,-9726.829448815239,1.2581592871317084,241642.66380645082,0.8892988388239044,12,32.51448625731032,43312,43463.00116155527,1
name72,34,ausbildung,0,0,MediumSkilled,1667.0,1954.962270751576,-287.96227075157594,0.17274281388816792,27658.901279060727,0.20307297910472574,36,16.764765176852013,0,3430.825297678487,1
name73,34,bachelor degree,0,0,HighSkilled,2505.0,2966.861678608493,-461.8616786084931,0.18437591960418886,11802.96467869939,0.6333091042684109,60,4.8961382663903725,66072,67039.42073227571,0
name74,54,ausbildung,1,0,MediumSkilled,4382.0,3292.9721808932836,1089.0278191067164,0.0,21999.492299531565,0.9143940591300771,24,4.771899698864639,27286,30623.510236495844,0
name75,44,ausbildung,1,1,MediumSkilled,2693.0,2448.450181195862,244.54981880413789,0.0,65601.96800188365,0.9571807537831154,24,24.269371772402344,14096,21697.468128205346,0
name76,46,high school or lower,1,0,LowSkilled,1914.0,1065.1080095965706,848.8919904034294,0.0,85686.38627861324,0.6777214176478736,24,44.32470965946176,0,3763.6779059885353,0
name77,33,ausbildung,1,0,MediumSkilled,1781.0,1390.5912402611168,390.4087597388832,0.0,61408.05114986322,0.9965605453329218,12,34.260327001754256,36589,41826.368394567275,1
name78,35,ausbildung,0,2,Unemployed_MediumSkilled,900.0,891.0318478533023,8.968152146697662,0.0,27143.992969742943,0.2550912335617171,60,30.15002757510694,0,1708.609836404109,0
name79,32,ausbildung,0,0,MediumSkilled,2040.0,2127.207731502176,-87.2077315021761,0.04274888799126279,24459.108520443315,0.9554484616642805,48,12.032507966639947,21518,28337.93629648789,0
name80,52,bachelor degree,0,0,Unemployed_HighSkilled,4000.0,2810.031956904236,1189.9680430957642,0.0,88678.21535384697,0.6128856003418524,60,21.8720618276878,33671,34836.1816358828,1
name81,50,bachelor degree,3,0,Unemployed_HighSkilled,3500.0,3624.9385211867293,-124.9385211867293,0.03569672033906551,132183.6223009005,0.7594364224153153,60,37.802445949167776,31442,41143.07963041869,1
name82,34,bachelor degree,1,0,HighSkilled,2649.0,2927.905720214322,-278.9057202143222,0.10528717259883812,37046.009120994306,0.43003532308110937,36,14.090190578032702,15448,23494.78084973846,0
name83,31,ausbildung,1,0,MediumSkilled,2139.0,1545.5764984333364,593.4235015666636,0.0,39947.097384455075,0.973204035775722,36,18.398164508129224,36526,43824.58815442339,1
name84,40,ausbildung,1,1,MediumSkilled,2599.0,1828.6697328779574,770.3302671220426,0.0,64694.6409062814,0.7388509741228442,24,24.595733220145963,11410,15153.40069119873,1
name85,41,ausbildung,0,1,MediumSkilled,1920.0,1908.0466936293776,11.953306370622386,0.0,18263.650683643056,0.33306113574664764,24,9.506092383996059,19702,22354.539709397628,0
name86,43,high school or lower,0,0,LowSkilled,1515.0,860.5279620523155,654.4720379476845,0.0,35383.36738763849,0.659659948436228,60,22.923363267122646,12942,14516.250264977645,0
name87,43,ausbildung,0,1,MediumSkilled,1826.0,2034.9308106388378,-208.93081063883778,0.11441994010889255,42481.0160894383,0.32041933227688013,48,23.378941347249253,33821,34121.0936880325,0
name88,51,bachelor degree,1,1,HighSkilled,11528.0,4470.1711478512025,7057.8288521487975,0.0,158520.5822183126,0.3884001523638109,24,13.138684365558971,44264,79811.69273333985,0
name89,50,ausbildung,0,0,MediumSkilled,2679.0,1974.2102700482205,704.7897299517795,0.0,22370.75384905883,0.5333993541201911,12,8.087332631245634,13636,19840.28213286427,0
name90,37,high school or lower,0,1,LowSkilled,1648.0,749.9276793518444,898.0723206481556,0.0,9175.205978252588,0.7598957779751989,24,5.022532559225991,23641,24889.92123095656,0
name91,39,bachelor degree,0,0,HighSkilled,4841.0,3947.911673816759,893.088326183241,0.0,46395.65843299281,0.2632425777398808,36,9.399415432102781,51238,62077.861575876486,0
name92,40,ausbildung,0,1,MediumSkilled,2095.0,2493.2301085860454,-398.2301085860454,0.1900859706854632,29209.01348240549,0.44541401431746164,36,14.132335842955387,40242,53919.681041632335,0
name93,43,ausbildung,0,0,Unemployed_MediumSkilled,1300.0,996.7401762981361,303.25982370186387,0.0,31204.445228209923,0.3653062671586618,36,23.770142618852354,19877,23905.6929553565,0
name94,59,bachelor degree,1,0,HighSkilled,9023.0,5237.64695831754,3785.3530416824597,0.0,101727.76103971033,0.8204302769594956,60,10.854749861246576,75728,109100.28872423449,0
name95,60,high school or lower,0,0,LowSkilled,1950.0,1789.2291566552735,160.77084334472647,0.0,38188.794072601464,0.46182939507060516,24,19.501550373977814,0,3405.229542602219,0
name96,36,ausbildung,0,0,Unemployed_MediumSkilled,1150.0,1051.3252403786867,98.67475962131334,0.0,12948.467973967356,0.4177674222237592,48,11.173733229866123,23683,27033.71805626622,1
name97,42,high school or lower,0,0,LowSkilled,2031.0,1076.7770276889687,954.2229723110313,0.0,42951.83051272968,0.7534299616739489,24,20.678290271008688,0,3304.7683438048057,0
name98,41,bachelor degree,0,0,Unemployed_HighSkilled,3000.0,2114.269240950222,885.730759049778,0.0,74024.17794558757,0.6204026431206695,48,24.379482395512596,22714,27765.082872422136,0
name99,57,high school or lower,0,0,LowSkilled,1983.0,2282.619127857887,-299.6191278578872,0.15109386175385134,34189.344068733815,0.8006184316258593,48,17.39231628673308,0,2691.917780437048,0
name100,46,ausbildung,1,2,MediumSkilled,2610.0,3373.4694395283896,-763.4694395283896,0.29251702663922974,39370.74314937954,0.6244363737568133,60,15.377092945941733,34769,43573.87024506654,0
name101,53,ausbildung,1,1,MediumSkilled,3555.0,3268.6043601369593,286.39563986304074,0.0,43427.71203370872,0.4988482213140632,12,12.13539139067389,0,7875.5677550183,1
name102,60,high school or lower,0,0,LowSkilled,1372.0,969.5174043205302,402.4825956794698,0.0,79519.38705315963,0.979777647084634,24,57.665382257638605,12127,14368.591477149792,1
name103,46,bachelor degree,2,0,HighSkilled,8103.0,5496.003658673811,2606.9963413261894,0.0,35787.958659764015,0.4151066423808467,48,4.094898471978012,61079,89955.84053692565,1
name104,44,high school or lower,1,1,Unemployed_LowSkilled,750.0,851.9264657237171,-101.92646572371711,0.1359019542982895,9629.998163491757,0.9750420488937573,24,12.97589950562063,7903,8859.210556484797,1
name105,34,bachelor degree,0,0,HighSkilled,2314.0,3574.860530975365,-1260.8605309753648,0.544883548390391,94810.34870242041,0.20582430987935338,12,41.51737650535686,31187,39094.269488802995,0
name106,58,ausbildung,2,0,MediumSkilled,4986.0,2908.756922123359,2077.243077876641,0.0,96496.1287271774,0.6055433181566583,24,18.936800170337097,0,12052.503910409854,0
name107,42,ausbildung,0,1,Unemployed_MediumSkilled,1300.0,1263.2141689517052,36.78583104829477,0.0,18146.212351992406,0.8421909207636346,12,13.930328093033932,0,2111.2460719032397,0
name108,41,post graduate degree,0,1,HighSkilled,5316.0,4467.7036394872,848.2963605127998,0.0,55063.585713183464,0.6334539313254106,36,10.198511917357159,46321,66128.42838707422,1
name109,48,bachelor degree,0,0,HighSkilled,6101.0,5518.821546601432,582.1784533985683,0.0,72556.70298673148,0.585478428746905,12,11.79716842047745,43603,61263.76729482828,0
name110,49,bachelor degree,1,0,HighSkilled,6127.0,3802.8485609306026,2324.1514390693974,0.0,144920.8944406668,0.670921215765457,24,23.27350138756282,35269,65088.329417729874,1
name111,54,post graduate degree,1,1,Unemployed_HighSkilled,4000.0,3885.943295679174,114.05670432082616,0.0,44665.15869287731,0.42045990881627837,48,11.13777549713912,55930,69004.20692174087,1
name112,51,ausbildung,0,1,MediumSkilled,4606.0,3750.4048352382847,855.5951647617153,0.0,30768.4176842238,0.508758200312974,36,6.494316656418169,0,9430.390058121257,0
name113,55,bachelor degree,2,1,HighSkilled,8665.0,5787.83464058486,2877.1653594151403,0.0,88577.2548534577,0.5834722913857437,48,9.890373859670232,59188,85088.66894449166,1
name114,51,post graduate degree,0,1,HighSkilled,6859.0,3741.174934295007,3117.825065704993,0.0,58838.21479002356,0.8752336536912212,36,8.123690002087558,52298,72325.6897654767,1
name115,56,post graduate degree,0,1,Unemployed_HighSkilled,4500.0,4378.192152744549,121.80784725545072,0.0,85561.35328861717,0.7823439067353486,24,18.98656565363594,71198,81710.8216312485,0
name116,52,high school or lower,0,1,LowSkilled,2325.0,2199.510682062965,125.48931793703514,0.0,67915.0885810669,0.33379946977021013,60,29.156816887367683,0,4341.0642574995445,0
name117,58,ausbildung,1,1,MediumSkilled,4117.0,4600.770445788938,-483.77044578893765,0.11750557342456586,59181.5814356596,0.2166082725099684,48,14.492434268022478,46038,55108.67625487062,0
name118,30,high school or lower,0,1,LowSkilled,602.0,752.3900789547604,-150.39007895476038,0.24981740690159532,21748.971611511955,0.9584032704001302,24,36.377677226688895,0,887.5221686719043,0
name119,32,ausbildung,0,0,MediumSkilled,1874.0,1973.3356599041722,-99.33565990417219,0.05300728916978238,36912.11036592282,0.29098340060815486,36,19.749971198413547,27249,30856.64727479453,0
name120,41,bachelor degree,0,0,HighSkilled,6662.0,4920.606120286253,1741.393879713747,0.0,26026.278842386255,0.6590555414421561,12,3.6452844435113336,15547,34278.72164646439,0
name121,32,high school or lower,1,0,LowSkilled,627.0,855.6321901494208,-228.6321901494208,0.36464464138663605,25895.00221927655,0.7198452355023128,12,41.66448869126949,13408,13587.3270979633,0
name122,45,bachelor degree,2,1,HighSkilled,5957.0,3758.675477128205,2198.324522871795,0.0,81949.02636596459,0.2058590984850225,24,13.387729031910824,64283,77362.01291277743,1
name123,56,bachelor degree,2,0,HighSkilled,7021.0,5922.925040174531,1098.0749598254688,0.0,318731.0865248921,0.9333410751119077,12,45.240423239576494,0,17377.888448845388,1
name124,52,high school or lower,0,0,LowSkilled,1737.0,2163.049774295819,-426.04977429581913,0.2452790871017957,31487.544990794893,0.5525061581070406,36,18.37282369895838,0,2605.273903856213,1
name125,40,high school or lower,0,1,LowSkilled,1205.0,989.8849942639725,215.11500573602746,0.0,38074.109017615796,0.9335042496665966,12,31.418252292016405,0,2422.1816062738576,1
name126,57,bachelor degree,1,2,HighSkilled,4500.0,11174.248271777764,-6674.248271777764,1.483166282617281,109747.02932031725,0.5782680542468591,36,25.871395020465556,56915,45734.992014671705,1
name127,32,high school or lower,0,1,LowSkilled,876.0,923.3299345712197,-47.329934571219724,0.05402960567490836,6783.15795254743,0.5621320555889642,24,7.797360601733618,12182,13337.223555265697,0
name128,52,bachelor degree,1,0,HighSkilled,10392.0,10339.83309504836,52.16690495164039,0.0,430733.28434096987,0.28182602648917543,12,41.443525542342016,72720,98406.20767888235,1
name129,35,bachelor degree,0,0,HighSkilled,2415.0,4416.820541418139,-2001.8205414181393,0.8289111972745918,49440.680407949025,0.5267890986862859,60,21.301242629137544,37878,41854.044846830926,1
name130,36,bachelor degree,0,0,HighSkilled,4874.0,3769.8889096123976,1104.1110903876024,0.0,56911.00893006485,0.7615510524324238,24,11.449917488649413,79850,92546.85874997701,0
name131,60,bachelor degree,0,0,HighSkilled,9217.0,9301.161897570199,-84.16189757019856,0.00913115954976658,448812.05523852614,0.5929056401196958,12,48.70307227255032,79166,98424.23153959063,0
name132,50,ausbildung,0,0,MediumSkilled,3495.0,2931.047536841111,563.9524631588888,0.0,79058.81465302219,0.7481223717787089,12,22.45918803715688,33126,31655.30270126558,0
name133,37,ausbildung,0,4,MediumSkilled,2313.0,2703.0885678179557,-390.08856781795566,0.16865048327624543,16161.065407438313,0.9040220857842948,24,7.1557085928475,41330,39993.0370957367,0
name134,37,ausbildung,0,0,MediumSkilled,2149.0,1803.68205508082,345.31794491918004,0.0,52052.48211271401,0.9298959436115257,12,24.061034978033888,12450,16900.53313145165,0
name135,39,bachelor degree,0,0,HighSkilled,3286.0,2752.9319470588493,533.0680529411507,0.0,27956.629443507005,0.6539440897249268,24,8.345575590555645,31797,45410.68730547645,1
name136,32,ausbildung,1,4,MediumSkilled,1853.0,2224.8367319227227,-371.8367319227227,0.20066742143697935,14545.283366232794,0.6820742157258968,24,8.050253695712637,20585,25312.302810694637,0
name137,32,ausbildung,0,0,MediumSkilled,1645.0,2483.0538505724676,-838.0538505724676,0.5094552283115305,39349.82559544277,0.741997106757158,36,24.430321851680997,14388,17546.51920438603,1
name138,38,post graduate degree,1,0,HighSkilled,3737.0,3491.608546670063,245.39145332993712,0.0,49009.96321726068,0.6299746692399201,48,13.049122762625299,30038,37993.5065062994,1
name139,56,post graduate degree,0,0,HighSkilled,8918.0,5261.2381406372715,3656.7618593627285,0.0,162073.54594311057,0.58960969520171,48,17.763712052449858,46156,87893.6632698889,0
name140,37,ausbildung,1,1,MediumSkilled,2533.0,1806.9498617604388,726.0501382395612,0.0,39537.38294889813,0.7155673215075411,36,15.32227904092324,42578,53336.35660415764,0
name141,34,high school or lower,0,0,LowSkilled,1124.0,1255.8800306396058,-131.88003063960582,0.11733098811352831,22721.528649144435,0.4965795208773735,24,20.332214127921745,5143,6164.918306783883,1
name142,50,bachelor degree,1,0,HighSkilled,7276.0,3390.889984070783,3885.110015929217,0.0,115840.15751439477,0.49107142540819065,48,15.38689492832127,45915,73092.20871341773,1
name143,51,high school or lower,0,0,LowSkilled,1901.0,2717.9596428665845,-816.9596428665845,0.4297525738382875,17079.213475649525,0.8781822220925352,48,9.414083702533462,22257,25746.244834870202,1
name144,60,ausbildung,0,1,MediumSkilled,5096.0,5087.925067157131,8.074932842869202,0.0,168290.20065300702,0.9599095383481665,48,33.02239515701808,39701,56176.6486721299,1
name145,47,high school or lower,1,0,LowSkilled,2165.0,1278.3357001266388,886.6642998733612,0.0,35976.75051135266,0.5297631546173147,12,16.207892014540093,0,4472.565090118322,0
name146,30,bachelor degree,0,1,HighSkilled,2945.0,3176.3856035793256,-231.38560357932556,0.07856896556174042,36146.13354241535,0.47156457081886977,60,12.352298521560163,15673,20378.23634691465,0
name147,47,high school or lower,2,3,LowSkilled,2368.0,1991.2182343387526,376.7817656612474,0.0,64340.02556329719,0.41668054187988257,24,27.011504982109773,10654,13838.025860141906,0
name148,36,post graduate degree,2,0,HighSkilled,4706.0,2652.274253364358,2053.725746635642,0.0,231865.47314884342,0.4125035662089971,48,48.83377547858219,0,13653.14395079893,0
name149,54,bachelor degree,0,0,Unemployed_HighSkilled,4000.0,2233.589255074804,1766.410744925196,0.0,81444.65540665093,0.22483177056006357,60,19.919561165431436,56658,68026.39229758705,0
name150,50,bachelor degree,0,0,HighSkilled,4234.0,12898.289697724224,-8664.289697724224,2.0463603442900857,115378.35362057343,0.9461102428809425,24,29.2967981384737,27876,24534.998806655676,1
name151,40,ausbildung,0,0,MediumSkilled,2002.0,1288.656755231066,713.343244768934,0.0,26955.975126619775,0.564762503821768,36,13.108207733192229,26187,30392.387444236752,0
name152,59,bachelor degree,1,0,HighSkilled,5755.0,7433.520197620285,-1678.5201976202852,0.2916629361633858,183652.27048590046,0.2283801094585421,24,32.203438867683886,39443,42717.54036602967,1
name153,35,ausbildung,0,0,Unemployed_MediumSkilled,900.0,930.6771610930315,-30.677161093031486,0.03408573454781276,21822.734873153597,0.7664233667705858,48,24.281568926940697,20696,20839.813355909177,0
name154,53,bachelor degree,2,1,HighSkilled,9034.0,9346.208365919541,-312.2083659195414,0.03455926122642699,145681.52276225222,0.4533958689352698,24,16.16047499758377,69372,79115.19455246761,1
name155,36,bachelor degree,1,3,HighSkilled,4403.0,3535.3227063147383,867.6772936852617,0.0,135355.8358121438,0.5760996391788618,24,30.544664664651044,31041,48407.26095987636,0
name156,51,ausbildung,0,2,MediumSkilled,2565.0,3142.256565305575,-577.2565653055749,0.22505129251679334,17169.72612913071,0.6605955357502542,36,6.918901635257812,0,3973.43240898241,0
name157,49,high school or lower,0,0,LowSkilled,2572.0,2466.4873069509404,105.51269304905964,0.0,20478.84423102266,0.9696377014497265,60,7.9212019976569215,16934,21754.617862627485,0
name158,41,high school or lower,1,1,LowSkilled,1528.0,1544.9010307642952,-16.90103076429523,0.011060884008046615,10377.635886255064,0.8421443098093773,12,6.802707406426282,6654,7835.3536673124745,0
name159,47,bachelor degree,0,0,HighSkilled,7574.0,5340.568278836428,2233.4317211635716,0.0,131015.93114572644,0.6467814532230161,24,17.00323467448678,33818,53305.706181393776,1
name160,47,bachelor degree,0,0,HighSkilled,5616.0,4589.970706929508,1026.0292930704918,0.0,174076.09254940238,0.9669109542370089,12,30.8137577023383,50234,73207.7554992423,1
name161,34,bachelor degree,1,0,Unemployed_HighSkilled,1500.0,1742.9597083167566,-242.95970831675663,0.16197313887783776,88176.16817379431,0.9391417563288145,24,58.946085254740716,21575,25720.689907066306,1
name162,33,ausbildung,1,0,MediumSkilled,2170.0,1367.514054402345,802.485945597655,0.0,44269.620956926636,0.9218486389977636,24,20.03093779323916,27562,28650.702365558627,1
name163,60,post graduate degree,1,0,HighSkilled,6940.0,8833.238007634165,-1893.2380076341651,0.2728008656533379,172321.5960909113,0.5491406073120428,12,25.103002031490703,34338,40557.10649378875,1
name164,39,high school or lower,0,0,LowSkilled,1451.0,954.7616153362654,496.23838466373456,0.0,4181.195055775653,0.4276765842643401,48,2.5395979814692753,17553,21007.68422435053,0
name165,39,high school or lower,2,1,LowSkilled,1069.0,1531.062469529254,-462.06246952925403,0.4322380444614163,18293.38155520634,0.6865633971920055,36,17.5448494150941,14830,17558.693141941396,1
name166,32,ausbildung,0,1,MediumSkilled,1903.0,1913.3069899380544,-10.306989938054357,0.005416179683685947,28326.577107181613,0.924278933934546,24,14.89063799112962,20911,28342.324619665163,0
name167,38,high school or lower,0,0,LowSkilled,1250.0,766.6614018921326,483.33859810786737,0.0,68597.47385239927,0.2569069002007111,48,54.49130820343313,14290,16981.65904400378,1
name168,35,high school or lower,0,0,LowSkilled,892.0,962.6159631897248,-70.61596318972477,0.0791658780153865,15181.839686463587,0.5783628092898773,60,17.099165526517165,22057,26154.379214421002,1
name169,59,bachelor degree,0,1,HighSkilled,9391.0,7081.251594414868,2309.748405585132,0.0,276560.44789932476,0.7524434916981853,24,29.2035671913257,23078,49092.08476254796,0
name170,57,high school or lower,0,0,LowSkilled,2575.0,1806.9747094359072,768.0252905640928,0.0,30420.415734395858,0.8861917802004442,12,11.515491434497774,21207,28960.423151430405,0
name171,57,bachelor degree,0,1,HighSkilled,9696.0,4955.275669632687,4740.724330367313,0.0,213607.2245180125,0.43145596718940005,24,21.54151198304921,21396,55129.24549272325,0
name172,50,ausbildung,0,0,MediumSkilled,2425.0,2486.018018619404,-61.01801861940385,0.025162069533774784,31127.54683593366,0.927293079269005,24,12.861263857547655,13362,18240.474202049067,1
name173,32,bachelor degree,1,0,HighSkilled,2950.0,2839.095553193188,110.90444680681185,0.0,29052.931931862593,0.21089668008101425,24,9.81085677459518,47086,48300.04319489191,1
name174,42,bachelor degree,0,0,Unemployed_HighSkilled,3000.0,2525.036080699343,474.9639193006569,0.0,17501.646601530316,0.8317036010165137,60,5.675560894076552,70086,70019.97790793721,0
name175,30,high school or lower,0,0,LowSkilled,1146.0,822.9223866386315,323.07761336136855,0.0,30729.19477873527,0.7231356528699571,24,26.532388451460648,24309,29654.91745448434,0
name176,36,ausbildung,0,1,MediumSkilled,2727.0,1908.3370585579464,818.6629414420536,0.0,84923.99200592237,0.5228599752125367,48,30.84170482745886,41414,37921.13802039132,0
name177,30,high school or lower,0,0,LowSkilled,1101.0,1220.5460043483256,-119.5460043483256,0.10857947715560907,21824.88989634699,0.7944121336817258,36,19.931367757216453,0,1860.5277919876094,1
name178,46,high school or lower,0,1,Unemployed_LowSkilled,900.0,710.7566476419433,189.24335235805665,0.0,37991.79169263568,0.5418285871947136,48,42.002831489197355,12314,13624.493306108618,1
name179,55,post graduate degree,0,1,HighSkilled,5014.0,5455.019492184978,-441.01949218497793,0.08795761710909013,84942.85553468454,0.8460430334619825,12,17.029093543452237,15374,31066.5959887741,1
name180,58,bachelor degree,0,0,HighSkilled,9619.0,9065.59242368128,553.4075763187193,0.0,174095.16324329737,0.584815398336008,36,18.04155896319562,0,22588.699514928954,1
name181,47,high school or lower,0,1,Unemployed_LowSkilled,900.0,732.956345712869,167.04365428713095,0.0,11048.62636515863,0.4403725495793081,48,12.09064745652389,6661,8505.554889739817,0
name182,58,bachelor degree,2,0,HighSkilled,9499.0,9132.310534576021,366.6894654239786,0.0,539457.7177436858,0.6378110756335158,60,56.75239796591872,73727,92318.96825332064,1
name183,53,ausbildung,0,1,Unemployed_MediumSkilled,1750.0,1950.248300254032,-200.24830025403207,0.11442760014516118,96940.20042531472,0.5440798297728421,12,55.50882784318214,19774,21482.798815087113,1
name184,32,ausbildung,0,1,MediumSkilled,1534.0,1050.8756591695114,483.12434083048856,0.0,56807.10665241864,0.4411077456215448,24,36.71706799973152,0,3917.426362416448,0
name185,47,high school or lower,1,0,LowSkilled,1736.0,1605.8371771297354,130.16282287026456,0.0,45260.93944853248,0.9300640095339312,36,25.996991143814643,9140,10338.509937150995,0
name186,56,ausbildung,1,0,MediumSkilled,3028.0,2857.2963961191185,170.70360388088147,0.0,23667.786359200374,0.5859855165214385,24,7.759934859748842,28190,36338.389928163175,0
name187,36,high school or lower,2,0,LowSkilled,949.0,1038.6476239748526,-89.64762397485265,0.09446535719162555,20519.121393031626,0.7107443350702924,36,21.716300334042653,24599,27254.882849870155,1
name188,45,high school or lower,0,0,LowSkilled,1385.0,882.4097663170455,502.5902336829545,0.0,16472.244824378045,0.6997642604454298,12,11.530436527577683,0,2587.7954216924663,0
name189,41,post graduate degree,0,0,HighSkilled,6984.0,5954.196937913467,1029.803062086533,0.0,253978.24277126192,0.4658245320967532,48,36.218276017923166,26268,51886.36258993943,0
name190,54,high school or lower,2,0,LowSkilled,2352.0,1917.0110838678354,434.9889161321646,0.0,42133.0937562201,0.2310527006576301,48,17.728786071465958,0,4318.26545604651,0
name191,39,post graduate degree,0,0,HighSkilled,3974.0,3003.188459346122,970.8115406538782,0.0,99812.22088998463,0.8309688898310654,24,24.872020470390225,23714,35042.81137792691,0
name192,58,high school or lower,1,1,LowSkilled,2023.0,4075.5961922544866,-2052.5961922544866,1.0146298528198154,16520.766758111433,0.9547414322929506,36,9.181098838539752,5322,6728.120003105101,1
name193,57,high school or lower,0,0,LowSkilled,2785.0,2429.51349870382,355.48650129618,0.0,22966.204256055353,0.8203910239916237,48,8.118749642642431,18574,18092.864588156845,0
name194,32,bachelor degree,0,0,HighSkilled,1984.0,3376.349622218729,-1392.349622218729,0.701789124102182,39956.23094024526,0.92550714241243,24,20.841018428661286,62446,58866.32153994421,1
name195,60,ausbildung,0,0,MediumSkilled,3857.0,1991.2092234132667,1865.7907765867333,0.0,122863.78898957667,0.25560687662201487,24,31.371013277933613,0,10730.72083634738,1
name196,34,high school or lower,0,1,Unemployed_LowSkilled,500.0,558.0033675231529,-58.00336752315286,0.11600673504630572,6258.672495448543,0.37695145556935244,24,12.63335172594339,18705,14634.83977675294,1
name197,33,bachelor degree,1,0,HighSkilled,3604.0,2264.8029177104904,1339.1970822895096,0.0,82374.30489951628,0.6134485642669861,36,22.484769094680015,76846,74850.06500788224,0
name198,51,bachelor degree,0,0,HighSkilled,8580.0,11161.151897707467,-2581.1518977074666,0.30083355451135974,362108.9970003782,0.6888446418536945,12,42.50467935875125,58433,74975.1805104257,0
name199,46,high school or lower,1,1,LowSkilled,1672.0,1738.6870396700197,-66.68703967001966,0.03988459310407874,40081.7594543656,0.9745503560807034,24,24.01222876437537,10104,12380.81289924153,1
name200,46,bachelor degree,0,0,HighSkilled,8302.0,5391.218392777385,2910.781607222615,0.0,48003.19470461546,0.9827674946894125,12,5.431512057021543,27741,60427.188116940466,0
name201,55,bachelor degree,0,0,HighSkilled,8694.0,10042.292795284113,-1348.2927952841128,0.1550831372537512,185980.1745265312,0.7839387861839975,24,21.546867646861667,35326,51413.6664366897,0
name202,56,high school or lower,0,0,Unemployed_LowSkilled,1100.0,759.2283425707674,340.7716574292326,0.0,13721.801177427926,0.5632676843895649,12,12.164572290907904,23520,25365.43748623145,1
name203,33,ausbildung,1,1,MediumSkilled,2028.0,2191.2384675113067,-163.23846751130668,0.08049234098190665,14110.544149537347,0.6176688235680794,24,7.038354347657127,22946,27655.380495021996,1
name204,45,high school or lower,1,0,LowSkilled,1520.0,2114.7817768628015,-594.7817768628015,0.3913038005676326,12042.83611733324,0.6324487881287086,24,8.314222298813185,19825,21012.79062443329,1
name205,52,high school or lower,1,0,LowSkilled,2350.0,1344.4258131857073,1005.5741868142927,0.0,15038.84973818119,0.8524099658196447,48,5.971606617602935,10925,16105.067128427158,1
name206,42,high school or lower,0,1,LowSkilled,942.0,1518.5189032791588,-576.5189032791588,0.6120158208908268,20137.144003483794,0.6365380848117712,12,21.989026440300375,10129,10845.238655233843,1
name207,57,bachelor degree,0,0,HighSkilled,9229.0,17625.52196456839,-8396.52196456839,0.909797590699793,157355.68403023807,0.9043391638167575,36,17.959931302937097,57867,70570.56013907265,1
name208,39,ausbildung,0,1,MediumSkilled,2037.0,2421.5200793233307,-384.5200793233307,0.18876783471935726,93578.01854798713,0.966161169545509,60,46.1279031061907,36716,38989.61872886424,0
name209,58,bachelor degree,0,1,HighSkilled,11602.0,12404.506109778658,-802.5061097786584,0.06916963538861044,84162.23379207081,0.3209886438564005,12,7.323283908106315,38942,71132.72665275354,0
name210,58,ausbildung,1,3,MediumSkilled,2572.0,4154.217674928309,-1582.217674928309,0.6151701691012088,11786.509237392544,0.8436347431206485,24,5.1977942893938,0,3234.954613139507,0
name211,59,high school or lower,1,1,Unemployed_LowSkilled,1100.0,1415.4231757292525,-315.42317572925253,0.28674834157204776,26797.66855338663,0.773232048540001,48,24.648265208287164,6870,9857.612617508159,0
name212,38,high school or lower,2,1,LowSkilled,930.0,883.137601299806,46.862398700194035,0.0,9994.805738536152,0.5749219581144516,36,10.696713268640815,9336,10396.882405312523,1
name213,59,ausbildung,0,2,MediumSkilled,4546.0,3077.0388075398546,1468.9611924601454,0.0,112909.60259345728,0.8162901745029635,36,24.513999428287974,35003,41223.62071065331,0
name214,36,bachelor degree,1,1,HighSkilled,3658.0,4069.8271443519484,-411.8271443519484,0.11258259823727403,137800.31600018617,0.7139015031941967,12,37.783527376855695,73602,84278.48699988662,1
name215,40,ausbildung,1,1,MediumSkilled,2237.0,2039.330583007575,197.6694169924251,0.0,60864.09982167131,0.9258917893598092,24,27.11954868336115,41375,49999.87148322346,1
name216,53,ausbildung,0,1,MediumSkilled,3940.0,3784.185036950764,155.8149630492362,0.0,229035.4265986758,0.9220029744613168,48,58.09127198873771,49080,49885.49261757388,1
name217,35,bachelor degree,2,0,HighSkilled,2790.0,3305.4718886866494,-515.4718886866494,0.18475694935005357,25208.03206654438,0.9144721800351698,24,9.21989389076381,79237,83733.6277809415,1
name218,55,high school or lower,0,0,LowSkilled,1322.0,2065.624402005885,-743.6244020058848,0.5624995476595195,14919.748448761718,0.5028194763471335,48,11.848239675315886,19385,20618.889513300626,1
name219,58,high school or lower,1,0,LowSkilled,2567.0,1094.8445272344798,1472.1554727655202,0.0,118825.96226009456,0.6839676152603337,12,45.7163251995828,0,5400.0389116603,1
name220,54,ausbildung,1,1,MediumSkilled,3672.0,3329.952871853483,342.047128146517,0.0,42120.395535579264,0.46317359546533315,48,11.377545862590619,28881,34535.02347295426,0
name221,32,post graduate degree,1,0,HighSkilled,2235.0,2623.2070589055857,-388.20705890558565,0.17369443351480343,41203.3829051552,0.40273048544778195,36,18.60921251188402,28242,33458.496627902365,1
name222,42,ausbildung,1,0,MediumSkilled,2208.0,1360.4527804810357,847.5472195189643,0.0,70921.63002966212,0.598097488864155,60,31.73645054807208,11697,15384.53697866599,1
name223,55,bachelor degree,2,0,HighSkilled,8936.0,7219.8002518101,1716.1997481898998,0.0,312322.3710169761,0.9793965858213446,48,34.75897171763498,22657,39310.83047815391,0
name224,55,high school or lower,0,0,LowSkilled,1925.0,1176.6040543393776,748.3959456606224,0.0,94137.23819136171,0.48646843005798096,12,48.51368428348108,0,3024.1574750602513,0
name225,35,ausbildung,0,1,MediumSkilled,2165.0,1674.3426537108742,490.6573462891258,0.0,29196.246505157626,0.5269321773659532,48,13.258932636890762,0,4559.59791841841,0
name226,58,bachelor degree,1,1,HighSkilled,5044.0,9239.596346362927,-4195.596346362927,0.8317994342511751,231262.079777336,0.8769712127097015,48,46.68074467162945,66039,57946.91411466769,1
name227,60,post graduate degree,1,1,HighSkilled,11161.0,10210.294000835549,950.705999164451,0.0,109417.12680475057,0.38915918892773205,12,9.718342514612143,77215,108624.83377554966,1
name228,40,ausbildung,0,0,MediumSkilled,2655.0,1703.802570495221,951.1974295047789,0.0,14614.31745589902,0.5581052075849324,36,5.1461845673801285,0,6291.409528797062,0
name229,40,high school or lower,0,0,LowSkilled,1499.0,1017.4181398100891,481.5818601899109,0.0,19943.207906168984,0.5257233829608073,48,12.983072745816592,18346,21461.95907108806,0
name230,46,post graduate degree,1,0,HighSkilled,6616.0,9847.465590363276,-3231.4655903632756,0.4884319211552714,121670.28381154731,0.8237834364692372,24,18.878740840675725,36436,57401.644480330484,1
name231,53,bachelor degree,3,0,HighSkilled,5084.0,6176.8472889101095,-1092.8472889101095,0.21495816068255497,292064.38322793785,0.21901139383386345,36,57.66271253281825,42276,44454.75341206203,1
name232,40,high school or lower,0,1,LowSkilled,1051.0,1040.5749995918763,10.425000408123651,0.0,13258.77701194917,0.5803193522243061,60,12.605472893949615,0,1530.344830803406,0
name233,31,ausbildung,0,0,MediumSkilled,2088.0,2093.232054625945,-5.232054625944784,0.0025057732882877316,70813.02901010372,0.6754892099787974,24,33.91679169766746,0,4411.799330406986,0
name234,46,post graduate degree,0,0,HighSkilled,9196.0,9299.808050208474,-103.80805020847401,0.011288391714710093,256729.46757139952,0.795773836151596,24,27.928803351632013,19231,47476.4071340402,1
name235,54,bachelor degree,0,1,HighSkilled,5467.0,8059.942263664191,-2592.942263664191,0.4742897866588972,99549.86094143588,0.3532860045666625,24,18.68351988386685,76311,85129.9544212706,0
name236,60,bachelor degree,0,0,HighSkilled,8406.0,4377.905994668469,4028.0940053315308,0.0,289985.5910617746,0.6146946665430467,48,34.018260415946116,21452,44259.433021691664,1
name237,46,ausbildung,0,0,MediumSkilled,3872.0,2242.408119352058,1629.5918806479422,0.0,84952.76924431304,0.8729542361336387,24,21.519415641442432,43019,54371.53949274854,0
name238,57,high school or lower,0,0,LowSkilled,2246.0,1498.4932332786873,747.5067667213127,0.0,9131.961793581111,0.882851854403355,48,3.7330610092875323,5830,10310.233882828561,1
name239,39,bachelor degree,1,1,HighSkilled,4215.0,2919.53767465632,1295.4623253436798,0.0,143235.15116232558,0.5973197514024571,12,33.67489652122939,20003,29661.43116274539,1
name240,58,bachelor degree,0,0,Unemployed_HighSkilled,4500.0,4995.707151422531,-495.70715142253084,0.1101571447605624,94139.55381586144,0.9624481355519278,48,21.03005799272977,17854,31936.21365678134,0
name241,60,bachelor degree,1,1,HighSkilled,8212.0,4158.907887527133,4053.0921124728666,0.0,90314.01599579987,0.670026533399933,24,10.504252786571724,64775,100978.55002954857,1
name242,52,post graduate degree,1,1,HighSkilled,9127.0,10515.184424174744,-1388.184424174744,0.15209646369833943,86402.94704001982,0.46894580539069286,12,9.618837675489708,46668,76398.28714688297,0
name243,33,ausbildung,0,0,MediumSkilled,2189.0,1433.29610960832,755.70389039168,0.0,75430.56741889553,0.9944468298536542,24,34.11368822681766,0,5623.131495136474,0
name244,34,bachelor degree,0,1,HighSkilled,3098.0,2214.5947522925167,883.4052477074833,0.0,16882.187900671746,0.9464797619628703,12,5.164229390885818,79934,95004.75564944636,0
name245,53,high school or lower,1,0,Unemployed_LowSkilled,1000.0,760.2494917124639,239.75050828753615,0.0,12984.786401024332,0.7516314562374563,24,12.745035892736796,0,1565.6254817642766,1
name246,39,high school or lower,0,1,LowSkilled,895.0,966.4463209791796,-71.44632097917963,0.07982829159684875,9218.21311051703,0.5852434272180165,24,10.379507744688501,0,1684.6836144020951,0
name247,40,bachelor degree,0,0,HighSkilled,4920.0,5636.860628257255,-716.8606282572546,0.14570337972708428,66100.31031610025,0.9097716424482135,60,13.58072580169868,10792,23749.681849587407,1
name248,46,bachelor degree,3,0,HighSkilled,4188.0,5190.357994765982,-1002.3579947659819,0.23934049540735,103827.41558150716,0.4244628858642512,12,25.03098700484077,64633,65553.09858322011,1
name249,48,high school or lower,2,0,LowSkilled,1826.0,1529.8280671374664,296.1719328625336,0.0,20072.985411829413,0.7579291297665531,48,10.830675508744184,0,3110.254607678081,1
name250,41,bachelor degree,0,0,Unemployed_HighSkilled,3000.0,3663.8404958208257,-663.8404958208257,0.22128016527360858,61818.5838899547,0.5071032224346022,48,20.82747479525851,23055,30119.45687797285,0
name251,37,post graduate degree,0,1,HighSkilled,4759.0,4503.844614262828,255.15538573717185,0.0,154949.187498507,0.9867051750769109,12,32.505575144519824,58533,72855.36943227591,0
name252,41,bachelor degree,1,1,HighSkilled,5594.0,10640.551792664308,-5046.551792664308,0.9021365378377383,112849.92538621483,0.833799658779069,24,21.075523271161806,51252,56250.80224882055,1
name253,32,high school or lower,0,0,LowSkilled,810.0,1496.727589876954,-686.727589876954,0.8478118393542642,18266.672553472497,0.2530747546675385,36,23.39925943623389,22044,20712.671752132985,0
name254,44,bachelor degree,0,2,HighSkilled,6176.0,5191.072697443528,984.9273025564717,0.0,287467.0004890525,0.5153411911256032,12,46.38634604703628,18879,43521.58180641247,0
name255,32,post graduate degree,1,0,HighSkilled,3849.0,2371.048997436341,1477.9510025636591,0.0,88253.67112788836,0.6683833887722712,12,22.54500392967646,38067,46980.95880944887,1
name256,37,ausbildung,0,1,Unemployed_MediumSkilled,1150.0,1083.2376500511343,66.76234994886568,0.0,36228.55692364974,0.5946188257500892,24,31.445038759739887,11973,16767.318683553876,0
name257,51,ausbildung,0,0,MediumSkilled,2974.0,1864.418936070855,1109.581063929145,0.0,29229.585132492477,0.43553155498466645,36,9.455280453451019,47689,49930.44169357595,0
name258,36,ausbildung,1,0,Unemployed_MediumSkilled,1150.0,1206.7325859859914,-56.73258598599136,0.04933268346607945,18860.270894018377,0.3961839765568598,36,16.44956824348206,0,2539.656195718145,1
name259,30,bachelor degree,1,1,HighSkilled,1500.0,3308.084538638239,-1808.0845386382389,1.2053896924254925,47973.199678189914,0.5593963462566718,24,33.18752281121876,79456,82195.42508579126,1
name260,57,high school or lower,0,1,LowSkilled,1943.0,1647.0473556342731,295.9526443657269,0.0,22674.90810882831,0.2245380755172593,60,11.517733126331747,0,3803.996472966976,0
name261,39,bachelor degree,0,1,HighSkilled,5286.0,3724.6114703331677,1561.3885296668323,0.0,104510.89336560456,0.7352605748091243,48,19.475880597037026,73293,73750.15789466872,0
name262,52,high school or lower,0,0,LowSkilled,2394.0,1296.276874529567,1097.723125470433,0.0,6670.5327065599995,0.6897900166546862,36,2.327823550998148,13319,17151.04697572006,1
name263,42,bachelor degree,1,2,HighSkilled,6601.0,5583.336754033123,1017.6632459668772,0.0,261727.26143792825,0.844252262001122,24,39.49547010937151,17761,32917.876671194776,1
name264,58,high school or lower,1,2,LowSkilled,2258.0,2026.8884812238803,231.11151877611974,0.0,76676.48005864996,0.3289716754097322,12,33.855344791795325,0,3884.55025112739,0
name265,50,ausbildung,1,0,MediumSkilled,2709.0,1937.4807436873298,771.5192563126702,0.0,21974.589575200298,0.5295001317882476,24,7.82689934252035,42618,43060.49874001909,1
name266,47,ausbildung,3,1,MediumSkilled,3282.0,3036.3728735077475,245.6271264922525,0.0,120661.81953792696,0.42377711695899006,48,36.68988190476377,0,6452.36493226547,1
name267,43,bachelor degree,1,2,HighSkilled,6689.0,4464.924539040061,2224.075460959939,0.0,163220.5178690142,0.7053364136410194,60,24.068835761407424,71580,78995.94825858835,0
name268,57,post graduate degree,0,0,HighSkilled,8562.0,4040.757264776047,4521.242735223953,0.0,300769.00850274955,0.8302089437090421,36,34.60029966918075,0,29549.116176582276,1
name269,44,ausbildung,0,0,MediumSkilled,2507.0,2825.4721706570112,-318.47217065701125,0.12703317537176356,82652.90634911931,0.5626089370793437,12,33.0958829356906,29401,31997.44368997581,0
name270,43,bachelor degree,1,1,HighSkilled,5888.0,5012.384366034056,875.6156339659437,0.0,79022.29764530277,0.9081076903197163,48,13.272194635077584,32059,38575.19666672702,1
name271,54,post graduate degree,0,1,HighSkilled,9359.0,9239.8455339873,119.15446601270014,0.0,212783.73417507118,0.49608743215484763,12,22.723002426440697,60017,80542.67590554069,1
name272,30,bachelor degree,2,1,HighSkilled,3558.0,2952.1759202973703,605.8240797026297,0.0,100745.23831917957,0.2647677421102307,24,28.14486066314698,21456,28145.97863317016,0
name273,48,high school or lower,1,2,LowSkilled,1279.0,1890.0584095750494,-611.0584095750494,0.47776263453874074,13970.762327048687,0.651916603470736,24,11.400954446148347,17127,19236.946819661855,1
name274,30,bachelor degree,0,0,HighSkilled,2686.0,2667.85305070909,18.146949290910015,0.0,59314.54331139566,0.32102604118967665,24,22.07609693302485,39223,50600.437081336066,0
name275,48,bachelor degree,1,1,HighSkilled,5674.0,8074.99098348233,-2400.99098348233,0.4231566766800018,45657.96233717084,0.458203541151496,12,8.470030546466894,38277,48160.744537764345,1
name276,31,high school or lower,1,1,LowSkilled,941.0,891.6075386447192,49.39246135528083,0.0,28837.918992268384,0.6386277869289163,36,30.593545728919345,0,1388.2880112913738,1
name277,40,ausbildung,0,0,MediumSkilled,1777.0,1308.8504284861717,468.1495715138283,0.0,47390.984637309695,0.6906258434004401,60,26.405647195158057,0,3487.3866112744486,0
name278,49,high school or lower,0,0,LowSkilled,1805.0,1428.186121283979,376.813878716021,0.0,89391.32794882276,0.8059032715372674,60,49.31552026044694,15722,19300.686627485935,0
name279,35,post graduate degree,0,1,HighSkilled,2396.0,2874.1039869739025,-478.10398697390247,0.19954256551498434,33064.343601782246,0.48920006975185465,12,13.999352082118593,50682,56122.541408629164,0
name280,38,bachelor degree,2,1,HighSkilled,4139.0,3854.5181605980188,284.48183940198123,0.0,193811.8719654151,0.5060310649247084,24,46.757040378355434,22840,35534.072470954,1
name281,33,high school or lower,1,0,LowSkilled,1010.0,1584.1931772464447,-574.1931772464447,0.5685080962836087,29874.172859156894,0.9063089563839257,60,30.14689706574588,6711,7639.774173472735,1
name282,60,high school or lower,0,0,LowSkilled,2637.0,2645.0836982113024,-8.083698211302362,0.0030654904100501945,44644.92113373296,0.9091414065989412,48,16.933259321935633,0,3819.2147015692663,1
name283,38,ausbildung,0,3,MediumSkilled,2358.0,2010.7842133169263,347.2157866830737,0.0,40749.848545357396,0.3481409744414279,12,17.134280219963664,0,5502.217049394443,0
name284,40,high school or lower,1,0,LowSkilled,1384.0,1857.8661143619215,-473.8661143619215,0.3423888109551456,9034.731383288947,0.9069936087288576,24,6.8703739144876215,20131,20717.73722132194,1
name285,59,bachelor degree,0,0,HighSkilled,11475.0,12476.542337877912,-1001.5423378779124,0.08728037802857624,202670.49934444722,0.6024044312513432,36,17.74919753222877,33021,55102.37514695248,0
name286,30,ausbildung,0,1,MediumSkilled,1619.0,1922.9958989188028,-303.9958989188028,0.18776769544089117,32538.561248830905,0.5227298655082495,36,20.285705464947316,40654,48306.230656390224,0
name287,37,high school or lower,2,0,LowSkilled,1208.0,1085.219780325663,122.7802196743371,0.0,15510.136564094737,0.36302884061810636,24,12.737877768559933,16322,22069.853411128763,1
name288,53,bachelor degree,0,0,Unemployed_HighSkilled,4000.0,4016.8248508700676,-16.82485087006762,0.004206212717516905,54148.12932929313,0.49531391336368485,12,13.5412385450408,38045,37678.33250869492,1
name289,32,ausbildung,1,0,MediumSkilled,2067.0,1774.2233691103083,292.77663088969166,0.0,34164.048255057576,0.804932105007962,48,16.38668196621572,22252,24657.295231384265,1
name290,41,ausbildung,1,0,MediumSkilled,1475.0,2895.7478595811203,-1420.7478595811203,0.963218887851607,18019.24969532372,0.2706707477614281,48,13.179659359257519,41819,42093.91733079669,1
name291,48,high school or lower,2,0,LowSkilled,2089.0,1334.6152009359805,754.3847990640195,0.0,33533.139004295066,0.8699337877530398,48,15.691122166218786,0,3501.7624840081958,0
name292,38,high school or lower,0,1,LowSkilled,1022.0,973.8147370882269,48.185262911773066,0.0,26874.804065123542,0.3955126789047272,48,26.249137771244392,8414,11766.5056880365,0
name293,46,high school or lower,0,0,LowSkilled,1552.0,1479.9427229006305,72.05727709936946,0.0,72568.77484842899,0.8385150515534997,48,46.7118025588464,7833,10156.148675936278,0
name294,40,ausbildung,1,1,MediumSkilled,2915.0,2831.4832831085023,83.51671689149771,0.0,26908.438427220717,0.7276140229783034,36,9.2023745146927,14493,20969.96465572659,0
name295,41,bachelor degree,0,0,HighSkilled,5921.0,3717.051626739439,2203.948373260561,0.0,43160.646847286,0.4598022801235823,24,6.917192783993488,25129,39781.82951393041,1
name296,41,high school or lower,0,2,LowSkilled,1245.0,1373.5769723426465,-128.5769723426465,0.10327467658043897,9836.64298371692,0.6753949180064454,48,8.004192735790816,7430,9263.001894649959,0
name297,41,bachelor degree,0,0,HighSkilled,5853.0,4348.79238205654,1504.2076179434598,0.0,32953.00673955298,0.7577207760649542,12,5.373107657886472,46879,56880.645656453795,0
name298,43,ausbildung,0,0,MediumSkilled,2825.0,1802.4751410101771,1022.5248589898229,0.0,83343.74050398832,0.8487819310890599,24,29.14025332566318,47647,47898.907360009725,0
name299,54,bachelor degree,0,1,HighSkilled,5101.0,8389.383791466471,-3288.383791466471,0.6446547326928976,27672.053294174184,0.558441712943397,48,6.06948384348964,31617,36627.942392324956,1
name300,51,high school or lower,0,0,LowSkilled,1238.0,1629.8872100506478,-391.8872100506478,0.3165486349359029,25978.364185375307,0.6052577975742738,36,21.300687718437768,0,1665.780886939839,0
name301,50,bachelor degree,1,1,HighSkilled,7547.0,6034.300452540156,1512.6995474598443,0.0,61900.56697171388,0.7310492029978096,48,8.001572469094214,59531,69052.41700009503,0
name302,49,high school or lower,0,1,LowSkilled,1864.0,1107.2719444047536,756.7280555952464,0.0,101431.15423241281,0.5587615702474108,36,54.009885287992255,17670,18929.026125562905,0
name303,54,ausbildung,0,0,MediumSkilled,3465.0,3060.3302409038943,404.66975909610574,0.0,91645.38513122758,0.8435374390915155,12,26.33209678849393,31829,42300.68870007268,0
name304,35,bachelor degree,1,0,HighSkilled,4052.0,1877.941807421748,2174.0581925782517,0.0,87339.25008881111,0.43643641857767496,12,21.01806315306833,16858,29052.603104446374,1
name305,46,bachelor degree,1,0,HighSkilled,7728.0,6528.03071677533,1199.96928322467,0.0,80723.50272279377,0.22159829616598783,36,10.290312298080888,24433,44788.865429997626,1
name306,59,high school or lower,1,0,Unemployed_LowSkilled,1100.0,1243.1084240435503,-143.10842404355026,0.13009856731231842,14353.005304177044,0.6450572111976736,36,13.178285207473268,6622,9423.275914934842,0
name307,55,high school or lower,0,0,LowSkilled,2391.0,1475.552372159209,915.447627840791,0.0,84515.99009493005,0.47514386449488055,24,34.964676899660915,20358,26108.41567178353,0
name308,59,ausbildung,0,0,MediumSkilled,5374.0,2884.709134665316,2489.290865334684,0.0,108918.31690240753,0.982639565684916,36,19.804433575934656,0,12078.71128996332,0
name309,44,high school or lower,0,1,LowSkilled,1716.0,1990.406931672287,-274.4069316722871,0.15991079934282465,19916.79464228445,0.5567322417813807,24,11.766434483657772,5095,8492.564818300525,1
name310,43,post graduate degree,1,2,HighSkilled,5777.0,7796.300331042216,-2019.3003310422164,0.3495413417071519,243250.692508489,0.26327733728663305,24,42.45629095370109,28760,41741.941061357495,1
name311,52,high school or lower,0,0,LowSkilled,1820.0,1059.8981088687858,760.1018911312142,0.0,32051.653164627707,0.568454680097264,24,17.19316004038269,0,3982.4557738309272,0
name312,40,high school or lower,1,1,LowSkilled,1266.0,1592.9853483678803,-326.9853483678803,0.2582822656934284,36751.77801561311,0.33236159282129546,36,29.288122720364132,0,1803.645567194314,0
name313,30,ausbildung,2,0,MediumSkilled,1895.0,1697.3582359896454,197.64176401035456,0.0,33692.21117070717,0.5304672806535498,24,17.67523451540729,14208,21125.82500920017,1
name314,45,bachelor degree,1,1,Unemployed_HighSkilled,3000.0,2491.7973914380823,508.2026085619177,0.0,27527.46356186449,0.32514938235257146,36,9.006420317767525,0,8637.973198317382,0
name315,32,post graduate degree,1,1,HighSkilled,2056.0,2966.7283766385267,-910.7283766385267,0.44296127268410834,24158.71856157619,0.2280302226711542,24,12.193310767614161,0,4590.621619973739,0
name316,43,bachelor degree,2,1,HighSkilled,6100.0,9165.883651132768,-3065.883651132768,0.50260387723488,118366.20473632806,0.5150118662390843,60,19.906899735649315,0,10363.587933092225,1
name317,41,post graduate degree,0,0,HighSkilled,7876.0,7078.372561978704,797.6274380212963,0.0,88551.93490629725,0.41807084081738116,24,11.141989267175717,0,20560.19583607049,0
name318,53,high school or lower,1,2,LowSkilled,1898.0,2255.7360088645883,-357.73600886458826,0.18848051046606337,15252.878232920599,0.9071266772122393,24,8.224770411899467,0,2638.660052405341,1
name319,38,bachelor degree,0,0,HighSkilled,4611.0,2963.9837970822773,1647.0162029177227,0.0,65983.87892060055,0.3771746104961324,12,13.952908852240908,36231,51298.53397369176,1
name320,48,high school or lower,1,1,LowSkilled,2158.0,1530.9853570829464,627.0146429170536,0.0,23828.61857272236,0.2624874590740258,12,10.751438336332395,7551,12004.840319026544,0
name321,35,ausbildung,0,0,MediumSkilled,1749.0,2405.9739093523535,-656.9739093523535,0.37562830723405005,37726.57172988269,0.4849207852000622,24,21.94599521968842,0,2740.7886009627696,0
name322,60,bachelor degree,0,3,HighSkilled,8681.0,6932.087946707968,1748.9120532920324,0.0,388961.03272094525,0.5330266763988389,24,44.604552547823204,43547,61017.025182404344,0
name323,44,bachelor degree,1,0,HighSkilled,7733.0,7336.041993223348,396.9580067766519,0.0,127055.48914515607,0.6068216109801537,12,16.378964326701077,69191,82815.85959969719,1
name324,38,ausbildung,0,0,Unemployed_MediumSkilled,1150.0,854.0941937653345,295.90580623466553,0.0,7424.742739085912,0.35036744177856216,36,6.198988637261953,38028,41351.19295813601,1
name325,56,post graduate degree,0,2,HighSkilled,15370.0,13979.751290479237,1390.2487095207634,0.0,184812.66814605286,0.9027498756265634,60,11.93379436802421,39309,66361.01443422283,1
name326,39,ausbildung,0,1,MediumSkilled,1421.0,2782.950349261475,-1361.950349261475,0.9584450029989268,8679.839612506803,0.2936068166627531,24,7.066706517782039,20828,19796.850863986092,0
name327,46,high school or lower,2,0,LowSkilled,1257.0,1827.9509484116325,-570.9509484116325,0.45421714273001784,39238.58460022357,0.25845205062889615,48,31.670274899471128,17259,17363.569502175844,1
name328,49,bachelor degree,0,0,HighSkilled,7716.0,5420.643429506328,2295.356570493672,0.0,289395.29438531055,0.9345132480110516,24,37.20839007449675,32149,64758.75675806794,1
name329,58,high school or lower,1,0,LowSkilled,2843.0,1909.052863235689,933.9471367643109,0.0,36532.63291222436,0.8976600415046713,12,12.521521553098857,18242,24559.233793623935,1
name330,55,bachelor degree,3,0,HighSkilled,7686.0,12750.187900809226,-5064.1879008092255,0.6588847125695063,67180.91549552727,0.23387802038481356,24,9.399571089817394,34557,42669.07112551884,1
name331,34,ausbildung,0,0,MediumSkilled,1035.0,1706.4569205681642,-671.4569205681642,0.648750647891946,6520.161433274596,0.6650398713798864,48,6.948423530282859,0,1335.5039782085955,1
name332,34,high school or lower,0,0,LowSkilled,1141.0,1093.7067735956384,47.293226404361576,0.0,20837.592173912173,0.4679143455721706,60,18.2211209005327,10477,12454.296995331253,1
name333,44,high school or lower,1,0,LowSkilled,1721.0,1326.3451244140324,394.6548755859676,0.0,15623.67567110309,0.8972508968347436,36,8.848937126971018,0,3315.8318537865093,0
name334,33,high school or lower,1,0,LowSkilled,924.0,1220.784435339931,-296.78443533993095,0.32119527634191664,14025.872800003192,0.2003164600791166,60,15.500711293661388,11261,13007.780793461412,1
name335,32,high school or lower,2,0,LowSkilled,1156.0,927.564011165688,228.43598883431196,0.0,57437.50470583886,0.7907466761360136,48,49.488813769035076,23638,23455.137553577195,0
name336,42,bachelor degree,1,1,HighSkilled,4938.0,4525.988516688098,412.01148331190234,0.0,84654.6184259572,0.9131502414388359,12,17.060066209527196,27387,45926.87812139481,0
name337,54,ausbildung,0,0,MediumSkilled,4234.0,2226.169025271216,2007.830974728784,0.0,95844.1611647233,0.6360614589326927,48,22.162572080773383,15557,24855.049700771582,0
name338,51,post graduate degree,0,1,HighSkilled,10217.0,7988.249326142591,2228.7506738574093,0.0,93080.85606859485,0.7164220672724209,12,8.892248741777179,54428,92455.15079146597,0
name339,50,bachelor degree,0,0,HighSkilled,9025.0,5032.434502905604,3992.565497094396,0.0,214847.01125790618,0.3480134616189779,48,23.363373491502692,74027,111707.96399120841,0
name340,32,post graduate degree,0,1,HighSkilled,2905.0,2543.7805019992575,361.21949800074253,0.0,55055.62886559386,0.6242804389795962,48,18.82767964461037,55838,68771.03398720446,0
name341,42,post graduate degree,0,1,Unemployed_HighSkilled,3000.0,2816.7108495696607,183.2891504303393,0.0,73225.26039613111,0.5227903938076115,60,24.34732374856692,69635,77759.57315563383,0
name342,33,bachelor degree,0,0,HighSkilled,2859.0,3073.4268363309975,-214.4268363309975,0.0750006422983552,43734.48143153428,0.525399512334777,24,15.372126011845149,58023,60483.300710090676,0
name343,54,high school or lower,0,0,LowSkilled,1891.0,1797.5826370743296,93.41736292567043,0.0,63769.41071171327,0.3631348825322122,48,33.673185271701534,16239,19291.932929676015,0
name344,39,bachelor degree,0,2,HighSkilled,3773.0,5100.566929881863,-1327.566929881863,0.35185977468376967,106612.71387610077,0.8490044789460515,24,28.60860874794133,0,7289.3459531474045,0
name345,37,ausbildung,1,1,MediumSkilled,2880.0,3523.804317647415,-643.8043176474148,0.2235431658497968,30570.96250492919,0.25446199672584147,24,10.838460702283543,0,4865.859949348224,0
name346,47,ausbildung,2,0,MediumSkilled,4166.0,2678.287304362079,1487.7126956379211,0.0,37778.723861603474,0.43231528917831546,24,8.711236477668159,0,9268.839726575776,1
name347,31,bachelor degree,0,1,HighSkilled,2651.0,2164.4896294207533,486.5103705792467,0.0,87962.79473428424,0.8170775315169663,60,32.99746675356658,38713,41582.96053467833,1
name348,41,post graduate degree,0,0,Unemployed_HighSkilled,3000.0,3769.7521832049624,-769.7521832049624,0.2565840610683208,33238.142671181275,0.41379215542515324,24,11.335964951462078,0,5903.529902533005,0
name349,47,high school or lower,0,0,LowSkilled,1744.0,1218.2737651860095,525.7262348139905,0.0,35257.58295528918,0.29643659507254105,24,19.915055458988068,11079,12249.21443574542,0
name350,35,ausbildung,1,0,MediumSkilled,1391.0,1326.985904012838,64.01409598716191,0.0,43757.564167712364,0.43840833149418124,24,31.411610403828323,33646,40968.91153617504,1
name351,48,high school or lower,0,1,Unemployed_LowSkilled,900.0,1194.7645874594439,-294.7645874594439,0.327516208288271,18919.71123224621,0.5697902408444022,12,21.349417577450726,0,1272.4038801435465,0
name352,57,bachelor degree,1,0,HighSkilled,11265.0,10700.376152486053,564.6238475139471,0.0,243446.55017534696,0.28523215688588216,36,21.56075688662521,25563,55487.678860401196,1
name353,43,ausbildung,0,0,MediumSkilled,2341.0,3103.0749202353322,-762.0749202353322,0.3255339257733158,51243.37277208059,0.3377635005464852,24,22.215056681894882,11270,17257.240052999216,1
name354,39,ausbildung,0,0,MediumSkilled,2215.0,2581.7137416850946,-366.71374168509465,0.16555925132509916,57616.636090595064,0.3433749464477363,12,26.17758457439285,48758,58239.40328049375,0
name355,30,ausbildung,1,0,MediumSkilled,1810.0,1024.1840359877126,785.8159640122874,0.0,20836.775689285758,0.4678303877563366,12,11.077878301256062,0,3912.7526782596033,1
name356,48,high school or lower,1,0,LowSkilled,2013.0,1030.0017203250477,982.9982796749523,0.0,58591.31227689508,0.8608518432509731,12,28.618139094495838,16742,19057.683616992876,1
name357,51,bachelor degree,0,1,HighSkilled,5773.0,8216.741630354234,-2443.741630354234,0.42330532311696417,63354.22945955606,0.7536239944907072,12,11.39753526587741,38207,54556.034392405454,1
name358,43,ausbildung,0,0,MediumSkilled,1618.0,2527.7618401119576,-909.7618401119576,0.5622755501309997,49620.05572986315,0.30741468487697116,24,31.22980072309957,18569,21918.655717752135,0
name359,59,ausbildung,1,3,MediumSkilled,3666.0,3925.025268243186,-259.025268243186,0.0706561015393306,107144.23042073977,0.8073320988961157,24,29.297123755860053,0,8794.31693896887,1
name360,49,ausbildung,1,0,MediumSkilled,3543.0,1957.5762715613691,1585.4237284386309,0.0,17490.839620032966,0.2692913445737681,12,4.489250886704582,0,8809.182449021846,0
name361,44,bachelor degree,2,0,HighSkilled,5591.0,6567.597401885244,-976.5974018852439,0.174673117847477,94805.42376280144,0.21816785991508073,24,17.131465062544567,74184,77735.95479788278,1
name362,53,high school or lower,1,1,LowSkilled,2188.0,1504.5505491745673,683.4494508254327,0.0,8628.174570894833,0.8646356900551114,48,3.6310443876002743,0,4097.370699682787,0
name363,31,ausbildung,0,1,MediumSkilled,1896.0,2108.080436546194,-212.08043654619405,0.11185677033027112,43191.4177804902,0.33556896632957633,24,22.892140409829324,0,3958.4069092170876,0
name364,52,high school or lower,2,1,LowSkilled,2044.0,1959.2602889687387,84.73971103126132,0.0,15859.271379492402,0.8391753197007996,24,7.71748124680095,16334,18942.364658709615,0
name365,51,bachelor degree,1,4,HighSkilled,10705.0,4814.913482532812,5890.086517467188,0.0,185344.77826953548,0.6697733830916914,12,16.76363304549914,20331,46441.10971801605,0
name366,34,high school or lower,3,0,LowSkilled,1259.0,722.6424866323332,536.3575133676668,0.0,11424.27155119008,0.8737995367057623,48,8.648065161098026,16407,17339.921427217905,1
name367,51,bachelor degree,0,1,HighSkilled,8193.0,6403.999798864213,1789.0002011357874,0.0,270372.4955953206,0.4803551504756271,36,32.782069497642475,21935,38817.312764919814,0
name368,35,ausbildung,1,1,Unemployed_MediumSkilled,900.0,959.0836801529591,-59.08368015295912,0.0656485335032879,12596.825744572028,0.900094113278566,36,14.062121583027762,13863,13956.689911150173,1
name369,42,high school or lower,0,1,LowSkilled,1459.0,679.8261899535526,779.1738100464474,0.0,9961.660124015734,0.21214640591674705,12,6.293684930753452,0,3044.584303906358,0
name370,35,ausbildung,1,0,MediumSkilled,1565.0,1570.920092074581,-5.920092074580907,0.0037828064374318894,41112.05633553013,0.37624099089139307,48,26.2734673658816,13445,14872.773731079313,0
name371,53,ausbildung,0,1,MediumSkilled,4372.0,2803.5933954413263,1568.4066045586737,0.0,28764.16298270578,0.6762231174843936,36,6.220438329859814,32284,41269.54043106362,0
name372,37,high school or lower,1,0,LowSkilled,927.0,952.801706898312,-25.801706898311977,0.02783355652460839,4481.327245306254,0.4547355932181645,24,4.862059279616576,0,1278.3120064338964,0
name373,41,high school or lower,1,0,LowSkilled,1520.0,2091.0738035322793,-571.0738035322793,0.375706449692289,35201.34342274566,0.7324770458943989,24,23.53448501728812,6975,9526.708677668577,1
name374,59,ausbildung,3,0,MediumSkilled,2000.0,2773.285894520854,-773.2858945208541,0.38664294726042703,36471.25839555832,0.22627333410365325,48,18.622272145039588,24823,32787.97780785051,1
name375,41,ausbildung,0,2,MediumSkilled,2754.0,2815.596870629186,-61.596870629186014,0.022366329204497465,11848.183806279641,0.9315980242270439,24,4.324539098369218,0,5912.005320903382,1
name376,48,bachelor degree,1,0,HighSkilled,6054.0,6132.093220105943,-78.09322010594315,0.012899441708943367,63423.35004404191,0.6954821659602782,60,10.489171335339915,40399,50751.17984460185,0
name377,46,bachelor degree,2,1,HighSkilled,6132.0,4847.069392795228,1284.930607204772,0.0,81340.46009450182,0.23816929547636115,24,13.05537010556051,0,19690.024261918265,1
name378,31,bachelor degree,1,0,HighSkilled,2889.0,3148.817866515166,-259.81786651516586,0.08993349481314153,131221.27899430064,0.72202442856303,12,45.51093695424569,40109,52687.58118744045,0
name379,35,high school or lower,2,0,LowSkilled,979.0,669.8453377642886,309.1546622357114,0.0,24609.898926535403,0.9775852032201096,24,24.8220063986718,0,2023.4407477350442,1
name380,58,bachelor degree,0,0,HighSkilled,8135.0,5723.0114551818315,2411.9885448181685,0.0,41550.40272953912,0.5755344589525531,36,4.8111142206172035,79007,77370.16599847304,0
name381,51,ausbildung,1,1,MediumSkilled,3156.0,4404.5862546431235,-1248.5862546431235,0.3956230211163256,24104.806161569548,0.4780026501708737,48,8.033394301715042,44043,50811.94500411224,1
name382,52,high school or lower,1,1,LowSkilled,2012.0,2940.370633089133,-928.3706330891332,0.4614168156506626,50967.82203993129,0.5921850135298988,12,25.793336318598623,13037,17564.5731979257,1
name383,41,bachelor degree,2,1,HighSkilled,6124.0,6936.943930637255,-812.9439306372551,0.1327472127101984,65705.964946847,0.9500871070931282,24,10.86200340912545,60609,71188.72084023841,1
name384,39,ausbildung,1,0,MediumSkilled,2436.0,1851.855313715736,584.144686284264,0.0,55059.09904451365,0.2925743642746739,48,22.3624607381894,30049,35106.20890229828,1
name385,53,bachelor degree,0,0,HighSkilled,7024.0,5938.082421523985,1085.9175784760146,0.0,65443.589777998524,0.23128173326490875,48,9.162538752779401,73807,84637.94077380246,0
name386,30,post graduate degree,1,0,HighSkilled,3420.0,2979.1542691308546,440.8457308691454,0.0,18237.58363444254,0.20658088469254154,48,5.203724533208595,71774,75811.31063079492,1
name387,31,bachelor degree,1,1,Unemployed_HighSkilled,1500.0,1612.0714969643575,-112.0714969643575,0.07471433130957167,87432.02475601606,0.9064018579729971,24,58.362730835320285,46489,47304.02419975434,0
name388,36,ausbildung,0,1,MediumSkilled,2807.0,1564.7839295498377,1242.2160704501623,0.0,62317.717285692364,0.9557810168627912,36,21.75828329720064,28472,32371.465841422367,0
name389,60,ausbildung,0,0,MediumSkilled,5120.0,1863.6993405626858,3256.300659437314,0.0,42198.69938967436,0.8718596543511155,60,7.605937251999423,28140,39659.15462007491,0
name390,54,bachelor degree,0,0,HighSkilled,11195.0,8142.444229154199,3052.555770845801,0.0,34853.08311084719,0.7130918461788438,60,2.8406009236267433,61365,82904.61723601978,0
name391,45,bachelor degree,1,0,HighSkilled,5795.0,5956.7662363701975,-161.76623637019748,0.027914794887005604,34085.674028014306,0.8917466209893644,24,5.9098257574434,24189,36732.661427922954,0
name392,39,post graduate degree,1,0,HighSkilled,4658.0,3756.6534147381226,901.3465852618774,0.0,97354.32901002145,0.8361574080311808,48,20.70695200188054,68070,90804.64261569134,1
name393,53,bachelor degree,1,0,HighSkilled,7629.0,5332.490445874441,2296.5095541255587,0.0,18578.42120323971,0.5652448006340427,60,2.1342130880999024,27537,49716.00061064248,1
name394,48,high school or lower,0,1,LowSkilled,1634.0,1556.8620874442895,77.1379125557105,0.0,32917.98963554867,0.26682722121664426,12,20.098440466947952,19945,24145.990629460062,0
name395,45,ausbildung,0,1,MediumSkilled,1948.0,1508.3219672499813,439.6780327500187,0.0,16312.934467249897,0.7603598415871686,36,8.148488929414722,24580,24827.93913856668,0
name396,42,high school or lower,0,0,LowSkilled,1493.0,1576.3355021506052,-83.33550215060518,0.05581748302116891,44864.9918190544,0.5432381208478133,12,30.1060464308138,17340,19247.057210655974,0
name397,57,high school or lower,1,0,LowSkilled,2110.0,1714.7752058664646,395.2247941335354,0.0,49178.46287217285,0.6292062290367098,24,23.12001804646413,15875,20688.373867896364,1
name398,31,bachelor degree,0,0,HighSkilled,2313.0,2528.9552962520256,-215.95529625202562,0.09336588683615461,106200.04775052323,0.23608358445806085,48,46.00778341840694,61850,49751.478913016465,0
name399,31,bachelor degree,1,1,HighSkilled,2821.0,2373.548756645766,447.45124335423407,0.0,24660.907288400856,0.7694972635638881,48,8.58328821164361,79928,94202.73256414535,0
name400,34,bachelor degree,0,0,HighSkilled,3393.0,3025.363932812699,367.6360671873008,0.0,97416.14311336378,0.3740287188278469,36,28.60256617924447,61041,77167.58793812418,0
name401,40,bachelor degree,2,0,HighSkilled,4004.0,2931.4128918929664,1072.5871081070336,0.0,52541.40602738908,0.33623532297262165,24,12.854350379441069,42496,48033.88330868449,1
name402,54,high school or lower,0,0,LowSkilled,1749.0,1289.8463795299087,459.15362047009125,0.0,61696.43048734472,0.36630290705582746,36,35.01273691645205,5935,9714.2383242636,0
name403,50,ausbildung,1,1,MediumSkilled,3995.0,1543.6740652003944,2451.3259347996054,0.0,21734.71666263552,0.9332769099917386,48,4.826881283563433,13483,23525.058978659275,1
name404,54,bachelor degree,0,0,HighSkilled,5949.0,6975.615502644526,-1026.6155026445258,0.1725694238770425,129390.56936232945,0.6064018529933384,48,21.922539059501425,26541,39752.4000193475,0
name405,52,high school or lower,1,0,LowSkilled,1939.0,1841.2057394445603,97.79426055543968,0.0,32014.91940366204,0.5578224626808551,24,16.4606112135671,0,3364.408111155052,0
name406,32,post graduate degree,0,0,HighSkilled,2686.0,2880.691237496764,-194.6912374967642,0.07248370718420111,88565.92901976133,0.732245097585525,24,33.045651622210755,21441,31692.875959832025,0
name407,56,ausbildung,1,1,MediumSkilled,3588.0,3690.493732875543,-102.49373287554317,0.028565700355502557,162962.67503838585,0.6039032060885958,48,45.44737145241398,39357,55331.88814584476,0
name408,57,ausbildung,3,0,MediumSkilled,4139.0,2490.9619730790428,1648.0380269209572,0.0,141823.4651924474,0.8225321370362272,24,33.8669792620262,0,10976.947269150443,1
name409,36,high school or lower,0,0,Unemployed_LowSkilled,600.0,481.00421370788126,118.99578629211874,0.0,10484.382198584364,0.24756278508786683,48,17.275644020487075,5163,6201.914057087033,1
name410,44,post graduate degree,1,0,HighSkilled,5073.0,6433.228999178463,-1360.2289991784628,0.26813108598037905,233828.88551656657,0.36958824150742514,24,46.36095298950227,0,9642.189505869357,0
name411,54,ausbildung,0,3,MediumSkilled,2887.0,4438.131597931473,-1551.1315979314732,0.5372814679360836,32297.988698944897,0.3998863360740383,24,11.724669309621188,46827,36555.56534798597,0
name412,36,high school or lower,0,0,LowSkilled,1301.0,918.2959399904485,382.70406000955154,0.0,30823.88509072842,0.7548570908989929,24,23.39829441254333,9061,12623.67123992546,0
name413,52,ausbildung,0,0,Unemployed_MediumSkilled,1750.0,1912.9987943671742,-162.99879436717424,0.09314216820981386,70870.77782080356,0.4162100173542214,24,40.590729494383275,40545,33139.61799407998,0
name414,50,post graduate degree,1,0,HighSkilled,8662.0,6803.186845684517,1858.8131543154832,0.0,310888.09704356734,0.7997761097766436,48,35.67643545246501,18093,33036.84934746427,0
name415,57,bachelor degree,3,0,HighSkilled,8495.0,7607.828982370446,887.1710176295537,0.0,79563.70719112849,0.6327771708631872,12,9.261511026898049,78049,95319.14206008377,1
name416,32,high school or lower,0,0,LowSkilled,1270.0,1191.224251783746,78.77574821625399,0.0,21371.62557839535,0.9037483963123862,24,16.76602348833,13298,15777.50417378125,0
name417,52,bachelor degree,1,0,HighSkilled,11885.0,7753.431143672385,4131.568856327615,0.0,138680.7084778206,0.7846823861789995,48,11.32092045616264,16422,54695.529620346264,1
name418,40,ausbildung,0,0,MediumSkilled,2134.0,1935.6665775241588,198.3334224758412,0.0,84977.91250574114,0.3340884530501965,48,39.728012691314575,0,5134.837771951723,0
name419,46,bachelor degree,2,0,Unemployed_HighSkilled,3500.0,4658.045363940097,-1158.0453639400966,0.33087010398288474,114960.97063308091,0.5736183383038769,60,33.176861713434576,67441,67078.5732099114,1
name420,37,high school or lower,1,1,LowSkilled,1232.0,830.2794045258861,401.7205954741139,0.0,58442.11831577332,0.74143691542234,24,47.110712435307796,0,2447.293476142441,1
name421,40,ausbildung,0,0,MediumSkilled,1624.0,1895.8676481960515,-271.8676481960515,0.1674061873128396,39685.30338578008,0.8354335047321679,12,24.60416935589663,35323,36521.72252188896,0
name422,58,ausbildung,0,1,MediumSkilled,3940.0,4922.371159976241,-982.371159976241,0.24933278171985812,52628.267626380046,0.894503706562107,24,13.606761113288398,32163,38643.3866495865,1
name423,47,ausbildung,0,0,MediumSkilled,3511.0,3815.452975507223,-304.4529755072231,0.08671403460758276,57113.863898664415,0.6707804212044408,48,16.353835623517984,40268,56148.225503853675,0
name424,44,bachelor degree,1,0,HighSkilled,4945.0,4422.133768332436,522.8662316675636,0.0,145686.01299915966,0.5749613578007526,12,29.355540296762808,69729,92229.24075905362,0
name425,39,post graduate degree,0,1,HighSkilled,4071.0,3558.96011490983,512.0398850901702,0.0,150278.48814522426,0.5023503271368278,24,36.788614163629106,51891,59530.79511404337,0
name426,37,bachelor degree,1,0,HighSkilled,4554.0,2585.2556408008745,1968.7443591991255,0.0,64985.98380316215,0.3418423052860188,12,13.837777655679188,72595,103289.50084178471,0
name427,56,post graduate degree,0,0,HighSkilled,5863.0,5390.762191919736,472.2378080802637,0.0,125054.5665391757,0.4772756281669312,48,21.248904781015767,50835,62414.912042332144,1
name428,54,bachelor degree,2,1,HighSkilled,4000.0,7400.695002651928,-3400.695002651928,0.850173750662982,150149.8446973804,0.21367069397124863,24,38.38763492500808,32996,35526.81145104684,1
name429,54,ausbildung,1,0,MediumSkilled,3015.0,2132.7207426305094,882.2792573694906,0.0,123678.6224043656,0.49704758338623933,60,40.728472022220934,0,7530.694513165791,0
name430,32,bachelor degree,3,0,HighSkilled,3554.0,3594.1528359352224,-40.152835935222356,0.011297927950259527,116738.68923871717,0.7530842416585315,48,32.85842489438728,21993,33605.33042333012,1
name431,50,ausbildung,0,0,MediumSkilled,3884.0,2646.4686366567803,1237.5313633432197,0.0,156442.7979604722,0.8209821047247504,24,39.96016132778811,0,9279.9975754809,0
name432,59,bachelor degree,0,1,HighSkilled,11349.0,10511.045307175396,837.9546928246036,0.0,82492.51930100386,0.2581243544828426,24,7.194868676374946,21396,50274.10199931324,0
name433,34,bachelor degree,1,0,HighSkilled,3876.0,1694.4904145426692,2181.509585457331,0.0,78489.61635758201,0.4162503415983796,48,19.687334048535778,33557,46195.637356222294,0
name434,31,bachelor degree,0,0,HighSkilled,3402.0,2952.428501190617,449.5714988093828,0.0,43692.64221821344,0.9373149972033651,48,12.711073109760159,75746,79852.67798094409,0
name435,46,ausbildung,0,0,MediumSkilled,2571.0,1669.7048434834753,901.2951565165247,0.0,29247.700532551044,0.4917978216870606,24,11.025439663957417,44615,59500.04521845901,0
name436,59,ausbildung,0,1,MediumSkilled,4343.0,5712.9707625794435,-1369.9707625794435,0.31544341758679334,67183.44802792362,0.48738796048877253,12,15.784807458094187,36194,48565.13837357638,0
name437,45,post graduate degree,1,0,HighSkilled,6528.0,5081.958075408385,1446.0419245916146,0.0,43750.53088736847,0.578980311842842,12,6.480467059248906,21507,36069.11669896817,1
name438,38,ausbildung,0,0,MediumSkilled,3014.0,3210.9208954526734,-196.92089545267345,0.06533539995111926,120492.53684273126,0.5172059521267749,24,40.04295213609288,0,5370.663399003706,0
name439,43,post graduate degree,1,1,HighSkilled,5443.0,4393.341649650758,1049.658350349242,0.0,73747.58259612741,0.3302317545362131,12,13.35622345136472,35136,55722.27350251875,1
name440,39,high school or lower,1,1,LowSkilled,837.0,928.2871002296093,-91.28710022960934,0.10906463587766946,39464.59665204725,0.44654303570295223,48,47.25912037309063,0,1230.466480217366,0
name441,52,ausbildung,1,0,MediumSkilled,3384.0,2629.3863160532746,754.6136839467254,0.0,129578.55843502669,0.6162359733011572,24,38.06854159310873,28317,33602.0303860819,0
name442,45,high school or lower,0,4,LowSkilled,1707.0,1356.9016398729475,350.0983601270525,0.0,20534.384938495707,0.7869494836345217,36,11.824420959794173,13478,14702.993910236202,0
name443,33,bachelor degree,1,0,HighSkilled,2602.0,4317.7146645452285,-1715.7146645452285,0.659383037872878,41197.080704650674,0.8107277263521205,36,16.492234961258994,0,4588.324246331801,1
name444,60,post graduate degree,0,0,HighSkilled,11660.0,5396.969537714147,6263.030462285853,0.0,200704.51066303076,0.45246091558916224,36,16.67594169817709,78069,100781.21971321889,1
name445,55,post graduate degree,0,0,HighSkilled,8364.0,7206.400978143031,1157.5990218569686,0.0,281723.0826356165,0.25979617215426765,36,33.544414587967424,0,22714.98735807904,1
name446,53,ausbildung,0,1,MediumSkilled,2700.0,2532.7237868474576,167.27621315254237,0.0,96917.00102528065,0.948849120716009,24,35.833231411899305,11910,19596.88317561223,1
name447,50,post graduate degree,0,0,HighSkilled,6490.0,5436.4368845029285,1053.5631154970715,0.0,229275.21122830844,0.28102886677553846,12,35.16512297577987,18042,36551.24153614884,1
name448,49,post graduate degree,0,0,HighSkilled,7116.0,7254.390817043025,-138.39081704302498,0.0194478382578731,53621.62265667498,0.7894888493919062,12,7.554807964266161,66359,82231.35332161479,0
name449,40,bachelor degree,0,0,HighSkilled,4770.0,5314.226671270998,-544.2266712709979,0.11409364177589056,223099.17906390963,0.4552566082933059,36,46.88541000737539,31622,37080.651514265686,1
name450,46,ausbildung,0,0,MediumSkilled,2594.0,2257.446346137198,336.5536538628021,0.0,37604.46780949133,0.7656318297104745,36,14.366967677574607,29750,31612.5022168819,0
name451,47,bachelor degree,1,0,Unemployed_HighSkilled,3500.0,2639.531475143731,860.4685248562691,0.0,51724.902059289176,0.3348264064512061,36,14.53269529555226,58135,67642.9185152693,0
name452,39,high school or lower,0,3,LowSkilled,1322.0,1542.1187563492167,-220.1187563492167,0.16650435427323504,24275.91211469776,0.29261065458807894,24,18.529524108204974,0,1662.4136561801597,0
name453,57,high school or lower,0,1,LowSkilled,2746.0,1971.9388493121073,774.0611506878927,0.0,104207.25494336594,0.41024800996326427,12,37.666858628069214,22272,20105.50946545552,1
name454,39,ausbildung,0,1,MediumSkilled,1551.0,1705.3316784473989,-154.33167844739887,0.09950462827040546,72307.96563606261,0.928156178466902,36,46.71972747550613,47506,48129.05871450085,0
name455,44,ausbildung,0,0,MediumSkilled,1770.0,1556.2183495817887,213.78165041821126,0.0,56417.69673426154,0.969842600422889,60,31.75362434115442,48847,46420.615053513255,0
name456,59,post graduate degree,1,0,HighSkilled,8672.0,15448.714506827346,-6776.714506827346,0.7814477060455888,450403.0407168137,0.9330825677347626,24,52.71906771490326,17037,26902.773407229342,1
name457,36,bachelor degree,0,0,HighSkilled,4911.0,4455.27706974519,455.7229302548103,0.0,32533.79965885976,0.6857606157674982,24,6.531882860640389,13597,32977.63972395309,0
name458,31,high school or lower,0,1,LowSkilled,1189.0,827.4314735253869,361.5685264746131,0.0,9316.060410461381,0.3173117514920058,12,7.531111761132689,6541,8748.364923632846,0
name459,34,bachelor degree,0,0,HighSkilled,2807.0,3129.8930525989813,-322.8930525989813,0.11503136893444292,17414.257289270317,0.5322583034343192,12,6.318899302411578,53852,53355.31236358928,0
name460,38,high school or lower,0,0,LowSkilled,1356.0,779.786313456256,576.213686543744,0.0,40880.982525593965,0.6826104047980586,12,29.7232808547568,13098,17953.87780653394,0
name461,38,high school or lower,0,0,LowSkilled,1193.0,1328.06937166517,-135.0693716651699,0.11321824950978199,7089.125185260872,0.44452545171025254,24,6.055485797926272,0,1607.6936100974317,1
name462,52,high school or lower,0,3,LowSkilled,1769.0,1561.7264232841078,207.2735767158922,0.0,37956.9250560825,0.8309069040408872,48,21.33954295046162,12925,15634.229155134679,1
name463,60,high school or lower,0,2,LowSkilled,2307.0,1880.757587478732,426.2424125212681,0.0,19584.878047142734,0.6606775778810361,60,8.304566811712816,0,4119.581525270341,0
name464,55,ausbildung,0,1,MediumSkilled,4285.0,2970.1922457071996,1314.8077542928004,0.0,111280.66417436172,0.9684241624585521,24,25.662976994181776,0,11229.80481381426,1
name465,36,ausbildung,0,1,MediumSkilled,2307.0,2135.8816355990384,171.11836440096158,0.0,17703.827328370946,0.3597323971221476,24,7.599787153866487,0,4577.59346436185,1
name466,35,ausbildung,1,0,MediumSkilled,1936.0,2150.701501927065,-214.70150192706478,0.11089953611935165,81880.02066071736,0.9207557533151863,24,42.40429863772956,40412,41391.841069112845,1
name467,57,bachelor degree,1,1,HighSkilled,5269.0,5431.588236481434,-162.58823648143425,0.030857513091940455,103350.87158363186,0.7003266960155419,48,19.645750582674758,76322,98437.29948639915,1
name468,30,bachelor degree,0,1,Unemployed_HighSkilled,1500.0,1384.0243647736297,115.97563522637029,0.0,25335.75440887813,0.5000981534876519,60,16.81318584910117,51345,65086.03190757452,0
name469,56,bachelor degree,0,1,Unemployed_HighSkilled,4500.0,3563.354413633665,936.645586366335,0.0,53315.22924594161,0.6411565360973162,36,11.639685257683395,42005,56180.59192776097,0
name470,32,ausbildung,1,0,MediumSkilled,1660.0,1385.7570672104216,274.2429327895784,0.0,42406.51054428016,0.3093592843287084,24,25.380884103307576,22031,26139.593271281956,0
name471,45,ausbildung,1,0,MediumSkilled,2602.0,2421.41666344854,180.58333655145998,0.0,50785.91873415035,0.938832634291924,24,19.44863005288197,0,4673.326500529087,1
name472,58,bachelor degree,0,2,HighSkilled,7046.0,7330.155100790493,-284.1551007904927,0.04032856951326891,110310.30799211659,0.549519166669088,12,15.696063453435578,21860,36856.89043668779,1
name473,37,ausbildung,0,0,MediumSkilled,2877.0,1359.606090702064,1517.393909297936,0.0,30964.363427865206,0.5930056310531582,12,10.23530396891459,14721,25270.764324176514,1
name474,40,high school or lower,0,4,LowSkilled,1271.0,1268.4715152906438,2.528484709356235,0.0,12337.046671962898,0.72142322041954,24,9.704577645360773,0,1739.338357415384,0
name475,48,ausbildung,1,4,MediumSkilled,2162.0,3492.831705604015,-1330.831705604015,0.6155558305291466,36242.35163655808,0.27265257626425793,48,17.37890071330347,0,2747.8429164452928,0
name476,33,bachelor degree,0,3,HighSkilled,2704.0,4381.691437477724,-1677.6914374777243,0.620448016818685,30184.7746580606,0.9641967588759697,36,11.783456396278966,17967,20751.625632268802,1
name477,36,ausbildung,0,2,MediumSkilled,2600.0,1968.7483491699143,631.2516508300857,0.0,106403.88564631782,0.4548920154875309,36,40.68178230595682,27815,34997.244348652035,0
name478,38,bachelor degree,1,0,HighSkilled,4610.0,4345.289519725659,264.7104802743406,0.0,24887.0133547715,0.9438386210249361,60,5.341063530259688,74402,92570.95884416957,0
name479,49,post graduate degree,1,1,Unemployed_HighSkilled,3500.0,3746.770734208331,-246.77073420833085,0.0705059240595231,13452.455523699708,0.6992836260187112,12,3.914064645116582,78201,92267.45602397513,1
name480,33,ausbildung,0,0,MediumSkilled,1803.0,1007.2401405577947,795.7598594422053,0.0,14360.106981382698,0.876630577607971,24,7.523209718214361,47108,50166.34746130512,0
name481,55,high school or lower,0,1,LowSkilled,2160.0,1894.6756453060048,265.32435469399525,0.0,11150.318646919086,0.500419786526619,48,5.0393492093634675,8744,12052.530950077637,1
name482,31,high school or lower,1,0,LowSkilled,1218.0,1705.5045394980732,-487.5045394980732,0.40025003242863155,23332.880417407356,0.5726422782179299,12,19.55696630287802,15731,19226.242258518447,1
name483,60,post graduate degree,1,0,HighSkilled,15190.0,6180.318616655444,9009.681383344556,0.0,176636.5373019557,0.558307619266285,24,11.035342720119232,30276,77269.35839557103,1
name484,60,high school or lower,1,0,LowSkilled,1954.0,1745.2334307948572,208.7665692051428,0.0,8204.622163590628,0.4905620202263921,48,4.092044828242315,5761,9410.15373520011,1
name485,38,high school or lower,1,0,LowSkilled,1124.0,1553.0375680197474,-429.03756801974737,0.381706021369882,15731.56682913,0.7865327271482476,60,14.377761919172373,7014,9678.360265507308,1
name486,36,high school or lower,0,0,LowSkilled,1421.0,1132.3794272944313,288.62057270556875,0.0,11516.341147260347,0.24558913483704067,48,7.90128119250864,7880,8966.750594903791,0
name487,37,high school or lower,0,0,LowSkilled,966.0,664.231972672991,301.768027327009,0.0,6146.657002574753,0.2597039596840385,24,6.050609705225408,0,2065.3530691984747,0
name488,32,bachelor degree,0,3,HighSkilled,2745.0,3636.142380928468,-891.1423809284679,0.3246420331251249,64943.40208909981,0.6932414156632907,36,23.983440608389174,51429,62009.34961558078,1
name489,49,post graduate degree,0,1,HighSkilled,9767.0,6261.326013888728,3505.673986111272,0.0,176760.4575880571,0.8919306391159977,12,17.738792218894833,10800,36584.89231137956,0
name490,55,bachelor degree,0,0,HighSkilled,8166.0,11209.842973483452,-3043.8429734834517,0.3727458943771065,230695.11682448935,0.5189288998867676,36,28.62343372495381,38389,56840.57229363747,1
name491,40,high school or lower,0,1,LowSkilled,969.0,967.5202507021596,1.4797492978403852,0.0,6927.969833116749,0.7538308097682133,48,7.148080581856459,22367,22378.834731186864,0
name492,31,ausbildung,0,3,MediumSkilled,2177.0,1890.7396628018466,286.26033719815337,0.0,32913.79519713826,0.5763695332268358,12,14.987383950362933,21615,23621.488509465024,0
name493,51,high school or lower,2,0,LowSkilled,2480.0,1527.0953245827543,952.9046754172457,0.0,143961.46796033013,0.8001025705819915,36,57.66474326004551,22169,30257.42806900545,1
name494,39,ausbildung,0,1,MediumSkilled,1622.0,2568.09173552261,-946.0917355226102,0.5832871365737424,8064.147669925816,0.7876117186459852,12,5.555018129129733,25168,22892.037417446936,1
name495,48,ausbildung,1,0,MediumSkilled,2761.0,2428.0864847323646,332.9135152676354,0.0,97836.48118018682,0.4156565118911599,24,35.31458444944556,0,6542.761901557649,0
name496,57,bachelor degree,0,1,HighSkilled,10289.0,6569.937345542591,3719.062654457409,0.0,158692.78298249323,0.754150900134595,24,15.06207797920457,19012,57000.47529293057,0
name497,51,ausbildung,0,0,MediumSkilled,4111.0,2744.321083905959,1366.6789160940411,0.0,68696.60449849018,0.41740905381132043,36,16.377992114423776,14276,21067.40367295021,1
name498,49,post graduate degree,0,0,HighSkilled,7770.0,8651.811874377463,-881.811874377463,0.11348930172168122,110631.3575666842,0.5700101858504536,48,14.351759258823895,66849,68720.94484667055,0
name499,36,high school or lower,0,0,LowSkilled,1292.0,1451.9753015996112,-159.97530159961116,0.123819892878956,62392.076840414826,0.3762537269820114,24,48.414901038710866,8227,9524.627841116027,0
name500,54,high school or lower,0,0,LowSkilled,2741.0,2991.565681419653,-250.56568141965317,0.0914139662238793,78005.17835009377,0.7944050247500267,36,28.55007078858571,17511,21065.70763107174,1
name501,51,bachelor degree,0,1,HighSkilled,9590.0,6748.402086465986,2841.597913534014,0.0,439574.30629031884,0.28171867475319873,48,45.54042840216734,65121,82116.86966971311,1
name502,59,high school or lower,2,0,LowSkilled,2370.0,2192.3105015473866,177.6894984526134,0.0,31048.939042953483,0.8425096510107289,36,13.025843689662814,0,3668.46077447959,1
name503,37,ausbildung,1,0,MediumSkilled,1347.0,1756.5348551611855,-409.53485516118553,0.3040347848264184,57966.49599150158,0.283142818623799,24,43.33781057658705,27002,31166.38663114531,0
name504,43,ausbildung,1,0,MediumSkilled,2080.0,1925.0181170159658,154.9818829840342,0.0,16424.485569078402,0.7625146968535923,36,7.8218767721607545,38954,38918.44374677618,1
name505,48,bachelor degree,0,3,HighSkilled,6310.0,8583.40732488944,-2273.40732488944,0.360286422327962,32438.24968416537,0.2951238033657195,24,5.5010549935110635,22185,37492.62104343704,1
name506,53,high school or lower,0,0,LowSkilled,2394.0,1304.454473010373,1089.545526989627,0.0,43683.3267350792,0.34856187087677726,24,17.791888558099238,18770,21779.113867069187,0
name507,51,bachelor degree,1,1,HighSkilled,8367.0,5869.715504367562,2497.284495632438,0.0,46231.95372900914,0.5343042429269087,24,5.227043054066774,74824,92790.22696600437,0
name508,53,ausbildung,1,0,MediumSkilled,2510.0,2946.7650572227226,-436.7650572227226,0.17400998295726,35432.210208573146,0.336820632207275,12,14.290428392747357,0,5103.766903446859,0
name509,48,high school or lower,0,0,LowSkilled,2252.0,1294.7919189495678,957.2080810504322,0.0,31048.88404424893,0.7626707531353648,48,13.362200694137876,7034,12344.390659657214,0
name510,55,ausbildung,2,0,MediumSkilled,3210.0,3296.3792931692456,-86.37929316924556,0.026909437124375563,125429.42013143127,0.4778560287827556,48,39.10149514785063,17216,23423.06563533641,1
name511,37,high school or lower,1,0,LowSkilled,919.0,1382.6306857294314,-463.63068572943143,0.504494761403081,9261.568642496706,0.20963918856987185,24,10.582371412650856,0,941.9408080411099,0
name512,44,bachelor degree,1,0,Unemployed_HighSkilled,3000.0,2828.0762179525145,171.92378204748547,0.0,69669.04917498722,0.5896345256854253,48,23.165708464313244,64263,74527.86829516091,0
name513,37,post graduate degree,1,0,HighSkilled,3385.0,2844.709657132989,540.2903428670111,0.0,32515.960992010074,0.427553789463043,12,9.44628379590637,56847,75494.37773030043,0
name514,48,bachelor degree,1,0,HighSkilled,6010.0,7431.377466366267,-1421.377466366267,0.23650207427059353,53701.91774137805,0.8081496776358551,60,9.171929319092232,57735,76189.84056251547,1
name515,33,high school or lower,1,0,LowSkilled,598.0,823.646114332131,-225.646114332131,0.3773346393513896,16279.6541286744,0.6497235704805385,24,27.600836526766777,14147,13922.02171837608,1
name516,54,high school or lower,0,1,LowSkilled,1879.0,1873.0858491814174,5.914150818582584,0.0,38723.87147585512,0.7880897067714272,24,20.605618587033813,0,3310.194552532154,1
name517,45,bachelor degree,0,0,Unemployed_HighSkilled,3000.0,3159.48228414058,-159.48228414057985,0.05316076138019328,30323.126387247954,0.2785197292697026,48,10.160869557129512,67227,79407.97246498296,0
name518,33,high school or lower,0,0,LowSkilled,687.0,771.3494975036223,-84.34949750362227,0.12277947234879516,5952.562182018323,0.27931574837575285,12,8.78735324530123,12083,10651.336821303137,0
name519,49,high school or lower,0,0,LowSkilled,1856.0,1551.6880882611918,304.31191173880825,0.0,43830.08832541271,0.31502663696200056,48,23.45138815391913,12805,16825.60343291383,1
name520,40,bachelor degree,2,1,HighSkilled,4375.0,4308.393164781811,66.60683521818919,0.0,21259.173488100794,0.8000992581353195,48,4.844015234944595,43344,52664.19578730343,1
name521,59,bachelor degree,2,0,HighSkilled,4709.0,6203.271667221688,-1494.2716672216884,0.3173225031262876,67205.46344023754,0.21652321907603478,60,14.58902847896777,23931,35538.10823260601,0
name522,51,post graduate degree,1,0,HighSkilled,7588.0,5254.980148480448,2333.0198515195516,0.0,237766.80850394716,0.9081557563803446,48,31.027120275754825,54694,81971.65731696134,1
name523,41,high school or lower,3,1,LowSkilled,2022.0,771.8556964356246,1250.1443035643754,0.0,45023.391406801165,0.4213370021904257,12,21.648490159859936,5800,9573.325412643688,1
name524,31,ausbildung,0,0,MediumSkilled,2066.0,1452.8476326843697,613.1523673156303,0.0,92627.45295950586,0.6433178372360069,36,44.53741558189265,46462,51707.17601345689,0
name525,33,ausbildung,0,1,MediumSkilled,1651.0,1950.3391052014194,-299.33910520141944,0.18130775602751026,6509.133686808973,0.5926505512743641,48,4.123847844948754,24914,26657.065697612114,0
name526,48,high school or lower,0,2,LowSkilled,2398.0,2089.9694424537465,308.0305575462535,0.0,22888.917794838202,0.7281364627545275,12,9.416550140655525,0,3914.9576900305055,1
name527,58,ausbildung,0,0,MediumSkilled,4421.0,2614.7161241540757,1806.2838758459243,0.0,36937.80337732805,0.8453781977699217,12,7.946509726641511,18781,27043.876073235024,0
name528,51,high school or lower,0,1,LowSkilled,1912.0,2259.772064860777,-347.77206486077694,0.18188915526191263,54194.48522606577,0.39368942529654727,36,28.526285193999243,0,3283.6661707778208,0
name529,37,ausbildung,1,0,MediumSkilled,1993.0,880.8505242087846,1112.1494757912155,0.0,56066.177391824254,0.5591566661395279,36,27.57352128250529,33286,42289.47182468266,1
name530,58,high school or lower,0,0,LowSkilled,1960.0,3226.937957816082,-1266.937957816082,0.646396917253103,27094.56850307886,0.7898800348772284,24,14.470156357599459,17278,20520.799236742783,0
name531,31,ausbildung,0,0,MediumSkilled,1624.0,1561.052739754913,62.94726024508691,0.0,15202.421087061597,0.5132591971471643,60,9.322336100256472,46575,48443.20106780121,0
name532,38,ausbildung,0,0,MediumSkilled,1856.0,1670.7088360709013,185.29116392909873,0.0,10062.687259461842,0.8037994359062155,12,5.321872896299968,20435,27026.003975064432,0
name533,52,ausbildung,0,0,MediumSkilled,3498.0,2903.31223220585,594.6877677941502,0.0,19334.110995134804,0.30048588821717126,24,5.357182169051073,12667,25180.620589223894,0
name534,48,ausbildung,0,0,MediumSkilled,3018.0,1689.461039192414,1328.538960807586,0.0,107093.51275644054,0.6177892807884494,24,35.04472292764511,0,8589.888236689658,1
name535,57,high school or lower,0,1,LowSkilled,2422.0,1582.6639108473921,839.3360891526079,0.0,67526.65924028655,0.2591880662694804,12,27.533989740352578,0,4730.041460100662,0
name536,30,bachelor degree,0,0,HighSkilled,3674.0,2022.2570967880897,1651.7429032119103,0.0,25963.92642479861,0.4609362329804476,12,6.617360784318644,76982,76373.55009668459,0
name537,58,ausbildung,0,1,MediumSkilled,4407.0,2614.198185460006,1792.8018145399942,0.0,36687.46735779386,0.48930418637662126,24,7.918008972828198,48805,68937.44900119217,0
name538,44,ausbildung,0,0,MediumSkilled,2311.0,1783.1358425644169,527.8641574355831,0.0,19706.227472213282,0.887095308840886,12,8.298729257800822,0,5330.325718298161,1
name539,55,post graduate degree,0,1,HighSkilled,5171.0,6811.2230561824845,-1640.2230561824845,0.31719649123621824,49557.69271922629,0.7585525597986784,48,9.900969981707362,0,9211.242352814075,0
name540,50,ausbildung,1,1,MediumSkilled,3536.0,3384.602651840624,151.39734815937618,0.0,27643.016981364508,0.33408092022465274,48,7.774779308033126,0,6649.759289454629,0
name541,41,high school or lower,0,0,Unemployed_LowSkilled,750.0,580.954502780715,169.04549721928504,0.0,44635.388594670745,0.8859940574376541,36,59.28845746326862,12258,13123.209641253814,0
name542,52,post graduate degree,1,0,Unemployed_HighSkilled,4000.0,2585.8197433463315,1414.1802566536685,0.0,38355.25843824786,0.42734262891124464,60,9.235269545398546,66881,91443.92011823927,1
name543,43,ausbildung,1,1,MediumSkilled,2582.0,3780.3954114315547,-1198.3954114315547,0.46413455129030007,35043.762972952325,0.22936366715645085,60,14.036467228653711,11849,17556.06450517567,1
name544,59,bachelor degree,0,1,HighSkilled,10177.0,5857.482520697169,4319.517479302831,0.0,434726.6603611897,0.4145504885852786,60,42.29214335087814,51940,65471.27351666791,0
name545,60,ausbildung,0,0,MediumSkilled,5098.0,3179.2198431444367,1918.7801568555633,0.0,181983.12931644946,0.5795062234491924,24,35.32058633966142,0,12154.877373139323,0
name546,48,bachelor degree,1,0,HighSkilled,4958.0,5477.427663432988,-519.4276634329881,0.1047655634193199,27980.06788172304,0.7623092330811228,12,5.748183853399763,21337,23062.832647002262,1
name547,53,high school or lower,0,1,LowSkilled,2097.0,1047.4057793254187,1049.5942206745813,0.0,20757.09034656464,0.481622031998792,60,9.397947604144044,23853,28324.121687380386,0
name548,35,bachelor degree,0,1,HighSkilled,3129.0,2494.2992118411134,634.7007881588866,0.0,23187.62952666149,0.8276938173235246,60,7.207711325823778,39585,43467.55042459422,0
name549,55,ausbildung,1,3,MediumSkilled,2442.0,2905.5644386615504,-463.5644386615504,0.18982982746173235,84644.93168782246,0.8481091653750016,24,34.851964015759215,26950,35899.54514637797,1
name550,60,ausbildung,1,0,MediumSkilled,4767.0,2988.4126858817385,1778.5873141182615,0.0,42912.00625967982,0.45404260905136473,24,8.62878517842701,30845,46024.51955135949,1
name551,53,high school or lower,1,0,LowSkilled,2242.0,1352.3244114810875,889.6755885189125,0.0,35875.445355005344,0.6482957847476725,60,15.604714436434627,15128,19211.3504373915,0
name552,47,post graduate degree,0,0,HighSkilled,7650.0,8354.373746494757,-704.3737464947571,0.09207499954179832,142614.90058387065,0.30182099505017385,48,18.734545664100054,18243,33713.81263315783,0
name553,40,post graduate degree,1,1,HighSkilled,5647.0,6168.045603770479,-521.0456037704789,0.092269453474496,101361.99235085577,0.9176746221151619,24,18.041975908380778,59879,68802.74323590584,1
name554,41,high school or lower,0,0,LowSkilled,1378.0,1963.723210524736,-585.723210524736,0.42505312810213064,41218.75506144578,0.23869224125931662,12,30.33706696079138,0,1810.4087002974563,0
name555,35,ausbildung,2,0,MediumSkilled,1520.0,1193.8086632893767,326.1913367106233,0.0,55279.812886031126,0.8217004438978626,24,36.153698387710854,16954,20184.597537318597,0
name556,51,post graduate degree,2,0,HighSkilled,7338.0,6525.838462804768,812.1615371952321,0.0,89822.83675670186,0.7114830660056545,60,12.130100193445983,70405,86997.98340732521,1
name557,59,ausbildung,0,1,MediumSkilled,4104.0,3342.3697112527834,761.6302887472166,0.0,77960.11994722403,0.8584471372791854,48,18.810548162396884,27187,36203.37241612882,1
name558,44,ausbildung,0,1,MediumSkilled,3242.0,1916.5184699308845,1325.4815300691155,0.0,157056.0936437648,0.4631527980286039,12,48.03535228676609,44338,57759.879806933524,0
name559,52,bachelor degree,0,1,HighSkilled,6358.0,6028.346759175875,329.6532408241246,0.0,149103.00575396503,0.38467580226798337,12,23.399394858940063,40685,56871.57852075754,0
name560,43,ausbildung,0,0,MediumSkilled,2893.0,2681.492735961252,211.50726403874796,0.0,36939.40389261767,0.8282133020640899,48,12.695436096985455,0,6892.920735741848,0
name561,48,high school or lower,1,0,Unemployed_LowSkilled,900.0,723.3486281612692,176.65137183873082,0.0,28627.61959539794,0.5067937388280017,12,31.612186915065788,21331,23051.38049359006,0
name562,47,bachelor degree,1,2,HighSkilled,3885.0,6432.155300022418,-2547.1553000224176,0.6556384298642002,43294.70491331348,0.32613507829960975,36,11.799706618619277,15550,23589.407272284665,1
name563,51,ausbildung,0,1,MediumSkilled,2751.0,1991.6236492798537,759.3763507201463,0.0,25169.98062565053,0.41378053540917986,24,8.873356697539215,0,6535.771031908901,0
name564,39,ausbildung,0,1,MediumSkilled,2111.0,1648.9928652325534,462.0071347674466,0.0,35093.65784491806,0.5062919010973514,12,16.405329564258935,20860,26149.760339456487,0
name565,54,ausbildung,0,0,MediumSkilled,2356.0,1807.2521807303888,548.7478192696112,0.0,34181.86877475734,0.413127791441285,24,14.27551823238019,31961,35906.811669776485,0
name566,51,bachelor degree,0,1,HighSkilled,5911.0,6713.112706647588,-802.1127066475883,0.1356983093634898,141004.17461791917,0.5763787971628026,36,23.99023639393787,46718,63583.92964644424,0
name567,35,high school or lower,0,0,Unemployed_LowSkilled,500.0,325.1345333732149,174.86546662678512,0.0,4168.757874935175,0.2227235225458599,12,7.98778481661678,21238,20451.11387289786,0
name568,41,high school or lower,0,1,LowSkilled,1626.0,1550.7157777609505,75.28422223904954,0.0,8147.865530284518,0.689779005189576,24,4.964687151319476,19794,26182.67410710674,0
name569,37,ausbildung,0,1,Unemployed_MediumSkilled,1150.0,1359.541130439639,-209.5411304396389,0.18220967864316426,4133.442096596934,0.4931035523611422,12,3.7765071539448463,0,1892.8070058810029,1
name570,51,high school or lower,1,0,LowSkilled,1745.0,2102.6475656164907,-357.64756561649074,0.20495562499512363,10901.214712881994,0.9053040963752769,12,6.452070073638101,14531,18188.905635690197,1
name571,36,bachelor degree,1,0,HighSkilled,5144.0,3702.073380604471,1441.926619395529,0.0,178344.28416895264,0.3063194261980969,36,34.390038403879686,20591,31648.524698941776,0
name572,31,bachelor degree,2,2,HighSkilled,2367.0,2636.956667803352,-269.95666780335205,0.11405013426419605,5807.3891220649675,0.8481049694646177,60,2.5675309631889816,77161,89425.16015636284,0
name573,40,ausbildung,0,0,MediumSkilled,2109.0,1271.695534979723,837.3044650202769,0.0,31997.257006179512,0.9484012574611727,48,14.774752271768248,46726,44684.05993685612,0
name574,40,high school or lower,0,1,LowSkilled,1412.0,1194.663318024167,217.33668197583302,0.0,15063.403466488846,0.9830739017179665,12,10.514211603762757,21170,24716.140467549205,0
name575,34,high school or lower,1,1,LowSkilled,1165.0,882.7301629666242,282.2698370333758,0.0,4071.9542996571395,0.3326139493163501,24,3.2529480365869214,0,2193.496095691545,0
name576,41,bachelor degree,0,0,HighSkilled,8212.0,6980.688903406341,1231.3110965936594,0.0,74595.54619905069,0.5811342446059387,48,8.93378410892073,0,20419.25801001008,0
name577,38,bachelor degree,0,1,HighSkilled,4995.0,8469.77898912829,-3474.77898912829,0.6956514492749329,40193.24419692905,0.45963993557199756,12,8.742346984195663,59408,69249.70667539506,0
name578,50,bachelor degree,1,0,HighSkilled,6919.0,1969.1124121840621,4949.887587815938,0.0,358204.8320336363,0.8491494464016387,12,51.05578037950865,16379,43581.20605240886,1
name579,58,bachelor degree,0,4,HighSkilled,9191.0,10605.137531662993,-1414.1375316629928,0.15386111757839113,51080.486426553834,0.9895784046610849,24,5.711524747929151,62488,73536.37664194737,0
name580,41,high school or lower,0,1,LowSkilled,1779.0,1375.6730014357345,403.3269985642655,0.0,59550.49379917458,0.3553710105069556,24,33.247423721534744,19266,23767.494022159775,0
name581,30,post graduate degree,0,0,HighSkilled,3657.0,5077.933970129607,-1420.9339701296067,0.3885518102624027,12321.194845580038,0.5000815642300562,24,3.757760135550901,24632,35368.82048219832,1
name582,39,post graduate degree,2,1,Unemployed_HighSkilled,2250.0,1786.6578150500072,463.34218494999277,0.0,20366.93111826035,0.45553707057655196,36,8.846039525915714,34114,39529.792717682256,1
name583,45,ausbildung,0,1,MediumSkilled,1300.0,2096.153945027153,-796.153945027153,0.6124261115593485,28264.631694174474,0.38479270297972035,48,22.35445049169356,16600,21245.872700002823,1
name584,59,ausbildung,0,0,MediumSkilled,3070.0,2598.221299191353,471.77870080864705,0.0,42713.277121618776,0.9473221554721207,60,13.759445739677567,26561,33937.305232988045,1
name585,32,ausbildung,0,0,MediumSkilled,1791.0,2109.634157892736,-318.63415789273586,0.17790851920309092,91007.46002685312,0.8546905515911732,24,50.99167737841756,44149,46627.10597632007,0
name586,56,ausbildung,1,0,Unemployed_MediumSkilled,2000.0,1279.011331054715,720.9886689452851,0.0,24184.111834291118,0.974163088522772,24,11.731561582672915,11048,13372.500207546005,0
name587,52,ausbildung,2,1,Unemployed_MediumSkilled,1750.0,1589.4546855574213,160.54531444257873,0.0,38262.68483275108,0.6935446402913851,24,21.772651153319146,41411,50677.72952041253,1
name588,32,bachelor degree,0,2,HighSkilled,3514.0,3248.848842257189,265.15115774281094,0.0,72700.81528087324,0.630033225639278,48,20.61345023424315,66574,83636.9895453626,1
name589,34,bachelor degree,0,0,Unemployed_HighSkilled,1500.0,1154.4222092021946,345.5777907978054,0.0,34706.4576942573,0.4143414324737389,48,22.907253268972994,48508,53705.94624377113,0
name590,42,bachelor degree,0,2,HighSkilled,4996.0,6998.364935953268,-2002.3649359532683,0.4007936220883243,83484.99558566824,0.6592571360877596,36,17.11116103315082,0,9701.465764175593,1
name591,35,bachelor degree,0,0,HighSkilled,2748.0,4431.704189095415,-1683.7041890954151,0.6127016699764976,24467.275503780165,0.31640372874486505,36,9.516368156068262,47730,56691.84184702676,1
name592,47,bachelor degree,0,0,HighSkilled,9510.0,11318.228862563237,-1808.2288625632373,0.1901397331822542,92003.7243273815,0.27964650453751305,24,9.864558695052022,24260,51121.517243325754,0
name593,36,bachelor degree,0,0,HighSkilled,5147.0,2648.8678605608056,2498.1321394391944,0.0,53759.17923807779,0.4426772852280418,48,9.959402972340897,66163,77537.42232515203,0
name594,58,high school or lower,0,1,LowSkilled,2207.0,1791.2750603762483,415.72493962375165,0.0,94819.95774568117,0.21099570991556782,36,42.77491291620182,0,3846.389189820685,0
name595,46,ausbildung,1,1,MediumSkilled,3551.0,2908.0753914930183,642.9246085069817,0.0,68903.42666451255,0.6398126968618888,36,19.222895538159833,19828,20885.666666458594,1
name596,35,bachelor degree,0,1,HighSkilled,3267.0,2677.7039729012968,589.2960270987032,0.0,97911.36381012552,0.3759264099284174,36,29.789429991743745,38194,53589.44767817972,0
name597,30,ausbildung,1,1,MediumSkilled,1608.0,1954.0627845808558,-346.0627845808558,0.21521317449058197,56409.80713583349,0.6617679238870715,48,35.2959390052328,36072,39249.60683191719,1
name598,45,ausbildung,1,1,MediumSkilled,2829.0,2451.795540012411,377.20445998758896,0.0,81853.32087674584,0.42399398189908477,24,28.800323936641302,44175,52479.95405271635,0
name599,55,ausbildung,1,1,Unemployed_MediumSkilled,1750.0,2451.0946440823363,-701.0946440823363,0.4006255109041922,62751.31990458368,0.8296877107626627,12,36.25852259923773,0,3456.7852065484626,1
name600,56,high school or lower,0,0,LowSkilled,2545.0,1894.8631754595494,650.1368245404506,0.0,113563.14940999453,0.8282122798034797,48,44.366606123950525,0,5504.725300528253,0
name601,47,bachelor degree,2,1,HighSkilled,8277.0,5937.396465183257,2339.6035348167434,0.0,155241.71049797177,0.9276538694070192,24,18.473131202507556,75468,99866.35650545097,1
name602,30,bachelor degree,0,0,HighSkilled,3132.0,1622.98664536278,1509.01335463722,0.0,56931.183260146245,0.9553547749682423,48,17.69545654709739,48490,63062.28801726141,1
name603,39,bachelor degree,1,1,HighSkilled,5007.0,4364.231549684878,642.7684503151222,0.0,14318.517492235196,0.8127210337692488,12,2.731325952051143,37395,43126.82836927459,0
name604,41,high school or lower,1,0,Unemployed_LowSkilled,750.0,742.889516703551,7.110483296449047,0.0,38671.15205218232,0.8810221898993016,36,51.55205542518116,0,1198.1834906291015,1
name605,47,bachelor degree,0,0,HighSkilled,5805.0,3680.3845706494662,2124.6154293505338,0.0,74263.69978180648,0.38000815919905606,48,12.427060181301627,0,15337.215530117266,0
name606,45,ausbildung,1,1,MediumSkilled,2962.0,2119.087117427571,842.9128825724292,0.0,16879.858179075814,0.4423987943166484,60,5.414228661885005,0,6089.392250727565,1
name607,54,bachelor degree,1,1,HighSkilled,6239.0,7505.861591842875,-1266.861591842875,0.20305523190300928,127650.48763005219,0.9686184305368778,24,20.663143007195874,66547,72538.03512229297,0
name608,51,ausbildung,1,0,MediumSkilled,4391.0,2883.017813491974,1507.9821865080262,0.0,133169.189603166,0.3504370303808105,48,29.984333276396722,38842,58190.08630578565,0
name609,60,ausbildung,1,0,MediumSkilled,2433.0,1957.6212979187762,475.37870208122376,0.0,18074.090236513533,0.7469077745692534,24,7.233338074160423,15584,25139.560047113708,1
name610,38,ausbildung,1,0,MediumSkilled,2737.0,1536.1526360362716,1200.8473639637284,0.0,77545.77302816577,0.6302202633318738,48,27.893652051224716,0,5577.610875366396,0
name611,49,bachelor degree,1,0,HighSkilled,5664.0,6350.721992113381,-686.721992113381,0.12124328956804044,267686.6989698284,0.5261179916449018,48,47.382313022941695,57130,66243.07211685201,0
name612,37,high school or lower,0,1,Unemployed_LowSkilled,600.0,476.88008225707364,123.11991774292636,0.0,7565.5430642021865,0.8875075290751202,24,12.4040385774321,21998,21563.014338683533,1
name613,30,post graduate degree,1,1,HighSkilled,3509.0,4146.861020674497,-637.861020674497,0.18177857528483812,18493.967522009494,0.9646848347957432,12,5.4522167405768,50192,64152.94935297274,1
name614,32,ausbildung,0,0,MediumSkilled,1526.0,1861.92629188242,-335.92629188241995,0.22013518471980337,14276.925469083075,0.25079162946727074,12,9.575918585167429,40341,41777.00412272008,0
name615,39,bachelor degree,2,0,HighSkilled,3533.0,2716.9144680094746,816.0855319905254,0.0,138977.4236247243,0.3459104071209268,24,39.105954738956626,34197,37995.74798224466,1
name616,32,bachelor degree,0,0,HighSkilled,2550.0,3301.6662354122577,-751.6662354122577,0.2947710727106893,121788.12627467372,0.26832233329202,60,48.05482059219058,0,5761.635714019904,0
name617,48,ausbildung,1,1,MediumSkilled,3544.0,3015.0318921689277,528.9681078310723,0.0,40980.20438260997,0.8904192024477605,48,11.414005720874405,28421,35860.68127005362,0
name618,38,high school or lower,0,0,LowSkilled,1300.0,1011.9618464433963,288.0381535566037,0.0,49286.33711429892,0.42729057245363,48,37.690999200571014,15387,18907.50759043832,0
name619,37,bachelor degree,0,0,HighSkilled,4492.0,4299.711278100269,192.28872189973117,0.0,204414.11058371197,0.7258285640926149,36,45.46345099327966,60650,76426.17219414467,1
name620,36,post graduate degree,0,1,HighSkilled,4042.0,3571.572258462744,470.4277415372562,0.0,235951.21176103444,0.674002269197525,36,58.25848194445749,59164,66734.38865889845,0
name621,56,bachelor degree,1,0,HighSkilled,12260.0,5562.456545217913,6697.543454782087,0.0,88109.90955402041,0.4551246895054183,24,6.640486631259243,70843,107760.6456561359,0
name622,35,bachelor degree,0,0,HighSkilled,3415.0,3113.1595223001054,301.84047769989456,0.0,34483.46655225936,0.9879671107986303,36,10.009260929592815,35202,48799.79355315917,0
name623,57,ausbildung,0,1,MediumSkilled,4360.0,5424.039316104523,-1064.039316104523,0.24404571470287226,94411.50311033215,0.7083820133014451,24,21.898060189549696,46326,59041.01891016596,1
name624,32,ausbildung,0,1,MediumSkilled,1899.0,1858.1955459605333,40.80445403946669,0.0,18817.591714732218,0.46981050057188073,24,9.887723675983546,14059,20407.631831848208,0
name625,31,bachelor degree,0,1,HighSkilled,2546.0,1861.3853257115331,684.6146742884669,0.0,52537.10982777908,0.25961899473751804,48,20.366258897678954,18962,25891.137035973545,0
name626,41,bachelor degree,1,1,HighSkilled,4917.0,9478.289514848253,-4561.289514848253,0.9276570093244363,27916.273637032948,0.8761736901963516,36,6.605158257449909,61836,69832.38129184158,1
name627,39,high school or lower,1,0,Unemployed_LowSkilled,600.0,555.9461406582975,44.05385934170249,0.0,4696.163100078595,0.38548180340131294,24,7.753515401228154,19285,20865.78386969091,1
name628,48,ausbildung,0,1,MediumSkilled,3539.0,3060.6690467179533,478.3309532820467,0.0,66099.18222023969,0.2208449301891747,12,18.542201544774695,28440,44207.86177542083,0
name629,34,high school or lower,0,0,LowSkilled,880.0,861.6133566993219,18.386643300678088,0.0,22583.80049999052,0.9514412029975411,48,25.64251574623846,20879,20216.89424106097,0
name630,52,high school or lower,0,3,LowSkilled,2126.0,1369.5512916723799,756.4487083276201,0.0,54619.959018648646,0.8812641915490982,24,25.33561162291676,0,4629.605399311914,0
name631,39,bachelor degree,0,0,HighSkilled,5645.0,2770.611356165445,2874.388643834555,0.0,116490.43450908473,0.4349703597343172,48,20.126846034588162,34369,52298.590016204595,0
name632,36,high school or lower,0,0,LowSkilled,1129.0,912.07809214087,216.92190785913,0.0,5627.600421375799,0.4232566080929032,36,4.79245218203425,0,2024.239569595512,0
name633,40,post graduate degree,1,0,HighSkilled,4612.0,5759.2533342186,-1147.2533342185998,0.2487539753292714,176602.33758838454,0.5655616752214314,36,38.54067452788446,35117,44842.62981144669,1
name634,38,ausbildung,0,1,MediumSkilled,1983.0,2544.6859972671505,-561.6859972671505,0.28325062897990444,25450.796425889373,0.7861046822818085,36,13.117742018737532,16174,14026.302138039313,0
name635,49,ausbildung,1,0,MediumSkilled,2281.0,3003.6054926981765,-722.6054926981765,0.31679328921445704,53035.12173205704,0.9216514616587984,36,23.567613864425784,23615,30003.272919568026,1
name636,38,bachelor degree,0,0,HighSkilled,4338.0,2752.9824439494496,1585.0175560505504,0.0,32171.685208536433,0.3818651859759866,12,7.050868522933583,56989,71797.23167125258,1
name637,34,ausbildung,2,0,MediumSkilled,1270.0,1934.2741633642368,-664.2741633642368,0.5230505223340447,38967.70855988598,0.7999183070687634,24,31.206285608858437,44262,48837.64612946852,1
name638,52,ausbildung,1,0,MediumSkilled,3581.0,4888.199780248133,-1307.1997802481328,0.3650376376007073,44166.31454550655,0.21259162424413366,48,12.698551892140376,15127,17829.043445588064,1
name639,60,post graduate degree,0,0,HighSkilled,8192.0,11599.028345795725,-3407.028345795725,0.4158970148676422,93324.60907809561,0.963573691153869,24,11.808061208971111,57054,75854.88785268881,1
name640,54,high school or lower,0,1,LowSkilled,1834.0,1505.6335316938591,328.36646830614086,0.0,9146.83993536287,0.566710214025522,12,4.808327953684149,17059,19839.243536742655,1
name641,33,bachelor degree,0,0,HighSkilled,3378.0,3755.792457057636,-377.79245705763606,0.11183909326750624,57738.97258315133,0.7486822008083743,60,17.20448935470958,65466,69557.24677621524,0
name642,54,high school or lower,0,1,LowSkilled,1781.0,1683.2662468273707,97.73375317262935,0.0,63366.55525448803,0.45108211009262755,36,35.524324256774506,23928,26737.282549560357,0
name643,36,high school or lower,1,1,LowSkilled,946.0,1124.2323984408338,-178.23239844083378,0.18840634084654734,19658.928073113628,0.8670185492907573,36,20.969514240543827,19877,21521.917873378192,1
name644,48,high school or lower,1,0,Unemployed_LowSkilled,900.0,878.668465083668,21.331534916331975,0.0,40542.24573494906,0.709457219336677,24,45.023238000036365,10417,10752.553257716312,1
name645,56,high school or lower,0,0,LowSkilled,2873.0,2194.696795203161,678.303204796839,0.0,62739.928350464485,0.6477139887197463,60,21.601679479870395,8304,12004.40872431702,1
name646,43,bachelor degree,0,1,HighSkilled,5466.0,7039.051005744003,-1573.0510057440033,0.2877883288957196,96275.369654528,0.3870038925418895,60,17.901284423759968,58834,71018.49345360212,0
name647,33,high school or lower,1,1,LowSkilled,1192.0,928.5816546721147,263.4183453278853,0.0,27190.937027893757,0.4010900083987011,36,22.590200237051906,18229,19148.77720493116,1
name648,43,bachelor degree,0,1,HighSkilled,4930.0,4133.6101368908285,796.3898631091715,0.0,118185.73489472341,0.7341049837942457,60,23.811226172741225,46517,65221.64233517841,0
name649,38,ausbildung,1,1,MediumSkilled,2384.0,2055.413470041872,328.5865299581278,0.0,13615.14532645967,0.3430187598744302,24,5.573220971686888,12673,17107.709999422863,0
name650,58,bachelor degree,0,0,HighSkilled,4500.0,3161.767113945619,1338.2328860543812,0.0,53808.119973393936,0.410909828978566,60,11.659974908297679,73031,83702.71090856651,0
name651,37,bachelor degree,1,0,Unemployed_HighSkilled,2250.0,2133.8015901286653,116.19840987133466,0.0,33947.22489058809,0.24178350484942862,48,15.036011769207446,30656,39402.93488723493,0
name652,33,ausbildung,0,0,MediumSkilled,1778.0,2018.1215320875,-240.1215320875001,0.13505148036417328,35382.26392101272,0.2642968349426523,36,20.035087431439944,28069,36663.29976699655,0
name653,42,bachelor degree,0,1,HighSkilled,7028.0,5253.139516802231,1774.860483197769,0.0,243400.65772931097,0.8834812848547642,12,34.380449238206204,70464,103573.10120000927,1
name654,49,bachelor degree,0,1,HighSkilled,6746.0,4766.8692810043585,1979.1307189956415,0.0,215809.79394259574,0.6049209982683432,36,31.697400418559162,20175,37410.290021518376,1
name655,51,ausbildung,0,0,MediumSkilled,2891.0,3308.5166775621674,-417.5166775621674,0.14441946646909976,23421.528114431905,0.530672220423048,12,8.245951155999332,17449,23009.94795885515,0
name656,42,high school or lower,1,0,LowSkilled,1611.0,1043.7165394558529,567.2834605441471,0.0,4265.6988975374115,0.7096633276611075,36,2.295726528239146,0,2837.58021189856,1
name657,52,post graduate degree,0,0,HighSkilled,9574.0,6057.280286921063,3516.7197130789373,0.0,146659.02539816248,0.6337784326527821,60,14.95114953886396,79023,96214.1100358956,1
name658,31,ausbildung,0,1,MediumSkilled,1577.0,1022.9538682218089,554.0461317781911,0.0,21616.572091975937,0.6294710729025297,12,13.356072263917403,15502,21008.06892898626,0
name659,44,high school or lower,0,0,LowSkilled,1709.0,2049.8365964328686,-340.83659643286865,0.19943627643819115,7781.392822582635,0.6554006516074105,24,4.752621076076948,16877,17860.51742713345,0
name660,50,ausbildung,0,0,MediumSkilled,2650.0,2153.6647755252748,496.33522447472524,0.0,83641.08486500628,0.9865884638143407,24,31.375377222842097,26832,32403.777669634004,0
name661,52,bachelor degree,1,2,HighSkilled,12990.0,7996.907965529317,4993.092034470683,0.0,301348.0324324416,0.9147799861408298,48,22.814083171514312,69793,106119.36914829566,1
name662,40,ausbildung,0,0,MediumSkilled,2413.0,2124.3333158972623,288.6666841027377,0.0,49892.176409775006,0.9097597251735942,36,20.55677982829352,26869,35719.15622797304,1
name663,33,high school or lower,0,1,Unemployed_LowSkilled,500.0,495.60175004717837,4.3982499528216294,0.0,3676.4988966216015,0.931183559498534,24,7.3442012933375596,11924,13820.878068130452,0
name664,49,high school or lower,1,0,LowSkilled,2166.0,1085.781354590365,1080.218645409635,0.0,22741.155069986995,0.42292912714633724,24,10.000432328983084,5216,10632.477325487043,0
name665,53,ausbildung,0,0,MediumSkilled,4852.0,2388.1926048841333,2463.8073951158667,0.0,158891.42933010048,0.9040955544594663,12,32.239823152305156,25677,41125.08126141715,0
name666,53,ausbildung,0,2,MediumSkilled,3828.0,3625.979268267483,202.0207317325171,0.0,65204.154056361025,0.7936143955702202,60,16.98070358532615,27795,30737.38273192549,0
name667,59,ausbildung,0,0,MediumSkilled,4525.0,2714.3443423869685,1810.6556576130315,0.0,54982.2308240421,0.6130667178438336,36,11.750624346172168,24543,34475.32798184572,1
name668,33,bachelor degree,0,0,HighSkilled,2445.0,3350.3998554195423,-905.3998554195423,0.37030668933314614,57097.02517481476,0.7789011821576255,12,23.722873222999713,59274,60417.35374343493,0
name669,39,bachelor degree,0,0,HighSkilled,3444.0,2805.886393134811,638.113606865189,0.0,27334.474048471075,0.8979231046955641,48,7.7515564580737175,70101,73800.82995089979,1
name670,53,ausbildung,3,0,MediumSkilled,3161.0,2347.0956864640543,813.9043135359457,0.0,19286.83530452702,0.48271611532330017,48,5.844014865862409,0,6610.54972838408,0
name671,47,ausbildung,0,0,MediumSkilled,2942.0,3466.1088434349736,-524.1088434349736,0.17814712557273063,26163.663808418136,0.8588228984135545,24,9.071302736863736,41664,47044.09729973639,0
name672,37,high school or lower,0,0,LowSkilled,1170.0,752.4026399643542,417.5973600356458,0.0,20293.014895075376,0.4316192529455396,12,16.987536354734814,20069,21634.863133707313,0
name673,32,ausbildung,0,0,MediumSkilled,1798.0,1291.3486673067027,506.65133269329726,0.0,14261.214050625184,0.6418493558355307,24,7.649923647348102,28244,36757.296449254674,1
name674,59,ausbildung,1,0,MediumSkilled,3370.0,1770.9628008527523,1599.0371991472477,0.0,54250.246187184515,0.6442171811379566,48,15.623504150752899,35988,41143.866170607376,0
name675,30,post graduate degree,1,0,HighSkilled,2477.0,2188.92551856082,288.0744814391801,0.0,105887.89777879587,0.8153415397558617,60,42.63214505343427,0,5502.124903685494,1
name676,42,ausbildung,1,0,MediumSkilled,1899.0,2461.091116905042,-562.0911169050419,0.2959932158531026,26925.10114114765,0.36414356989467606,24,14.474561483966662,45353,52675.12883219243,0
name677,45,high school or lower,0,1,LowSkilled,1685.0,1022.6114386408764,662.3885613591236,0.0,19935.916607322477,0.9135582888740199,36,11.43829557623938,0,3347.580267706672,0
name678,50,bachelor degree,3,2,Unemployed_HighSkilled,3500.0,2843.7554383293327,656.2445616706673,0.0,44209.515465945246,0.5209536362314349,48,12.443791686935594,47762,54288.30873486872,1
name679,30,ausbildung,0,2,MediumSkilled,1706.0,1796.5647098014658,-90.56470980146582,0.05308599636662709,45204.635729423695,0.31672116702530595,60,26.550527807283213,46229,50381.19615158178,0
name680,30,ausbildung,0,0,MediumSkilled,1523.0,1185.405331896653,337.594668103347,0.0,64535.966115599294,0.6264173137216755,24,42.15257481779117,25860,27971.17891167417,0
name681,48,high school or lower,0,0,LowSkilled,1798.0,1600.1803688378513,197.81963116214865,0.0,50243.91423364111,0.8491000916864302,36,27.834312904604538,0,3314.466284603462,0
name682,53,ausbildung,0,0,MediumSkilled,4330.0,2686.8388523171457,1643.1611476828543,0.0,127906.69120439247,0.7664206761492484,36,29.160168604320926,11403,19119.052952683276,0
name683,32,ausbildung,0,0,MediumSkilled,1614.0,1048.2811147027626,565.7188852972374,0.0,18553.714267722626,0.9678898026599426,12,11.144978551688594,0,4203.620237414342,0
name684,40,ausbildung,0,0,MediumSkilled,2291.0,2158.310768330795,132.68923166920513,0.0,8665.488823605278,0.4094595498820504,24,3.7244869454107694,45412,51334.20548601404,0
name685,54,post graduate degree,1,1,HighSkilled,7468.0,6423.872346592403,1044.1276534075969,0.0,72167.73946150106,0.5070659292886389,48,9.52378304875381,34603,53099.3399636303,0
name686,42,high school or lower,0,0,LowSkilled,1547.0,1813.349528213509,-266.3495282135091,0.17217164073271432,34208.71990436607,0.9559494984982762,36,22.285112755384347,10918,11739.384928777708,0
name687,56,high school or lower,0,0,LowSkilled,2668.0,1481.005664944702,1186.994335055298,0.0,55195.01340542716,0.8102264612700546,24,20.24288570853518,10386,15520.339067364548,0
name688,56,ausbildung,1,0,MediumSkilled,3664.0,5408.922864927964,-1744.922864927964,0.47623440636680237,121595.181970372,0.533332036233678,24,33.66269236771287,43377,45560.729056461285,0
name689,36,bachelor degree,1,1,HighSkilled,4713.0,4449.2150671290065,263.78493287099354,0.0,75351.35768185968,0.5962581016238522,36,15.93201204094816,28575,43196.21101842232,1
name690,31,ausbildung,0,0,MediumSkilled,1668.0,993.7585260091271,674.2414739908729,0.0,35098.52486769388,0.4712287886794602,12,20.638059588550963,22446,24520.433588729942,0
name691,58,high school or lower,1,1,LowSkilled,2235.0,2439.135148380748,-204.13514838074798,0.09133563685939507,26096.566698785024,0.6526774544325646,48,11.767651833183791,0,4252.338172408186,0
name692,43,bachelor degree,0,1,HighSkilled,6586.0,5016.5668549886705,1569.4331450113295,0.0,110114.72340144524,0.6715738495410903,48,16.481216255152432,45563,64606.49707269979,1
name693,59,high school or lower,0,0,LowSkilled,1907.0,2067.117175909115,-160.11717590911485,0.08396286099062132,54623.66040438248,0.5839647299288402,24,28.72772814907792,0,2419.3783847444106,1
name694,56,ausbildung,0,0,MediumSkilled,3866.0,2592.0859408497563,1273.9140591502437,0.0,20690.599148824116,0.6310376687423247,24,5.022422423609383,45366,53142.069981195586,0
name695,57,ausbildung,1,0,MediumSkilled,3775.0,2284.787094217644,1490.2129057823558,0.0,77034.0360219506,0.8941707925332276,24,20.011608772494895,12609,19136.259945656297,0
name696,31,high school or lower,1,0,LowSkilled,904.0,641.7414136541047,262.2585863458953,0.0,16386.2571998971,0.34827608615611483,24,17.836281652158412,15266,16652.007065792597,1
name697,37,high school or lower,2,1,LowSkilled,1431.0,680.7313340749909,750.2686659250091,0.0,53759.21699657633,0.8257318102352842,36,37.043290238051235,14374,15898.650046379142,1
name698,30,bachelor degree,1,0,HighSkilled,3868.0,2116.905305667857,1751.0946943321428,0.0,28163.649507184855,0.6955948243369645,12,6.828478493498633,34832,46831.07212587661,1
name699,36,post graduate degree,0,0,HighSkilled,3376.0,3605.3974176907973,-229.39741769079728,0.06794947206480963,17096.347413623327,0.5688682351789076,24,5.132033421597786,50975,53326.03799197341,0
name700,41,bachelor degree,0,0,HighSkilled,3895.0,4012.934249281391,-117.9342492813912,0.03027836952025448,41984.94114750871,0.9090217554614342,12,10.809467367596945,70798,77698.26159575273,0
name701,52,bachelor degree,0,0,HighSkilled,7372.0,10400.437421964902,-3028.4374219649017,0.41080268881781085,119667.33804743073,0.23839119236336048,60,16.643485549294038,17161,31960.981309500534,1
name702,47,ausbildung,0,0,MediumSkilled,1837.0,2015.0357947722891,-178.03579477228914,0.09691660031153464,49094.836022135285,0.6988144821860519,24,26.822466966199006,0,3088.2129978919274,0
name703,60,post graduate degree,0,3,HighSkilled,4500.0,11378.19622830342,-6878.196228303421,1.5284880507340934,203949.2754166264,0.4274325968635222,36,46.85054925442885,22779,25973.281487353433,1
name704,51,bachelor degree,0,1,HighSkilled,7910.0,5526.4984302307885,2383.5015697692115,0.0,119985.91667929148,0.810925866871951,36,14.867561960748706,67388,79954.7839393682,0
name705,58,ausbildung,0,1,MediumSkilled,3722.0,3757.7168591528643,-35.716859152864345,0.009596147005068336,139853.13637723296,0.3026090678640265,36,37.58432381418211,19195,26767.401622327703,0
name706,49,ausbildung,0,0,MediumSkilled,3049.0,3453.1301239764844,-404.13012397648436,0.13254513741439303,49048.79998063834,0.6180105053905881,36,16.219393277997646,40911,45421.58561690188,0
name707,32,ausbildung,0,1,MediumSkilled,2019.0,1987.3935686221137,31.606431377886338,0.0,66844.45462140835,0.7781836445832673,48,33.092049623591116,0,5296.824235739275,1
name708,39,bachelor degree,0,2,HighSkilled,5765.0,4886.057595910219,878.9424040897811,0.0,83779.64925482572,0.7276849476947757,48,14.38000118833234,18391,32436.61931032646,1
name709,34,ausbildung,0,1,MediumSkilled,2001.0,1975.64451701975,25.355482980249917,0.0,86061.58673631653,0.8223706322399913,60,42.996617318009136,48620,56591.43685760456,1
name710,31,post graduate degree,2,0,HighSkilled,2998.0,1768.7431603321959,1229.2568396678041,0.0,67583.31437523251,0.7420533392941777,48,22.13277436142919,13066,21399.921599182708,0
name711,59,post graduate degree,0,0,HighSkilled,10156.0,9345.582024079635,810.4179759203653,0.0,100288.22884155098,0.6301892819098514,60,9.79497940780136,15939,36219.6649278553,1
name712,47,high school or lower,0,0,LowSkilled,1631.0,2719.4904239243233,-1088.4904239243233,0.6673761029578928,16183.703476285888,0.68359462399598,24,10.589941079221466,16847,17793.43641785657,0
name713,45,high school or lower,1,2,LowSkilled,1389.0,1752.3388783112246,-363.33887831122456,0.26158306573882256,21061.18208532375,0.913366076949383,48,15.424421140125972,9106,12463.803318186381,0
name714,43,ausbildung,0,2,MediumSkilled,2337.0,2278.416564820792,58.58343517920821,0.0,52000.37333957115,0.9461443078931606,48,22.225840780655517,30984,38801.15906432139,0
name715,38,bachelor degree,0,2,HighSkilled,4886.0,4327.354201981669,558.6457980183313,0.0,107475.05915642859,0.22184584806090457,24,21.882196757758955,42073,53799.89239585876,0
name716,33,high school or lower,0,0,LowSkilled,915.0,1523.3065352090907,-608.3065352090907,0.6648158854744161,2468.463771428129,0.6826700189919315,48,3.3625904990570707,0,934.0149516368168,1
name717,49,ausbildung,0,0,MediumSkilled,3215.0,3006.5789372011623,208.42106279883774,0.0,127238.7107140279,0.6977702767422307,24,39.511754168344964,35681,38090.236937722875,0
name718,59,post graduate degree,0,0,Unemployed_HighSkilled,4500.0,3359.731374376293,1140.268625623707,0.0,112671.17177844892,0.591451053887635,24,24.78464514507227,48313,69804.41367928675,0
name719,54,bachelor degree,1,1,HighSkilled,9742.0,5733.149352506305,4008.850647493695,0.0,388639.93976423034,0.9493857559128738,24,39.481737745507765,74904,94087.11384032648,1
name720,48,ausbildung,0,0,MediumSkilled,2607.0,1924.5782914046663,682.4217085953337,0.0,33602.501050505794,0.20000765446271226,36,12.6275716693174,47499,53258.756349263764,0
name721,49,ausbildung,0,2,Unemployed_MediumSkilled,1500.0,1912.4442444490767,-412.4442444490767,0.2749628296327178,25957.458715885423,0.6819830895100593,24,17.579935306889666,39838,43408.04678829497,1
name722,45,high school or lower,0,0,Unemployed_LowSkilled,750.0,832.2874427657587,-82.28744276575867,0.10971659035434489,15879.938126013123,0.41341851369297367,48,21.28296742503851,0,1298.9611950785973,0
name723,35,bachelor degree,2,0,HighSkilled,2666.0,3442.4265760367725,-776.4265760367725,0.29123277420734156,50742.996094312606,0.36455753445222533,48,19.324614655044776,55365,64375.3045073006,1
name724,36,high school or lower,1,1,LowSkilled,1122.0,1527.69621579752,-405.6962157975199,0.3615830800334402,55558.322055047836,0.4332800151758931,12,49.878804162963775,12626,13930.958725981165,0
name725,45,ausbildung,1,1,MediumSkilled,2779.0,2870.619994047037,-91.61999404703693,0.03296869163261494,15606.827659527302,0.5355912966375576,36,5.648955614816242,45280,46526.29448563903,0
name726,48,ausbildung,1,0,MediumSkilled,2806.0,2755.4300227543245,50.569977245675545,0.0,27293.588264461014,0.5765922688500911,60,9.708844721031838,34840,42876.56183124669,1
name727,40,high school or lower,0,0,LowSkilled,1297.0,1064.8125659697282,232.1874340302718,0.0,4544.729265933226,0.23773663255147567,48,3.325012977565886,23629,21793.135790310233,0
name728,47,high school or lower,2,0,LowSkilled,1657.0,1444.4140777435782,212.58592225642178,0.0,13642.78457590879,0.8757864393540342,12,8.105128940043675,22043,26537.87129631189,1
name729,33,high school or lower,1,0,Unemployed_LowSkilled,500.0,329.1899547744925,170.8100452255075,0.0,6351.878918748267,0.642745479292594,12,12.36213774704552,0,1005.6884344387457,0
name730,59,ausbildung,0,0,Unemployed_MediumSkilled,2000.0,1413.800617837547,586.199382162453,0.0,55971.03274130463,0.8981020518301508,48,27.69241667957109,47753,42272.19975268787,1
name731,30,post graduate degree,1,0,HighSkilled,2812.0,2174.640869636055,637.359130363945,0.0,131898.76428188046,0.33515308659106263,24,46.67902032415239,0,7154.557147132392,1
name732,49,high school or lower,2,0,LowSkilled,1675.0,1481.276330366252,193.72366963374793,0.0,17347.939159407077,0.40978869384744426,12,10.241322680461687,24276,28418.329943528788,0
name733,43,high school or lower,2,1,LowSkilled,1343.0,1531.6339542617034,-188.63395426170337,0.1404571513489973,12544.694086750906,0.8686141035334822,12,9.48125691810321,0,1931.8746053227944,0
name734,54,bachelor degree,0,0,Unemployed_HighSkilled,4000.0,4865.471364055717,-865.4713640557165,0.21636784101392914,62179.343858193,0.8139439938220211,48,15.761203805562179,27204,35040.23956249973,1
name735,51,ausbildung,0,2,MediumSkilled,3757.0,3294.2714319233974,462.72856807660264,0.0,21223.027498736894,0.44031280335087075,48,5.525764953596031,13192,25751.483746992537,0
name736,40,bachelor degree,1,1,HighSkilled,3266.0,3697.8178757197466,-431.81787571974655,0.13221612851186362,40967.06602475083,0.7539575897895479,12,12.675714605165515,0,8441.730231272611,1
name737,40,post graduate degree,0,1,HighSkilled,4724.0,6249.555356788808,-1525.5553567888082,0.32293720507807117,53878.97761965774,0.262008439873947,48,11.728309266817643,75402,65567.69549054648,0
name738,45,ausbildung,0,2,MediumSkilled,3263.0,2724.611720618939,538.3882793810608,0.0,61421.95511172814,0.7167401782432894,12,18.658770098788562,32228,43677.65234521675,1
name739,56,post graduate degree,0,0,HighSkilled,5895.0,4318.977915140858,1576.0220848591416,0.0,66891.51748398984,0.6397178329042307,48,11.079812620717675,35327,61014.94600725026,0
name740,36,post graduate degree,0,0,HighSkilled,4817.0,3697.5263703240107,1119.4736296759893,0.0,107490.02661652252,0.21046687354553645,12,22.082323642691826,0,13011.616776052644,0
name741,47,ausbildung,1,0,MediumSkilled,1658.0,2970.8965167206334,-1312.8965167206334,0.7918555589388621,95825.19739298963,0.6247279386887694,48,58.58751140513285,15033,16287.973421319288,1
name742,59,high school or lower,0,2,LowSkilled,2357.0,2090.8695259125197,266.13047408748025,0.0,54894.35896587293,0.902985122167691,12,23.177016755106262,21444,28808.75665129015,1
name743,51,bachelor degree,0,0,HighSkilled,9204.0,5353.788608253899,3850.211391746101,0.0,58009.384955289264,0.6085501523038609,36,5.8843082967778315,48165,68126.8212697298,0
name744,36,ausbildung,1,0,MediumSkilled,1927.0,1317.2579358272121,609.7420641727879,0.0,42535.08691026043,0.8399013033896103,24,21.756795457232815,29281,35332.10946897544,1
name745,60,high school or lower,0,0,LowSkilled,2038.0,2318.2692561280182,-280.26925612801824,0.13752171547007763,37135.81389995913,0.7503099140470524,60,18.359216465204685,0,3088.4730361806323,1
name746,56,ausbildung,1,0,MediumSkilled,3445.0,4189.461976573187,-744.4619765731868,0.21609926751035902,72784.45923549238,0.8377982392824916,36,21.34366363194937,27304,33925.16984878233,0
name747,38,high school or lower,0,0,Unemployed_LowSkilled,600.0,634.5367426345765,-34.53674263457651,0.05756123772429419,10419.209195363477,0.38144431085095454,12,17.422909896663423,19591,20866.268455740596,0
name748,49,high school or lower,0,0,LowSkilled,1991.0,1169.6651343351261,821.3348656648739,0.0,65506.409469812614,0.41193973694807207,36,32.48873661684969,0,3604.0696903806124,0
name749,57,bachelor degree,2,1,HighSkilled,10557.0,5672.260746326013,4884.739253673987,0.0,235296.5259394629,0.7323948305144108,48,21.825498407292688,43459,77374.32062225722,0
name750,51,bachelor degree,0,0,HighSkilled,5965.0,9830.636344253156,-3865.6363442531565,0.6480530334037145,71551.5737903207,0.4603630611933935,24,12.643287533038368,65077,82389.31917350528,1
name751,56,high school or lower,1,0,LowSkilled,2686.0,1178.2157841911799,1507.7842158088201,0.0,106854.29785022774,0.5286954535372128,24,39.22059331139945,18192,26505.788564336104,0
name752,46,ausbildung,0,1,MediumSkilled,2180.0,2581.3236435637486,-401.32364356374865,0.18409341447878377,36819.7535611898,0.6080184716286255,60,17.07388862603374,14838,16244.973424986394,0
name753,59,bachelor degree,0,0,HighSkilled,10612.0,3695.6553948017354,6916.344605198265,0.0,202722.49960540017,0.6492770558852492,24,18.451390407105343,0,35716.84712130734,0
name754,38,ausbildung,0,0,MediumSkilled,1269.0,1825.6525426399678,-556.6525426399678,0.43865448592590056,22961.262432401323,0.6506339004952791,12,18.532635914138133,29806,27595.878688124933,1
name755,41,bachelor degree,0,0,HighSkilled,5430.0,6339.928316111121,-909.9283161111207,0.1675742755269099,22965.262995756788,0.8656757912715088,24,4.39690447732374,59158,77388.49780988047,0
name756,34,ausbildung,0,0,MediumSkilled,1874.0,1226.4738277283132,647.5261722716868,0.0,19245.916527435184,0.39061768930689167,36,9.924434554516274,44706,45158.05283177701,0
name757,57,bachelor degree,1,0,HighSkilled,16429.0,9569.609020153472,6859.390979846528,0.0,674419.3650218536,0.47893609436957263,24,40.63302538450345,47769,90068.10626591148,0
name758,46,ausbildung,0,0,MediumSkilled,2753.0,3684.8730467089067,-931.8730467089067,0.3384936602647681,38660.54516258999,0.540138711559748,48,14.381554017180854,40137,45102.42810512874,0
name759,43,high school or lower,0,4,LowSkilled,1023.0,1596.7487268578368,-573.7487268578368,0.5608491953644543,22351.98440592828,0.7383376089163993,24,22.410296317483986,13267,15213.751272351079,0
name760,40,high school or lower,0,0,LowSkilled,1230.0,729.5372111353938,500.4627888646062,0.0,26296.96121523132,0.9977674242821835,12,20.972762948265622,10927,13773.551566308986,0
name761,47,high school or lower,0,0,LowSkilled,1526.0,2341.5907663772805,-815.5907663772805,0.5344631496574577,19891.687643301328,0.36113536994030015,12,13.569645091532509,0,1852.2467036771427,0
name762,53,bachelor degree,0,0,HighSkilled,8501.0,5369.3207969862615,3131.6792030137385,0.0,75720.7316201084,0.6426347217611799,24,8.538883945076421,46549,66624.65952270296,1
name763,51,post graduate degree,1,0,HighSkilled,7896.0,8895.296492893076,-999.296492893076,0.12655730659740072,78782.2260733506,0.37531741456556766,24,10.10404287819702,77519,83044.20041609227,1
name764,54,high school or lower,0,0,LowSkilled,2154.0,1468.476260216649,685.523739783351,0.0,10487.936375677062,0.6528632742872295,12,4.550795095586681,17516,22441.781456540193,0
name765,54,high school or lower,1,3,LowSkilled,1881.0,2380.940110753459,-499.94011075345907,0.2657842162431999,38559.61558480051,0.4163244430014946,36,20.765314032724064,21967,26341.991978599293,1
name766,33,high school or lower,0,1,LowSkilled,899.0,969.6636755201604,-70.66367552016038,0.07860253116814281,28035.9735025368,0.6282969275832941,12,31.264335014523873,8414,10283.151279581092,0
name767,30,ausbildung,1,1,MediumSkilled,1560.0,2437.620069851668,-877.6200698516682,0.5625769678536334,40150.58550408763,0.6413184603524209,24,26.300131778166215,0,1719.555766848817,0
name768,35,bachelor degree,0,1,HighSkilled,2736.0,3114.067809228461,-378.0678092284611,0.13818267881157204,75618.40305693912,0.3604506839248201,60,27.776487889681135,69852,67801.67288513742,0
name769,37,bachelor degree,1,1,HighSkilled,4666.0,4431.274425288885,234.72557471111486,0.0,276960.3651431346,0.735225500629263,36,59.306823739482105,25139,33791.28723422016,0
name770,45,high school or lower,1,0,LowSkilled,1518.0,867.1154055980548,650.8845944019452,0.0,10098.516732593262,0.9496983786183751,48,6.223736586423792,18208,16718.787368911664,0
name771,35,ausbildung,0,2,MediumSkilled,1468.0,1484.7355654701785,-16.73556547017847,0.011400248957887242,61933.32552391869,0.28743013874135753,12,42.20031409358914,0,2472.43859068477,1
name772,58,high school or lower,0,1,LowSkilled,2326.0,2303.254089614536,22.745910385463958,0.0,22784.735357522208,0.29047545445737183,12,9.785894001348558,0,3910.788849800327,0
name773,55,bachelor degree,1,0,HighSkilled,7740.0,5426.633310626937,2313.3666893730633,0.0,177686.18877910622,0.9068764926150654,48,22.65798735009472,10526,33588.57553692538,1
name774,56,ausbildung,0,0,MediumSkilled,3995.0,3488.196723103509,506.80327689649084,0.0,60038.512295226676,0.8312975634964903,36,14.901554197329208,18520,25058.69548002428,0
name775,45,ausbildung,0,1,Unemployed_MediumSkilled,1300.0,1102.439012926302,197.56098707369802,0.0,60738.374208017936,0.7449073952540028,36,46.569856323803265,12683,15986.299759779495,0
name776,47,high school or lower,2,0,LowSkilled,1980.0,930.472734417027,1049.527265582973,0.0,35695.45070974881,0.5306070590695255,48,17.497941133417086,0,4309.431638682783,0
name777,47,bachelor degree,0,0,Unemployed_HighSkilled,3500.0,3667.3661036697317,-167.36610366973173,0.047818886762780496,23848.621169643055,0.27240807520072086,24,6.8617106495179385,66324,72438.31153918437,0
name778,56,high school or lower,1,1,LowSkilled,1966.0,1620.7515159787401,345.24848402125986,0.0,18657.97305278633,0.40512163974950727,48,9.314712395099221,7405,11545.860024374495,1
name779,54,high school or lower,2,1,LowSkilled,1918.0,1556.7249461581061,361.27505384189385,0.0,37080.2981250712,0.8450837444143001,24,19.144433300953757,17199,21897.735744519923,1
name780,47,high school or lower,1,1,LowSkilled,2058.0,1349.9288799537715,708.0711200462285,0.0,71597.21027490255,0.9541071237843971,12,34.44564584784078,0,3613.0321015761274,0
name781,36,high school or lower,0,1,LowSkilled,1155.0,1337.3057001832549,-182.30570018325488,0.15784043305909515,8455.892358143972,0.2627420040971929,24,7.478959357859071,0,1696.891122390488,0
name782,46,bachelor degree,1,1,HighSkilled,7075.0,7540.564809771629,-465.56480977162937,0.0658042133952833,141504.13838715205,0.757145451334045,36,20.06638914444151,53127,72719.28538639791,0
name783,47,high school or lower,0,0,LowSkilled,2151.0,1328.3645726586415,822.6354273413585,0.0,45356.15881803159,0.7875440767742402,36,20.703637094695598,22399,27885.695738514536,0
name784,59,ausbildung,0,1,MediumSkilled,4002.0,2993.254220725229,1008.7457792747709,0.0,48190.7518339506,0.4969264647179264,36,11.7896067103138,0,9779.056085723934,1
name785,31,high school or lower,1,0,LowSkilled,851.0,1038.924022452429,-187.92402245242897,0.22082728842823615,28344.674141911546,0.37757886920394546,12,33.52831746693769,5315,6543.268256968518,1
name786,40,post graduate degree,1,0,HighSkilled,2936.0,3260.404803577613,-324.40480357761317,0.11049209931117615,25730.46813926689,0.4314457969269785,60,8.874275525491997,44492,51778.27537331419,1
name787,50,post graduate degree,1,3,HighSkilled,5569.0,8210.827617986437,-2641.827617986437,0.47438096929187235,208884.15482050742,0.35822950158648253,48,37.98275856320594,47293,50609.74308096049,1
name788,58,post graduate degree,0,1,HighSkilled,8682.0,9007.740554409596,-325.74055440959637,0.03751906869495466,147246.56622058008,0.9701112670223563,24,16.997501356253128,0,16619.014677227147,1
name789,37,post graduate degree,0,0,HighSkilled,5343.0,6585.430985700716,-1242.4309857007156,0.23253434132523218,144166.21447807903,0.5579267036902299,24,27.214794209953162,34588,41941.34153611926,0
name790,34,high school or lower,0,0,Unemployed_LowSkilled,500.0,355.8631851039486,144.13681489605142,0.0,6270.313962181066,0.9313691605302383,24,12.252354294570027,21259,23264.973164425515,0
name791,33,high school or lower,1,2,LowSkilled,912.0,852.5589456960756,59.441054303924375,0.0,11745.536254446937,0.6921093465621999,36,12.813700877349794,0,1395.5625860159869,0
name792,31,high school or lower,0,0,LowSkilled,870.0,714.2889976587679,155.71100234123207,0.0,30897.040083510048,0.2148660157882376,36,35.33486101283772,20796,21160.493440639933,0
name793,44,high school or lower,0,0,LowSkilled,1472.0,1660.9012209951575,-188.90122099515747,0.12832963382823198,10854.926364554049,0.4043511590824242,12,7.502600261922015,17115,21965.087227146654,0
name794,47,high school or lower,1,0,LowSkilled,1936.0,1499.550956550093,436.4490434499071,0.0,39721.93251131028,0.6895769278999755,48,20.292088568109698,9698,12278.662633559783,1
name795,33,high school or lower,0,0,LowSkilled,1216.0,1080.617990439013,135.38200956098694,0.0,9424.100242561739,0.866045830685502,48,7.638748546875619,0,2142.266429909162,0
name796,44,ausbildung,0,1,MediumSkilled,1908.0,4318.115524922587,-2410.1155249225867,1.2631632730202236,16831.9199458253,0.40087616031940027,60,10.084924250916082,20515,22216.85520431597,0
name797,40,ausbildung,1,0,MediumSkilled,2120.0,1866.2108484580085,253.7891515419915,0.0,43092.07492036829,0.2895340708149634,24,20.206738570201086,12082,18159.678256710107,0
name798,50,bachelor degree,1,0,Unemployed_HighSkilled,3500.0,4276.271863603829,-776.2718636038289,0.22179196102966542,11661.81188952165,0.49367600185988547,12,3.5537382151787087,12190,18124.771545902542,0
name799,38,ausbildung,1,1,Unemployed_MediumSkilled,1150.0,1472.7744815407352,-322.7744815407352,0.280673462209335,5719.792939487466,0.3927711896988427,48,5.254406453068001,21827,24232.50879974802,0
name800,30,high school or lower,0,0,Unemployed_LowSkilled,500.0,555.068046426772,-55.06804642677196,0.11013609285354392,23126.50697905716,0.8756095209339829,60,46.36315005096787,0,751.7169243602242,1
name801,36,high school or lower,0,1,LowSkilled,1279.0,1201.1936016308673,77.8063983691327,0.0,15340.277000686592,0.7203246591927663,48,11.933127914243517,0,2336.2293667394947,1
name802,60,bachelor degree,0,0,HighSkilled,8030.0,6940.24222967782,1089.7577703221796,0.0,164853.685168046,0.233613002789082,36,20.394013374560878,43933,67933.06428312464,0
name803,31,high school or lower,0,2,LowSkilled,768.0,880.2594980894804,-112.25949808948042,0.14617122147067763,5304.225811176911,0.6423514794791347,36,7.052715246440613,0,1123.8260303098748,0
name804,58,bachelor degree,0,0,Unemployed_HighSkilled,4500.0,3381.737710876052,1118.262289123948,0.0,76082.74171537465,0.5271276501984303,12,16.65877320583349,53682,52715.44219495045,0
name805,41,ausbildung,1,1,MediumSkilled,2955.0,1851.8816175729498,1103.1183824270502,0.0,77683.57477138795,0.2874210590776192,60,25.915552077482538,0,6725.690448689533,0
name806,35,high school or lower,0,0,LowSkilled,1137.0,549.41490206051,587.58509793949,0.0,6295.294978349821,0.3748523861087949,48,5.019973509595717,13742,15741.390778317267,0
name807,50,bachelor degree,2,0,Unemployed_HighSkilled,3500.0,2463.233737760726,1036.766262239274,0.0,33059.33516257888,0.7497560583198408,24,9.14930540009703,37979,50177.798402929904,1
name808,31,high school or lower,1,0,Unemployed_LowSkilled,500.0,291.42723131291103,208.57276868708897,0.0,2149.892266927627,0.6741219535716697,24,3.8826389964810764,10093,10062.857610915924,1
name809,52,bachelor degree,0,0,Unemployed_HighSkilled,4000.0,3534.250978858185,465.74902114181486,0.0,29573.3382338846,0.4267132038194304,60,7.276897303185696,11393,21234.735880027427,0
name810,47,high school or lower,2,0,LowSkilled,2252.0,1192.952716194618,1059.047283805382,0.0,25131.097574747295,0.3879996423200863,24,10.689187518180246,0,3520.3871411254913,1
name811,56,post graduate degree,0,0,HighSkilled,11492.0,13906.53495457729,-2414.5349545772897,0.21010572176969106,85486.2618847713,0.8550337966266401,12,7.648868503249965,26172,48514.80744441362,0
name812,50,bachelor degree,2,0,HighSkilled,4050.0,4185.71443804722,-135.71443804722003,0.03350973778943704,67121.03934355405,0.21538847182482224,48,16.606605872000312,18568,27375.205512699184,0
name813,54,post graduate degree,1,0,HighSkilled,6212.0,5022.514735335869,1189.4852646641311,0.0,60150.48129029196,0.2697001211521739,48,9.491467486417873,49260,64206.93375875872,0
name814,42,high school or lower,0,0,LowSkilled,1732.0,810.0500570038,921.9499429962,0.0,65065.370019133115,0.35128346067054006,36,37.03430720331231,0,3815.954481246115,0
name815,34,post graduate degree,1,0,HighSkilled,2357.0,1992.6066594473718,364.39334055262816,0.0,9256.662194532435,0.44222705254823036,12,3.7727063444971605,42674,52159.665798177004,0
name816,46,bachelor degree,0,0,HighSkilled,7777.0,8143.346412024508,-366.346412024508,0.0471063921852267,31773.29681237297,0.6012850311793552,48,4.132653108447664,14546,33841.23001236056,1
name817,39,high school or lower,1,2,LowSkilled,1250.0,1588.1249402716378,-338.1249402716378,0.2704999522173102,68189.18068634543,0.4563561182031377,12,54.82184450129365,0,1880.8674187340443,1
name818,45,ausbildung,0,1,MediumSkilled,2652.0,1819.6061895392143,832.3938104607857,0.0,51534.76402303835,0.36102262128988233,24,19.11854080413935,11632,19347.230498670244,0
name819,53,ausbildung,0,0,MediumSkilled,3840.0,3249.3361401360758,590.6638598639242,0.0,84251.27236917068,0.29590271114122907,48,21.786616799298635,0,7151.793958415213,0
name820,37,ausbildung,1,0,MediumSkilled,2515.0,2078.87332119326,436.1266788067401,0.0,118668.57897348396,0.4307487623067175,48,47.01091542531898,13451,18948.23389314024,0
name821,42,ausbildung,0,0,MediumSkilled,2274.0,3158.5627185726116,-884.5627185726116,0.38898976190528217,48569.2871565135,0.6907250184481727,48,21.747515336449478,49655,53196.43420108,0
name822,37,ausbildung,0,1,MediumSkilled,2428.0,2331.0152050417064,96.9847949582936,0.0,90078.5129945724,0.3005258274488877,48,37.059937479247985,0,4899.680996538401,0
name823,41,ausbildung,2,0,MediumSkilled,2987.0,3074.352633833616,-87.35263383361598,0.02924426978025309,105358.45828679242,0.3640669587817403,60,35.30157714115368,43332,45050.41851111898,0
name824,42,high school or lower,0,0,LowSkilled,1749.0,902.3254358497833,846.6745641502167,0.0,42561.13915349598,0.8900175429933599,36,23.850465745766584,0,3147.402091163484,0
name825,56,bachelor degree,2,0,HighSkilled,6240.0,10954.980701562952,-4714.980701562952,0.7556058816607295,73598.80887494823,0.9348495511054341,48,12.55028679110756,77565,78744.406125825,1
name826,42,ausbildung,0,1,MediumSkilled,2364.0,3387.178036761825,-1023.1780367618248,0.4328164284102474,52895.42545875984,0.44744603178504083,12,22.8082079084271,23429,26365.182592466466,0
name827,54,bachelor degree,0,1,HighSkilled,6529.0,4379.387796821339,2149.612203178661,0.0,19354.303577246144,0.8315129359725235,12,2.6351189116353932,30216,49272.578357714585,0
name828,39,ausbildung,0,0,MediumSkilled,2706.0,2218.2480570378734,487.7519429621266,0.0,68394.59908179597,0.39703178197657407,48,25.09491764184547,33179,29702.630971499053,0
name829,51,high school or lower,0,0,LowSkilled,2716.0,1807.7010958304622,908.2989041695378,0.0,55224.14191794781,0.2351119086199024,48,19.998469445426462,0,5506.301243907475,0
name830,53,post graduate degree,0,1,HighSkilled,5381.0,7467.6681851341355,-2086.6681851341355,0.38778446109164383,72768.1213092455,0.5532906918006104,60,13.91094396847791,10906,19606.01287753887,0
name831,36,ausbildung,0,1,MediumSkilled,2162.0,1810.9306790146693,351.0693209853307,0.0,49026.11222910318,0.9851083112095382,36,22.513895887196043,20467,24911.09191039883,1
name832,42,high school or lower,1,0,LowSkilled,1088.0,1450.4383800669443,-362.4383800669443,0.33312351109094146,10322.93928731108,0.22896442206774892,24,9.821119179575389,24929,27947.187759820386,1
name833,59,bachelor degree,1,1,HighSkilled,6703.0,4341.384148576627,2361.615851423373,0.0,266003.7329729051,0.4013078906182231,36,39.331958394969675,49690,62996.93470498902,0
name834,54,ausbildung,0,1,Unemployed_MediumSkilled,1750.0,1714.9260039824155,35.07399601758448,0.0,75772.41894862981,0.422784720754645,60,43.27848283006413,19688,22243.91173229402,0
name835,52,bachelor degree,1,1,HighSkilled,5024.0,9174.82346042957,-4150.82346042957,0.8261989371874144,26748.951530088638,0.6768847681911845,24,6.150432920087223,47232,51593.759241045096,0
name836,57,bachelor degree,2,0,HighSkilled,9475.0,5289.088166280574,4185.911833719426,0.0,237466.0994116012,0.5575819582782835,48,24.620600272071954,0,28221.021795260407,1
name837,57,bachelor degree,0,1,HighSkilled,11396.0,6520.283688265136,4875.716311734864,0.0,100669.6452546542,0.6682325598753454,12,8.405925670666841,45684,87591.5023887086,0
name838,40,ausbildung,0,0,MediumSkilled,2097.0,2194.821453233567,-97.8214532335669,0.04664828480379919,18271.601610099482,0.3241903639875812,48,8.759858399300452,0,4037.054620301547,0
name839,50,ausbildung,0,0,MediumSkilled,3614.0,2743.804581149495,870.1954188505051,0.0,181870.09017546516,0.965301538123754,12,50.08298139363991,29164,43626.67843007604,0
name840,37,bachelor degree,0,0,HighSkilled,4313.0,5232.625440216358,-919.6254402163577,0.213221757527558,123198.7633916733,0.43265983490489907,24,28.777739121699437,22583,30871.743202468275,0
name841,53,post graduate degree,0,0,HighSkilled,8950.0,5494.562054210773,3455.4379457892273,0.0,114056.68266129162,0.5059207235673396,24,12.35768097379915,50477,63462.08909459564,0
name842,54,bachelor degree,2,1,Unemployed_HighSkilled,4000.0,3773.0179086371613,226.98209136283867,0.0,132405.6044445717,0.23076364204018418,48,33.04465558830221,37486,47676.304951272534,0
name843,42,ausbildung,0,1,MediumSkilled,2491.0,2456.844310121939,34.15568987806091,0.0,46486.55170745011,0.39248116245040193,48,18.648091536560436,39379,38689.24947021415,0
name844,35,bachelor degree,0,1,HighSkilled,3751.0,2169.3989007550595,1581.6010992449405,0.0,32739.293881730617,0.8775042302882186,36,8.306503007860751,78247,120861.20720801887,1
name845,45,ausbildung,0,3,MediumSkilled,2007.0,2521.599210759107,-514.5992107591069,0.25640219768764666,24587.40561500636,0.7847796112465241,24,12.507227117969839,43883,42811.07819259706,1
name846,47,high school or lower,0,0,LowSkilled,1614.0,2446.103686930079,-832.1036869300792,0.5155537093742746,28270.03730758839,0.43777557642594744,48,18.031066291523217,11039,11873.355708440376,1
name847,32,high school or lower,0,0,Unemployed_LowSkilled,500.0,303.70299396982364,196.29700603017636,0.0,6404.460332837162,0.6650677306136917,12,12.416326653613972,13647,14862.241746893564,1
name848,32,ausbildung,2,0,MediumSkilled,2169.0,1337.5484817819074,831.4515182180926,0.0,21531.24982743853,0.2721276871448309,24,9.543475476819012,0,5829.288719062119,1
name849,52,bachelor degree,0,4,HighSkilled,6545.0,8945.527734841724,-2400.527734841724,0.36677276315381574,263223.57416567235,0.9665880708302175,60,40.584278365242795,77881,89083.61258277034,0
name850,52,ausbildung,1,0,MediumSkilled,4124.0,3349.969829022235,774.030170977765,0.0,21779.40553095721,0.7044941900866359,24,5.09344698350617,46471,51252.827874716546,0
name851,39,post graduate degree,0,0,HighSkilled,4365.0,5226.329722809788,-861.3297228097881,0.19732639697818743,90353.11868463326,0.4558470005860812,48,20.896780849356944,20767,27931.656241409095,1
name852,51,bachelor degree,1,0,HighSkilled,6683.0,9433.675365280773,-2750.675365280773,0.4115929021817706,63961.920602680555,0.9258946123289711,60,9.982432435726668,0,12320.401480653258,1
name853,38,ausbildung,1,0,Unemployed_MediumSkilled,1150.0,1106.8039467330811,43.19605326691885,0.0,9062.520712126407,0.9614299706209612,48,7.842891007703903,24849,28313.388491664755,0
name854,42,high school or lower,1,0,LowSkilled,1217.0,1074.700034156363,142.29996584363698,0.0,25046.64482187104,0.6956082225379485,36,20.46371804110715,11397,12700.214069711583,1
name855,41,ausbildung,0,0,MediumSkilled,2681.0,1415.5185626055136,1265.4814373944864,0.0,30669.972800801144,0.47178841521197257,12,10.967732698025609,10864,14800.772168489437,0
name856,41,ausbildung,0,0,MediumSkilled,2373.0,1837.6335756073843,535.3664243926157,0.0,54791.83395369622,0.4911327170683298,12,22.864082397515215,32694,42625.63986311397,1
name857,36,bachelor degree,0,1,HighSkilled,5195.0,4400.259535568274,794.7404644317257,0.0,54776.99739311328,0.4644294495112521,24,10.391194788966612,49965,59082.64746391382,0
name858,44,bachelor degree,0,0,HighSkilled,6802.0,4692.334183124824,2109.6658168751756,0.0,122625.97909711895,0.8266607210765208,24,17.717776136466302,75048,80747.05378982678,0
name859,38,bachelor degree,0,0,HighSkilled,3409.0,3476.2602334584717,-67.2602334584717,0.01973019461967489,113237.00219114556,0.32341699962406684,36,33.236803292638314,33594,43455.18254894692,1
name860,55,ausbildung,0,0,MediumSkilled,4000.0,2179.3601510440017,1820.6398489559983,0.0,95926.0015903951,0.8075457732913651,24,23.526340435359778,35917,47993.53575349035,0
name861,60,bachelor degree,0,0,HighSkilled,9214.0,6564.65946479998,2649.34053520002,0.0,475431.57667655795,0.6206866429930635,12,51.31129109413479,46465,63574.23022674844,0
name862,40,high school or lower,0,1,LowSkilled,1194.0,1127.813622737457,66.18637726254292,0.0,11081.560703921965,0.45615479242816526,48,9.225606638743233,12904,15563.284745880457,1
name863,50,high school or lower,0,1,LowSkilled,1938.0,2568.7295200141593,-630.7295200141593,0.32545382869667666,44094.12826551941,0.8318759196371066,36,23.077841994599364,24329,28692.091826764634,0
name864,38,high school or lower,0,1,LowSkilled,1151.0,944.0858851564216,206.91411484357843,0.0,40962.456915957,0.5861841788838469,48,35.40881216430358,14355,17102.68688456233,0
name865,59,ausbildung,0,1,MediumSkilled,5621.0,4370.587323070068,1250.4126769299319,0.0,122425.00147534184,0.5004523400097214,48,21.557478882478545,24779,38886.162176862264,1
name866,45,high school or lower,2,0,LowSkilled,1653.0,1206.20288944928,446.79711055071994,0.0,16376.057798369147,0.3573878195107172,48,9.636576338668135,18449,21833.929864497368,1
name867,60,bachelor degree,1,1,HighSkilled,7107.0,4609.778970316506,2497.2210296834937,0.0,122507.0946569598,0.7355428092114733,36,16.88615078475817,71455,83328.86050664849,0
name868,52,bachelor degree,0,1,Unemployed_HighSkilled,4000.0,3285.924328994,714.075671006,0.0,159854.7985085442,0.9751412276310147,24,39.78518070938455,12668,26713.202274400595,0
name869,30,high school or lower,0,0,LowSkilled,1093.0,703.03566676012,389.96433323988003,0.0,23534.8099292281,0.6538157345377209,36,21.175522045734876,0,2286.2734270579867,1
name870,50,ausbildung,1,0,MediumSkilled,2697.0,1532.1552734165925,1164.8447265834075,0.0,39847.54341388095,0.6111942605862689,12,14.342861953020964,0,7231.750341351282,1
name871,33,bachelor degree,0,0,HighSkilled,3830.0,2284.2934100729194,1545.7065899270806,0.0,59354.08782138662,0.7291114005466008,24,15.093572123096486,33273,39589.08718344645,0
name872,57,high school or lower,0,0,LowSkilled,2216.0,2151.050405169281,64.94959483071898,0.0,18965.214219773952,0.4278506257761356,24,8.529000282014094,19729,23350.17516589803,0
name873,56,high school or lower,1,0,LowSkilled,1923.0,1293.1004942139627,629.8995057860373,0.0,33911.661410297114,0.6915258247677368,60,17.307208478684906,11633,15226.159418558378,0
name874,56,ausbildung,0,1,MediumSkilled,4102.0,3560.1844962773143,541.8155037226857,0.0,21100.215632245305,0.9882702517918345,24,5.011799153711023,47361,58713.58808054262,0
name875,36,ausbildung,1,0,MediumSkilled,2442.0,1772.0007604423738,669.9992395576262,0.0,50329.90399975745,0.40920105830462117,12,20.335751335053164,12622,20968.37556484754,1
name876,44,ausbildung,1,0,Unemployed_MediumSkilled,1300.0,1433.6433355649317,-133.6433355649317,0.10280256581917824,18836.714229892914,0.3422643884591682,24,14.59258274265988,31019,33528.00944512105,0
name877,37,ausbildung,0,1,MediumSkilled,2184.0,2051.2500919949803,132.74990800501973,0.0,66331.8228185123,0.996456127875951,36,30.31093081982934,17930,20632.983485743287,0
name878,45,ausbildung,1,1,MediumSkilled,2144.0,1804.0614671078288,339.9385328921712,0.0,95999.92752219147,0.8875185227082734,60,44.61753217784482,21170,25930.961742730447,0
name879,55,high school or lower,0,0,LowSkilled,2197.0,1063.5851910668596,1133.4148089331404,0.0,108080.45558865249,0.9434332675709797,24,48.678671269785774,0,5351.089223593114,0
name880,59,bachelor degree,0,0,HighSkilled,8087.0,11265.60112060016,-3178.6011206001604,0.39305071356500065,73173.97752996639,0.8402235341432354,12,9.441397137451037,74115,105864.56841226593,1
name881,40,ausbildung,1,4,MediumSkilled,2700.0,3133.402472497588,-433.40247249758795,0.1605194342583659,73992.71382158312,0.7492941139202005,60,27.56522825706693,24053,32997.14519693071,0
name882,35,bachelor degree,2,1,Unemployed_HighSkilled,1500.0,1337.130997007871,162.86900299212903,0.0,60935.571342862975,0.3855193950846687,36,40.51513489324723,56108,58646.62284335252,1
name883,32,high school or lower,0,2,LowSkilled,586.0,1109.7131047822802,-523.7131047822802,0.8937083699356317,10428.479403519235,0.677589554752055,48,18.689748307681768,0,513.4429090380277,1
name884,33,bachelor degree,3,2,HighSkilled,2601.0,2283.982775987875,317.0172240121251,0.0,16089.681589558128,0.553282239741697,48,6.064077034043062,31881,41820.07291024141,1
name885,43,bachelor degree,1,0,Unemployed_HighSkilled,3000.0,2171.4819716732673,828.5180283267327,0.0,16786.665279944507,0.996300768897591,12,5.319382417205925,0,7916.314802538594,1
name886,55,ausbildung,2,0,MediumSkilled,2785.0,3276.356421863784,-491.3564218637839,0.17642959492415938,50025.93727380149,0.6132741531960471,24,18.139064163614105,0,5409.392022084537,1
name887,42,post graduate degree,0,4,HighSkilled,6959.0,5787.538942193868,1171.461057806132,0.0,157138.82066146104,0.4603560162231851,24,22.412323552759723,24330,36425.30401699035,0
name888,46,bachelor degree,0,1,Unemployed_HighSkilled,3500.0,2948.4608422721585,551.5391577278415,0.0,41549.24976932722,0.8746884950963472,60,11.71363160331411,26662,37965.89477438981,0
name889,39,high school or lower,0,1,LowSkilled,1077.0,1677.3552032422606,-600.3552032422606,0.5574328720912355,15002.352252205512,0.4551215162842785,48,14.487193551947794,0,1149.7901944190592,0
name890,33,bachelor degree,1,0,HighSkilled,3267.0,2372.6897276554614,894.3102723445386,0.0,57646.33619190573,0.717835478887773,36,17.371296577765897,60197,76197.2572999821,0
name891,35,post graduate degree,2,0,HighSkilled,3516.0,3768.627198053204,-252.6271980532042,0.07185073892298185,37461.478560788986,0.5890213008570957,24,10.726423708430657,66473,87269.18170511756,1
name892,36,ausbildung,0,0,MediumSkilled,2664.0,1213.2343029881397,1450.7656970118603,0.0,111896.21768360748,0.8102831885188868,36,41.45850299797133,49632,56064.05976332366,0
name893,47,bachelor degree,1,0,HighSkilled,9120.0,4427.764590863517,4692.235409136483,0.0,100418.06254192675,0.8943793819466628,12,10.496252975086652,73645,119808.76847948754,1
name894,58,post graduate degree,0,0,HighSkilled,6850.0,10698.620597984253,-3848.6205979842525,0.5618424230633945,50357.304234199764,0.6230416570457461,12,7.9132736981290535,28223,41712.00192076795,0
name895,53,ausbildung,1,0,MediumSkilled,3398.0,3607.5594534764487,-209.55945347644865,0.061671410675823615,35872.98909541318,0.7633686090945853,60,10.618760608855098,23224,31145.392861740864,1
name896,37,high school or lower,0,0,LowSkilled,706.0,1696.0705414630586,-990.0705414630586,1.4023662060383266,17861.939779334887,0.7959357686649791,24,26.702564193764793,18508,17631.51692835584,1
name897,45,ausbildung,0,0,MediumSkilled,2987.0,1695.6413642000753,1291.3586357999247,0.0,41598.07790394453,0.3610724149619369,36,13.494047294323606,49152,59325.39178314273,0
name898,39,bachelor degree,1,0,HighSkilled,5083.0,5898.992998522322,-815.9929985223216,0.16053373962666173,36282.659396213836,0.6010878452448015,24,7.298574148088955,71616,90155.61276778931,0
name899,48,high school or lower,0,1,Unemployed_LowSkilled,900.0,696.2417687004508,203.75823129954915,0.0,27685.39910707609,0.9480315351203857,24,30.5351565286406,10211,10843.010329028906,1
name900,44,ausbildung,0,0,MediumSkilled,2323.0,2498.600585773149,-175.60058577314885,0.07559215917914286,61777.7265750032,0.9139671251710756,24,26.669533861720343,20623,28713.47684990226,0
name901,34,ausbildung,0,0,MediumSkilled,1457.0,1072.2732770933162,384.7267229066838,0.0,15894.023160586652,0.3838032191988445,12,10.644678406094693,46911,46122.936737969256,0
name902,53,high school or lower,0,1,Unemployed_LowSkilled,1000.0,1308.843493562175,-308.8434935621749,0.3088434935621749,13812.536143298516,0.6280379856628435,24,14.121379636860691,0,1251.2226169547869,1
name903,34,bachelor degree,0,0,HighSkilled,3655.0,2594.3828435737,1060.6171564263,0.0,75056.09872695482,0.45038089607334597,24,20.24500179768222,0,9852.86473484305,0
name904,51,bachelor degree,3,1,HighSkilled,11060.0,7804.052080219985,3255.9479197800147,0.0,301913.30009008764,0.4938762942398453,48,27.00337723058839,17736,45859.58694371466,1
name905,59,bachelor degree,0,1,HighSkilled,8880.0,8681.902854392187,198.09714560781322,0.0,63761.85949160656,0.912282765110382,24,7.15808134527013,0,24772.27143765756,1
name906,49,ausbildung,1,0,MediumSkilled,2934.0,3884.947408664144,-950.947408664144,0.32411295455492295,27744.111060536277,0.8859905899013419,48,9.78018352733484,0,4687.001706132573,0
name907,50,ausbildung,1,1,MediumSkilled,3455.0,3885.2866453104198,-430.2866453104198,0.12454027360648907,109600.39815867123,0.3197127285283421,24,31.846797338344906,0,5175.648653223571,0
name908,40,high school or lower,0,0,LowSkilled,1257.0,856.0635383864085,400.9364616135915,0.0,10982.925797133901,0.901392300648695,24,8.418448158727374,11713,14882.034226217953,0
name909,31,ausbildung,1,0,MediumSkilled,2240.0,1925.418254441335,314.58174555866503,0.0,13959.941997583754,0.514233867346118,48,6.091678683939771,39729,42962.65053775911,0
name910,44,bachelor degree,0,1,HighSkilled,5484.0,7083.227905010839,-1599.227905010839,0.2916170505125527,174897.53911139406,0.41529421671922945,48,32.18394730423138,10901,21076.877026036444,1
name911,51,high school or lower,1,0,LowSkilled,2287.0,1266.4865841152439,1020.5134158847561,0.0,10816.856031628535,0.9555539522354277,24,4.2834904310204545,24346,26763.000499911617,1
name912,39,high school or lower,0,0,LowSkilled,1419.0,1280.316052409386,138.68394759061403,0.0,5923.094161899517,0.797399724544521,12,4.076399023473504,7231,8545.826277027387,0
name913,32,ausbildung,1,0,MediumSkilled,1737.0,2094.0473164926702,-357.04731649267023,0.20555401064632714,19040.737926539678,0.8550265800665503,12,11.167406587813671,40542,41153.67545105695,1
name914,41,high school or lower,0,1,LowSkilled,1688.0,1458.4190211506457,229.58097884935432,0.0,15010.564778470925,0.39992483842090226,12,8.75650699029714,19815,23684.469667581885,0
name915,35,high school or lower,0,0,Unemployed_LowSkilled,500.0,571.6843706646008,-71.6843706646008,0.1433687413292016,6683.855503307145,0.47659284963226894,24,13.51107974794349,0,827.9511542405633,0
name916,32,ausbildung,1,0,MediumSkilled,1859.0,1487.1924213488023,371.8075786511977,0.0,8431.254005818311,0.3959528535488164,12,4.335366555764988,20085,25901.99201393884,0
name917,40,bachelor degree,1,0,HighSkilled,3993.0,3792.9415220807055,200.05847791929455,0.0,208838.79051318197,0.6616408530239433,24,52.251122473143674,46110,52828.36050403171,1
name918,42,bachelor degree,1,0,HighSkilled,5848.0,6425.053301016808,-577.0533010168083,0.09867532507127365,104916.38349175814,0.956916048454652,48,18.039233377697496,33954,48232.20753730381,1
name919,46,ausbildung,0,0,MediumSkilled,3972.0,1458.421790312671,2513.578209687329,0.0,79429.11265068015,0.44913942808792295,24,19.36443465281793,26184,41529.20865329999,0
name920,40,bachelor degree,0,0,HighSkilled,4121.0,4779.361603618527,-658.3616036185267,0.15975772958469467,76813.22781561314,0.3041826940069511,12,18.79922092191984,51204,65741.0989807733,1
name921,43,ausbildung,1,0,MediumSkilled,2380.0,2431.341653443069,-51.341653443068935,0.021572123295407114,49811.9068704939,0.5253014541275559,24,20.95094475795671,46367,50683.61595854388,0
name922,50,bachelor degree,1,1,HighSkilled,5321.0,5540.36245960495,-219.36245960495035,0.04122579582878225,24952.74243232017,0.7840362263113739,12,4.7307094327993084,54620,70452.52773510943,1
name923,50,high school or lower,0,0,LowSkilled,1850.0,1400.0474340652868,449.9525659347132,0.0,19993.42551453232,0.8132346607041282,60,10.56403943167438,9293,12301.346549306085,0
name924,48,high school or lower,0,1,LowSkilled,1780.0,2323.987168392545,-543.9871683925448,0.30561076875985665,17651.240665716046,0.28714789266019763,12,10.22203810904977,15046,17284.401442373954,0
name925,37,bachelor degree,0,0,HighSkilled,5096.0,3294.677929941757,1801.3220700582428,0.0,36508.443862039465,0.2634066553615333,36,6.810659692304007,64271,81661.22576190275,1
name926,38,ausbildung,0,0,MediumSkilled,3101.0,1951.3541943947819,1149.6458056052181,0.0,25127.53370053886,0.929759632832293,12,7.732308253767702,17252,21405.47840135452,1
name927,47,bachelor degree,0,0,HighSkilled,8712.0,6049.5216955171645,2662.4783044828355,0.0,412641.40161665645,0.20979347199697307,24,47.05910506338081,72337,94995.911244368,0
name928,31,ausbildung,0,1,MediumSkilled,1634.0,2157.714006770869,-523.7140067708692,0.32051040806050746,34115.640661849335,0.34702327286519746,36,21.19911546427185,39292,43107.022515635115,0
name929,52,bachelor degree,0,0,HighSkilled,4000.0,6188.050135057253,-2188.050135057253,0.5470125337643132,40868.88958293469,0.2857165224508613,12,10.764234929497984,55120,62877.62661759294,1
name930,38,bachelor degree,0,0,Unemployed_HighSkilled,2250.0,1522.601116738976,727.3988832610239,0.0,70894.87971835813,0.8220941489044891,36,31.18554703782094,61794,79999.5048286845,0
name931,51,ausbildung,1,1,MediumSkilled,4710.0,2845.1150683121496,1864.8849316878504,0.0,58691.45953388585,0.8950085029053315,48,12.065090149086624,20492,30664.28906038084,0
name932,49,post graduate degree,2,3,HighSkilled,7868.0,6713.478971947723,1154.521028052277,0.0,83808.32987236748,0.6159590237179606,48,10.50505958875384,27065,57573.18571730555,1
name933,53,ausbildung,1,0,MediumSkilled,2641.0,2670.2551323561825,-29.255132356182457,0.011077293584317477,105927.61754128875,0.6215772436730461,24,40.11998208013818,35189,43002.03753466174,0
name934,32,high school or lower,1,1,LowSkilled,1293.0,786.3020394149335,506.69796058506654,0.0,3335.274494725111,0.8199587702310127,12,2.1876075283372347,0,2392.9098834871297,1
name935,32,high school or lower,0,0,LowSkilled,836.0,812.3727159786645,23.627284021335527,0.0,29625.37720701603,0.49046129311928094,12,35.4087917739171,0,1288.4237119582144,0
name936,50,high school or lower,1,0,LowSkilled,1882.0,2132.479306854413,-250.47930685441315,0.13309208653263185,7134.514141748407,0.9624000264342589,24,3.924013522105643,17849,19611.089739100124,1
name937,35,ausbildung,0,0,MediumSkilled,2148.0,1743.0591164790808,404.9408835209192,0.0,35103.46239608836,0.7055692608069568,36,16.153874074752068,28430,37147.46190922216,0
name938,33,bachelor degree,1,0,HighSkilled,2190.0,2723.736775737946,-533.7367757379461,0.24371542271139093,92713.73381355156,0.5305057724145239,24,42.5787536937395,71725,81950.15995330641,1
name939,54,bachelor degree,2,2,HighSkilled,7174.0,13279.361364757773,-6105.361364757773,0.8510400564200966,98233.31097056175,0.2571228231777314,24,14.54400227701694,72683,82168.5873324654,1
name940,45,high school or lower,1,1,LowSkilled,1303.0,1287.663235675962,15.336764324038086,0.0,12358.00831865206,0.7251588353959251,24,9.4725031115334,9599,11893.703075284628,1
name941,38,post graduate degree,0,1,HighSkilled,5253.0,5782.941474947108,-529.941474947108,0.10088358556008147,53566.60753402235,0.5499794830884428,24,10.298219876065003,50370,66138.57262376208,0
name942,41,bachelor degree,0,0,HighSkilled,4852.0,4642.327890376749,209.67210962325134,0.0,144756.94184916545,0.6822749578822718,24,29.79127570889163,23395,34632.21998544114,0
name943,47,ausbildung,1,2,MediumSkilled,2075.0,4320.256943673332,-2245.256943673332,1.082051539119678,9956.425789112533,0.5038394666711052,24,5.880329027848609,44956,57223.56558513173,1
name944,32,post graduate degree,1,0,HighSkilled,3832.0,2463.2881982233234,1368.7118017766766,0.0,15692.246482583161,0.8061021035388848,24,3.7378743947824855,43145,57095.61164737209,1
name945,55,high school or lower,0,0,LowSkilled,1847.0,2202.5129368778385,-355.51293687783846,0.19248128688567323,17224.534199062527,0.9506636559920028,12,9.518163040574102,14785,16236.265180920736,0
name946,47,bachelor degree,0,1,HighSkilled,7509.0,5177.808431066082,2331.1915689339176,0.0,136701.57728502317,0.6571962319098333,12,17.894577935289554,34802,63094.10486444838,1
name947,30,bachelor degree,0,0,HighSkilled,3102.0,2642.352123358229,459.64787664177084,0.0,55839.00764668292,0.2706267599815593,24,17.852791673127385,66931,74666.42981338702,0
name948,33,high school or lower,1,0,LowSkilled,1119.0,722.8145309442144,396.1854690557856,0.0,35478.74880950882,0.9495221341900004,24,31.351709866356597,20751,23458.63719840121,1
name949,50,ausbildung,0,0,MediumSkilled,2861.0,2673.2053158928443,187.79468410715572,0.0,102400.83844215756,0.9886780614856254,36,35.72633476338707,0,5676.626505662901,0
name950,59,bachelor degree,0,1,HighSkilled,11074.0,7302.4486879330825,3771.5513120669175,0.0,70505.99692380143,0.6438577089474395,24,6.0262277055927855,16216,49617.31781553409,0
name951,47,bachelor degree,0,0,HighSkilled,8325.0,11114.850764340756,-2789.8507643407556,0.3351172089298205,181982.77491493357,0.5703375143373655,36,22.194909991504424,72582,94551.50784401805,1
name952,37,ausbildung,2,0,MediumSkilled,2314.0,3110.292732922265,-796.2927329222648,0.34411959071835124,32024.934814511198,0.4595775270268293,12,14.183762985061996,44460,42659.58078376666,1
name953,39,bachelor degree,1,4,Unemployed_HighSkilled,2250.0,2634.5929178670835,-384.59291786708354,0.1709301857187038,41616.51421206453,0.7177298481511709,36,18.66715872441405,48732,56198.093062669504,1
name954,32,bachelor degree,0,0,HighSkilled,3211.0,2623.6735362331588,587.3264637668412,0.0,51841.92280901639,0.5864131876561123,48,15.962191325210075,24091,30851.69876453012,0
name955,57,post graduate degree,2,1,HighSkilled,8275.0,9025.044394033448,-750.044394033448,0.09063980592549221,135827.5162163294,0.6229965196129723,24,16.50484116137315,14308,33714.997557225885,0
name956,43,high school or lower,1,0,LowSkilled,1516.0,819.627096262305,696.372903737695,0.0,6358.375551193955,0.7229239714324188,36,3.734830242385396,18078,21844.99270584668,1
name957,39,bachelor degree,0,4,HighSkilled,3915.0,4275.583100748574,-360.583100748574,0.0921029631541696,51819.47989190799,0.9750494840315339,60,13.328240866578945,47806,62958.15567834724,0
name958,59,high school or lower,0,0,LowSkilled,1536.0,1896.5057448215607,-360.5057448215607,0.23470426095153693,63798.69846378067,0.918885864891997,36,41.77031523997541,0,2091.7268054771353,0
name959,43,bachelor degree,2,0,HighSkilled,6153.0,5434.56304180196,718.43695819804,0.0,85647.4172396372,0.45947947985095605,24,13.802857188597295,70496,87984.02900216241,1
name960,52,ausbildung,2,0,MediumSkilled,4930.0,2204.612674924446,2725.387325075554,0.0,40897.507677674694,0.4833291988515074,48,7.742823600932888,31690,36171.16398780009,1
name961,42,high school or lower,0,1,LowSkilled,1181.0,1390.6762732577645,-209.67627325776448,0.1775412982707574,18604.78146613274,0.24320719764261894,12,15.93095490210881,23536,24498.114646789094,0
name962,59,high school or lower,0,3,LowSkilled,2559.0,2581.054498949852,-22.05449894985213,0.008618405216823811,38948.27660024559,0.5433033184786593,24,15.228734309963048,21868,23665.96600860643,0
name963,49,post graduate degree,0,2,HighSkilled,7977.0,4646.549034823903,3330.4509651760973,0.0,141022.7751321588,0.7986353605446469,60,17.26116637419866,65778,103437.95524853024,0
name964,41,bachelor degree,1,1,HighSkilled,5495.0,5289.4495200134015,205.55047998659848,0.0,69423.57892330503,0.7446071926674585,24,12.596547487410087,22154,35845.129004579234,1
name965,41,bachelor degree,0,3,Unemployed_HighSkilled,3000.0,3245.1703354857764,-245.17033548577638,0.08172344516192546,34883.3078976926,0.7419893970567755,24,11.70949274439279,24865,29860.464735718153,0
name966,31,high school or lower,2,0,Unemployed_LowSkilled,500.0,454.656160285784,45.34383971421602,0.0,10420.313100775531,0.2993060135826877,36,20.74993852212263,5531,5273.810902331774,1
name967,47,ausbildung,0,0,MediumSkilled,3648.0,3644.39894704848,3.6010529515201597,0.0,93026.12783429094,0.5660165322374693,36,25.49959615716541,0,6442.225366006097,0
name968,58,bachelor degree,0,0,HighSkilled,9198.0,5548.1568194741285,3649.8431805258715,0.0,153874.637701647,0.8926068735385456,12,16.332332520234957,39227,68828.6071970456,0
name969,41,bachelor degree,0,0,HighSkilled,5871.0,5822.414341957739,48.58565804226055,0.0,91935.89900811532,0.40948371796408234,36,15.651049795617963,60196,66408.86343369869,1
name970,33,bachelor degree,1,0,HighSkilled,3262.0,1884.0790140977617,1377.9209859022383,0.0,114807.58180080226,0.2632065946082715,48,34.773041328908654,14375,21562.946897013466,1
name971,33,bachelor degree,1,0,HighSkilled,3247.0,3794.9742693508797,-547.9742693508797,0.1687632489531505,7980.855402347536,0.9640079206904987,24,2.6266799112098598,14252,18260.131368769446,1
name972,47,bachelor degree,2,0,HighSkilled,7007.0,7195.093765633958,-188.09376563395836,0.02684369425345488,136322.05502971853,0.854963552829098,24,19.48196786004745,37248,57553.0274741407,1
name973,41,ausbildung,0,1,Unemployed_MediumSkilled,1300.0,1207.7641499487577,92.23585005124232,0.0,16983.801548527015,0.4177235002090549,24,12.993512075750594,20130,23484.941731482242,0
name974,33,ausbildung,0,0,MediumSkilled,2516.0,1088.7309275680211,1427.2690724319789,0.0,38850.16306521361,0.69816832171426,48,14.873964226065832,19686,27590.067217372634,0
name975,53,high school or lower,0,0,LowSkilled,1899.0,2090.9330118190865,-191.93301181908646,0.10107056967829724,34129.71521655605,0.866314335199097,48,18.073537771656206,10718,14998.711754534417,1
name976,58,ausbildung,0,0,MediumSkilled,2636.0,2475.7187677937027,160.28123220629732,0.0,126124.65273190873,0.683695799549745,36,47.78618038683704,40770,45609.84685198092,0
name977,46,high school or lower,0,0,LowSkilled,1267.0,963.98990726782,303.01009273218006,0.0,52729.22273624846,0.8494653135161261,48,41.37822623797654,8618,10781.516206029642,0
name978,32,high school or lower,1,0,LowSkilled,907.0,1186.8199534401597,-279.8199534401597,0.30851152529234804,8265.842038284609,0.5534250758084731,24,9.421898557579679,16595,19905.783529281827,1
name979,37,bachelor degree,2,0,HighSkilled,4910.0,4440.4428691183375,469.5571308816625,0.0,31101.39800379011,0.21502519423560792,12,6.238664128901924,29902,47556.66014036112,1
name980,40,ausbildung,0,1,MediumSkilled,2097.0,2093.3610962965067,3.63890370349327,0.0,29961.54646731914,0.9121477645776568,36,14.286078952606413,48385,47479.71620839749,0
name981,57,ausbildung,0,1,MediumSkilled,3562.0,2525.0397195286555,1036.9602804713445,0.0,109007.99350934522,0.29763677818559087,36,30.311912753754598,0,8959.4277905278,1
name982,45,post graduate degree,0,0,HighSkilled,6105.0,5137.287427003246,967.7125729967538,0.0,146031.2931398583,0.8803017045669492,24,23.761438258290177,62457,77176.5140266614,0
name983,32,bachelor degree,1,4,HighSkilled,3163.0,3275.7664779127535,-112.76647791275354,0.03565174768028882,16999.056620620817,0.4588531544275729,24,5.409997818063094,19250,22966.29515913138,0
name984,59,bachelor degree,2,0,HighSkilled,11156.0,6806.554243086907,4349.445756913093,0.0,198713.78923475379,0.7825366075587762,12,17.42240439923276,33466,72694.39693672705,0
name985,39,bachelor degree,1,0,HighSkilled,4459.0,5378.09690183911,-919.0969018391097,0.20612175416889655,24016.88052693852,0.9606656117357868,36,5.592280203807498,51978,57475.59561002226,1
name986,51,bachelor degree,0,0,HighSkilled,9294.0,9248.876202107918,45.12379789208171,0.0,109477.93088671981,0.7663495772228998,36,11.774564997721942,54828,76272.16244748156,0
name987,31,bachelor degree,0,0,HighSkilled,3117.0,2544.0054263738207,572.9945736261793,0.0,27473.590712096386,0.5335011308480581,12,8.630284292098237,35693,45435.54633350496,0
name988,51,bachelor degree,1,1,HighSkilled,8356.0,6953.239137407826,1402.760862592174,0.0,350142.2296841815,0.3786609695236517,24,41.73521646979288,76782,112323.49032305104,0
name989,40,bachelor degree,0,1,HighSkilled,4635.0,4088.794851348459,546.2051486515411,0.0,31883.94558075904,0.36746885029094295,24,6.761109046840884,70109,77885.16341543074,0
name990,60,high school or lower,1,1,LowSkilled,2905.0,2933.013001930898,-28.0130019308981,0.009643029924577658,23942.22000012243,0.6450496335825197,24,8.251371085044175,6616,14331.469653076463,1
name991,58,post graduate degree,0,0,HighSkilled,11887.0,7190.667717172045,4696.332282827955,0.0,75263.76326457005,0.47544875032342865,36,5.936521492533196,0,25394.571155317353,1
name992,38,bachelor degree,1,0,HighSkilled,4706.0,3892.900197748139,813.0998022518611,0.0,113911.206725497,0.302964563620463,24,24.03274690251703,65885,79009.94559946678,1
name993,41,ausbildung,1,0,MediumSkilled,2931.0,1984.7678524220219,946.2321475779781,0.0,16510.016183525448,0.4935037924609709,36,5.310059377668874,38701,45743.77789902068,1
name994,31,bachelor degree,0,0,HighSkilled,3697.0,2364.102076025019,1332.897923974981,0.0,63708.39340813239,0.38932778117514594,48,16.871921959469137,31182,37017.43640776333,1
name995,53,high school or lower,0,0,LowSkilled,1893.0,2777.1131726732256,-884.1131726732256,0.46704340870217936,63097.48401022092,0.6902886962837314,24,33.79904764019765,18941,21801.93685011784,1
name996,30,bachelor degree,1,0,HighSkilled,3184.0,2476.0233464905323,707.9766535094677,0.0,27513.320208554604,0.5186999443497435,48,8.418763679348347,24533,36265.92263052785,1
name997,32,ausbildung,1,1,MediumSkilled,1626.0,1233.6610388960319,392.33896110396813,0.0,64099.577752680605,0.6459434041697991,48,39.180343660256234,19019,25494.103195452048,1
name998,45,ausbildung,0,0,MediumSkilled,2875.0,1448.3024777043026,1426.6975222956974,0.0,28055.19478433352,0.45581133767229,60,9.262086004187069,10780,15969.273529663222,1
name999,48,bachelor degree,1,0,HighSkilled,8531.0,5375.772458537272,3155.2275414627284,0.0,201165.68741681534,0.32510192139386085,48,23.21069744172461,67923,103907.8054207226,0
