name,age,educational level,number of not paid past credits,dependents,profession,working sector,monthly income,monthly expenditure,savings (debt),debt-to-income ratio before credit,credit: monthly amount,credit-to-income ratio,type of credit,requested_loan_duration,debt-to-income ratio after credit,collateral,collateral type,estimated seizable assets,y-categorical-default
name0,31,ausbildung,0,0,Unemployed_MediumSkilled,IT Support,617,386.30146108614565,230.69853891385435,0.0,394.69447959323065,0.576584031959495,simple loans,24,0.2657956899179519,0,none,1546.3778619280233,0
name1,62,ausbildung,1,0,MediumSkilled,IT Support,9908,3962.780807385737,5945.219192614263,0.0,4806.214812921425,0.9152464511583828,auto loans,36,0.0,10248,liquid assets,34432.4475512208,1
name2,58,high school or lower,1,0,LowSkilled,Agriculture,4888,3479.436475313702,1408.563524686298,0.0,1972.3056614418701,0.263851940754126,simple loans,24,0.115331861038374,20661,car,22148.87466657019,0
name3,30,post graduate degree,0,0,Unemployed_HighSkilled,Finance,868,802.5745589117271,65.42544108827292,0.0,434.78515151144893,0.39478053770384886,auto loans,48,0.4255296203031982,73241,house,80089.87756422948,0
name4,58,high school or lower,1,0,LowSkilled,Construction,4866,5161.3702713264975,-295.37027132649746,0.0607008366885527,3072.7381683832955,0.5629869610710563,auto loans,12,0.6921718947204671,0,none,7470.626458372131,1
name5,36,bachelor degree,1,0,HighSkilled,Finance,2063,1576.937101415241,486.06289858475907,0.0,1143.0676399563467,0.21077256109702233,simple loans,48,0.318470548410852,58666,house,59615.39306692821,0
name6,52,high school or lower,1,0,LowSkilled,Agriculture,4278,3736.568174017924,541.4318259820761,0.0,1957.1426437858402,0.9898671567668372,mortgages,48,0.33092819490504066,0,none,6729.113442261774,0
name7,42,high school or lower,0,0,Unemployed_LowSkilled,Construction,763,510.5591010950025,252.44089890499748,0.0,523.1673399634016,0.3874301090361815,auto loans,36,0.3548184024356541,21167,car,20897.665808483536,0
name8,56,ausbildung,0,0,MediumSkilled,IT Support,9545,4627.046059924531,4917.953940075469,0.0,9085.169112868143,0.7876415492339589,mortgages,24,0.43658618887298833,40071,car,65844.09027687041,0
name9,35,post graduate degree,0,0,HighSkilled,Consultant,1814,1276.1292165350305,537.8707834649695,0.0,999.361129991475,0.6957969902118593,auto loans,48,0.25440482167944073,13219,liquid assets,20315.92478619084,0
name10,42,bachelor degree,0,0,HighSkilled,Research,4244,2612.3551618582756,1631.6448381417244,0.0,2094.036239898735,0.9047223889802911,mortgages,24,0.10895179117742942,48466,car,56335.97742977787,0
name11,61,bachelor degree,0,0,Unemployed_HighSkilled,Consultant,9954,9920.469176661572,33.53082333842758,0.0,6457.542803997905,0.9699856886287888,mortgages,36,0.6453698996041267,55373,house,69782.88254800695,0
name12,31,high school or lower,0,0,LowSkilled,Cleaning Services,1000,718.1591699514668,281.84083004853323,0.0,366.35158678758705,0.8469456367024782,simple loans,48,0.08451075673905382,24321,car,28352.325283370352,1
name13,61,ausbildung,1,0,Unemployed_MediumSkilled,Teacher,5000,5515.922317503369,-515.9223175033694,0.10318446350067388,2361.402760818614,0.5295635919955651,mortgages,24,0.5754650156643967,0,none,9977.260633074862,1
name14,59,high school or lower,2,0,LowSkilled,Agriculture,4938,1830.395105148137,3107.604894851863,0.0,2496.76060052476,0.6568098210766671,mortgages,24,0.0,20045,car,27541.561811222786,1
name15,49,high school or lower,1,0,LowSkilled,Agriculture,3514,3537.156569842957,-23.156569842957197,0.006589803597881957,2839.9055422948627,0.38217906609799757,simple loans,60,0.8147587114791747,13286,liquid assets,18746.825039453008,0
name16,59,ausbildung,2,1,MediumSkilled,Teacher,9869,5059.8889134582305,4809.1110865417695,0.0,2206.885321278908,0.41800454241101265,simple loans,24,0.0,41590,car,68488.0363182453,0
name17,45,ausbildung,0,0,MediumSkilled,IT Support,3781,3509.676305845271,271.32369415472886,0.0,1386.4038161138187,0.26592653819017126,simple loans,36,0.29491672096246757,22685,car,31431.155969570438,0
name18,56,bachelor degree,1,0,HighSkilled,Finance,19229,11511.913182916353,7717.0868170836475,0.0,14450.296797010318,0.45383538347525776,auto loans,12,0.35015913359647777,0,none,50578.65884469046,0
name19,46,bachelor degree,2,0,Unemployed_HighSkilled,Research,4269,2267.1948978513474,2001.8051021486526,0.0,1660.1811670962918,0.5393253385916956,mortgages,24,0.0,41079,car,51346.626743086614,1
name20,32,high school or lower,0,1,LowSkilled,Construction,1006,622.2246817418151,383.77531825818494,0.0,966.495904948953,0.9137863525832435,simple loans,12,0.5792451159947993,0,none,2144.475786707949,0
name21,62,ausbildung,0,0,MediumSkilled,Teacher,9922,9916.988018877746,5.011981122253928,0.0,8077.533039897383,0.8596654303862007,simple loans,60,0.8135981716161186,33464,car,41989.52646270371,1
name22,31,ausbildung,1,2,MediumSkilled,Nursing,1255,1498.1870378830458,-243.18703788304583,0.19377453217772575,1085.6708286351175,0.4670723483016961,auto loans,48,1.058850889655907,0,none,2657.187393345716,1
name23,50,high school or lower,0,0,LowSkilled,Transportation,3813,1643.357917106424,2169.642082893576,0.0,3694.3598642798424,0.500808474245122,auto loans,24,0.3998735330150187,6657,liquid assets,13327.694159648123,0
name24,53,high school or lower,0,1,LowSkilled,Transportation,4442,5416.534766106543,-974.5347661065434,0.21939098741705165,1166.8886533637358,0.7131254206264508,auto loans,48,0.4820854163598108,23190,car,28760.96370798899,0
name25,35,high school or lower,0,1,LowSkilled,Construction,1052,844.2853997588146,207.7146002411854,0.0,546.2525583172379,0.7773289364659495,simple loans,36,0.32180414265784457,15880,liquid assets,18595.512869677266,0
name26,46,high school or lower,1,1,LowSkilled,Manufacturing,2503,2440.9116435163282,62.08835648367176,0.0,1322.982811254105,0.8119480418997771,mortgages,36,0.5037532779746038,24020,car,30774.168530566105,1
name27,57,high school or lower,0,0,LowSkilled,Construction,4873,1944.2233030856053,2928.776696914395,0.0,2682.4918581984753,0.49968042070004987,mortgages,12,0.0,7043,liquid assets,21062.046659799977,0
name28,41,ausbildung,1,1,Unemployed_MediumSkilled,Teacher,1023,900.8720874877005,122.12791251229953,0.0,273.2111913157223,0.6624936755285408,mortgages,48,0.14768648954391278,0,none,2297.492105047188,1
name29,65,ausbildung,0,0,MediumSkilled,IT Support,9965,6430.954732765381,3534.045267234619,0.0,5237.366755862237,0.25417424788797893,mortgages,36,0.17093040528124617,45764,car,58772.12138444569,0
name30,60,bachelor degree,0,0,HighSkilled,Engineering,19819,18083.5361179926,1735.4638820073997,0.0,11768.555515873144,0.9343809581579599,simple loans,36,0.5062360176530473,61322,house,113343.63356658393,0
name31,44,post graduate degree,0,0,HighSkilled,Engineering,5895,3977.315571530011,1917.6844284699891,0.0,1990.6063398583856,0.5260807194588415,simple loans,36,0.01237012915833697,32635,car,53062.664681649345,0
name32,63,high school or lower,0,0,LowSkilled,Agriculture,4950,3447.383603070213,1502.6163969297868,0.0,2735.1761754658764,0.8816719864661018,mortgages,12,0.2490019754618363,12995,liquid assets,25732.86714003692,1
name33,55,ausbildung,0,1,MediumSkilled,Teacher,9309,7206.325934316201,2102.674065683799,0.0,5876.234769209595,0.46757448052932576,auto loans,36,0.40536692486043563,22354,car,47433.97704385227,0
name34,35,bachelor degree,1,1,HighSkilled,Consultant,1928,1454.9620358924449,473.0379641075551,0.0,407.83208180702695,0.8106448705978444,mortgages,36,0.0,36004,car,39424.16023860454,1
name35,50,high school or lower,0,0,LowSkilled,Construction,3785,1941.240507842584,1843.759492157416,0.0,1218.96203437331,0.49802514087773675,simple loans,12,0.0,0,none,7844.668239038158,0
name36,51,high school or lower,1,1,LowSkilled,Agriculture,4095,4704.291489547489,-609.2914895474887,0.1487891305366273,3967.955836527837,0.6902131842282875,auto loans,12,1.1177649147925093,0,none,5072.116545204045,1
name37,63,bachelor degree,1,0,Unemployed_HighSkilled,Engineering,9995,9053.656128963414,941.3438710365863,0.0,9394.96439905956,0.42283901856257433,mortgages,48,0.8457849452749348,61309,house,71253.35601072537,1
name38,60,bachelor degree,0,1,HighSkilled,Engineering,19854,17879.5605914716,1974.4394085284002,0.0,14609.834184119596,0.3697530026329292,auto loans,12,0.6364155724585069,41981,car,102589.47075583877,0
name39,44,high school or lower,0,0,Unemployed_LowSkilled,Transportation,970,550.5096131826535,419.49038681734646,0.0,340.9432907104888,0.53346344883565,simple loans,12,0.0,9346,liquid assets,10123.001020089388,1
name40,34,bachelor degree,1,0,HighSkilled,Engineering,1695,1987.9651179022176,-292.96511790221757,0.1728407775234322,1448.1769849185882,0.7607995938297363,simple loans,24,1.0272224795402984,11862,liquid assets,17875.390781569007,1
name41,52,high school or lower,0,0,LowSkilled,Construction,4272,3063.615826088155,1208.3841739118452,0.0,2253.9913512014327,0.9293004345484356,auto loans,48,0.24475823438426675,0,none,6565.982036615124,1
name42,45,bachelor degree,0,0,HighSkilled,Consultant,7005,6545.431060733401,459.56893926659905,0.0,2463.634022083349,0.44184824389289096,auto loans,60,0.2860906613585653,69273,house,81491.64822061558,0
name43,30,high school or lower,1,0,Unemployed_LowSkilled,Agriculture,504,277.9336477020457,226.06635229795432,0.0,272.7174266858789,0.48599125517239805,simple loans,48,0.09256165553159633,8612,liquid assets,9665.972634188265,1
name44,45,ausbildung,1,1,MediumSkilled,Teacher,3839,3225.896603167096,613.1033968329039,0.0,794.8962742562699,0.42840891888699617,auto loans,12,0.047354226992280805,0,none,8891.605034240516,0
name45,58,bachelor degree,2,0,HighSkilled,Consultant,19596,13770.524915798514,5825.4750842014855,0.0,9296.177306427553,0.7251969407642302,simple loans,36,0.17711278945836229,35978,car,76194.88766260538,0
name46,35,high school or lower,0,2,LowSkilled,Transportation,1052,1277.5023046610943,-225.50230466109429,0.21435580290978545,798.9033762103896,0.6564014460318319,auto loans,12,0.9737696586230837,0,none,1729.901928025574,0
name47,34,high school or lower,0,4,Unemployed_LowSkilled,Agriculture,515,595.6697464107962,-80.66974641079617,0.15664028429280807,475.8043922011041,0.2197422925449831,mortgages,48,1.0805323079842726,0,none,779.3835296516522,0
name48,47,bachelor degree,1,0,HighSkilled,Engineering,10027,13097.684949240822,-3070.684949240822,0.3062416424893609,4237.092322876162,0.9890397880814579,auto loans,12,0.7288099403726921,12752,liquid assets,31583.165703747618,0
name49,51,bachelor degree,2,0,HighSkilled,Research,15613,10370.910068423551,5242.089931576449,0.0,5791.030282177369,0.5444583325397254,auto loans,12,0.035159184692302586,33414,car,88766.85686406323,0
name50,37,ausbildung,2,0,MediumSkilled,Electrician,1448,1167.86325704302,280.13674295698,0.0,754.8045206976982,0.3812364459611927,auto loans,24,0.3278092387712142,20591,car,19840.89966116726,0
name51,39,ausbildung,0,0,MediumSkilled,Nursing,1636,1541.572968213108,94.42703178689203,0.0,574.0462980481287,0.500624204812367,simple loans,60,0.2931658106731276,13064,liquid assets,14846.745282273308,0
name52,49,ausbildung,1,1,MediumSkilled,Nursing,6675,6471.135479505092,203.864520494908,0.0,6460.241671742056,0.7359098028780107,simple loans,60,0.9372849664789734,25408,car,41146.837006501315,1
name53,65,bachelor degree,1,0,HighSkilled,Engineering,19999,20151.933956716945,-152.93395671694452,0.0076470801898567186,13581.901326039726,0.9690739310512254,simple loans,36,0.6867761029429806,58134,house,101286.7909062525,1
name54,41,post graduate degree,0,0,Unemployed_HighSkilled,Engineering,1681,1159.2563329358404,521.7436670641596,0.0,1623.2048516466427,0.882976679777151,mortgages,12,0.6552416327081994,31223,car,37623.09504802303,0
name55,55,high school or lower,2,0,LowSkilled,Cleaning Services,4721,5984.725220423241,-1263.725220423241,0.267681681936717,3416.690011989993,0.6695573809172031,auto loans,12,0.9914033536143262,9941,liquid assets,14070.152632268699,0
name56,49,high school or lower,0,0,LowSkilled,Transportation,3522,2828.7744231394668,693.2255768605332,0.0,2736.8473990591565,0.9958594003772637,simple loans,48,0.5802446968195978,10476,liquid assets,17212.939782928792,0
name57,42,ausbildung,0,1,MediumSkilled,Teacher,2432,2180.904636486455,251.09536351354518,0.0,1847.6681094641942,0.9123631041021166,auto loans,24,0.6564855040915498,46155,car,57710.819451450545,0
name58,65,high school or lower,0,1,LowSkilled,Cleaning Services,4973,6581.066525559514,-1608.066525559514,0.32335944612095596,1935.0347289396657,0.9072187824698349,auto loans,36,0.7124675758092057,21172,car,24357.113190640488,0
name59,61,bachelor degree,1,4,HighSkilled,Engineering,19854,25516.583225294504,-5662.583225294504,0.28521120304696806,16421.402185560542,0.24428552453707902,mortgages,12,1.1123192007079201,49246,car,84477.0170041078,0
name60,48,bachelor degree,1,0,HighSkilled,Consultant,11623,8394.859151152365,3228.1408488476354,0.0,6554.400851801883,0.9465041930790822,simple loans,48,0.2861791278460163,53614,house,76072.00634736329,0
name61,51,high school or lower,0,0,LowSkilled,Agriculture,4081,3762.0573448143728,318.94265518562725,0.0,1721.529517302819,0.9072688530691029,auto loans,60,0.3436870527118823,17117,liquid assets,25090.318424266694,1
name62,63,ausbildung,1,0,MediumSkilled,Nursing,10000,11991.229406668086,-1991.229406668086,0.1991229406668086,6983.139433278858,0.3611710303835273,auto loans,48,0.8974368839946942,26726,car,49029.592304186495,0
name63,64,ausbildung,0,0,MediumSkilled,IT Support,9918,8880.822603677194,1037.177396322806,0.0,9737.353387189236,0.5318108688069412,auto loans,24,0.8772107270484402,44029,car,70835.41970881744,0
name64,65,high school or lower,0,1,LowSkilled,Agriculture,5000,4119.370554493032,880.6294455069683,0.0,3928.9554486655875,0.37499656354341443,auto loans,60,0.6096652006317238,21684,car,30661.35926428985,0
name65,60,high school or lower,2,0,LowSkilled,Transportation,4937,3391.393334889773,1545.606665110227,0.0,4448.506511893209,0.20157277368131787,auto loans,24,0.5879886260447603,21723,car,33195.00119736202,0
name66,62,high school or lower,0,1,Unemployed_LowSkilled,Manufacturing,2483,2715.192560204812,-232.1925602048118,0.09351291188272727,610.3258218727827,0.6095223938038218,mortgages,60,0.33931469274168125,5499,liquid assets,7322.503426699742,1
name67,44,ausbildung,0,0,MediumSkilled,Teacher,3269,2642.5318251450535,626.4681748549465,0.0,1136.4904488758611,0.35196178964170904,mortgages,24,0.15601782625295646,13421,liquid assets,21268.19359273174,0
name68,43,ausbildung,0,0,MediumSkilled,Teacher,2750,1252.07636175415,1497.92363824585,0.0,2656.119231810991,0.6134807270930078,mortgages,36,0.4211620340236877,0,none,7046.7672275505765,0
name69,31,bachelor degree,0,0,HighSkilled,Research,1747,2327.8189963699383,-580.8189963699383,0.33246651194615817,467.59206047890683,0.402429686620842,auto loans,36,0.6001208110182285,51965,house,51441.3281064043,0
name70,31,ausbildung,1,0,MediumSkilled,IT Support,1218,1617.2795275336505,-399.2795275336505,0.32781570405061616,709.1724134481991,0.6098985237069443,mortgages,12,0.910059064845525,26361,car,27504.838792998602,0
name71,30,ausbildung,1,0,MediumSkilled,IT Support,1200,1352.321451928092,-152.32145192809207,0.12693454327341006,561.2390273646073,0.3718529201819893,simple loans,24,0.5946337327439162,28128,car,21306.030373249727,1
name72,53,ausbildung,0,1,MediumSkilled,Artist,8917,6399.419457307396,2517.5805426926036,0.0,7570.300536395624,0.4415255283636449,auto loans,36,0.5666390034432006,33084,car,46517.31113667074,1
name73,53,bachelor degree,1,0,Unemployed_HighSkilled,Research,8727,5570.8718366041585,3156.1281633958415,0.0,2661.879037339037,0.49541962761279745,auto loans,24,0.0,70736,house,76215.37140113438,0
name74,44,bachelor degree,0,0,HighSkilled,Engineering,5805,3890.498135063375,1914.5018649366252,0.0,5622.0584652863035,0.28339897075474463,mortgages,12,0.6386833075537774,58929,house,85315.29045970477,0
name75,55,post graduate degree,0,1,HighSkilled,Finance,18743,16173.128386191667,2569.8716138083328,0.0,15946.788264501278,0.39754664090905883,auto loans,12,0.713702003451579,39823,car,90866.20387137444,0
name76,43,high school or lower,0,0,LowSkilled,Manufacturing,1692,1204.261161639803,487.73883836019695,0.0,1040.7307938939357,0.8343782819571964,auto loans,36,0.32682739688755247,0,none,3361.2663430099756,0
name77,41,post graduate degree,1,0,HighSkilled,Doctor,3474,2832.6307846650843,641.3692153349157,0.0,2973.953208327864,0.49111621536325584,auto loans,36,0.6714404124907739,0,none,8238.96763738349,1
name78,56,bachelor degree,0,1,HighSkilled,Consultant,19116,24514.034750114723,-5398.034750114723,0.28238306916272876,3955.032437358412,0.5759677374181766,auto loans,24,0.4892795138874835,64648,house,103702.10714023249,1
name79,59,high school or lower,2,1,LowSkilled,Manufacturing,4910,4016.2275797801412,893.7724202198588,0.0,2996.2513144508544,0.42124849954103316,auto loans,36,0.4282034407802435,19042,liquid assets,28156.153306672957,1
name80,44,bachelor degree,2,1,HighSkilled,Engineering,5713,3384.0394113546795,2328.9605886453205,0.0,4354.781898835264,0.8772576006987277,auto loans,48,0.3545985139488786,19725,liquid assets,33463.90199412277,1
name81,40,bachelor degree,1,0,HighSkilled,Research,2924,1700.0713943369856,1223.9286056630144,0.0,2092.960673315455,0.7481018337894887,auto loans,36,0.29720658948441886,71241,house,80661.4087670733,1
name82,56,ausbildung,1,0,MediumSkilled,Electrician,9531,5227.766375721486,4303.233624278514,0.0,3468.485267268078,0.2640696112167728,auto loans,12,0.0,0,none,21352.867601173715,0
name83,61,bachelor degree,0,2,HighSkilled,Engineering,19852,13697.474962516882,6154.525037483118,0.0,6499.270873825062,0.924743244228157,auto loans,12,0.017365798727682076,35698,car,104900.89143516895,0
name84,38,high school or lower,0,1,LowSkilled,Construction,1144,833.8112566845438,310.18874331545624,0.0,243.03281720488496,0.2818701207276723,mortgages,48,0.0,0,none,2218.352021188177,0
name85,40,ausbildung,2,1,Unemployed_MediumSkilled,Electrician,918,718.440840695828,199.559159304172,0.0,319.6727109652595,0.8585834440350678,auto loans,12,0.13084264886828706,46281,car,56148.33241601487,1
name86,46,post graduate degree,0,0,HighSkilled,Research,8539,8559.944035159344,-20.944035159343912,0.002452750340712485,7442.203725624501,0.5642170115015697,auto loans,36,0.874007232788833,78576,house,107983.41079390778,0
name87,57,high school or lower,0,1,LowSkilled,Construction,4857,4097.830176191723,759.1698238082772,0.0,1569.2408296038996,0.3107054389812229,auto loans,12,0.1667842301411617,14973,liquid assets,24222.40970813632,0
name88,34,ausbildung,1,0,MediumSkilled,IT Support,1260,1048.245051807527,211.75494819247297,0.0,638.6850343218865,0.8631645155179977,auto loans,36,0.33883340169001075,14384,liquid assets,16397.543812855867,1
name89,48,bachelor degree,2,1,HighSkilled,Research,11682,10152.175498449411,1529.824501550589,0.0,4942.894220442873,0.634390497972712,auto loans,60,0.2921648449659548,43368,car,77308.32483204702,0
name90,30,bachelor degree,1,1,HighSkilled,Doctor,1647,1312.1686534618993,334.83134653810066,0.0,1339.8211520463235,0.8658697811888358,auto loans,60,0.6101941745647983,51574,house,48386.161420095086,0
name91,43,bachelor degree,0,1,HighSkilled,Engineering,4887,3110.645689049636,1776.354310950364,0.0,1021.5233342805896,0.47901887534072196,simple loans,36,0.0,67753,house,83757.45900810056,0
name92,39,high school or lower,0,0,LowSkilled,Construction,1199,797.2869654322665,401.71303456773353,0.0,1072.3043995019605,0.8308103111101611,mortgages,12,0.5592922142904312,0,none,1957.2918834723746,1
name93,52,post graduate degree,0,0,HighSkilled,Finance,16663,6089.738202256597,10573.261797743402,0.0,3753.027538894454,0.6477266791121696,mortgages,48,0.0,48432,car,106337.26133722061,0
name94,35,bachelor degree,0,2,HighSkilled,Research,2001,1670.050243786262,330.94975621373806,0.0,1705.264467605518,0.82352461793301,mortgages,24,0.6868139487215291,71504,house,72383.39698837578,0
name95,46,high school or lower,0,2,LowSkilled,Transportation,2506,2459.4573789211117,46.54262107888826,0.0,1358.4516885838705,0.21128361042843963,auto loans,12,0.523507209698716,0,none,3961.3230574471486,0
name96,65,ausbildung,1,1,MediumSkilled,Electrician,9990,7218.2682181831215,2771.7317818168785,0.0,3448.988394066952,0.7996770038221577,auto loans,60,0.06779345467968703,33536,car,51826.176500150774,1
name97,62,post graduate degree,2,2,HighSkilled,Consultant,20000,22002.0415760656,-2002.0415760655997,0.10010207880327998,12654.547268758131,0.7267268921382932,mortgages,24,0.7328294422411865,18123,liquid assets,67298.3219087569,0
name98,52,bachelor degree,1,2,HighSkilled,Finance,16642,16437.047465395786,204.95253460421372,0.0,11668.218930947738,0.5573702793709401,mortgages,36,0.6888154306179259,64690,house,106687.6385227515,0
name99,41,bachelor degree,2,0,HighSkilled,Doctor,3187,1880.7714876545851,1306.2285123454149,0.0,1873.2453252499545,0.8106684233451182,auto loans,24,0.1779155358972512,52785,house,77822.10294025025,1
name100,45,post graduate degree,0,0,HighSkilled,Doctor,7063,5353.941487116268,1709.058512883732,0.0,6658.39357731126,0.47399034790114397,simple loans,24,0.700741195586511,0,none,19601.906493862985,0
name101,60,bachelor degree,1,0,HighSkilled,Research,19827,9683.680768553219,10143.319231446781,0.0,6062.938222396463,0.5169931687489377,simple loans,48,0.0,63509,house,122978.40173605812,0
name102,65,ausbildung,1,0,MediumSkilled,Electrician,9958,9134.18726137453,823.8127386254691,0.0,3205.389686595949,0.5083312909622726,auto loans,12,0.2391621759359791,0,none,21178.94596908507,0
name103,59,ausbildung,1,0,MediumSkilled,Electrician,9822,10790.032592112275,-968.0325921122749,0.09855758421016848,6324.354969258452,0.4388074372447363,simple loans,12,0.7424544452627496,14085,liquid assets,35648.441268394905,0
name104,57,ausbildung,0,0,MediumSkilled,Nursing,9671,6888.518154108132,2782.481845891868,0.0,7565.209287843404,0.617115799888493,auto loans,24,0.49454321600160644,42021,car,70367.93195885437,0
name105,43,bachelor degree,0,1,HighSkilled,Consultant,4691,3680.9332897257163,1010.0667102742837,0.0,4061.157366371405,0.3437473623972527,mortgages,36,0.6504136977397402,48476,car,57764.25904511056,0
name106,56,bachelor degree,0,0,HighSkilled,Doctor,18937,21724.438779352688,-2787.4387793526876,0.1471953730449748,11094.789996912139,0.5657244656506717,simple loans,24,0.7330743399833567,29558,car,66776.54886429296,0
name107,41,bachelor degree,0,0,HighSkilled,Engineering,3469,2253.5545190538633,1215.4454809461367,0.0,1816.9962957225732,0.5385502302626411,simple loans,36,0.17340755686838757,66291,house,74560.850177003,0
name108,63,bachelor degree,0,1,HighSkilled,Engineering,19856,13914.37291739427,5941.62708260573,0.0,4818.238960810591,0.4107797611227071,auto loans,48,0.0,65235,house,159066.91111763046,0
name109,48,ausbildung,0,1,Unemployed_MediumSkilled,IT Support,2999,2617.0229402243745,381.97705977562555,0.0,2672.1011970396744,0.3922634287212155,simple loans,24,0.7636292555065185,41695,car,45827.92339403449,0
name110,43,high school or lower,0,0,LowSkilled,Manufacturing,1696,926.7231152490707,769.2768847509293,0.0,1080.5087979103498,0.9027178859535531,auto loans,12,0.1835093827590923,14155,liquid assets,16743.83170905115,0
name111,42,bachelor degree,0,1,HighSkilled,Research,3870,3093.57596255426,776.4240374457399,0.0,1310.0843911292845,0.4901180065830726,auto loans,12,0.1378967322179702,52566,house,72563.56652896473,0
name112,48,high school or lower,1,0,LowSkilled,Transportation,3203,1927.7602365085816,1275.2397634914184,0.0,1941.4347178198814,0.22053380474318252,simple loans,12,0.2079909317291486,13811,liquid assets,20108.77749259194,0
name113,47,post graduate degree,1,0,HighSkilled,Consultant,10054,9848.81383099871,205.18616900129018,0.0,4590.382425657317,0.5734077315641476,simple loans,24,0.4361643382391115,20792,car,50210.14316983784,0
name114,45,post graduate degree,1,0,Unemployed_HighSkilled,Finance,3633,1411.8911555537961,2221.108844446204,0.0,1005.6059911571679,0.9173944820284942,simple loans,12,0.0,12928,liquid assets,23856.3892811783,0
name115,37,high school or lower,0,1,LowSkilled,Transportation,1091,1054.844152514079,36.15584748592096,0.0,782.9770914229615,0.4733238854864397,mortgages,48,0.6845290961842718,12404,liquid assets,12564.409992767518,1
name116,53,bachelor degree,0,0,HighSkilled,Doctor,17483,20922.275343422025,-3439.275343422025,0.19672112014082394,8818.061036889912,0.9010078554753435,auto loans,60,0.7011002905858227,24923,car,51968.03530143612,0
name117,50,bachelor degree,1,0,HighSkilled,Consultant,14419,13894.996574062268,524.0034259377317,0.0,7577.274440266451,0.6218917429645835,auto loans,24,0.4891650609840294,18381,liquid assets,55841.12299630669,1
name118,63,bachelor degree,1,1,HighSkilled,Engineering,20000,18663.866589963814,1336.1334100361855,0.0,13687.357065345966,0.9288091784908591,auto loans,36,0.6175611827654891,0,none,45499.00955434286,0
name119,53,bachelor degree,0,2,HighSkilled,Research,17485,15027.793120579054,2457.2068794209463,0.0,8249.494242719002,0.2700911667547433,auto loans,60,0.33127179658553363,24871,car,80310.89045670301,0
name120,60,bachelor degree,2,1,HighSkilled,Doctor,19614,19318.726563668148,295.2734363318523,0.0,9967.10076483382,0.8492597969309543,auto loans,24,0.49310835772927336,51304,house,111722.20959543288,1
name121,62,ausbildung,0,1,Unemployed_MediumSkilled,IT Support,4982,3030.108577080191,1951.891422919809,0.0,3816.2744512704303,0.5096869648574126,auto loans,12,0.37422381139113237,36114,car,55026.794120416176,1
name122,44,bachelor degree,1,0,HighSkilled,Engineering,5764,4331.488667415149,1432.5113325848506,0.0,5059.090104373483,0.5399548549826202,mortgages,24,0.6291774413234963,0,none,17924.47697326951,0
name123,65,high school or lower,0,1,LowSkilled,Transportation,4994,4875.8327074400695,118.1672925599305,0.0,1461.6779922877759,0.9385053194452941,mortgages,12,0.2690249699094604,20117,car,26080.85497927558,1
name124,51,high school or lower,1,0,LowSkilled,Transportation,4075,1700.5872506945389,2374.412749305461,0.0,2813.822048535489,0.9611428607592104,simple loans,24,0.10783050287853446,7804,liquid assets,13584.880371305017,1
name125,41,ausbildung,2,0,MediumSkilled,Nursing,2052,1815.8057174176292,236.19428258237076,0.0,2044.3624770348356,0.723289077932715,simple loans,12,0.8811735840411622,28711,car,29160.543417032506,1
name126,61,high school or lower,0,0,LowSkilled,Construction,5000,2795.585593056866,2204.414406943134,0.0,2365.7340846528086,0.9555820604833574,mortgages,36,0.032263935541934914,0,none,8913.410638480129,1
name127,60,bachelor degree,0,0,HighSkilled,Finance,19780,12758.490897153524,7021.509102846476,0.0,9297.978402414026,0.43345399326469636,auto loans,60,0.11508944891645857,53345,house,115100.41998630195,0
name128,35,ausbildung,0,0,MediumSkilled,Teacher,1330,887.683419837063,442.31658016293704,0.0,294.04439578402594,0.6716664498995405,auto loans,48,0.0,0,none,3088.139118383379,0
name129,59,bachelor degree,1,0,HighSkilled,Engineering,19603,11280.553022902785,8322.446977097215,0.0,13000.772568335715,0.8420953245581113,simple loans,36,0.23865355258065088,0,none,65313.6585790099,0
name130,37,ausbildung,0,3,Unemployed_MediumSkilled,Artist,735,777.9909420240236,-42.99094202402364,0.05849107758370563,185.41175388981335,0.6862810854868703,simple loans,60,0.3107519672297102,44652,car,46036.0435647793,1
name131,56,high school or lower,0,1,LowSkilled,Agriculture,4847,4343.864969572785,503.1350304272146,0.0,1839.4021738052654,0.4437309505137348,simple loans,12,0.2756895282397464,22128,car,29781.457929797958,0
name132,57,bachelor degree,1,3,HighSkilled,Finance,19379,14648.49759544003,4730.502404559969,0.0,17238.238191068223,0.604892186798631,auto loans,60,0.6454273072144204,0,none,49418.71502699442,1
name133,30,high school or lower,1,0,LowSkilled,Transportation,1015,504.4068581140534,510.5931418859466,0.0,298.8107065583319,0.34372577415987166,mortgages,24,0.0,22015,car,28623.35988862377,1
name134,38,post graduate degree,1,0,HighSkilled,Research,2279,1153.2973680683874,1125.7026319316126,0.0,908.5322824749504,0.30227743464101886,simple loans,60,0.0,50709,house,58688.44557847184,0
name135,47,post graduate degree,2,2,HighSkilled,Finance,10003,6914.953141811764,3088.046858188236,0.0,5008.695223698278,0.8350446872174557,mortgages,48,0.19200723438068998,13641,liquid assets,45531.084274647634,0
name136,42,high school or lower,0,0,LowSkilled,Transportation,1527,1171.7271209449211,355.2728790550789,0.0,420.80106515544117,0.9546837745650153,auto loans,12,0.0429130229864848,14897,liquid assets,16124.889502696466,0
name137,32,high school or lower,1,0,LowSkilled,Construction,1021,834.3910464529323,186.6089535470677,0.0,403.8852847905958,0.7105861975462544,auto loans,36,0.2128073763403801,8788,liquid assets,9783.29400898448,0
name138,41,bachelor degree,1,0,HighSkilled,Consultant,3387,1709.223576931903,1677.776423068097,0.0,1723.9897259905836,0.28462754004574514,simple loans,24,0.013644317367135072,35061,car,45374.084486662265,1
name139,41,high school or lower,0,0,LowSkilled,Agriculture,1397,824.1620603179412,572.8379396820588,0.0,430.0265288338369,0.7476204140557956,auto loans,36,0.0,0,none,2754.5183854724005,0
name140,36,bachelor degree,1,1,HighSkilled,Consultant,2027,1169.4686484380406,857.5313515619594,0.0,1805.571855403149,0.6747275071829347,simple loans,48,0.4677062179778932,40269,car,43264.7761013198,1
name141,54,ausbildung,0,4,MediumSkilled,IT Support,9075,10394.966373207728,-1319.9663732077279,0.14545084002289013,8517.624843440139,0.9204960124022877,simple loans,36,1.0840320899887457,33981,car,50304.7461698768,0
name142,33,bachelor degree,0,1,HighSkilled,Finance,1600,1243.4124081766013,356.5875918233987,0.0,1433.6090921237944,0.6871244252879682,simple loans,12,0.6731384376877473,77913,house,94580.2096867356,0
name143,41,ausbildung,1,1,MediumSkilled,Teacher,2006,1520.423830605302,485.5761693946979,0.0,1640.744035451766,0.9212345058770612,mortgages,48,0.5758563639367239,12230,liquid assets,20115.044513303783,0
name144,53,bachelor degree,0,1,HighSkilled,Doctor,17460,15070.004072495914,2389.9959275040856,0.0,7481.532413480251,0.6605127433248468,auto loans,24,0.29161148258740927,77721,house,145871.0825839615,0
name145,37,bachelor degree,1,0,HighSkilled,Consultant,2151,1814.402018395452,336.59798160454807,0.0,954.8028237580301,0.5397527538805325,mortgages,60,0.28740345985749977,38242,car,37559.1330412783,0
name146,49,ausbildung,0,1,MediumSkilled,IT Support,6716,3999.013288230707,2716.986711769293,0.0,6129.735883591985,0.5805636083007526,simple loans,12,0.5081520505989714,0,none,15924.72320728545,0
name147,63,ausbildung,0,1,MediumSkilled,Artist,9939,5066.706984638483,4872.293015361517,0.0,4114.602880224681,0.9435776536091524,auto loans,12,0.0,31473,car,50486.53975746435,0
name148,59,post graduate degree,0,0,HighSkilled,Doctor,19509,20615.223793078807,-1106.223793078807,0.05670325455322194,18981.912814942876,0.5280084479616989,simple loans,12,1.0296856121801057,58981,house,93755.15209387481,0
name149,37,bachelor degree,0,0,HighSkilled,Consultant,2109,1313.9010041527717,795.0989958472283,0.0,1455.9730324899456,0.41441752734301046,mortgages,24,0.31335895525970475,15436,liquid assets,23468.730509099525,0
name150,38,high school or lower,1,0,LowSkilled,Manufacturing,1151,878.6493202727218,272.35067972727825,0.0,260.3117155623221,0.6658797474465082,simple loans,12,0.0,18419,liquid assets,24936.66949610955,1
name151,33,ausbildung,0,0,MediumSkilled,Teacher,1353,687.1019086996296,665.8980913003704,0.0,998.0004319609553,0.3645803019860052,auto loans,12,0.2454562754328048,0,none,3232.6691909956944,0
name152,42,high school or lower,1,0,LowSkilled,Transportation,1540,1048.2683855951245,491.7316144048755,0.0,1443.3661865226377,0.9623342335955549,simple loans,24,0.6179445273491962,6375,liquid assets,7237.843591312877,0
name153,45,high school or lower,2,3,LowSkilled,Transportation,2190,2391.0515866715973,-201.0515866715973,0.0918043774756152,1150.3351138485907,0.5769969762549569,auto loans,36,0.6170715527489443,22956,car,24596.137964330774,1
name154,39,ausbildung,1,0,Unemployed_MediumSkilled,IT Support,819,819.4915090750283,-0.4915090750282616,0.0006001331807426882,432.53702026341625,0.3720140083664422,auto loans,36,0.5287283630506038,41990,car,44522.309250222075,1
name155,51,post graduate degree,0,0,HighSkilled,Consultant,15782,9021.307867745933,6760.6921322540675,0.0,13870.554129492595,0.7739567247235655,auto loans,48,0.45050449862112074,55866,house,103938.93862428036,0
name156,32,ausbildung,0,0,Unemployed_MediumSkilled,Artist,646,753.4864776380015,-107.48647763800147,0.16638773628173603,335.15106046478746,0.3359218401013284,mortgages,36,0.685197427403698,24484,car,27212.696130043772,1
name157,60,ausbildung,1,1,MediumSkilled,Electrician,9891,13230.157049327994,-3339.157049327994,0.3375954958374274,3227.455318734665,0.704047897805895,auto loans,60,0.6638977219758021,0,none,17466.17787271786,1
name158,63,ausbildung,1,0,MediumSkilled,Nursing,10000,6177.113858817459,3822.886141182541,0.0,4159.804420174693,0.4760220679094872,auto loans,36,0.03369182789921524,30459,car,58422.238209891395,0
name159,63,bachelor degree,2,1,HighSkilled,Consultant,19838,19430.031693657667,407.96830634233265,0.0,16769.733753871133,0.4033665433307289,simple loans,36,0.824768900470249,66752,house,79468.9111473682,1
name160,56,ausbildung,2,0,MediumSkilled,Electrician,9530,8924.71691858647,605.2830814135305,0.0,2269.636957583092,0.41118819219262276,mortgages,12,0.17464363863269275,0,none,20788.51512307206,1
name161,48,high school or lower,1,0,LowSkilled,Construction,3180,3791.250045169814,-611.2500451698138,0.19221699533641942,1488.494554347788,0.2565719472676672,simple loans,24,0.6602970438734597,7406,liquid assets,10261.31901118784,1
name162,51,bachelor degree,1,1,HighSkilled,Engineering,15660,13750.316341734311,1909.6836582656888,0.0,12391.40341465662,0.864546937828184,simple loans,24,0.6693307634987823,16014,liquid assets,54256.70521708714,1
name163,55,high school or lower,0,2,LowSkilled,Agriculture,4699,3745.0964845702215,953.9035154297785,0.0,1371.6129619819094,0.9667582557174398,auto loans,24,0.0888932637906216,23309,car,34044.812719409616,1
name164,56,post graduate degree,0,3,HighSkilled,Consultant,19077,18148.171504307047,928.8284956929529,0.0,4472.271997781119,0.5421988862959319,mortgages,24,0.18574427331803567,0,none,51085.353514304465,0
name165,64,post graduate degree,0,0,HighSkilled,Engineering,19859,18090.455731683553,1768.5442683164474,0.0,7820.781911186029,0.45444946430714783,auto loans,24,0.30476044326852214,53318,house,111052.56215964163,0
name166,31,post graduate degree,1,1,HighSkilled,Doctor,1940,955.2961189227236,984.7038810772764,0.0,1288.809033825647,0.25421418759347225,auto loans,24,0.15675523337544878,64005,house,56278.522369923165,1
name167,44,post graduate degree,1,0,Unemployed_HighSkilled,Engineering,2964,3863.120688961738,-899.1206889617379,0.3033470610532179,2436.863875775401,0.8060626175852912,auto loans,12,1.1255008652959309,13748,liquid assets,20366.99733634376,0
name168,58,ausbildung,1,0,MediumSkilled,Teacher,9776,4647.476802039628,5128.523197960372,0.0,3167.688638259717,0.442704390961665,mortgages,24,0.0,38001,car,66622.51702516702,0
name169,42,high school or lower,0,0,LowSkilled,Transportation,1513,710.7390862576684,802.2609137423316,0.0,1397.9705277378887,0.6922563089145828,auto loans,12,0.3937274381993107,5033,liquid assets,7420.435643898669,0
name170,63,ausbildung,0,0,MediumSkilled,Teacher,9916,8214.80481916352,1701.1951808364793,0.0,6260.018073831306,0.7466136876944744,mortgages,48,0.4597441400761221,0,none,22050.468454591493,1
name171,60,ausbildung,0,0,MediumSkilled,Teacher,9895,11509.138198467364,-1614.1381984673644,0.1631266496682531,3100.812006981918,0.41268763749529536,auto loans,24,0.4764982521929543,33570,car,57253.858780779025,0
name172,54,bachelor degree,0,1,HighSkilled,Research,18261,13570.711437404718,4690.288562595282,0.0,14054.158127000206,0.2448144110305079,auto loans,12,0.5127796705769084,36289,car,91151.09591999989,0
name173,35,high school or lower,1,3,LowSkilled,Transportation,1057,1351.4723149950025,-294.47231499500253,0.2785925402034083,491.66705529767177,0.5511405872441754,mortgages,24,0.7437458564736749,17384,liquid assets,18077.412606263075,1
name174,54,post graduate degree,0,1,HighSkilled,Doctor,18305,9344.166717367865,8960.833282632135,0.0,15954.486085787685,0.36305334644106746,auto loans,24,0.3820624312021606,47119,car,87059.27431514242,0
name175,31,ausbildung,2,3,MediumSkilled,Nursing,1251,851.258667608091,399.74133239190905,0.0,1206.2643557050044,0.21263436536375988,mortgages,36,0.644702656525256,26971,car,34703.25122798606,0
name176,43,high school or lower,1,0,LowSkilled,Construction,1707,2002.7179898077254,-295.7179898077254,0.17323842402327205,1541.0302400502987,0.7621772689542483,auto loans,48,1.0760095078254388,19004,liquid assets,19683.648721279103,1
name177,38,ausbildung,1,0,MediumSkilled,Nursing,1551,1423.463295678792,127.53670432120794,0.0,1045.278777900913,0.2836869508494862,auto loans,24,0.5917099120436525,40420,car,47242.46809908807,0
name178,44,high school or lower,1,0,LowSkilled,Transportation,1922,1500.3891320981813,421.61086790181866,0.0,1629.9450627959566,0.9747888582683175,simple loans,48,0.628685845418386,24757,car,25593.38226715167,1
name179,46,high school or lower,0,0,LowSkilled,Manufacturing,2520,1376.6476240111601,1143.3523759888399,0.0,2321.445645256018,0.2667832358308883,mortgages,24,0.46749732907427705,0,none,5404.070784398905,0
name180,38,post graduate degree,1,0,HighSkilled,Finance,2441,2589.4546660606306,-148.45466606063064,0.06081715119239273,1192.4765724525184,0.7174164054424184,auto loans,60,0.5493368449459849,68201,house,65949.21153939397,1
name181,59,post graduate degree,0,0,HighSkilled,Doctor,19727,8457.30354180222,11269.69645819778,0.0,16461.699719435837,0.4118533952312715,auto loans,36,0.26319274401774506,35718,car,82368.79286945815,0
name182,37,high school or lower,0,0,LowSkilled,Construction,1110,1312.8608534888642,-202.86085348886422,0.18275752566564343,271.9533849275686,0.3691444327056217,mortgages,36,0.4277605751499395,0,none,1669.2347919701288,1
name183,57,bachelor degree,0,1,Unemployed_HighSkilled,Engineering,9661,8692.126025420437,968.8739745795629,0.0,2472.109234524402,0.7657267317739656,simple loans,60,0.15559830865798976,23929,car,50514.44156830811,0
name184,37,bachelor degree,1,0,HighSkilled,Doctor,2101,2278.5499524448205,-177.54995244482052,0.08450735480476941,677.853860474397,0.20542496136579158,mortgages,12,0.4071412722128594,69993,house,85116.95377237257,1
name185,33,ausbildung,1,0,MediumSkilled,Teacher,1231,520.5718414137584,710.4281585862416,0.0,1182.3458491425033,0.6197044845467703,auto loans,24,0.3833612433438357,12675,liquid assets,15610.930066453153,0
name186,30,high school or lower,0,1,LowSkilled,Cleaning Services,1000,991.5009506298579,8.499049370142075,0.0,368.90557459054645,0.564130310250993,mortgages,48,0.3604065252204044,0,none,1863.9272800751714,0
name187,61,ausbildung,0,1,MediumSkilled,Nursing,9879,13976.553431380404,-4097.553431380404,0.41477410986743635,7700.414408102107,0.4400071584163242,auto loans,12,1.1942471747628818,0,none,14303.345119433066,0
name188,42,ausbildung,1,0,Unemployed_MediumSkilled,Teacher,1176,1104.8632080993996,71.13679190060043,0.0,1078.707778619486,0.5229775094349511,mortgages,12,0.856778049931025,38533,car,36396.19523250238,0
name189,33,ausbildung,1,1,MediumSkilled,Nursing,1262,1421.8237701418097,-159.82377014180975,0.12664324099984925,806.6996958640431,0.7965465765632529,auto loans,60,0.7658664548382352,26990,car,28954.921486751915,1
name190,40,post graduate degree,0,1,HighSkilled,Finance,2947,2047.9398124758243,899.0601875241757,0.0,1750.9584850460715,0.7979306302409652,auto loans,24,0.28907305650556353,20643,car,25142.087640156664,0
name191,62,post graduate degree,0,0,HighSkilled,Engineering,19836,14821.27070639956,5014.72929360044,0.0,13815.775875546473,0.7086982750499351,auto loans,24,0.44369059195130234,0,none,61200.00721152943,0
name192,36,high school or lower,1,1,LowSkilled,Manufacturing,1069,886.8098288258557,182.19017117414433,0.0,321.00307204199527,0.3551675076976512,simple loans,36,0.12985304103634326,8970,liquid assets,11803.784250962643,1
name193,32,bachelor degree,0,2,HighSkilled,Research,1814,2014.4566756740123,-200.45667567401233,0.11050533388865068,803.5400681699294,0.3105187396995217,mortgages,24,0.5534711928577408,50272,house,42460.60075008662,0
name194,39,high school or lower,0,0,LowSkilled,Construction,1200,1004.5885655841167,195.41143441588326,0.0,543.6169027019337,0.2339888595494087,auto loans,48,0.29017122357170866,0,none,2215.4283384274313,0
name195,40,ausbildung,0,0,MediumSkilled,Nursing,1861,2209.821894154419,-348.82189415441917,0.1874378797175815,1767.1313346931029,0.32397638092987746,simple loans,24,1.1369979735881366,0,none,3613.868543364438,0
name196,32,ausbildung,0,2,MediumSkilled,Artist,1288,1377.0915909345808,-89.09159093458084,0.06917048985604102,1046.638340885295,0.2714240472495743,mortgages,36,0.88177789737568,24411,car,28404.627824713472,0
name197,33,high school or lower,0,0,Unemployed_LowSkilled,Agriculture,509,308.7710357441964,200.2289642558036,0.0,386.76221002591257,0.2987375893455904,auto loans,24,0.3664700309825324,0,none,1066.8610138517593,0
name198,34,high school or lower,1,0,LowSkilled,Agriculture,1038,826.2218768491674,211.77812315083258,0.0,626.6188004169187,0.9536607179321183,simple loans,24,0.3996538316628961,14473,liquid assets,18323.920773430793,0
name199,30,high school or lower,1,0,LowSkilled,Manufacturing,1000,689.0292464721948,310.9707535278052,0.0,684.1102197516678,0.2728183637285213,auto loans,48,0.3731394662238627,0,none,1886.8790738887603,0
name200,43,bachelor degree,1,1,HighSkilled,Consultant,4793,4820.508570330293,-27.50857033029297,0.005739321996722922,2213.5889834380864,0.9848339957723982,auto loans,60,0.46757720712880857,38371,car,48153.022952658124,0
name201,56,ausbildung,0,1,Unemployed_MediumSkilled,IT Support,4773,4551.855438497401,221.14456150259866,0.0,1079.7807973399829,0.9121277518106893,auto loans,24,0.17989445544466462,32569,car,34366.27655799638,1
name202,50,high school or lower,1,0,LowSkilled,Agriculture,3796,1464.9511182736546,2331.0488817263454,0.0,2976.927692407111,0.270751038998589,auto loans,60,0.17014721040062317,12023,liquid assets,21830.2938817485,1
name203,55,high school or lower,1,1,LowSkilled,Manufacturing,4702,4784.020268014542,-82.02026801454213,0.017443698003943454,2183.1588685210113,0.7903854875477169,auto loans,24,0.4817480086209174,21954,car,29270.135690030216,1
name204,46,high school or lower,0,0,LowSkilled,Transportation,2501,1248.4377694847171,1252.5622305152829,0.0,536.1471480743377,0.6158003119036427,auto loans,48,0.0,0,none,4488.269517021675,0
name205,64,bachelor degree,1,1,HighSkilled,Engineering,19876,12057.633918289897,7818.366081710103,0.0,4537.2499586099575,0.4688886804953225,simple loans,24,0.0,0,none,54380.24365356364,1
name206,59,high school or lower,0,0,LowSkilled,Construction,4948,5056.761919704306,-108.76191970430591,0.02198098619731324,2030.7614013048678,0.7742374286551064,simple loans,24,0.4324016412710537,17894,liquid assets,24871.002448774558,0
name207,34,ausbildung,1,0,MediumSkilled,Electrician,1281,626.191260636854,654.808739363146,0.0,290.8611729280388,0.9482818471572475,auto loans,24,0.0,12386,liquid assets,15065.587920544895,1
name208,63,post graduate degree,1,0,HighSkilled,Consultant,19893,14989.247599717486,4903.752400282514,0.0,17997.73638676861,0.22339869916723265,mortgages,48,0.6582206799621021,30764,car,80353.09613557156,0
name209,57,ausbildung,0,1,MediumSkilled,IT Support,9653,10469.644786757404,-816.6447867574043,0.08460010222287416,8086.20577761979,0.4699131606492333,auto loans,12,0.9222884662153935,17050,liquid assets,38312.64519087033,0
name210,56,post graduate degree,0,0,HighSkilled,Engineering,19019,11016.070762522188,8002.929237477812,0.0,17640.7128953403,0.7264444188373209,auto loans,48,0.5067450264400067,46508,car,109237.65620038712,1
name211,62,bachelor degree,0,3,HighSkilled,Engineering,19900,20843.695748229893,-943.6957482298931,0.04742189689597453,11956.35040349921,0.6328654250555701,mortgages,24,0.6482435252125177,64748,house,122151.2171804528,0
name212,49,bachelor degree,0,0,HighSkilled,Consultant,13144,9834.817514451379,3309.182485548621,0.0,10168.660862156676,0.402237612091684,auto loans,12,0.5218714528764496,37192,car,64098.04588418922,0
name213,34,high school or lower,0,0,Unemployed_LowSkilled,Transportation,509,397.20164138044004,111.79835861955996,0.0,465.54473019391645,0.8476178407606918,mortgages,12,0.6949830482796787,0,none,861.5097019677868,1
name214,63,ausbildung,0,1,MediumSkilled,Teacher,9968,10489.327430270498,-521.3274302704976,0.052300103357794704,9409.865425478469,0.5013979071288603,auto loans,36,0.9963074694772237,10303,liquid assets,32221.776919498676,1
name215,43,bachelor degree,0,1,Unemployed_HighSkilled,Consultant,2383,2471.609429385082,-88.60942938508197,0.037183982117113705,2260.8149264392828,0.5359390792937806,auto loans,24,0.9859103465482018,30497,car,40030.592219961196,0
name216,35,high school or lower,0,0,LowSkilled,Cleaning Services,1068,519.2017974788564,548.7982025211436,0.0,488.68479691364735,0.5229381909625104,mortgages,60,0.0,22519,car,23332.76908374666,1
name217,43,ausbildung,3,0,MediumSkilled,Teacher,2774,1843.1408887200596,930.8591112799404,0.0,1299.0451027699535,0.9594326815294456,simple loans,24,0.13272746629055987,20587,car,28012.08630791532,1
name218,60,ausbildung,0,0,MediumSkilled,IT Support,9891,6023.990179877691,3867.009820122309,0.0,3872.12063128893,0.9212599090243114,auto loans,36,0.0005167132915398651,0,none,22367.498886420886,0
name219,48,ausbildung,0,2,MediumSkilled,Electrician,5968,7305.676505064161,-1337.6765050641607,0.2241415055402414,4391.183966998214,0.6968858824509404,mortgages,12,0.9599297037638027,20702,car,36417.080954690835,0
name220,55,ausbildung,1,3,MediumSkilled,Electrician,9349,9751.205707266745,-402.20570726674487,0.043021254387286864,6804.788766886701,0.5902279843868907,auto loans,12,0.7708839955239539,45847,car,78369.71999455139,1
name221,62,high school or lower,1,1,LowSkilled,Agriculture,4988,2748.342188814271,2239.657811185729,0.0,1428.3097392204436,0.3352594593513762,auto loans,24,0.0,0,none,8929.378628185197,1
name222,47,high school or lower,1,1,LowSkilled,Manufacturing,2824,2185.4724464106707,638.5275535893293,0.0,2223.4729871979875,0.7980981433114687,auto loans,24,0.5612413008529243,17360,liquid assets,22830.31013046867,0
name223,55,post graduate degree,0,0,HighSkilled,Consultant,18561,20315.108626658282,-1754.1086266582824,0.09450507120620023,10965.244774823675,0.7118153900000281,auto loans,12,0.6852730672637227,53327,house,81747.03965109956,0
name224,35,ausbildung,0,0,MediumSkilled,Nursing,1340,1819.9871707477614,-479.9871707477614,0.35819938115504585,681.7415778227617,0.5236209650862411,simple loans,24,0.8669617526645694,33741,car,30659.541666548415,0
name225,44,bachelor degree,0,0,HighSkilled,Finance,5883,4707.113903620362,1175.8860963796378,0.0,4018.1090646315547,0.9485368440418925,auto loans,60,0.48312476087912914,63447,house,94772.41714384979,0
name226,35,post graduate degree,0,0,HighSkilled,Finance,1892,2214.6061522490736,-322.6061522490736,0.17051065129443638,1550.2002128191325,0.6761340257185255,auto loans,36,0.9898553726576143,49728,car,54889.24457946812,0
name227,36,bachelor degree,0,0,HighSkilled,Research,1896,1365.4450618397545,530.5549381602455,0.0,1100.4625561968828,0.45182175032199506,simple loans,48,0.30058418672818427,39911,car,46217.0479815634,0
name228,55,ausbildung,1,0,MediumSkilled,IT Support,9406,9486.821564010748,-80.82156401074826,0.008592554115537769,4944.086555857925,0.8358741809612942,mortgages,36,0.5342236997521448,28554,car,50082.959389845026,1
name229,46,high school or lower,0,2,LowSkilled,Agriculture,2491,1741.3633875348423,749.6366124651577,0.0,2155.805502358286,0.7484225300738572,mortgages,12,0.5644997550755232,16065,liquid assets,22360.976536652506,1
name230,45,post graduate degree,0,0,Unemployed_HighSkilled,Engineering,3478,2618.77850888333,859.2214911166702,0.0,3408.557343323855,0.32882247903598566,mortgages,48,0.7329890316869422,66326,house,74251.86982588677,0
name231,59,bachelor degree,0,1,HighSkilled,Engineering,19627,20031.245353027138,-404.24535302713775,0.02059639033103061,4707.390502581674,0.3876339539540594,simple loans,48,0.26043897975283087,30246,car,82634.43129530497,0
name232,48,post graduate degree,1,0,Unemployed_HighSkilled,Research,5804,6709.066533941499,-905.0665339414991,0.15593841039653672,5750.655822961356,0.3831692256632865,auto loans,12,1.1467474770680315,74912,house,78935.85493895621,1
name233,31,high school or lower,0,0,LowSkilled,Cleaning Services,1009,1250.873019254366,-241.873019254366,0.2397155790429792,879.5533437571017,0.8735753938499429,auto loans,48,1.1114235510519999,0,none,1593.4201932473156,0
name234,43,post graduate degree,0,1,HighSkilled,Research,4845,4125.204202766852,719.7957972331478,0.0,2513.398853012875,0.7240217012315151,auto loans,12,0.37019670913926256,77078,house,89827.8646789442,0
name235,61,ausbildung,0,2,MediumSkilled,Teacher,9995,10723.154366098071,-728.1543660980715,0.07285186254107769,2909.587323879097,0.7497034068600035,auto loans,36,0.36395614707125246,0,none,21266.84862703834,0
name236,65,ausbildung,0,1,MediumSkilled,Teacher,9946,5844.376417758603,4101.623582241397,0.0,2942.8099838770486,0.7954310160097238,auto loans,60,0.0,41733,car,64414.53475598318,0
name237,39,bachelor degree,1,0,HighSkilled,Doctor,2526,1178.175624174809,1347.824375825191,0.0,854.3893900764656,0.3668958599778135,auto loans,24,0.0,48858,car,62737.918845622655,0
name238,58,ausbildung,0,1,MediumSkilled,Nursing,9700,10004.40524529516,-304.40524529516006,0.03138198405104743,4583.534447714402,0.5668062364188988,simple loans,24,0.5039113085576867,40580,car,56250.060040041586,0
name239,59,high school or lower,2,1,LowSkilled,Transportation,4940,4748.472728181642,191.5272718183578,0.0,4154.584405466666,0.5317954613689322,simple loans,12,0.8022382861636251,18499,liquid assets,21997.046914929404,1
name240,55,high school or lower,0,1,LowSkilled,Construction,4712,5006.004420708774,-294.004420708774,0.06239482612664982,1867.3071956339472,0.9048066392941745,simple loans,24,0.4586824313121225,8639,liquid assets,16758.82336414094,1
name241,65,high school or lower,0,2,LowSkilled,Cleaning Services,4967,3660.3494673714586,1306.6505326285414,0.0,4201.601365378221,0.6588012395603033,auto loans,60,0.582836890024095,23508,car,30192.586613923217,1
name242,41,post graduate degree,0,1,HighSkilled,Research,3378,2736.5216404352504,641.4783595647496,0.0,1395.8118016696526,0.27676681471736675,auto loans,48,0.22330770932649588,79566,house,88978.79115315324,0
name243,52,bachelor degree,0,0,HighSkilled,Finance,16699,14520.78003409422,2178.2199659057806,0.0,7834.176462303105,0.44746252913985657,auto loans,48,0.33870031118015,21285,car,64892.09600133685,0
name244,59,ausbildung,1,1,MediumSkilled,Electrician,9839,9574.823983661354,264.17601633864615,0.0,2479.042838235931,0.33196915997468923,mortgages,24,0.22511096878720244,0,none,21648.55584073904,0
name245,49,ausbildung,0,0,MediumSkilled,IT Support,6691,6231.276802004548,459.7231979954522,0.0,2916.24408817269,0.5345751937887195,auto loans,24,0.3671380795362783,36826,car,58871.775020485715,0
name246,55,high school or lower,0,0,LowSkilled,Transportation,4701,2351.3530570310213,2349.6469429689787,0.0,1256.6505482767911,0.582769768861177,mortgages,48,0.0,0,none,9006.27821342574,0
name247,49,ausbildung,1,1,MediumSkilled,Nursing,6725,4645.1766496993205,2079.8233503006795,0.0,5977.761155549316,0.32353393574005634,auto loans,24,0.5796190044979385,0,none,17789.57274126624,0
name248,57,high school or lower,1,3,LowSkilled,Agriculture,4867,5043.815256774205,-176.8152567742054,0.0363294137608805,3018.663662538709,0.9635852180848881,mortgages,36,0.6565602875103584,21013,car,27025.157413776167,0
name249,36,ausbildung,0,0,MediumSkilled,Nursing,1342,1300.6126975228422,41.387302477157846,0.0,554.1948122956067,0.6177450010355982,simple loans,48,0.3821218404012286,0,none,2405.447384745397,0
name250,41,bachelor degree,0,1,HighSkilled,Finance,3464,4336.5014351274485,-872.5014351274485,0.2518768577157761,1557.7065495522609,0.8531620890212996,mortgages,48,0.701561196501071,20606,car,24939.483019074552,1
name251,61,bachelor degree,1,0,HighSkilled,Finance,19846,10435.280081609011,9410.719918390989,0.0,17311.839637200166,0.9643902262608944,simple loans,60,0.3981215216572195,43355,car,91342.87184488593,0
name252,37,ausbildung,3,2,MediumSkilled,Electrician,1420,1751.2844313453836,-331.2844313453836,0.23329889531365042,926.2405083164504,0.9744295174533312,mortgages,36,0.8855809434238268,20805,car,23104.75984352593,1
name253,42,high school or lower,0,1,LowSkilled,Transportation,1538,1349.0388494322804,188.96115056771964,0.0,334.1434067416062,0.9594684436785376,mortgages,12,0.09439678554869088,20603,car,24249.559506121524,0
name254,49,bachelor degree,0,0,HighSkilled,Engineering,13054,7331.6407162728665,5722.3592837271335,0.0,6876.356627204254,0.4498918915886927,auto loans,36,0.08840181886602734,26615,car,68374.19914823113,0
name255,55,bachelor degree,0,0,HighSkilled,Engineering,18572,13966.636300658216,4605.363699341784,0.0,9749.950985390404,0.5204703015258421,auto loans,36,0.27700771516522826,18989,liquid assets,69266.60643841857,0
name256,37,bachelor degree,1,0,HighSkilled,Engineering,2113,1364.3481079629275,748.6518920370725,0.0,1098.6822351389794,0.414023197743874,mortgages,24,0.16565562853852672,61816,house,69323.93477875357,1
name257,38,ausbildung,2,1,MediumSkilled,Electrician,1500,1312.9680732150878,187.03192678491223,0.0,344.02304423796903,0.6578113163984147,auto loans,36,0.10466074496870453,38088,car,39874.320237698084,1
name258,39,high school or lower,0,1,LowSkilled,Agriculture,1217,1088.1981561389828,128.80184386101723,0.0,998.42278647995,0.2187123569249009,simple loans,36,0.7145611689555733,13205,liquid assets,15956.182116243288,1
name259,50,ausbildung,1,3,MediumSkilled,Artist,7350,7427.869562124789,-77.8695621247889,0.0105944982482706,4966.867877738611,0.5763563420229992,auto loans,36,0.6863588353555646,42194,car,50432.97562874277,0
name260,50,high school or lower,1,0,LowSkilled,Cleaning Services,3851,2565.815015103433,1285.1849848965671,0.0,2080.506933437829,0.7408996681670357,auto loans,48,0.206523487027074,19542,liquid assets,28694.017341018018,0
name261,45,post graduate degree,0,1,HighSkilled,Research,7123,7660.212707541031,-537.2127075410308,0.07541944511315889,1634.491136562302,0.9793301416042962,mortgages,60,0.30488612159249373,68603,house,103398.83401488568,0
name262,36,high school or lower,2,0,LowSkilled,Agriculture,1077,1472.9042019609649,-395.9042019609649,0.3675990733156591,471.05856097499105,0.4621720964565409,simple loans,24,0.8049793527724752,0,none,1350.7506551701888,1
name263,57,high school or lower,1,2,LowSkilled,Transportation,4832,3389.435400039397,1442.5645999606031,0.0,2159.112073873636,0.5256564137069986,auto loans,36,0.14829210966743228,24574,car,32890.982143020134,0
name264,44,ausbildung,0,1,MediumSkilled,Nursing,3219,2074.8338044949687,1144.1661955050313,0.0,1951.1382746019456,0.410172278949731,mortgages,48,0.25069030105527007,18004,liquid assets,24386.23255507607,0
name265,38,high school or lower,1,0,LowSkilled,Manufacturing,1142,1070.8600842473534,71.13991575264663,0.0,782.288281212495,0.7426766116268135,simple loans,24,0.6227218611732472,7577,liquid assets,8294.395023152663,1
name266,59,high school or lower,0,3,LowSkilled,Construction,4917,4149.466857490681,767.5331425093191,0.0,3785.2834692275696,0.7120591855321305,simple loans,48,0.6137381181041794,8212,liquid assets,13592.544677878106,0
name267,59,post graduate degree,0,1,HighSkilled,Finance,19578,13664.42474924553,5913.575250754469,0.0,5991.139944633677,0.4007809982178693,simple loans,24,0.003961829292022059,30216,car,95215.61938144546,0
name268,56,bachelor degree,0,1,HighSkilled,Consultant,18945,18496.205041830544,448.79495816945564,0.0,8743.615020043633,0.27067105606126785,auto loans,60,0.43783689954469135,56999,house,94262.25694136012,0
name269,52,bachelor degree,1,0,HighSkilled,Engineering,16727,14542.692393423478,2184.3076065765217,0.0,12791.20849412615,0.2189615218908406,mortgages,48,0.6341185441232515,48606,car,92444.56146438826,0
name270,30,high school or lower,0,1,LowSkilled,Manufacturing,1025,851.5656869209319,173.43431307906815,0.0,1011.4047564373258,0.27277808601949805,mortgages,48,0.8175321398617148,19850,liquid assets,19628.68543087238,0
name271,33,post graduate degree,1,0,HighSkilled,Engineering,1697,998.7811638975564,698.2188361024436,0.0,342.4881651024139,0.7315039063796376,auto loans,12,0.0,39848,car,49246.62829013323,0
name272,54,post graduate degree,0,0,HighSkilled,Research,18220,15625.173872661186,2594.8261273388143,0.0,4464.056692317607,0.504561844826532,auto loans,24,0.10259223737534535,66660,house,121352.5791428629,0
name273,46,ausbildung,0,0,MediumSkilled,Nursing,4549,4204.010952384957,344.9890476150431,0.0,1994.1431008994143,0.9145240526516643,auto loans,24,0.3625311174509499,0,none,8509.563585499252,0
name274,60,ausbildung,0,0,MediumSkilled,Teacher,9857,10146.390826418547,-289.39082641854657,0.02935891512818774,4332.45877258329,0.6245187446923587,simple loans,12,0.4688900881608843,27517,car,49317.23803358746,0
name275,65,post graduate degree,0,0,HighSkilled,Doctor,19990,10767.361602963705,9222.638397036295,0.0,11045.754619271273,0.5985344460587197,mortgages,48,0.09120141181765772,27897,car,81797.7687341819,0
name276,32,high school or lower,0,0,LowSkilled,Construction,1011,747.8704040420915,263.12959595790846,0.0,796.0534397802879,0.30580660107251023,simple loans,12,0.5271254637214436,23343,car,21068.640174360564,1
name277,65,post graduate degree,1,0,HighSkilled,Research,19842,21477.970383859134,-1635.970383859134,0.08244987319116692,19580.969242357925,0.6731516862094736,simple loans,24,1.0692944071271575,39993,car,84995.43926149976,1
name278,30,high school or lower,0,2,LowSkilled,Agriculture,1004,972.4844189171992,31.51558108280085,0.0,861.5771657331338,0.8593819028667112,mortgages,24,0.8267545663847938,0,none,1850.8201384085105,0
name279,47,ausbildung,0,1,MediumSkilled,Electrician,5176,4794.291064866695,381.7089351333052,0.0,1129.174044961949,0.8220158778838701,auto loans,24,0.14440979710754323,17282,liquid assets,27904.188062368128,0
name280,31,bachelor degree,0,2,HighSkilled,Doctor,1964,1694.7731659627204,269.22683403727956,0.0,1423.4885089187187,0.24890750919545931,auto loans,36,0.5877096104284313,61795,house,69022.44278881192,0
name281,36,post graduate degree,0,0,HighSkilled,Engineering,1977,1833.0008304866228,143.99916951337718,0.0,1096.4600736019831,0.31948020841929364,auto loans,36,0.4817708164332858,27398,car,29397.95738866433,0
name282,53,bachelor degree,0,0,HighSkilled,Doctor,17582,12043.913389368336,5538.086610631664,0.0,13620.00528578633,0.8622677796576081,auto loans,48,0.45967004181291465,22194,car,69431.89385999,0
name283,56,high school or lower,0,0,LowSkilled,Agriculture,4793,2946.644223456603,1846.355776543397,0.0,2370.0800243297363,0.37525144149509093,auto loans,36,0.10926856828423517,13281,liquid assets,24206.075132908223,0
name284,43,ausbildung,1,2,MediumSkilled,Nursing,2715,3108.1602917395253,-393.1602917395253,0.1448104205302119,1024.6963128359832,0.5292980235683957,simple loans,24,0.5222307935821394,39637,car,44350.748200166076,1
name285,33,high school or lower,2,0,Unemployed_LowSkilled,Manufacturing,524,307.43139439197,216.56860560803,0.0,335.3518418096581,0.42709927296037736,auto loans,24,0.2266855652702826,14928,liquid assets,18229.09854883898,1
name286,53,bachelor degree,0,1,HighSkilled,Engineering,17551,10118.481958783828,7432.518041216172,0.0,15364.021877508349,0.651484648977752,simple loans,36,0.4519117905698921,18196,liquid assets,55174.76118236345,0
name287,34,post graduate degree,0,0,HighSkilled,Finance,1797,1044.8003120363996,752.1996879636004,0.0,1523.3641893180304,0.3614992507446431,auto loans,12,0.42913995623507517,40907,car,44760.70104024208,0
name288,64,ausbildung,0,1,MediumSkilled,IT Support,9952,8488.527554237526,1463.4724457624743,0.0,8379.01007108323,0.4446657612187318,auto loans,60,0.6948892308401081,12935,liquid assets,34936.98803489855,0
name289,44,high school or lower,0,1,LowSkilled,Agriculture,1949,1457.4963023089085,491.5036976910915,0.0,900.2249048813502,0.3307179814809956,auto loans,12,0.20970816171896292,0,none,2797.411610370277,1
name290,60,bachelor degree,0,0,HighSkilled,Engineering,19852,11376.1552302106,8475.8447697894,0.0,18903.574114575433,0.8905762719953784,mortgages,36,0.5252734910732436,18479,liquid assets,82775.46937111924,0
name291,44,high school or lower,3,1,LowSkilled,Cleaning Services,1899,1903.3907573052245,-4.390757305224497,0.0023121418142309095,1036.7558514184714,0.7211225533074771,mortgages,24,0.5482604574637683,11950,liquid assets,15732.941101973816,1
name292,59,high school or lower,1,0,LowSkilled,Agriculture,4958,2403.2258679262864,2554.7741320737136,0.0,3021.8987141905723,0.4124951638511573,auto loans,48,0.09421633362582868,16328,liquid assets,29480.85763329085,0
name293,53,ausbildung,1,1,MediumSkilled,IT Support,8961,6372.8732785646525,2588.1267214353475,0.0,7365.8425147910275,0.9421175080435583,auto loans,36,0.5331677037557951,16482,liquid assets,37670.852739881404,1
name294,40,bachelor degree,0,0,HighSkilled,Finance,2911,1223.871815477489,1687.128184522511,0.0,1448.890127362223,0.4150322070470183,simple loans,12,0.0,79977,house,78436.88497955615,0
name295,62,bachelor degree,1,1,HighSkilled,Research,19819,18799.67722007383,1019.3227799261695,0.0,10966.940376275386,0.8732923480602953,auto loans,24,0.5019232855517037,30316,car,68784.78943257571,0
name296,35,high school or lower,0,1,LowSkilled,Transportation,1063,1065.548665183623,-2.5486651836229157,0.0023976154126273902,766.6166605714803,0.8394261445091026,simple loans,12,0.7235797984525901,5898,liquid assets,7665.922802865095,0
name297,63,bachelor degree,1,0,HighSkilled,Engineering,19873,20184.779115668684,-311.7791156686835,0.015688578255355686,13112.910131061197,0.44221008189579286,auto loans,24,0.6755240399904333,41426,car,91300.71056492288,0
name298,57,ausbildung,0,1,MediumSkilled,Teacher,9682,12365.328861612259,-2683.328861612259,0.2771461331968869,1951.6252657067942,0.2666213171419333,auto loans,48,0.4787186663209103,28702,car,46871.23054363162,1
name299,35,ausbildung,0,0,MediumSkilled,Electrician,1369,1423.9571514951438,-54.95715149514376,0.04014401131858566,1246.8685767523225,0.7648520263918003,mortgages,12,0.9509318686979301,38482,car,38862.034380386685,0
name300,31,high school or lower,1,1,LowSkilled,Agriculture,1003,560.0456009068926,442.95439909310744,0.0,405.2261508305847,0.9442136234269516,simple loans,24,0.0,21493,car,21981.116190532204,1
name301,45,high school or lower,0,0,Unemployed_LowSkilled,Manufacturing,1085,862.7828720647263,222.21712793527365,0.0,852.0790894312157,0.28256853552951855,simple loans,48,0.5805179368626194,0,none,1659.1235451799632,0
name302,31,bachelor degree,0,1,HighSkilled,Engineering,1739,1860.4118602770081,-121.41186027700815,0.06981705593847506,1538.0706909315993,0.6085191405207359,auto loans,24,0.9542740374977616,0,none,3196.8229085748812,0
name303,60,high school or lower,0,0,LowSkilled,Transportation,4975,3920.540409177425,1054.4595908225751,0.0,2335.70340970402,0.26042428555909325,mortgages,12,0.2575364460063206,8253,liquid assets,16172.201722386477,0
name304,46,ausbildung,1,0,MediumSkilled,IT Support,4514,4897.996316639651,-383.996316639651,0.08506785924671045,4337.332096903095,0.5557352537054592,mortgages,48,1.0459300871827084,10479,liquid assets,17545.670535134286,1
name305,36,ausbildung,0,0,MediumSkilled,Nursing,1342,862.043117457651,479.95688254234904,0.0,1083.4062258641538,0.30067258014145964,mortgages,36,0.44966419025469806,14228,liquid assets,18471.27495897579,0
name306,47,bachelor degree,1,0,Unemployed_HighSkilled,Research,4939,4433.0466550337205,505.9533449662795,0.0,2990.3846231635193,0.44743954404083414,auto loans,12,0.5030231379220975,10892,liquid assets,26483.728753187483,1
name307,35,bachelor degree,0,1,HighSkilled,Research,1858,1631.0528749069904,226.94712509300962,0.0,516.7540253846186,0.6163444804458161,mortgages,24,0.1559778795972061,55016,house,66380.26655802356,0
name308,56,bachelor degree,2,0,HighSkilled,Engineering,19080,17540.767255965096,1539.2327440349036,0.0,13184.713001598166,0.7165022206668324,simple loans,24,0.6103501183209257,60289,house,116704.33133394911,0
name309,30,ausbildung,1,2,MediumSkilled,Teacher,1251,1370.7880833686947,-119.78808336869474,0.09575386360407254,929.0029214651709,0.8400081600256938,auto loans,48,0.8383621141757519,23944,car,26380.278210160533,1
name310,39,high school or lower,0,2,LowSkilled,Manufacturing,1251,1420.4061298078034,-169.40612980780338,0.13541657058977088,902.2310656654557,0.5944353456628122,simple loans,24,0.8566244568131567,10382,liquid assets,12629.107983233986,1
name311,58,ausbildung,0,1,MediumSkilled,Teacher,9814,7697.924078214023,2116.075921785977,0.0,6845.8919420718275,0.628891823508747,auto loans,60,0.48194579379313746,17375,liquid assets,38972.718971521805,0
name312,38,ausbildung,1,2,MediumSkilled,Teacher,1557,1473.0240865952542,83.97591340474582,0.0,1498.8763592242922,0.47763978034402443,simple loans,24,0.9087350326394004,36711,car,37956.76307001363,0
name313,52,high school or lower,0,0,LowSkilled,Transportation,4297,3096.73011603136,1200.26988396864,0.0,1365.2564058762084,0.9292680962999185,auto loans,48,0.03839574631314136,12998,liquid assets,21492.998814355968,1
name314,37,bachelor degree,0,0,HighSkilled,Doctor,2023,1961.7476336736079,61.25236632639212,0.0,1692.3180696813135,0.2755315361650616,simple loans,36,0.8062608518808312,15663,liquid assets,21945.74841313097,0
name315,56,high school or lower,0,0,LowSkilled,Transportation,4781,4573.886971040691,207.1130289593093,0.0,2710.5045087927883,0.4366694668736585,auto loans,24,0.5236125245416187,20526,car,31457.427860170534,0
name316,37,high school or lower,2,0,LowSkilled,Transportation,1078,738.3044824210928,339.69551757890724,0.0,904.739144883887,0.932007025849773,mortgages,36,0.5241592090027641,19112,liquid assets,22883.163940419978,1
name317,64,high school or lower,0,1,LowSkilled,Agriculture,4986,5955.462577541695,-969.4625775416953,0.19443693893736366,2352.993251176567,0.7895298370469803,auto loans,24,0.6663569652463422,19381,liquid assets,28092.89426467086,0
name318,62,ausbildung,0,2,MediumSkilled,Teacher,9915,6802.077328876532,3112.922671123468,0.0,7417.3462230759005,0.778304817387182,auto loans,24,0.43413248128617576,28324,car,56986.99005430043,0
name319,63,bachelor degree,1,0,HighSkilled,Finance,19877,20803.816908413824,-926.8169084138244,0.04662760519262587,12940.914651006471,0.638207713288165,auto loans,48,0.6976772933249633,16179,liquid assets,60880.991617281004,0
name320,62,ausbildung,0,1,MediumSkilled,Electrician,9931,9176.022157029358,754.9778429706421,0.0,4702.975780458489,0.9319520249153358,auto loans,60,0.39754283934023227,10184,liquid assets,35004.929792274124,0
name321,60,post graduate degree,0,0,HighSkilled,Research,19761,8314.728522159032,11446.271477840968,0.0,15327.656390153845,0.5223252835824339,simple loans,12,0.19641642185683297,58405,house,122454.13228183452,0
name322,47,high school or lower,1,0,LowSkilled,Agriculture,2848,1884.002726117398,963.997273882602,0.0,941.4174991902886,0.5351622552855098,simple loans,48,0.0,15923,liquid assets,25694.486486748337,0
name323,65,ausbildung,0,0,MediumSkilled,Nursing,9944,12559.97222779278,-2615.9722277927794,0.26307041711512263,7909.873385640943,0.4394721213898149,simple loans,24,1.0585122298304226,0,none,18368.12858757916,0
name324,32,high school or lower,1,0,LowSkilled,Agriculture,1041,491.3929962223658,549.6070037776342,0.0,874.1379301155946,0.3835488946127198,mortgages,48,0.31174920877805995,10356,liquid assets,10958.326345667188,1
name325,50,ausbildung,0,1,MediumSkilled,Teacher,7334,5493.049136371654,1840.9508636283463,0.0,2512.817538294851,0.5601966407961383,auto loans,12,0.09160985474045608,0,none,14211.526862674044,0
name326,37,ausbildung,0,1,MediumSkilled,Nursing,1437,1606.0258316907614,-169.02583169076138,0.1176240999935709,1236.619618395245,0.9193140910531066,auto loans,24,0.9781805498162883,0,none,2803.0116375235716,0
name327,36,ausbildung,1,1,MediumSkilled,Teacher,1323,1824.9737874666175,-501.9737874666175,0.3794208522045484,936.9621949139995,0.5930474384827976,simple loans,48,1.0876311280276774,0,none,2293.486276030905,0
name328,54,bachelor degree,1,0,Unemployed_HighSkilled,Consultant,9096,11970.062517250573,-2874.0625172505734,0.31596993373467164,8313.411093406754,0.8669480197667805,mortgages,60,1.2299333345049832,65744,house,83014.21869030836,1
name329,40,high school or lower,0,0,LowSkilled,Manufacturing,1291,869.1613317528567,421.83866824714335,0.0,1008.5281306814704,0.8411353431213676,auto loans,60,0.4544457493681852,14270,liquid assets,14725.178713214178,0
name330,54,ausbildung,1,0,MediumSkilled,IT Support,9159,6070.909559226468,3088.0904407735316,0.0,7373.7173836698175,0.7480141452763773,mortgages,60,0.4679142857185595,42983,car,52283.52955612401,0
name331,65,bachelor degree,0,1,HighSkilled,Engineering,19912,11606.088872615248,8305.911127384752,0.0,11588.907805948855,0.28530045635780965,auto loans,36,0.16487528518301037,32095,car,81447.98157066821,0
name332,59,high school or lower,0,0,LowSkilled,Agriculture,4907,2600.482771950338,2306.517228049662,0.0,2916.4685698049375,0.9182810953548969,mortgages,36,0.12430229096296623,14243,liquid assets,19328.950789589664,1
name333,45,bachelor degree,1,0,HighSkilled,Engineering,7175,6840.905452463512,334.0945475364879,0.0,5090.354390653197,0.30894499656105745,auto loans,12,0.6628933579256737,58996,house,86233.481175005,0
name334,62,bachelor degree,0,0,HighSkilled,Consultant,19895,17605.94264260042,2289.057357399579,0.0,19019.062018077228,0.8868109992305474,auto loans,24,0.8409150369780171,41333,car,94052.32157450331,0
name335,36,ausbildung,2,0,MediumSkilled,Artist,1397,1021.3312218063403,375.6687781936597,0.0,282.10651274694277,0.46678673414312055,auto loans,24,0.0,16549,liquid assets,17666.541766288796,1
name336,63,post graduate degree,1,1,HighSkilled,Engineering,19793,11422.264507739676,8370.735492260324,0.0,18489.61011205664,0.3867185746486472,mortgages,48,0.511235013378281,21410,car,78585.39277700576,1
name337,38,ausbildung,1,1,MediumSkilled,IT Support,1535,1604.4091422793183,-69.4091422793183,0.04521768226665687,546.6074079296724,0.42942818662488574,mortgages,24,0.40131371349119915,30670,car,37162.94147450853,1
name338,51,high school or lower,0,0,LowSkilled,Transportation,4042,3000.4237750181987,1041.5762249818013,0.0,2096.3735278132017,0.649579437484216,mortgages,60,0.2609592535456211,16330,liquid assets,23024.66555635261,0
name339,58,ausbildung,1,0,MediumSkilled,Artist,9772,6298.704720395708,3473.295279604292,0.0,6532.777787428044,0.4936242257434946,auto loans,24,0.31308662585179614,16918,liquid assets,36708.08212470428,0
name340,31,ausbildung,0,0,Unemployed_MediumSkilled,Teacher,600,698.6898794307581,-98.68987943075808,0.1644831323845968,347.63578467439237,0.4240341119045022,mortgages,24,0.7438761068419174,0,none,1236.2586491748482,0
name341,60,ausbildung,0,0,MediumSkilled,Teacher,9850,5702.2394694570485,4147.7605305429515,0.0,5225.927273267562,0.507457777095373,simple loans,60,0.10945855256087414,0,none,21024.70339887076,0
name342,40,post graduate degree,0,0,HighSkilled,Finance,3018,1685.6313763944916,1332.3686236055084,0.0,1456.9385161155903,0.3379301015212872,auto loans,60,0.04127564364151157,72731,house,67669.4141487762,0
name343,43,bachelor degree,0,0,HighSkilled,Finance,4952,2886.2033512855214,2065.7966487144786,0.0,4595.220332066285,0.9837392772430562,mortgages,60,0.5107883043925295,57634,house,71024.10317188832,0
name344,36,bachelor degree,0,0,HighSkilled,Doctor,1992,1050.32146387441,941.67853612559,0.0,780.6591148215128,0.3571276515445927,simple loans,36,0.0,62702,house,69688.98764582988,0
name345,38,post graduate degree,0,4,HighSkilled,Doctor,2437,2890.914681050424,-453.91468105042395,0.18625961471088384,664.9453191826196,0.8892169365792938,auto loans,24,0.4591136644370306,29607,car,34267.90566362803,0
name346,41,high school or lower,2,1,LowSkilled,Agriculture,1390,1316.5948850655695,73.40511493443046,0.0,848.2705144094684,0.9201805661154504,auto loans,60,0.5574571219244877,13643,liquid assets,14587.860160228467,1
name347,47,bachelor degree,0,1,HighSkilled,Consultant,9973,10624.631398229834,-651.6313982298343,0.06533955662587329,4305.595782138486,0.23595509586195185,auto loans,24,0.4970647929778723,52036,house,72084.34061598672,1
name348,59,ausbildung,0,3,MediumSkilled,IT Support,9867,7986.459064854635,1880.5409351453654,0.0,8125.018057632079,0.7627537827296825,auto loans,36,0.6328648142785764,10090,liquid assets,29776.666876528383,0
name349,37,bachelor degree,0,3,HighSkilled,Finance,2084,2292.9141943007107,-208.91419430071073,0.10024673430936215,444.365631908043,0.7583847334011511,mortgages,24,0.31347400489863425,52779,house,49414.2623718686,0
name350,49,bachelor degree,0,0,HighSkilled,Consultant,13157,9039.444910192065,4117.555089807935,0.0,8972.239487032897,0.617505293749495,simple loans,48,0.36898110490423064,72983,house,127130.7666311669,1
name351,38,high school or lower,0,0,LowSkilled,Construction,1143,771.9386697065692,371.06133029343084,0.0,525.4207229035619,0.3570290695090094,simple loans,12,0.13504758758541652,0,none,2090.909801672083,0
name352,60,post graduate degree,0,0,HighSkilled,Finance,19730,11983.649586468093,7746.350413531907,0.0,13162.29506164611,0.8029038368573314,mortgages,24,0.2745030232191689,47870,car,110427.03883798904,0
name353,60,ausbildung,0,1,Unemployed_MediumSkilled,Electrician,4965,2182.3259306509635,2782.6740693490365,0.0,1309.8543483274532,0.7092445625306828,auto loans,60,0.0,22420,car,32973.12276673499,0
name354,45,bachelor degree,0,0,HighSkilled,Engineering,7054,3531.028441679393,3522.971558320607,0.0,3001.667688977181,0.9213524047209477,mortgages,24,0.0,52736,house,80482.40117455984,0
name355,30,post graduate degree,2,1,Unemployed_HighSkilled,Engineering,805,560.0879312515843,244.91206874841566,0.0,754.2138487970302,0.37885255547632024,auto loans,60,0.6326730186939311,22844,car,26888.740899226297,0
name356,33,high school or lower,0,1,LowSkilled,Transportation,1017,631.9223929452979,385.07760705470207,0.0,955.3268311534694,0.3842577675537456,auto loans,12,0.5607170345120622,10878,liquid assets,12145.700597996252,1
name357,33,ausbildung,2,1,MediumSkilled,Teacher,1282,654.334065908117,627.665934091883,0.0,814.8215171645039,0.4592628877162972,auto loans,12,0.14598719428441573,35100,car,40190.39046183719,0
name358,44,bachelor degree,1,0,HighSkilled,Consultant,5893,2907.6349193306737,2985.3650806693263,0.0,3957.278308720986,0.5458238236188296,auto loans,48,0.16492673138497532,42612,car,49524.73333024449,0
name359,63,ausbildung,0,1,MediumSkilled,Electrician,10000,6608.814554767615,3391.185445232385,0.0,3689.441227314586,0.7849703868367557,auto loans,60,0.029825578208220075,14045,liquid assets,36577.17044940668,0
name360,53,bachelor degree,2,1,HighSkilled,Consultant,17566,16617.460551704804,948.539448295196,0.0,13819.460562487438,0.5539964758659646,simple loans,12,0.7327178136281591,64619,house,111041.04293732552,1
name361,65,ausbildung,0,0,MediumSkilled,Electrician,9969,7316.059842758392,2652.940157241608,0.0,4145.70404561385,0.4995273968084588,simple loans,36,0.14974058464963808,0,none,25694.02358553171,1
name362,30,ausbildung,0,0,MediumSkilled,Nursing,1237,902.6815773833855,334.3184226166145,0.0,524.4531902538205,0.3476308317773871,mortgages,24,0.15370636025643167,0,none,2478.951794736549,0
name363,60,post graduate degree,0,1,HighSkilled,Doctor,19871,12102.884245682551,7768.115754317449,0.0,4681.014305343617,0.8106654658778628,auto loans,24,0.0,74378,house,140751.40830997273,0
name364,45,ausbildung,0,2,MediumSkilled,Teacher,3807,2518.8544166774645,1288.1455833225355,0.0,2749.7685775236823,0.21192305630743993,auto loans,48,0.383930389861084,36036,car,42545.288481395444,1
name365,47,bachelor degree,0,0,Unemployed_HighSkilled,Engineering,5037,4412.827586591492,624.172413408508,0.0,1501.8536735507262,0.765594660116064,auto loans,48,0.1742468255195986,16281,liquid assets,25879.797587792877,0
name366,42,post graduate degree,0,4,HighSkilled,Consultant,3950,3586.8322476769044,363.16775232309556,0.0,2205.01040203368,0.23153746966242947,auto loans,12,0.46628927840774287,10073,liquid assets,19105.466115391246,0
name367,42,ausbildung,0,3,MediumSkilled,Nursing,2405,1826.361982056999,578.6380179430009,0.0,1566.4688290809866,0.5215715413818064,auto loans,60,0.41074046201163644,12342,liquid assets,18875.881087418602,0
name368,39,ausbildung,0,0,MediumSkilled,Teacher,1573,2067.89857247661,-494.89857247660984,0.3146208343780101,535.2432297075073,0.762352517908597,simple loans,60,0.6548898933147599,38526,car,41289.636177709195,0
name369,42,post graduate degree,0,4,HighSkilled,Consultant,3958,4359.0112768887475,-401.0112768887475,0.10131664398401907,1745.7405219927389,0.2277232284006816,simple loans,48,0.5423829709149788,58054,house,71022.76325078582,0
name370,54,high school or lower,0,0,LowSkilled,Cleaning Services,4608,4845.353530404453,-237.3535304044526,0.05150901267457739,4098.47345997506,0.4910379647984749,simple loans,24,0.9409346767316651,0,none,8857.822822697677,0
name371,49,bachelor degree,0,0,HighSkilled,Engineering,13091,6210.436027813029,6880.563972186971,0.0,8991.303213684723,0.48062053635747354,mortgages,48,0.16123590569839982,20433,car,65787.24272713899,0
name372,43,high school or lower,1,2,LowSkilled,Manufacturing,1717,959.1483102200307,757.8516897799693,0.0,878.3973533508819,0.9864484994861894,auto loans,24,0.07020714244083433,22552,car,25319.77089026481,1
name373,39,bachelor degree,0,0,HighSkilled,Doctor,2543,1168.9543818205707,1374.0456181794293,0.0,654.7580931560229,0.7888741205753237,auto loans,12,0.0,23572,car,31574.36942915713,0
name374,42,ausbildung,1,0,MediumSkilled,Nursing,2338,1937.9554751385106,400.04452486148944,0.0,1319.8348317620005,0.23099942471307786,auto loans,24,0.3934090277589868,35301,car,42094.83768824889,0
name375,39,bachelor degree,0,0,Unemployed_HighSkilled,Finance,1274,706.3494307247367,567.6505692752633,0.0,322.0825036941133,0.21073883644616143,simple loans,36,0.0,71224,house,77887.56341068269,0
name376,30,ausbildung,1,0,MediumSkilled,IT Support,1212,771.4987855990582,440.50121440094176,0.0,990.6394806921975,0.6213541995693134,auto loans,12,0.4539094606363496,38130,car,39854.41023459254,1
name377,63,bachelor degree,0,0,HighSkilled,Engineering,19655,9623.598347519042,10031.401652480958,0.0,9473.017362101298,0.9569943963012167,auto loans,36,0.0,23217,car,71843.48325378702,1
name378,51,high school or lower,0,0,LowSkilled,Construction,4081,2228.0012979013227,1852.9987020986773,0.0,3175.4073076111545,0.8982953490214685,simple loans,24,0.32404033460242027,22526,car,32570.920822724052,0
name379,45,ausbildung,0,0,Unemployed_MediumSkilled,Teacher,1938,1875.405930581635,62.59406941836505,0.0,1451.977269084482,0.7286025461570165,mortgages,48,0.7169159956997507,0,none,4232.066428414813,1
name380,65,ausbildung,0,0,MediumSkilled,Electrician,9949,5035.585170541698,4913.414829458302,0.0,9803.555226442888,0.5329999043561418,simple loans,48,0.4915207957568184,0,none,20397.975935335933,0
name381,33,high school or lower,0,0,LowSkilled,Construction,1016,885.2726408353865,130.72735916461352,0.0,381.43334921158043,0.38875511161688003,auto loans,24,0.2467578642194556,0,none,1544.1046965917906,0
name382,47,ausbildung,0,0,MediumSkilled,Electrician,5188,4836.058424814274,351.9415751857259,0.0,2679.719166845229,0.2190380762703145,auto loans,24,0.4486849636968973,44301,car,55040.57671834352,0
name383,56,bachelor degree,1,1,HighSkilled,Consultant,18950,10947.490126707877,8002.509873292123,0.0,8470.704749911614,0.6010427060415942,auto loans,24,0.024706853647466543,51287,house,99118.40185903828,0
name384,50,ausbildung,1,0,MediumSkilled,Teacher,7370,8444.708995094485,-1074.7089950944846,0.14582211602367498,6785.973755021707,0.7431595924452545,mortgages,24,1.0665783921460232,38267,car,52329.2304243253,0
name385,32,ausbildung,0,2,MediumSkilled,Teacher,1220,1176.991042705627,43.008957294372976,0.0,1108.8465796165904,0.9417709350836677,simple loans,24,0.8736373953460799,40693,car,38922.689780608176,0
name386,52,bachelor degree,1,0,HighSkilled,Consultant,16861,17875.41518113117,-1014.4151811311713,0.06016340555905173,9982.003661050645,0.6619647900441696,auto loans,48,0.6521807035277751,62973,house,117909.22382353284,0
name387,41,ausbildung,0,0,MediumSkilled,Teacher,2109,2248.1656467300936,-139.1656467300936,0.06598655605978834,1134.8668452941915,0.789576786603494,auto loans,24,0.604093168337736,30269,car,30024.10874255384,0
name388,41,bachelor degree,1,0,HighSkilled,Doctor,3416,2366.0011422656657,1049.9988577343343,0.0,1557.3232325638367,0.3524243504422863,mortgages,12,0.14851416124985434,33930,car,48394.17735331095,1
name389,30,high school or lower,0,1,LowSkilled,Cleaning Services,1030,958.8433899661585,71.1566100338415,0.0,913.9857481983496,0.5039119876254836,mortgages,36,0.8182807166645709,0,none,1787.4516419988731,0
name390,37,ausbildung,0,0,MediumSkilled,Nursing,1436,628.0038070004015,807.9961929995985,0.0,1100.0669236540623,0.7534993385130739,auto loans,24,0.20339187371480763,19505,liquid assets,22515.005322740504,0
name391,43,bachelor degree,1,0,HighSkilled,Engineering,4676,4713.6153301504155,-37.6153301504155,0.008044339210952845,1625.1178372383104,0.9556232632476922,mortgages,24,0.35558878686670786,0,none,10876.597125124774,0
name392,34,high school or lower,1,1,LowSkilled,Manufacturing,1062,1201.6092525093552,-139.6092525093552,0.13145880650598418,335.8015993446829,0.5057426747654372,mortgages,24,0.44765616935408487,7604,liquid assets,8201.925767017743,1
name393,60,high school or lower,0,1,LowSkilled,Transportation,4919,5135.992634779977,-216.99263477997738,0.044113160150432484,3502.5063430705386,0.7299558966283048,auto loans,12,0.7561494161111031,5168,liquid assets,14201.190285221273,0
name394,43,high school or lower,1,0,LowSkilled,Transportation,1687,1378.9988635270984,308.00113647290163,0.0,1374.0794418250196,0.8676983861561308,mortgages,48,0.6319373475709057,17243,liquid assets,18626.26672539827,1
name395,59,high school or lower,0,0,LowSkilled,Manufacturing,4906,3098.9532991658757,1807.0467008341243,0.0,2923.9310334135184,0.6413791489505083,auto loans,24,0.2276568146309405,10514,liquid assets,19286.261857518657,0
name396,52,bachelor degree,2,0,HighSkilled,Engineering,16575,7865.847581486916,8709.152418513084,0.0,5301.170231352492,0.8988216007748941,simple loans,24,0.0,75647,house,110350.94848687881,1
name397,38,ausbildung,0,1,MediumSkilled,IT Support,1483,1145.403216667412,337.5967833325881,0.0,1426.8666473117626,0.269531716187696,auto loans,48,0.7345042912873733,0,none,3402.036615736016,0
name398,37,high school or lower,0,0,LowSkilled,Manufacturing,1131,485.2615751879754,645.7384248120246,0.0,304.04217685737444,0.28870497297316516,mortgages,36,0.0,5990,liquid assets,7590.8248591015345,0
name399,62,ausbildung,0,0,MediumSkilled,Electrician,9887,4021.876744965185,5865.123255034815,0.0,3033.3684386757905,0.3373576629215105,auto loans,24,0.0,40775,car,58821.834049421544,0
name400,38,bachelor degree,0,0,HighSkilled,Finance,2317,1611.2703896463436,705.7296103536564,0.0,1094.4254769613692,0.5406909137265657,simple loans,48,0.16775825058597876,15794,liquid assets,25953.685626313916,0
name401,33,high school or lower,1,2,LowSkilled,Manufacturing,1020,1085.7543668986998,-65.7543668986998,0.0644650655869606,246.06347500980326,0.9951322967203622,simple loans,12,0.3057037665769638,19607,liquid assets,21578.669654951147,1
name402,61,high school or lower,1,1,LowSkilled,Manufacturing,4964,4524.858148925333,439.1418510746671,0.0,1341.8908478878755,0.7663053919568454,simple loans,12,0.1818591854982289,14520,liquid assets,25334.31751149887,1
name403,62,high school or lower,0,0,Unemployed_LowSkilled,Transportation,2469,1892.1167841322945,576.8832158677055,0.0,1931.0530354027735,0.31434794766913443,mortgages,12,0.5484689427035512,0,none,3879.5128815157386,0
name404,65,bachelor degree,3,0,HighSkilled,Consultant,19900,16694.619101429886,3205.3808985701144,0.0,15321.706812430448,0.3045578331953922,mortgages,24,0.6088605986864489,38220,car,94108.60752049714,1
name405,56,post graduate degree,0,0,HighSkilled,Engineering,19193,22703.959471473623,-3510.959471473623,0.18292916539746903,12754.231806910155,0.44115959403468114,simple loans,12,0.8474543468130974,0,none,49306.84555327889,0
name406,64,high school or lower,0,0,LowSkilled,Manufacturing,4998,2976.436501001937,2021.563498998063,0.0,4645.063281078189,0.41891210038831295,mortgages,36,0.5249099203841788,11409,liquid assets,19947.406997749396,0
name407,52,high school or lower,0,0,LowSkilled,Construction,4270,3398.23610363515,871.7638963648501,0.0,2805.162849647873,0.29037958182981,auto loans,60,0.4527866401131201,0,none,9346.62246749303,1
name408,59,ausbildung,3,0,MediumSkilled,IT Support,9828,5841.9096734057475,3986.0903265942525,0.0,9516.892499084937,0.9475810990072275,simple loans,48,0.562759683810611,26802,car,46900.38719766715,1
name409,65,high school or lower,0,0,LowSkilled,Agriculture,4981,4999.757867850585,-18.75786785058517,0.0037658839290474143,3595.6564677906736,0.2824926209858097,simple loans,36,0.725640300269275,13092,liquid assets,17016.147886810104,0
name410,63,bachelor degree,0,2,HighSkilled,Finance,19968,12412.984772595255,7555.015227404745,0.0,5142.97369879513,0.7473876620379194,simple loans,24,0.0,43635,car,103460.19695649517,0
name411,61,high school or lower,0,0,LowSkilled,Agriculture,4971,4707.97687938372,263.0231206162798,0.0,1861.8009663811515,0.9236575161418077,simple loans,48,0.32162097078351876,0,none,8972.269461550379,1
name412,43,bachelor degree,0,0,HighSkilled,Engineering,4821,4536.92401772443,284.0759822755699,0.0,3758.2520359992945,0.786125836524856,mortgages,12,0.7206339045268045,44631,car,63000.270516935685,0
name413,65,high school or lower,0,1,LowSkilled,Construction,4992,5807.187998283699,-815.187998283699,0.16329887786131791,1355.772856137323,0.39482611816213936,simple loans,36,0.4348879916708779,0,none,7269.164755380219,0
name414,32,high school or lower,0,0,LowSkilled,Construction,1008,613.3841701657575,394.6158298342425,0.0,690.0255906334891,0.4158148032609541,auto loans,24,0.2930652388881414,0,none,1714.5397374718134,0
name415,44,ausbildung,0,1,MediumSkilled,Nursing,3277,4050.605466998371,-773.605466998371,0.23607124412522765,1143.0573625352465,0.2346546646074898,auto loans,48,0.5848833779473962,21366,car,30230.796782748926,0
name416,37,high school or lower,0,0,LowSkilled,Agriculture,1155,1227.1454041561435,-72.14540415614351,0.062463553381942434,767.8825341181304,0.8017296058487535,mortgages,48,0.7272969162547825,11145,liquid assets,13554.763404100124,0
name417,44,ausbildung,0,1,MediumSkilled,Nursing,3217,2733.7339832410107,483.2660167589893,0.0,1420.2779205004144,0.7630177953402646,auto loans,24,0.2912688541316211,41591,car,50689.62187147808,0
name418,58,bachelor degree,1,1,HighSkilled,Doctor,19579,11320.340661797578,8258.659338202422,0.0,12986.351890396001,0.7234281958897908,auto loans,60,0.24146751888214818,56051,house,93323.90460646214,1
name419,35,ausbildung,0,0,Unemployed_MediumSkilled,Teacher,661,523.842277520687,137.15772247931295,0.0,295.4471503080351,0.3634959158097484,auto loans,24,0.2394696336289291,36485,car,38189.850288928246,1
name420,30,ausbildung,1,0,MediumSkilled,Nursing,1200,405.06020422051176,794.9397957794882,0.0,849.6169013909348,0.5395953250893025,auto loans,24,0.04556425467620547,19784,liquid assets,20208.101447706154,0
name421,45,ausbildung,1,1,MediumSkilled,Nursing,3782,2168.9966595040764,1613.0033404959236,0.0,948.6307878621383,0.6804395800678773,simple loans,60,0.0,0,none,9258.7303714662,1
name422,38,ausbildung,0,0,MediumSkilled,Electrician,1496,1169.0451676727919,326.9548323272081,0.0,492.00103462406764,0.5388524041409462,simple loans,48,0.11032500153533391,29389,car,32232.700146854066,0
name423,51,bachelor degree,0,0,HighSkilled,Engineering,15705,17737.413888814834,-2032.4138888148336,0.12941189995637273,8105.554060032379,0.3900379184399011,auto loans,12,0.645524861435671,73675,house,109077.04668720772,0
name424,56,ausbildung,0,0,MediumSkilled,Nursing,9568,6186.112563304399,3381.8874366956006,0.0,6175.224752252387,0.33175166948049617,mortgages,60,0.29194578966939655,26342,car,43392.77699666363,0
name425,65,high school or lower,0,0,LowSkilled,Agriculture,4986,4319.733731490366,666.2662685096338,0.0,4745.613047059302,0.23842749859803902,simple loans,12,0.8181602042819229,6210,liquid assets,15026.57472713338,1
name426,63,high school or lower,0,2,LowSkilled,Manufacturing,4986,3635.8183318724036,1350.1816681275964,0.0,2509.896219753473,0.8876612268138308,mortgages,24,0.23259417401241006,15533,liquid assets,28050.257398820242,0
name427,58,high school or lower,0,3,LowSkilled,Construction,4865,6195.947469422234,-1330.9474694222336,0.2735760471577047,2336.274215633435,0.3887717202503697,simple loans,48,0.7537968520155536,0,none,7396.4388494759005,0
name428,54,ausbildung,1,0,MediumSkilled,IT Support,9194,5229.478180391539,3964.5218196084606,0.0,5002.685673015978,0.25200597505335715,simple loans,36,0.11291753898276238,27778,car,42976.74166210129,0
name429,50,high school or lower,3,1,LowSkilled,Agriculture,3815,1815.1523708598845,1999.8476291401155,0.0,1117.7022732247722,0.6913843248420874,simple loans,24,0.0,18695,liquid assets,30622.5864403531,1
name430,41,high school or lower,0,0,LowSkilled,Construction,1376,1148.1772066418303,227.82279335816975,0.0,834.3298759930708,0.6884878267395279,simple loans,48,0.4407754961009455,0,none,2321.2337124899336,0
name431,60,post graduate degree,0,0,HighSkilled,Finance,19701,15426.566287679841,4274.4337123201585,0.0,9807.643121288294,0.37627031945392214,auto loans,48,0.28085931724116214,37855,car,93816.99041244412,0
name432,47,bachelor degree,0,0,HighSkilled,Research,10074,11258.798627401688,-1184.7986274016876,0.11760955205496204,9316.969097185267,0.4603706554239666,auto loans,24,1.0424625495917168,74287,house,100925.70610725571,0
name433,58,high school or lower,1,1,LowSkilled,Construction,4911,4313.459732561206,597.5402674387942,0.0,4269.942645706428,0.3806867204469178,auto loans,36,0.747791158270746,6049,liquid assets,15040.043111348054,1
name434,46,high school or lower,0,1,LowSkilled,Manufacturing,2512,2433.862547789659,78.13745221034105,0.0,1304.3309112419404,0.4238081350624791,simple loans,36,0.4881343387864647,22191,car,23631.25010316206,1
name435,59,ausbildung,0,1,MediumSkilled,Electrician,9869,5747.061772463632,4121.938227536368,0.0,3738.5537634838583,0.21310882398874187,auto loans,36,0.0,29838,car,41332.17895410167,0
name436,49,bachelor degree,0,0,HighSkilled,Engineering,13007,10431.38789215139,2575.6121078486103,0.0,8024.732768776054,0.9525304854313614,auto loans,24,0.41893754600810673,72436,house,125161.65515690348,0
name437,53,ausbildung,0,0,MediumSkilled,Teacher,8863,6337.108804564431,2525.891195435569,0.0,1964.0490210810588,0.32200485166169734,mortgages,36,0.0,14606,liquid assets,35621.62380507484,0
name438,65,high school or lower,2,0,LowSkilled,Agriculture,4982,2262.33943798092,2719.66056201908,0.0,4973.557667591615,0.6447295939765958,simple loans,12,0.45240809023936884,0,none,10643.397790308703,1
name439,51,high school or lower,1,0,LowSkilled,Agriculture,4075,4077.6716327001386,-2.671632700138616,0.0006556153865370837,1391.9508657872072,0.5142356162305945,auto loans,24,0.342238649935545,10720,liquid assets,20601.796074228212,0
name440,56,bachelor degree,1,0,Unemployed_HighSkilled,Research,9510,4743.168468306976,4766.831531693024,0.0,4096.417069478893,0.7497881842556959,mortgages,12,0.0,35780,car,74357.09469350678,0
name441,46,high school or lower,1,0,LowSkilled,Transportation,2468,1505.6319594477147,962.3680405522853,0.0,2103.3295593540383,0.7528411304482194,auto loans,36,0.46230207406878165,13765,liquid assets,19753.176777797107,0
name442,43,ausbildung,0,0,MediumSkilled,Artist,2810,1601.5406680631977,1208.4593319368023,0.0,983.9609566990557,0.3106441025436875,auto loans,48,0.0,49759,car,57588.26986638628,1
name443,53,high school or lower,0,1,LowSkilled,Agriculture,4486,5078.519992213689,-592.519992213689,0.13208203125583792,1634.2263099958811,0.22050470539309563,mortgages,48,0.4963767949642376,0,none,6332.936436369135,0
name444,48,post graduate degree,0,0,HighSkilled,Research,11647,6742.809658862462,4904.190341137538,0.0,6670.257924379291,0.22123241819663764,simple loans,24,0.1516328310502063,50134,house,80704.75647540757,0
name445,65,post graduate degree,0,1,HighSkilled,Engineering,19996,16182.092818524254,3813.9071814757463,0.0,17665.5309227161,0.9217953933113144,auto loans,36,0.6927197310082194,36130,car,107760.83603756122,0
name446,45,ausbildung,1,0,MediumSkilled,Teacher,3812,3399.4660877404053,412.5339122595947,0.0,1467.551353675888,0.9431354816042862,auto loans,36,0.27676218295285765,31475,car,40833.09247043034,1
name447,56,high school or lower,0,0,LowSkilled,Agriculture,4807,6961.074949140012,-2154.074949140012,0.448112117566052,3186.8636320811243,0.4611929356356935,auto loans,12,1.1110752197256368,23432,car,31122.848319114986,0
name448,65,post graduate degree,1,1,Unemployed_HighSkilled,Engineering,9952,7490.043359945909,2461.9566400540907,0.0,9021.187237119892,0.48788143795643707,mortgages,60,0.659086675750181,0,none,20261.099680400275,0
name449,56,bachelor degree,0,0,HighSkilled,Engineering,19171,16723.076155219234,2447.9238447807656,0.0,14624.249647081078,0.48849917545390154,auto loans,48,0.6351429660581249,30252,car,73534.67110221669,0
name450,53,high school or lower,1,0,LowSkilled,Agriculture,4443,5586.517897657875,-1143.5178976578754,0.25737517390454095,2394.514317978338,0.3531764746852643,auto loans,24,0.7963160512347993,0,none,6239.160282505508,1
name451,61,ausbildung,0,1,MediumSkilled,IT Support,9888,7357.915606682002,2530.0843933179976,0.0,3394.0083248558476,0.9712460124873189,auto loans,12,0.0873709477687955,14720,liquid assets,34921.05159772469,0
name452,63,bachelor degree,2,0,HighSkilled,Engineering,19839,21872.672863578733,-2033.672863578733,0.10250883933558814,19808.403541835993,0.8079816456292208,simple loans,24,1.1009666014121038,72902,house,124980.15988552311,1
name453,46,ausbildung,0,0,MediumSkilled,IT Support,4531,3108.398361345857,1422.6016386541428,0.0,2748.7378200197095,0.6946575315056347,auto loans,36,0.29268068447706175,0,none,10969.507561654658,0
name454,38,high school or lower,0,0,LowSkilled,Construction,1129,1203.895742913664,-74.89574291366398,0.06633812481281132,647.1573510256669,0.940471594885067,auto loans,48,0.6395510132323569,10617,liquid assets,12271.264704241692,1
name455,52,high school or lower,1,0,LowSkilled,Transportation,4287,4544.516108023017,-257.5161080230173,0.06006907115069216,2453.0266281556783,0.9037701057927513,simple loans,36,0.6322702906878226,17515,liquid assets,21482.523969399565,1
name456,30,high school or lower,0,0,LowSkilled,Transportation,1033,528.6122656742253,504.38773432577466,0.0,985.5283981578045,0.8487195403641583,simple loans,12,0.4657702457231654,5798,liquid assets,7442.610907851481,0
name457,40,high school or lower,0,1,LowSkilled,Transportation,1317,771.8284078648968,545.1715921351032,0.0,1062.2610606000585,0.9220054954143556,simple loans,36,0.3926267793963214,15791,liquid assets,20339.132177464835,0
name458,53,ausbildung,0,0,MediumSkilled,IT Support,8866,8246.364217262724,619.6357827372758,0.0,3618.883454706605,0.8822673752912524,simple loans,12,0.3382864507071204,41914,car,49968.066842981345,0
name459,37,high school or lower,0,1,LowSkilled,Construction,1116,553.385211052876,562.614788947124,0.0,889.773362493991,0.6616685757472337,simple loans,60,0.2931528436799884,0,none,2268.9881071200184,0
name460,49,ausbildung,0,1,MediumSkilled,IT Support,6681,5640.303238023411,1040.6967619765892,0.0,3199.5545934908573,0.4479351846985387,simple loans,12,0.32313393676309954,11365,liquid assets,25056.708315113658,0
name461,51,ausbildung,0,0,MediumSkilled,Teacher,7987,4566.372387856022,3420.627612143978,0.0,4185.088865002707,0.7059034519324892,auto loans,12,0.09571319054197189,19777,liquid assets,37761.33901487958,0
name462,53,ausbildung,1,1,MediumSkilled,IT Support,8823,7630.444159884534,1192.5558401154658,0.0,1944.182606527487,0.38227591621796025,auto loans,24,0.08518947822872279,0,none,17855.607209434238,1
name463,65,ausbildung,0,0,MediumSkilled,Artist,9998,8120.203611851189,1877.7963881488113,0.0,3803.3054768249444,0.22472471016010784,auto loans,24,0.19258942675296392,11095,liquid assets,37721.32771169849,0
name464,65,ausbildung,0,0,MediumSkilled,IT Support,9985,11599.679899816267,-1614.6798998162667,0.16171055581534968,2615.6797324828804,0.2837189084349618,auto loans,48,0.4236714704355681,30848,car,46597.649209228366,1
name465,44,bachelor degree,0,1,Unemployed_HighSkilled,Doctor,2887,2224.576515352039,662.4234846479608,0.0,903.9793061212655,0.6220245306057572,mortgages,24,0.08367018409189633,24972,car,26527.555362039537,1
name466,30,post graduate degree,1,1,HighSkilled,Consultant,1600,1877.9640897962124,-277.9640897962124,0.17372755612263277,1390.1501747611128,0.6433965390597625,auto loans,12,1.0425714153483283,52904,house,60521.76002019007,1
name467,54,bachelor degree,0,0,HighSkilled,Doctor,18262,13621.062867089675,4640.937132910325,0.0,4113.297833527823,0.9715241150942963,mortgages,24,0.0,46869,car,110327.48595691312,0
name468,54,post graduate degree,0,0,HighSkilled,Research,18081,17947.02746272026,133.9725372797402,0.0,6335.926162139225,0.540013761613914,mortgages,24,0.34300943669373846,19750,liquid assets,67519.92046263073,0
name469,65,high school or lower,1,0,LowSkilled,Transportation,5000,2197.153549052684,2802.846450947316,0.0,1792.864679803374,0.7099420420755567,auto loans,24,0.0,6300,liquid assets,17597.03717051679,0
name470,52,bachelor degree,0,0,HighSkilled,Engineering,16725,11473.377554679068,5251.6224453209325,0.0,15519.903709844735,0.7647876030232998,mortgages,12,0.6139480576695846,19540,liquid assets,62000.97192226738,0
name471,54,ausbildung,0,1,MediumSkilled,Electrician,9214,6834.176860000493,2379.8231399995066,0.0,9005.899977454434,0.3582340206306047,auto loans,48,0.7191314127908538,29830,car,55531.845516713336,0
name472,35,high school or lower,0,0,LowSkilled,Agriculture,1039,717.2703989571519,321.7296010428481,0.0,522.7117962176891,0.5138628954637593,mortgages,48,0.1934381089266997,14589,liquid assets,17438.228123566096,1
name473,56,bachelor degree,1,0,HighSkilled,Research,18928,9192.017606985975,9735.982393014025,0.0,5213.733641995354,0.31829135792261704,simple loans,24,0.0,29684,car,92928.3794582008,0
name474,47,ausbildung,1,0,Unemployed_MediumSkilled,IT Support,2604,1930.2317922182929,673.7682077817071,0.0,2216.3263058831167,0.6995669053140954,auto loans,36,0.5923802220051496,10606,liquid assets,16731.961449541563,1
name475,38,high school or lower,0,0,LowSkilled,Agriculture,1128,769.0207045339421,358.9792954660579,0.0,559.3411599459545,0.4074134068207702,mortgages,24,0.17762576638288702,0,none,1966.5792021822278,0
name476,49,high school or lower,1,3,LowSkilled,Construction,3501,3100.1404439859066,400.8595560140934,0.0,2639.649106928205,0.3539668883655889,mortgages,36,0.6394714512750962,22323,car,34101.97264438028,0
name477,61,ausbildung,0,0,MediumSkilled,Nursing,9958,7234.999199920854,2723.000800079146,0.0,7622.035214925301,0.2571403479738213,mortgages,60,0.4919697142846109,28193,car,49296.99693037936,0
name478,35,ausbildung,0,1,MediumSkilled,IT Support,1294,1006.247075074958,287.75292492504195,0.0,932.7141072687787,0.643370648090341,simple loans,24,0.4984244067571381,42262,car,49237.10544929365,0
name479,55,ausbildung,1,0,MediumSkilled,Nursing,9300,7712.83941462738,1587.1605853726196,0.0,7409.488848073951,0.37878266755834916,auto loans,24,0.6260568024410034,28509,car,46446.629732522364,0
name480,53,high school or lower,0,0,LowSkilled,Agriculture,4476,5812.196940535779,-1336.1969405357786,0.2985247856424885,1975.5201233960277,0.987709097093495,auto loans,60,0.7398831688855689,12194,liquid assets,14475.169843717218,0
name481,47,ausbildung,0,0,MediumSkilled,IT Support,5212,2941.706172558538,2270.293827441462,0.0,3928.5158335099395,0.49047934799105564,auto loans,60,0.3181546442955636,26865,car,37879.02300631753,0
name482,38,ausbildung,0,1,MediumSkilled,Teacher,1524,1202.7268319494133,321.2731680505867,0.0,1061.781736007314,0.29316356792289366,auto loans,12,0.4858980104702935,47389,car,48823.868840402836,0
name483,44,high school or lower,0,0,LowSkilled,Construction,1921,1311.1541603527924,609.8458396472076,0.0,1211.2358394318696,0.2036863440407647,mortgages,48,0.3130609056661437,21388,car,23408.13728813176,0
name484,59,ausbildung,0,0,MediumSkilled,Nursing,9847,8210.918042717638,1636.081957282362,0.0,2075.634609472612,0.6133712577376448,mortgages,48,0.04463823014016957,29295,car,50806.20361510473,0
name485,35,bachelor degree,0,0,HighSkilled,Doctor,1837,1586.3495692212332,250.6504307787668,0.0,1715.0928615739751,0.6796808767722382,mortgages,48,0.797192395642465,10293,liquid assets,14635.259287749624,0
name486,34,high school or lower,1,0,Unemployed_LowSkilled,Agriculture,508,488.5639598433917,19.43604015660833,0.0,174.2833724167762,0.5507169097469612,simple loans,24,0.3048175831893068,21616,car,20129.49032575436,0
name487,40,post graduate degree,0,0,HighSkilled,Research,2930,1929.7184867976518,1000.2815132023482,0.0,2750.9988969521123,0.7875457728605572,auto loans,12,0.5975144654436055,35262,car,38345.81467107348,0
name488,40,post graduate degree,1,0,HighSkilled,Consultant,2961,2578.8525512020337,382.14744879796626,0.0,2141.257518044618,0.7774947545712666,mortgages,48,0.5940932351390246,69357,house,65752.60523005301,0
name489,51,bachelor degree,0,1,HighSkilled,Research,15773,9841.094330748769,5931.905669251231,0.0,13673.694632404473,0.47887048465828896,auto loans,24,0.49082539549567245,69015,house,120981.95205502394,0
name490,42,ausbildung,1,0,MediumSkilled,IT Support,2362,1543.8746268013304,818.1253731986696,0.0,1678.4099971883043,0.7817198539066605,auto loans,24,0.364218723111615,0,none,6158.364716833777,1
name491,31,ausbildung,0,0,MediumSkilled,Teacher,1247,456.94834160856203,790.051658391438,0.0,725.0661600992581,0.9331046582460769,auto loans,24,0.0,0,none,3053.6275809826325,0
name492,62,post graduate degree,1,0,Unemployed_HighSkilled,Finance,9909,7338.805846434191,2570.194153565809,0.0,3125.451513816564,0.9873294872277817,simple loans,12,0.05603566053595267,46509,car,79650.44493952181,0
name493,60,high school or lower,1,0,LowSkilled,Manufacturing,4942,5720.645103478327,-778.6451034783267,0.15755667816234858,3167.9600631373064,0.6352725746395801,mortgages,24,0.7985846148554498,24778,car,29852.843991221813,0
name494,60,high school or lower,2,0,LowSkilled,Transportation,4968,3244.273961107184,1723.7260388928162,0.0,3998.4928193484307,0.5148769374314235,simple loans,24,0.4578838124910657,13481,liquid assets,19319.752509563114,1
name495,59,ausbildung,0,0,MediumSkilled,Nursing,9816,10182.0213882663,-366.02138826629925,0.03728824248841679,4814.085750798336,0.8393433146922391,auto loans,36,0.5277207761883288,35032,car,63373.45541392119,1
name496,43,high school or lower,1,1,Unemployed_LowSkilled,Agriculture,872,846.5695407063369,25.430459293663148,0.0,475.7791813727675,0.7524440921226809,mortgages,12,0.5164549565127343,7006,liquid assets,7143.984505777226,1
name497,33,high school or lower,0,0,Unemployed_LowSkilled,Agriculture,507,286.44984497120464,220.55015502879536,0.0,473.6435992118747,0.8792593337798805,auto loans,12,0.4991981147595253,16953,liquid assets,18522.71135036349,1
name498,39,high school or lower,0,0,LowSkilled,Agriculture,1242,874.021838566832,367.978161433168,0.0,797.0781057877451,0.8170417007702839,mortgages,24,0.3454910985141523,0,none,2260.273893276886,1
name499,44,ausbildung,1,0,MediumSkilled,Electrician,3239,1727.3254049543466,1511.6745950456534,0.0,2421.5678237974885,0.24216810593794377,mortgages,24,0.28091794651183544,0,none,8225.909207624505,0
name500,32,bachelor degree,0,0,HighSkilled,Consultant,1792,1508.479366856811,283.5206331431889,0.0,878.463131318264,0.7152374935842382,auto loans,24,0.3319991619280553,50458,house,51484.32283210405,0
name501,31,post graduate degree,0,0,HighSkilled,Research,1662,831.9559710687012,830.0440289312988,0.0,1643.3442838638782,0.8253501829295804,auto loans,36,0.4893503338944521,39262,car,42884.58437128233,0
name502,45,high school or lower,1,0,LowSkilled,Cleaning Services,2204,1710.1607834125134,493.8392165874866,0.0,1754.974274852468,0.5972830776473723,simple loans,48,0.5722028395031676,7472,liquid assets,11862.282470679631,0
name503,53,bachelor degree,1,0,HighSkilled,Finance,17808,7718.847706946963,10089.152293053037,0.0,5209.600646853726,0.8760050683040133,auto loans,60,0.0,21911,car,72387.90151026532,1
name504,32,ausbildung,1,0,MediumSkilled,IT Support,1212,1145.3831613597342,66.61683864026577,0.0,1016.1039378255005,0.6356468686425939,auto loans,24,0.7834051973475533,19807,liquid assets,22968.75795686737,0
name505,30,ausbildung,0,0,MediumSkilled,Electrician,1245,853.4959230720519,391.50407692794806,0.0,860.3571111324454,0.5240683702354547,simple loans,12,0.3765887824935722,11219,liquid assets,12277.915183274301,0
name506,49,ausbildung,2,0,MediumSkilled,Teacher,6667,6131.297659559626,535.7023404403744,0.0,6437.418507467021,0.31825233128466207,auto loans,48,0.8852131643957772,48506,car,73154.17854710581,0
name507,35,bachelor degree,1,0,HighSkilled,Engineering,1720,1226.5753525294153,493.42464747058466,0.0,783.1936118121547,0.30098742443138377,auto loans,60,0.16847032810556398,13669,liquid assets,18591.219925268517,1
name508,38,ausbildung,1,0,MediumSkilled,Artist,1498,1340.2230870556132,157.77691294438682,0.0,1053.3781352528604,0.7819985477164482,simple loans,24,0.5978646343848288,0,none,3117.1683548973506,1
name509,30,ausbildung,0,1,MediumSkilled,Teacher,1200,1515.9154894868457,-315.9154894868457,0.2632629079057047,851.9039945529659,0.25151056312735753,auto loans,36,0.9731829033665095,20668,car,23170.317817518488,0
name510,62,ausbildung,0,1,MediumSkilled,Teacher,9983,10078.525967087084,-95.5259670870837,0.00956886377712949,7655.296940234565,0.3571080254363042,simple loans,36,0.7764021744286936,10809,liquid assets,35385.962043264815,0
name511,32,high school or lower,0,0,LowSkilled,Transportation,1014,843.8215397639576,170.17846023604238,0.0,697.8508303239574,0.31122545431676835,auto loans,36,0.5203869527494231,20614,car,22983.16301715803,0
name512,56,bachelor degree,1,0,HighSkilled,Research,19091,21284.329133594532,-2193.3291335945323,0.11488812181627638,12431.971984636353,0.6802246114419207,mortgages,12,0.7660835534142206,26767,car,86253.36630914311,1
name513,48,bachelor degree,1,0,HighSkilled,Engineering,11636,6404.489976697107,5231.510023302893,0.0,4449.785374243653,0.5082607416800071,auto loans,12,0.0,30487,car,62798.99377548179,0
name514,37,high school or lower,0,0,LowSkilled,Construction,1053,871.0376182098972,181.96238179010277,0.0,275.57193553645686,0.44617372519209886,auto loans,12,0.08889796177241605,5261,liquid assets,6667.828868062462,0
name515,30,ausbildung,0,0,Unemployed_MediumSkilled,IT Support,620,460.22601459540755,159.77398540459245,0.0,327.29151658488047,0.7884292400759386,auto loans,48,0.2701895664198194,13701,liquid assets,14368.228226823485,0
name516,48,ausbildung,1,2,MediumSkilled,Nursing,5990,6580.788561343297,-590.7885613432973,0.09862914212742858,2997.5966402720537,0.2462604013623996,auto loans,60,0.5990626379992239,47010,car,48432.32586527046,1
name517,60,ausbildung,1,0,MediumSkilled,Electrician,9979,5442.658564572288,4536.341435427712,0.0,8820.046167452949,0.9974135944169441,auto loans,12,0.4292719442855233,34070,car,71964.91249806373,0
name518,53,high school or lower,2,1,LowSkilled,Agriculture,4449,3564.867845480157,884.132154519843,0.0,1071.43574447204,0.23939764655938184,mortgages,12,0.04210015508028702,24753,car,36096.173481012374,1
name519,37,bachelor degree,0,0,HighSkilled,Engineering,1961,1339.6856103062476,621.3143896937524,0.0,700.34319594953,0.5975927267008533,auto loans,48,0.040300258162048734,26518,car,32992.282099681,0
name520,57,ausbildung,1,1,MediumSkilled,IT Support,9701,11045.125902306698,-1344.1259023066978,0.13855539658867103,4403.098547962381,0.6221804561152596,mortgages,24,0.5924362901009256,23751,car,47013.09953726239,1
name521,33,high school or lower,0,0,LowSkilled,Transportation,1038,623.4605127988922,414.5394872011078,0.0,732.4427848303745,0.47903465219773694,auto loans,60,0.306265219296018,9153,liquid assets,10190.186979375061,0
name522,31,bachelor degree,0,2,HighSkilled,Consultant,1600,1490.5917071465576,109.40829285344239,0.0,559.8737229326558,0.4195509701837966,auto loans,24,0.2815408937995084,18099,liquid assets,17121.840029885316,0
name523,32,ausbildung,2,1,MediumSkilled,IT Support,1200,1034.7095401642944,165.29045983570563,0.0,990.1225929002168,0.30196302555440235,simple loans,12,0.6873601108870926,0,none,2616.5309776222084,0
name524,39,bachelor degree,0,1,HighSkilled,Finance,2561,2212.316613238382,348.68338676161784,0.0,1031.2908853848487,0.35631963381199844,simple loans,12,0.2665394371820503,65545,house,62221.26913268007,1
name525,56,bachelor degree,0,1,HighSkilled,Doctor,19023,22263.67457057005,-3240.6745705700487,0.17035559956736837,10378.4674030635,0.5505506465282428,auto loans,24,0.715930293520136,69257,house,95392.80645471497,1
name526,44,high school or lower,1,1,LowSkilled,Construction,1919,1809.1413126491095,109.85868735089048,0.0,1602.4173749857184,0.3498546241828101,mortgages,24,0.7777794099191391,0,none,3686.2052598952964,1
name527,39,bachelor degree,0,0,HighSkilled,Research,2451,1985.6747675589481,465.32523244105187,0.0,2124.80984601597,0.38027981205781264,auto loans,12,0.67706430582412,29782,car,38381.877077682635,0
name528,49,bachelor degree,0,1,HighSkilled,Research,13086,17686.894345444864,-4600.894345444864,0.3515890528385193,10726.073677467639,0.6385577133996065,simple loans,24,1.1712492757842352,59852,house,84178.4771539136,0
name529,39,bachelor degree,0,0,HighSkilled,Research,2544,2085.704043556862,458.29595644313804,0.0,533.9188118588473,0.9445329861829262,auto loans,24,0.029725965179131012,54260,house,60607.53455024082,0
name530,31,high school or lower,0,0,LowSkilled,Agriculture,1010,825.1615283588272,184.83847164117276,0.0,286.8919090495,0.6994984012162632,auto loans,60,0.10104300733497745,22614,car,25391.91589533986,0
name531,58,ausbildung,2,1,MediumSkilled,Teacher,9756,5818.831083067499,3937.168916932501,0.0,6262.438379214647,0.9319273462742996,auto loans,24,0.2383425033089531,15320,liquid assets,41937.53651528254,1
name532,48,high school or lower,0,1,LowSkilled,Transportation,3169,1958.4180917479673,1210.5819082520327,0.0,828.7225888828992,0.8798883939212209,mortgages,24,0.0,24541,car,29006.76348609391,0
name533,41,bachelor degree,0,2,HighSkilled,Engineering,3566,3478.685751982561,87.31424801743879,0.0,2689.3499148674705,0.7940060227629248,simple loans,36,0.7296790989484104,0,none,8068.1538482557935,1
name534,43,high school or lower,0,0,LowSkilled,Cleaning Services,1721,1418.429784543871,302.57021545612906,0.0,730.1288438802479,0.6254215242163739,mortgages,12,0.24843615829408416,0,none,2706.0031885787866,0
name535,65,ausbildung,0,1,MediumSkilled,Electrician,9917,4830.557281721219,5086.442718278781,0.0,9148.361103556475,0.4833651812673908,simple loans,24,0.4095914475423711,20065,car,43004.846947440376,1
name536,62,post graduate degree,2,1,HighSkilled,Finance,19744,19986.438988061447,-242.43898806144716,0.012279122166807495,18283.761854681314,0.42022689235759264,simple loans,36,0.9383205451146049,0,none,50366.671247750695,1
name537,64,ausbildung,1,0,MediumSkilled,Teacher,10000,10875.349443708596,-875.3494437085956,0.08753494437085955,7272.416724189953,0.39051602307005945,auto loans,36,0.8147766167898549,48455,car,59260.22589075859,0
name538,36,high school or lower,0,0,LowSkilled,Agriculture,1069,949.8771762736939,119.12282372630614,0.0,672.7354882596013,0.40514397872906316,mortgages,48,0.517879012659771,23340,car,26329.50921455958,0
name539,49,high school or lower,0,0,LowSkilled,Transportation,3488,1516.2398070279946,1971.7601929720054,0.0,3203.2999416654034,0.3814274664546317,auto loans,48,0.35307905639145587,11131,liquid assets,14209.958071300816,0
name540,51,high school or lower,1,1,LowSkilled,Transportation,4085,5497.436627929774,-1412.4366279297737,0.3457617204234452,3049.045758520481,0.5344080373831042,auto loans,12,1.092162150905815,10147,liquid assets,14541.789261793385,0
name541,54,high school or lower,0,0,Unemployed_LowSkilled,Agriculture,2305,908.7369928952546,1396.2630071047454,0.0,1218.6651165613143,0.8647602170792058,simple loans,36,0.0,0,none,5203.423222725796,0
name542,56,high school or lower,0,0,LowSkilled,Transportation,4792,5808.518747690479,-1016.5187476904794,0.21212828624592642,4500.7921423905855,0.7912805266698089,auto loans,48,1.1513586999334442,20360,car,29521.26197885522,1
name543,63,bachelor degree,0,1,HighSkilled,Engineering,19873,12803.792834968443,7069.207165031557,0.0,17967.608269164415,0.6155999890876216,auto loans,12,0.548402410513403,45788,car,109111.0664740333,1
name544,38,high school or lower,0,1,LowSkilled,Manufacturing,1116,834.5257089103849,281.4742910896151,0.0,459.0233925209677,0.24952332896853127,auto loans,48,0.15909417690981414,15729,liquid assets,19297.5330722767,0
name545,31,ausbildung,1,0,MediumSkilled,Teacher,1242,884.0735033579778,357.92649664202224,0.0,284.76167719864367,0.5960836497804451,simple loans,12,0.0,36796,car,40352.95205652881,1
name546,36,high school or lower,1,0,LowSkilled,Agriculture,1069,758.1056957939446,310.8943042060554,0.0,424.2735690076613,0.4069769671226365,mortgages,60,0.10606105219981846,0,none,2125.821052585775,1
name547,31,high school or lower,0,3,LowSkilled,Construction,1005,1011.424316384018,-6.4243163840179704,0.0063923546109631545,377.85996413061815,0.5603508539994203,mortgages,24,0.3823724184225235,10613,liquid assets,12375.535282878327,0
name548,50,high school or lower,1,0,LowSkilled,Transportation,3783,3994.5828063103086,-211.58280631030857,0.05592989857528643,2728.1687505842265,0.6149687680126601,auto loans,48,0.7770953097791528,12880,liquid assets,20099.424316435296,1
name549,58,bachelor degree,0,0,HighSkilled,Engineering,19563,8921.921646803188,10641.078353196812,0.0,13458.87965907521,0.9504247589397303,auto loans,60,0.14403727985883547,32044,car,99314.51124864987,0
name550,54,high school or lower,1,1,LowSkilled,Construction,4597,4228.16216680943,368.83783319056965,0.0,3526.270991802509,0.3136388179072698,auto loans,24,0.6868464560826494,10014,liquid assets,21867.622695574653,0
name551,63,high school or lower,0,0,LowSkilled,Transportation,4962,6124.334817504666,-1162.3348175046658,0.23424724254426962,2393.7806847477946,0.25920877164804357,auto loans,12,0.716669790861036,24741,car,34411.75619110425,0
name552,64,high school or lower,2,0,LowSkilled,Transportation,4979,3999.5151515526773,979.4848484473227,0.0,3217.925283037426,0.2271396718357317,mortgages,24,0.44957630740913906,0,none,9773.35964611741,0
name553,33,high school or lower,1,3,LowSkilled,Manufacturing,1023,1205.0377939160012,-182.0377939160012,0.177945057591399,240.00372559916744,0.936313316456542,auto loans,48,0.41255280500016484,16806,liquid assets,19551.063985130386,1
name554,54,post graduate degree,0,1,HighSkilled,Consultant,18158,22352.70377163338,-4194.70377163338,0.2310113322851294,4710.889428440302,0.9261806021764799,simple loans,48,0.49045011565556135,43744,car,85522.69452739393,0
name555,32,bachelor degree,1,1,HighSkilled,Engineering,1617,2221.4419087886104,-604.4419087886104,0.3738045199682192,1560.5754093135326,0.7575835306262826,auto loans,24,1.3389099060619312,0,none,2777.857474627868,0
name556,46,bachelor degree,1,1,HighSkilled,Finance,8374,6071.318156680484,2302.681843319516,0.0,6392.454485319248,0.32176687225794504,auto loans,24,0.48838937688078965,71743,house,93899.22278779601,0
name557,58,high school or lower,0,2,LowSkilled,Transportation,4917,4663.046190928162,253.9538090718379,0.0,4909.685575874481,0.7276036196431951,simple loans,48,0.946864300753029,0,none,8175.9520702701275,0
name558,39,high school or lower,1,0,LowSkilled,Manufacturing,1197,754.5952146380131,442.4047853619869,0.0,327.6553319886328,0.3484580897744396,auto loans,24,0.0,0,none,2282.4155084172535,0
name559,46,post graduate degree,0,2,HighSkilled,Engineering,8687,7818.430230287448,868.5697697125524,0.0,2782.585664465121,0.4331582749235812,auto loans,24,0.22033105729855748,0,none,20575.530782748916,1
name560,41,ausbildung,0,0,MediumSkilled,Electrician,2037,1467.7703501827116,569.2296498172884,0.0,2030.563971934513,0.8537055829094067,simple loans,24,0.7173953471365854,27203,car,31656.317514328886,0
name561,52,ausbildung,0,1,MediumSkilled,Electrician,8453,7584.675452240289,868.3245477597111,0.0,7775.969103757419,0.9369402135411817,simple loans,24,0.8171826045188345,12786,liquid assets,30960.83979140409,0
name562,48,bachelor degree,0,1,Unemployed_HighSkilled,Doctor,5796,5082.729633196688,713.2703668033118,0.0,5367.850848657013,0.7489405430897363,mortgages,24,0.8030677159858007,11387,liquid assets,26612.709514300357,1
name563,33,bachelor degree,0,1,Unemployed_HighSkilled,Consultant,800,742.6169949919513,57.38300500804871,0.0,161.42042935342553,0.6285204883238866,auto loans,12,0.13004678043172102,75490,house,105325.57816652591,0
name564,51,post graduate degree,0,0,HighSkilled,Research,15626,13063.96757083722,2562.0324291627803,0.0,13841.802871423854,0.7536723965990862,mortgages,24,0.721859109321712,72413,house,94081.15687082526,1
name565,52,ausbildung,0,0,MediumSkilled,IT Support,8474,10389.038942045301,-1915.0389420453012,0.2259899624787941,2720.7615538384694,0.6021286620803187,auto loans,24,0.5470616587070769,46185,car,63947.947544650735,0
name566,38,high school or lower,0,0,LowSkilled,Manufacturing,1143,1175.2741713094254,-32.274171309425356,0.028236370349453505,1016.9586117688224,0.45427979939496665,mortgages,36,0.9179639397010042,9964,liquid assets,9772.138569219134,0
name567,45,high school or lower,2,0,LowSkilled,Manufacturing,2197,1950.230391705543,246.76960829445693,0.0,1967.2190674777564,0.9441445097670522,auto loans,12,0.7830903318995446,0,none,4261.166281227246,1
name568,34,post graduate degree,1,1,HighSkilled,Engineering,1825,1728.898022492372,96.10197750762791,0.0,1404.2401851813581,0.7413550055978648,auto loans,60,0.7167880589993042,29713,car,33713.4277889542,0
name569,60,bachelor degree,0,0,Unemployed_HighSkilled,Engineering,9866,4688.17278750861,5177.82721249139,0.0,3679.161677487049,0.4624821842675255,auto loans,60,0.0,0,none,31356.185960276813,1
name570,52,high school or lower,0,0,LowSkilled,Transportation,4289,4552.197490311777,-263.1974903117771,0.061365700702209626,3875.803575271512,0.41617770534525245,auto loans,60,0.9650270612224967,0,none,6476.7606997547755,0
name571,65,bachelor degree,0,0,HighSkilled,Finance,19960,21408.85255694415,-1448.8525569441517,0.07258780345411582,13929.236812241974,0.9885826703174457,simple loans,48,0.7704453591776617,34922,car,88778.07590046531,1
name572,64,ausbildung,0,0,MediumSkilled,Electrician,9973,9838.087778431009,134.9122215689913,0.0,2151.242060650562,0.34315223478107343,simple loans,12,0.20217886684864841,20297,car,40952.6917166943,0
name573,35,high school or lower,0,0,LowSkilled,Agriculture,1077,927.1087031123632,149.89129688763683,0.0,983.543474086369,0.8312002018964147,mortgages,60,0.7740503038056937,7671,liquid assets,10828.572938926112,0
name574,35,ausbildung,0,0,MediumSkilled,Nursing,1315,938.8325970025563,376.1674029974437,0.0,736.1087480262246,0.6599083326993742,auto loans,36,0.27371965401428205,13917,liquid assets,16402.07042441972,1
name575,40,post graduate degree,0,0,HighSkilled,Research,2940,1846.8514848159782,1093.1485151840218,0.0,2699.7168042053404,0.9843463462096111,auto loans,60,0.546451798986843,13771,liquid assets,25015.541277448963,0
name576,45,post graduate degree,0,0,HighSkilled,Finance,7011,6336.52748906045,674.4725109395504,0.0,5762.127559263629,0.9585779303093942,mortgages,48,0.7256675293573069,33408,car,38974.5736492364,0
name577,39,high school or lower,1,0,LowSkilled,Manufacturing,1217,963.6178005668481,253.38219943315187,0.0,608.5866726981818,0.2521902180072488,auto loans,24,0.29186891804850446,24204,car,25860.023523218995,0
name578,32,bachelor degree,0,0,Unemployed_HighSkilled,Research,882,907.8302489183839,-25.83024891838386,0.02928599650610415,826.8839077202834,0.30813399823839466,mortgages,24,0.9667960959622078,54306,house,60310.66204066444,0
name579,46,post graduate degree,0,1,HighSkilled,Finance,8474,7664.416188882399,809.5838111176008,0.0,5100.846715794499,0.837783969417335,simple loans,36,0.5064034581870307,51588,house,63759.02786762161,0
name580,33,ausbildung,0,1,MediumSkilled,IT Support,1200,1156.9743608714912,43.02563912850883,0.0,1140.9668947230932,0.5028432828404832,auto loans,12,0.9149510463288203,49963,car,58537.34024834218,0
name581,54,post graduate degree,0,0,HighSkilled,Finance,18175,18639.472475451417,-464.47247545141727,0.025555569488386096,13900.837441630525,0.620566307235243,simple loans,48,0.7903884411049211,65394,house,112936.5591446344,0
name582,32,high school or lower,1,0,LowSkilled,Construction,1027,897.9545922487332,129.0454077512668,0.0,348.7545139745061,0.412795206696238,auto loans,36,0.21393291745203438,23726,car,26676.663672277875,1
name583,45,ausbildung,0,0,MediumSkilled,Artist,3768,3283.772380814906,484.2276191850942,0.0,3626.755481347533,0.27594707906949834,auto loans,48,0.8340042097034074,21838,car,30557.32661356786,1
name584,55,ausbildung,3,1,MediumSkilled,Electrician,9329,7938.580002965277,1390.4199970347227,0.0,7298.901913889943,0.2723164556997535,auto loans,48,0.6333456873035931,10961,liquid assets,30692.98533241364,1
name585,65,post graduate degree,2,0,HighSkilled,Engineering,19967,9619.271763491977,10347.728236508023,0.0,8521.5702521571,0.562983342474171,mortgages,12,0.0,42327,car,109417.2754982174,0
name586,52,ausbildung,0,0,MediumSkilled,Nursing,8484,7109.356959332416,1374.6430406675836,0.0,7451.744444714372,0.42550795569713284,simple loans,60,0.7163014384779335,43202,car,55807.21566173558,0
name587,56,high school or lower,1,0,Unemployed_LowSkilled,Transportation,2393,1466.2315661455275,926.7684338544725,0.0,841.0772018326029,0.9280556520145703,auto loans,36,0.0,0,none,4695.438701602944,0
name588,35,bachelor degree,0,0,HighSkilled,Engineering,1860,1870.2280186960058,-10.228018696005847,0.005498934782798843,1444.0788516742648,0.7388547410442488,auto loans,24,0.7818854141775649,61653,house,71573.91306086894,0
name589,33,post graduate degree,1,0,HighSkilled,Research,1816,1766.691681709735,49.308318290265106,0.0,1728.0693514911984,0.9804911389977372,auto loans,36,0.9244278817185756,27776,car,29246.242015376654,1
name590,52,bachelor degree,0,0,HighSkilled,Finance,16531,16489.902071479206,41.097928520794085,0.0,10776.107935338778,0.2280731140562523,auto loans,12,0.6493866073932602,34577,car,72136.90793363578,0
name591,32,high school or lower,2,2,LowSkilled,Cleaning Services,1028,900.5422285914785,127.45777140852147,0.0,655.7816064876191,0.40062879611180313,mortgages,36,0.5139336917111845,0,none,1675.4883557819026,1
name592,55,high school or lower,0,1,LowSkilled,Construction,4694,3924.028799868776,769.9712001312241,0.0,4095.0057017335184,0.6779252977167044,auto loans,48,0.7083584366430111,0,none,8084.644603161716,1
name593,48,high school or lower,0,0,LowSkilled,Construction,3220,2426.0788641061035,793.9211358938965,0.0,2450.599283506825,0.47122671500253527,auto loans,24,0.5144963191344498,0,none,6765.358523345182,1
name594,53,high school or lower,2,0,LowSkilled,Construction,4476,3178.388680565967,1297.6113194340328,0.0,4357.691511400341,0.35067689311873895,auto loans,48,0.6836640285894344,10610,liquid assets,18950.3940655164,1
name595,51,ausbildung,1,0,MediumSkilled,Artist,7944,5045.648098611402,2898.351901388598,0.0,4248.189812743745,0.4428581057052888,simple loans,36,0.1699191731313126,37729,car,60790.448026826714,0
name596,31,high school or lower,1,1,LowSkilled,Construction,1017,560.4251864641415,456.57481353585854,0.0,875.4418596600315,0.2501897642256557,simple loans,12,0.41186533542199893,0,none,1907.3537406363178,1
name597,64,bachelor degree,0,1,HighSkilled,Research,19929,19986.992414410317,-57.992414410317,0.0029099510467317474,4862.2457940354625,0.362602828354285,mortgages,36,0.24688836411489687,61370,house,124677.49066453286,0
name598,60,ausbildung,0,0,MediumSkilled,IT Support,9875,10347.938846077759,-472.9388460777591,0.047892541374962946,2840.2505525210117,0.5647217180903451,auto loans,36,0.33551285049101476,21935,car,41393.28419071769,0
name599,43,post graduate degree,0,3,HighSkilled,Engineering,4740,3884.2118529462255,855.7881470537745,0.0,2279.715054671016,0.7266069676352243,auto loans,36,0.3004065205943547,35859,car,47166.68630028421,0
name600,30,bachelor degree,1,0,HighSkilled,Finance,1600,1269.575282910704,330.4247170892961,0.0,441.5221864434944,0.33414114897197067,auto loans,12,0.06943591834637391,21621,car,20823.105351034097,0
name601,53,bachelor degree,1,0,HighSkilled,Consultant,17652,14640.260968875811,3011.739031124189,0.0,5643.092451101425,0.5992036635973966,simple loans,60,0.14906828801140015,61095,house,111508.58544366683,1
name602,56,post graduate degree,0,0,HighSkilled,Doctor,19053,9444.812609703078,9608.187390296922,0.0,15247.072610275713,0.385347652748809,mortgages,48,0.29595786595175516,31622,car,95665.57528383512,0
name603,48,high school or lower,0,0,LowSkilled,Manufacturing,3163,2251.176450444091,911.8235495559088,0.0,2276.913166709263,0.527328683666082,simple loans,12,0.43158065670355805,0,none,6000.319486288708,0
name604,53,bachelor degree,1,0,HighSkilled,Engineering,17546,14139.615297213835,3406.384702786165,0.0,13071.063961573029,0.26098113955383273,simple loans,48,0.5508195177696833,53855,house,93419.34197908157,0
name605,38,high school or lower,0,0,LowSkilled,Construction,1157,435.81596394790074,721.1840360520993,0.0,286.4187604202627,0.9731442054945283,simple loans,48,0.0,19554,liquid assets,20529.340833263796,0
name606,31,post graduate degree,1,0,HighSkilled,Engineering,1776,1081.8790048813444,694.1209951186556,0.0,1407.5685284547847,0.5855037372571605,mortgages,36,0.4017159534550276,17537,liquid assets,22358.941025881897,1
name607,53,ausbildung,0,0,MediumSkilled,Electrician,8801,5305.052716974131,3495.947283025869,0.0,5907.143743054362,0.24025140776250242,simple loans,24,0.27396846495040256,20103,car,33701.849513864974,0
name608,62,ausbildung,0,1,MediumSkilled,Electrician,9895,7907.9358387498205,1987.0641612501795,0.0,5474.763224054714,0.6293705686622268,simple loans,24,0.3524708502076336,41066,car,63536.65281713223,0
name609,65,bachelor degree,1,0,HighSkilled,Doctor,20000,23046.829999979196,-3046.829999979196,0.1523414999989598,19732.446038344384,0.9506986426090598,auto loans,36,1.138963801916179,72519,house,114885.8440261485,0
name610,53,bachelor degree,0,1,HighSkilled,Research,17488,9154.524338733048,8333.475661266952,0.0,15780.737091067496,0.3406774820476821,auto loans,60,0.4258498072850266,73487,house,119952.9194350965,0
name611,51,bachelor degree,0,2,HighSkilled,Finance,15779,10052.747293526583,5726.252706473417,0.0,12208.571778716294,0.9529902360957456,auto loans,48,0.41081938476727786,46756,car,94398.13245857356,0
name612,58,ausbildung,0,0,MediumSkilled,IT Support,9811,11082.87668530594,-1271.8766853059406,0.1296378233927164,3733.0249841701184,0.9621516468500695,auto loans,48,0.510131655231481,16330,liquid assets,39371.78475316678,1
name613,31,high school or lower,1,1,LowSkilled,Cleaning Services,1000,1066.4075193872898,-66.40751938728977,0.06640751938728977,432.6721316155058,0.9427606221821323,simple loans,48,0.49907965100279555,0,none,1619.4344644294024,1
name614,41,bachelor degree,1,0,HighSkilled,Doctor,3554,2654.769489688052,899.2305103119479,0.0,2222.414595540248,0.9595462680100474,auto loans,12,0.3723084088993528,24284,car,37327.54755096509,0
name615,62,post graduate degree,0,2,Unemployed_HighSkilled,Research,9918,14256.462906670009,-4338.462906670009,0.4374332432617472,8440.159227727856,0.7553080055799153,mortgages,12,1.2884273174428176,69598,house,94512.92442614562,0
name616,43,post graduate degree,0,0,HighSkilled,Doctor,4772,3896.5920611011693,875.4079388988307,0.0,2054.3018400883916,0.3882813594124978,auto loans,60,0.24704398599948887,46254,car,56993.31390426625,0
name617,30,high school or lower,0,0,LowSkilled,Transportation,1033,925.8226251708404,107.17737482915959,0.0,821.0604904715566,0.2192090463284518,simple loans,12,0.6910775562849922,20029,car,22056.094466519913,0
name618,60,bachelor degree,0,1,HighSkilled,Consultant,19818,13816.252773780023,6001.747226219977,0.0,18399.544060660188,0.3561937365346979,auto loans,36,0.6255826437804123,73275,house,123590.4090352306,0
name619,34,bachelor degree,0,0,HighSkilled,Doctor,1870,2418.924840984808,-548.9248409848078,0.293542695713801,892.866885203311,0.36489322154294035,auto loans,60,0.7710116182824165,61454,house,56795.11575368801,0
name620,51,high school or lower,0,0,LowSkilled,Agriculture,4096,4102.260921913531,-6.260921913531092,0.0015285453890456768,3570.082680448555,0.8499599641060058,auto loans,24,0.8731307622954312,0,none,6050.250424000174,1
name621,62,bachelor degree,0,0,HighSkilled,Engineering,19818,20789.62381135965,-971.6238113596482,0.049027339356123134,15582.843796866444,0.2775240100388074,auto loans,24,0.8353248364227517,44121,car,95638.92039941071,0
name622,33,bachelor degree,1,0,HighSkilled,Research,1600,1826.3799955970744,-226.3799955970744,0.1414874972481715,1106.258783463554,0.701117941129046,auto loans,24,0.8328992369128927,60171,house,74657.79872553001,1
name623,63,high school or lower,0,0,LowSkilled,Construction,4982,4763.128211033105,218.8717889668951,0.0,4788.168127115668,0.27550447094719727,auto loans,48,0.917161047400396,21092,car,32694.039824509517,0
name624,59,bachelor degree,0,0,HighSkilled,Engineering,19520,9682.83872277704,9837.16127722296,0.0,18332.800343563977,0.34344634047775735,mortgages,24,0.4352274111855029,11674,liquid assets,79581.9032387116,0
name625,56,bachelor degree,0,0,HighSkilled,Research,18900,10961.996655539937,7938.003344460063,0.0,13937.76298809123,0.7192123133222101,simple loans,24,0.31744760019212526,44964,car,84686.6018228771,0
name626,49,bachelor degree,2,0,HighSkilled,Research,13046,6428.46106751599,6617.53893248401,0.0,3165.9701155379994,0.7506495836069341,simple loans,12,0.0,51476,house,86073.82304102433,1
name627,42,high school or lower,0,2,Unemployed_LowSkilled,Manufacturing,732,642.5393737975779,89.46062620242208,0.0,519.9376357378404,0.3844781114138607,auto loans,12,0.5880833463598611,19861,liquid assets,21931.399310843157,0
name628,47,ausbildung,1,0,MediumSkilled,Nursing,5232,3396.732259193616,1835.2677408063842,0.0,2483.7640889423546,0.40217447494347663,mortgages,12,0.12394807877216561,22277,car,33176.8456788812,1
name629,33,bachelor degree,0,0,HighSkilled,Research,1892,2050.8242469265883,-158.82424692658833,0.08394516222335535,1653.1156961968663,0.295838629644582,simple loans,48,0.9576849593675765,29130,car,33299.95909442087,1
name630,57,bachelor degree,0,1,HighSkilled,Research,19282,17360.675679872507,1921.3243201274927,0.0,4331.2626598130655,0.7467002031436157,mortgages,36,0.12498383672262073,15304,liquid assets,67963.72628393014,0
name631,52,ausbildung,1,1,MediumSkilled,Teacher,8401,3820.2231475237063,4580.776852476294,0.0,3109.3073977585786,0.21060998285030763,auto loans,24,0.0,44793,car,70184.14694605734,0
name632,33,high school or lower,0,3,Unemployed_LowSkilled,Construction,526,536.1940756067589,-10.194075606758929,0.019380371875967545,129.96971130195524,0.9110605276969634,auto loans,36,0.2664710777732209,0,none,986.3584539683062,1
name633,33,high school or lower,0,0,LowSkilled,Cleaning Services,1065,564.292953760854,500.70704623914605,0.0,884.1939860589642,0.6732888014187763,auto loans,48,0.3600816336336321,6496,liquid assets,8096.713686285923,0
name634,47,high school or lower,0,0,LowSkilled,Agriculture,2818,3160.9913864534974,-342.9913864534974,0.12171447354630852,1532.8417004281503,0.4920057094710682,auto loans,12,0.6656611379991653,13415,liquid assets,15557.038851315308,0
name635,36,ausbildung,0,0,MediumSkilled,Teacher,1404,1286.8136433298191,117.18635667018088,0.0,314.27391980535884,0.3035471638677228,auto loans,24,0.14037575721878773,35545,car,40177.85117771368,0
name636,54,bachelor degree,0,0,HighSkilled,Research,18240,11161.573715093204,7078.426284906796,0.0,10231.321195640992,0.7652038925505711,mortgages,12,0.17285608063235725,16132,liquid assets,76057.61675398484,0
name637,60,high school or lower,1,0,LowSkilled,Transportation,4925,5483.111134530016,-558.111134530016,0.11332205777259208,2680.880638451305,0.4704767619019792,simple loans,60,0.6576633041586438,6637,liquid assets,14080.260727976101,1
name638,34,bachelor degree,0,0,HighSkilled,Engineering,1672,1237.030262964811,434.9697370351889,0.0,1171.7437413797952,0.9809245985332965,auto loans,24,0.44065430881854445,60419,house,69373.83919677806,0
name639,58,ausbildung,0,0,MediumSkilled,Teacher,9698,9274.448984942424,423.55101505757557,0.0,6959.898091656466,0.38874568235452867,auto loans,60,0.6739891809237875,25598,car,52822.451589703946,0
name640,46,bachelor degree,1,1,HighSkilled,Finance,8527,7866.017817845841,660.9821821541591,0.0,7502.256988841537,0.4518282680747342,mortgages,48,0.8023073538978982,26491,car,50485.37884780958,0
name641,46,ausbildung,0,0,MediumSkilled,Teacher,4506,1390.3182143250551,3115.681785674945,0.0,4336.513975725378,0.5276353209739787,simple loans,48,0.27093479583897767,15835,liquid assets,29550.854768474495,0
name642,46,bachelor degree,1,1,HighSkilled,Consultant,8338,7155.9498972762385,1182.0501027237615,0.0,2869.9391363880077,0.5695143844806538,auto loans,36,0.20243332137973688,10239,liquid assets,33857.30438939557,0
name643,63,ausbildung,0,0,MediumSkilled,Artist,9946,10257.645554402548,-311.64555440254844,0.03133375773200769,2734.306575687218,0.8154412834111509,auto loans,36,0.3062489573788223,29127,car,45558.113724311945,0
name644,50,ausbildung,0,0,MediumSkilled,Teacher,7356,5430.198416148313,1925.8015838516867,0.0,6427.557110414698,0.8436603036723473,auto loans,48,0.6119841661994306,23774,car,41180.25269676257,0
name645,63,ausbildung,0,0,MediumSkilled,Teacher,9937,6770.692249435229,3166.3077505647707,0.0,7117.52480095757,0.42411362347849485,mortgages,24,0.3976267535868772,46915,car,60358.36899324889,0
name646,63,bachelor degree,0,0,HighSkilled,Consultant,19852,7409.313071729521,12442.68692827048,0.0,6606.134820621744,0.7723220536161494,auto loans,24,0.0,58678,house,140558.33074345897,0
name647,52,high school or lower,1,1,LowSkilled,Cleaning Services,4264,4093.3786802982872,170.62131970171276,0.0,4226.064694000362,0.6835698924956571,auto loans,24,0.9510889714584073,8379,liquid assets,15490.415595653714,0
name648,55,ausbildung,1,0,Unemployed_MediumSkilled,Teacher,4705,6267.429778810931,-1562.4297788109307,0.3320785927334603,2131.075827242607,0.24957967493436362,auto loans,60,0.7850171319986264,18583,liquid assets,25921.969821429215,1
name649,40,high school or lower,0,0,LowSkilled,Cleaning Services,1282,1028.3119417150465,253.6880582849535,0.0,926.4677206146383,0.7935032729007645,auto loans,60,0.5247891281822814,15347,liquid assets,17544.66948307266,0
name650,65,high school or lower,0,0,LowSkilled,Cleaning Services,4958,3280.543978260341,1677.4560217396588,0.0,3480.1682426717484,0.5979347272830041,auto loans,60,0.3635966560976381,0,none,10580.444122146178,0
name651,60,bachelor degree,0,0,HighSkilled,Engineering,19758,19507.08290928084,250.9170907191583,0.0,11953.478930477191,0.9776045385306479,auto loans,24,0.5922948597913773,67556,house,111190.85473132825,0
name652,36,high school or lower,0,0,LowSkilled,Manufacturing,1080,789.4778069572096,290.5221930427904,0.0,691.8097939757454,0.3592477329249391,mortgages,24,0.3715625934564398,0,none,2178.9216065018095,0
name653,45,ausbildung,0,1,MediumSkilled,Nursing,3849,3000.2955594780574,848.7044405219426,0.0,2144.880505962768,0.9431199298655168,simple loans,48,0.33675657714752544,43885,car,62005.05132917474,1
name654,44,ausbildung,1,0,MediumSkilled,Electrician,3291,1649.5868007349377,1641.4131992650623,0.0,1753.17099600678,0.6437101843278259,simple loans,60,0.03395861341285858,41596,car,50071.41285827235,1
name655,33,ausbildung,0,1,Unemployed_MediumSkilled,Teacher,617,496.5125359271479,120.4874640728521,0.0,174.87605512283406,0.9479737570154914,simple loans,24,0.0881500665315753,27741,car,24358.598220725835,1
name656,58,high school or lower,0,0,LowSkilled,Cleaning Services,4889,3888.685437981744,1000.3145620182559,0.0,2658.8045667915544,0.5828596941396236,auto loans,36,0.33922888213812613,13972,liquid assets,20200.830771530604,0
name657,59,bachelor degree,0,1,Unemployed_HighSkilled,Finance,9812,9799.06047906905,12.939520930949584,0.0,2972.760483595352,0.2994485629075964,auto loans,24,0.3016531759747658,59868,house,91677.76907867196,0
name658,35,ausbildung,0,0,MediumSkilled,IT Support,1313,938.771997706654,374.228002293346,0.0,638.2523576951971,0.5920009352279523,simple loans,36,0.20108480990239996,34493,car,30219.82032378847,0
name659,42,bachelor degree,2,0,HighSkilled,Finance,4027,3339.1659420145998,687.8340579854002,0.0,3554.271038379612,0.9952836894459403,simple loans,48,0.7118045642895982,20127,car,39467.401903488135,0
name660,34,high school or lower,1,1,LowSkilled,Manufacturing,1000,827.3492503189177,172.6507496810823,0.0,206.83499455279207,0.2719949316007007,auto loans,24,0.034184244871709776,5835,liquid assets,7632.716716549588,0
name661,41,bachelor degree,1,0,Unemployed_HighSkilled,Doctor,1716,1163.2613943240272,552.7386056759728,0.0,1367.5232590646115,0.4964820745694624,auto loans,60,0.47481623157846076,58828,house,64333.312217567494,1
name662,39,bachelor degree,0,0,HighSkilled,Engineering,2619,2678.8653755262962,-59.86537552629625,0.022858104439212008,1072.4198048528865,0.822078046437995,auto loans,24,0.43233492950713354,37992,car,52207.51336240571,0
name663,40,bachelor degree,0,2,HighSkilled,Engineering,3040,3085.75878390533,-45.75878390532989,0.015052231547805885,2071.8643682953557,0.2973326870802134,simple loans,36,0.6965865632239098,62544,house,66081.57740664808,0
name664,62,bachelor degree,0,1,HighSkilled,Consultant,19791,26068.06987604463,-6277.0698760446285,0.3171678983398832,12790.559746468893,0.8401211846138861,auto loans,12,0.9634495287005974,67249,house,99838.51229459993,0
name665,54,high school or lower,2,3,LowSkilled,Manufacturing,4614,2955.283584233597,1658.7164157664029,0.0,1371.1977161638076,0.6937282000908691,simple loans,48,0.0,0,none,9307.109238216732,1
name666,43,high school or lower,0,1,LowSkilled,Cleaning Services,1719,996.3037054221589,722.6962945778411,0.0,1513.4441870767316,0.577886010731713,simple loans,48,0.4600045913315245,11377,liquid assets,12760.973912065267,0
name667,43,high school or lower,0,0,LowSkilled,Agriculture,1721,661.3043193066211,1059.695680693379,0.0,935.5776626027949,0.4991039490224234,auto loans,48,0.0,11766,liquid assets,12987.958756167884,0
name668,61,high school or lower,0,0,LowSkilled,Construction,4926,4578.859410186245,347.14058981375456,0.0,3399.0732097540604,0.36278617795785845,auto loans,36,0.6195559520788279,6656,liquid assets,14197.277815100419,1
name669,57,bachelor degree,1,0,HighSkilled,Consultant,19376,20191.39487080055,-815.3948708005482,0.04208272454585819,15937.862438739647,0.26670940760141715,mortgages,12,0.8646396216732141,77372,house,134258.75511810664,1
name670,58,bachelor degree,0,0,HighSkilled,Doctor,19488,19249.76070014256,238.23929985743962,0.0,13850.267320976987,0.5476278249775866,auto loans,12,0.6984825544498947,28295,car,61171.52593317218,0
name671,60,high school or lower,1,1,LowSkilled,Cleaning Services,4944,2890.349962673732,2053.650037326268,0.0,1263.375648094843,0.26627301710196855,auto loans,36,0.0,0,none,9674.338290045225,0
name672,65,ausbildung,0,1,MediumSkilled,IT Support,9944,11805.04386771275,-1861.0438677127495,0.18715244043772622,6651.474040525071,0.41331772015464435,simple loans,24,0.8560456464438676,33234,car,51229.597472755915,0
name673,44,high school or lower,1,0,LowSkilled,Transportation,1953,2167.327295061053,-214.32729506105306,0.10974259859756941,1822.3065896147646,0.883430740194327,auto loans,36,1.042823289644556,0,none,3158.583669699909,1
name674,50,bachelor degree,0,1,HighSkilled,Consultant,14521,16851.82429284636,-2330.8242928463587,0.16051403435344389,13871.594690512335,0.2300231115964362,simple loans,48,1.1157922307939325,21462,car,61293.91404149278,0
name675,63,high school or lower,1,1,LowSkilled,Manufacturing,4985,3366.8573385051486,1618.1426614948514,0.0,2962.7953589998665,0.5787535829992034,mortgages,24,0.269739758777335,0,none,10087.96953070831,0
name676,59,high school or lower,1,0,LowSkilled,Cleaning Services,4961,3459.813566009194,1501.186433990806,0.0,2388.31148623564,0.24177676395746886,auto loans,24,0.17881980492740052,0,none,8442.240380042633,1
name677,53,high school or lower,0,2,LowSkilled,Transportation,4515,4513.839027885898,1.160972114102151,0.0,4201.410807019826,0.40278331551414404,auto loans,48,0.9302878925594074,23877,car,28404.420514960122,1
name678,37,ausbildung,0,1,MediumSkilled,Electrician,1480,1504.058384656317,-24.058384656317003,0.0162556653083223,374.88453904386535,0.8358744750865043,auto loans,36,0.26955602952715024,19042,liquid assets,22981.707945872204,0
name679,41,ausbildung,1,2,MediumSkilled,Teacher,2080,2121.058515612118,-41.058515612117844,0.01973967096736435,1908.880752823092,0.8596068605491763,auto loans,36,0.9374708021323125,0,none,4498.572065639405,1
name680,55,bachelor degree,1,3,HighSkilled,Finance,18578,14178.11814830865,4399.881851691351,0.0,11956.63243511188,0.6095640319613423,mortgages,48,0.40675802472927813,53464,house,98752.68263082497,0
name681,30,ausbildung,0,0,MediumSkilled,Electrician,1200,788.0995100864028,411.9004899135972,0.0,1090.9007438929832,0.9537078147182103,auto loans,12,0.5658335449828217,41323,car,43734.27690349401,0
name682,64,high school or lower,1,1,LowSkilled,Agriculture,4976,6466.416894642459,-1490.4168946424588,0.29952108011303435,1364.3937337196232,0.6188864156675171,auto loans,24,0.5737159622914152,6199,liquid assets,14269.156577817914,0
name683,58,bachelor degree,0,1,HighSkilled,Research,19607,22902.281426363897,-3295.2814263638975,0.1680665796074819,12631.698779175713,0.9657291234360545,auto loans,48,0.8123109198520738,11926,liquid assets,54061.315586754696,1
name684,31,high school or lower,0,1,LowSkilled,Agriculture,1013,615.677028483129,397.322971516871,0.0,301.8200402634281,0.9268033238329416,mortgages,48,0.0,10142,liquid assets,12136.975500391763,0
name685,41,bachelor degree,0,1,HighSkilled,Engineering,3449,2457.014690034874,991.9853099651259,0.0,2615.26783472975,0.824953859549945,auto loans,24,0.4706530950317844,43968,car,57381.04235696958,0
name686,62,bachelor degree,1,0,HighSkilled,Research,19878,17965.12958520963,1912.87041479037,0.0,18518.269760198567,0.29618421705124587,mortgages,36,0.835365698028383,64429,house,99646.13196799524,0
name687,59,high school or lower,0,1,LowSkilled,Agriculture,4906,5156.61753162701,-250.61753162701007,0.05108388333204445,4213.994646777707,0.621107386398632,auto loans,48,0.9100310188350422,24968,car,32011.111318273848,1
name688,54,high school or lower,1,0,LowSkilled,Agriculture,4632,3142.583404837513,1489.4165951624868,0.0,2530.4243169025813,0.20174920954264197,auto loans,36,0.22474259968482177,7543,liquid assets,17812.864552769635,0
name689,65,bachelor degree,0,0,HighSkilled,Research,19817,18426.462905110522,1390.5370948894779,0.0,6229.173402064268,0.47381509840944736,auto loans,48,0.24416593365165212,0,none,55679.85579035578,0
name690,61,bachelor degree,2,0,HighSkilled,Doctor,19891,9234.12144806149,10656.87855193851,0.0,7064.301926605544,0.6054743104798124,auto loans,24,0.0,0,none,64685.631490438966,1
name691,39,high school or lower,1,2,LowSkilled,Construction,1184,1237.0650948891835,-53.065094889183456,0.044818492305053595,424.180553902922,0.46280139518367647,simple loans,12,0.4030790952636026,21792,car,21145.60291261882,0
name692,56,high school or lower,1,0,LowSkilled,Manufacturing,4797,2916.826646275669,1880.1733537243308,0.0,2048.250373303316,0.7889814809040236,auto loans,48,0.03503794446090996,15721,liquid assets,25220.497372177917,0
name693,64,high school or lower,0,0,LowSkilled,Construction,4966,4584.746791503915,381.2532084960849,0.0,3214.289561479123,0.7254556879622477,auto loans,48,0.5704865793360931,0,none,7016.610522402806,0
name694,55,ausbildung,2,1,MediumSkilled,Artist,9361,9000.82590432754,360.1740956724607,0.0,7672.09723660994,0.596775013978186,auto loans,36,0.7811049183781091,16991,liquid assets,34772.165116891236,0
name695,64,post graduate degree,0,1,HighSkilled,Research,19948,15905.091283132215,4042.908716867785,0.0,12990.544254746681,0.7024476557421961,mortgages,60,0.4485480016983605,14527,liquid assets,63478.171180552235,0
name696,55,ausbildung,1,0,MediumSkilled,IT Support,9374,6553.324312286673,2820.6756877133266,0.0,1909.0934658181181,0.8650888082447934,simple loans,24,0.0,13975,liquid assets,36698.27061739802,1
name697,63,bachelor degree,0,0,HighSkilled,Engineering,19795,26676.296636019382,-6881.296636019382,0.3476280189956748,16696.06020273194,0.8246413262176672,auto loans,24,1.1910763747790514,36629,car,76806.66930627216,0
name698,46,high school or lower,0,1,LowSkilled,Transportation,2493,3222.194187563458,-729.194187563458,0.29249666568931326,1486.5045874118373,0.3351697527316595,auto loans,24,0.8887680605596852,10102,liquid assets,13670.326876487667,0
name699,33,bachelor degree,0,0,HighSkilled,Consultant,1622,1121.3437804827588,500.6562195172412,0.0,1014.2661865067798,0.4506340516336895,auto loans,48,0.31665226078269954,67003,house,68053.24256477691,0
name700,52,bachelor degree,0,0,HighSkilled,Engineering,16643,7823.656709077966,8819.343290922034,0.0,9024.95275611864,0.4316945430278876,auto loans,48,0.012354110749060076,75184,house,128464.82559138883,0
name701,48,bachelor degree,0,0,HighSkilled,Finance,11623,6827.796413861337,4795.203586138663,0.0,6733.627602198354,0.6745235723316008,auto loans,60,0.16677484436545564,74457,house,105523.11280929344,0
name702,65,ausbildung,0,0,MediumSkilled,Electrician,9986,7320.269477224717,2665.730522775283,0.0,6890.851831813571,0.28966845367141714,simple loans,12,0.42310447717186944,30863,car,53195.566182233124,0
name703,53,ausbildung,1,1,MediumSkilled,Electrician,8882,7386.043337858767,1495.9566621412332,0.0,7631.476014714995,0.898595652195539,simple loans,24,0.6907812826586086,16241,liquid assets,31994.65255875388,0
name704,45,ausbildung,1,0,Unemployed_MediumSkilled,Teacher,1928,1079.029665210067,848.9703347899331,0.0,1898.4671312942128,0.6643178294679692,mortgages,48,0.5443448114648753,22960,car,28812.97763670841,0
name705,61,high school or lower,0,1,LowSkilled,Construction,4981,5311.488240346007,-330.48824034600693,0.06634977722264744,2960.555122046557,0.9102518543183091,auto loans,48,0.660719406222157,0,none,7092.037704000123,1
name706,31,ausbildung,2,4,MediumSkilled,Teacher,1225,1393.2443917968574,-168.24439179685737,0.13734236065049582,587.9583855593385,0.2317501242674049,simple loans,48,0.6173083896785272,37736,car,39932.28924463433,0
name707,31,high school or lower,0,3,LowSkilled,Transportation,1000,939.5798010933967,60.42019890660333,0.0,573.50554668546,0.2915531327511267,auto loans,24,0.5130853477788566,0,none,1847.1245198706606,1
name708,45,ausbildung,0,0,MediumSkilled,Teacher,3840,3862.2214141551817,-22.22141415518172,0.005786826602911906,2023.7544123174348,0.5362084395985036,mortgages,12,0.5328062048105772,38982,car,50787.00970272524,0
name709,32,ausbildung,1,0,MediumSkilled,Artist,1215,860.5055045047058,354.49449549529425,0.0,353.8004288367097,0.6916375685964316,simple loans,12,0.0,37903,car,38952.65674568211,1
name710,61,ausbildung,0,1,MediumSkilled,IT Support,9795,8681.73488162855,1113.2651183714497,0.0,3533.6122432543534,0.3080868666434916,auto loans,12,0.24710026798191972,18107,liquid assets,39231.205565747776,0
name711,59,bachelor degree,0,1,HighSkilled,Engineering,19503,17199.31682336901,2303.6831766309915,0.0,7788.7786320451205,0.7217421848809493,auto loans,24,0.2812436781733133,0,none,42307.67766508697,0
name712,35,high school or lower,1,1,LowSkilled,Agriculture,1058,872.2368215372362,185.7631784627638,0.0,615.5288024444704,0.7814333555959039,mortgages,48,0.40620569374452425,6597,liquid assets,8541.7006022033,1
name713,60,bachelor degree,0,1,Unemployed_HighSkilled,Consultant,9891,7886.89933306975,2004.1006669302496,0.0,6439.1929097074235,0.6431586633573163,mortgages,24,0.4483967488400742,23147,car,45876.82588988149,0
name714,44,bachelor degree,0,0,Unemployed_HighSkilled,Doctor,2960,2633.4217503924583,326.5782496075417,0.0,1248.1006613737623,0.7958438132082074,auto loans,12,0.31132513911020965,22166,car,31063.000918253976,0
name715,48,high school or lower,1,0,LowSkilled,Cleaning Services,3175,1754.1772009755266,1420.8227990244734,0.0,1740.0800731613756,0.2606661061006434,auto loans,48,0.10055347216910306,21705,car,30609.469068087634,1
name716,46,ausbildung,0,0,MediumSkilled,Nursing,4465,3178.079867477473,1286.9201325225272,0.0,1482.6998350733365,0.583839753357551,auto loans,36,0.0438476377493414,15660,liquid assets,22491.74083257702,0
name717,56,high school or lower,0,0,LowSkilled,Construction,4825,4134.8134360517,690.1865639483003,0.0,4642.322981103783,0.6315263495819221,auto loans,48,0.8190956304985456,20601,car,27351.119625787065,0
name718,65,bachelor degree,0,0,HighSkilled,Engineering,19945,17337.481066561242,2607.518933438758,0.0,10259.552144046482,0.7046239742506091,auto loans,24,0.3836567165007633,53719,house,115227.21851768145,1
name719,49,bachelor degree,0,2,HighSkilled,Consultant,13115,14107.411694233399,-992.4116942333985,0.07566997287330526,5000.110177042316,0.7059036084395425,simple loans,48,0.45692122541179675,50985,house,95086.29442711362,1
name720,55,bachelor degree,0,0,HighSkilled,Research,18834,10976.62416444854,7857.37583555146,0.0,13633.104779648918,0.28463714290399295,mortgages,48,0.30666501773906013,26861,car,63172.320373246075,0
name721,51,high school or lower,1,0,LowSkilled,Construction,4057,2907.584655850246,1149.4153441497542,0.0,2359.5299192762936,0.8772842229210136,simple loans,36,0.2982781797206161,17644,liquid assets,24906.402053115467,0
name722,60,ausbildung,0,2,MediumSkilled,Artist,9871,11808.404708305903,-1937.4047083059031,0.19627238459182486,3087.4787908373696,0.2834520736946937,simple loans,24,0.5090551614976468,45685,car,71191.16282401046,0
name723,57,bachelor degree,2,4,HighSkilled,Research,19407,14231.46410595499,5175.53589404501,0.0,6118.494456394163,0.39940021437644874,mortgages,60,0.04858857949962143,33704,car,91106.19816322466,1
name724,49,ausbildung,1,0,MediumSkilled,Teacher,6736,7994.992892894019,-1258.992892894019,0.18690512067904083,2443.8274346312774,0.5021869346975816,auto loans,24,0.5497061056302399,48784,car,64703.3482140351,0
name725,61,high school or lower,0,0,LowSkilled,Cleaning Services,4948,2400.058063065904,2547.941936934096,0.0,2435.5895307015835,0.299795043526661,auto loans,48,0.0,19453,liquid assets,29938.166008315296,0
name726,56,ausbildung,2,2,MediumSkilled,Artist,9592,7706.382026550541,1885.617973449459,0.0,4060.1517041564216,0.8764185394699118,mortgages,24,0.22670284932307783,29013,car,61082.06744892679,1
name727,36,high school or lower,1,0,LowSkilled,Agriculture,1082,530.7812116941949,551.2187883058051,0.0,326.5632303513169,0.6610123693955064,simple loans,24,0.0,0,none,2356.1976096064445,1
name728,56,post graduate degree,1,0,HighSkilled,Doctor,18959,14636.101345112233,4322.898654887767,0.0,8894.900710538383,0.971017945373293,simple loans,12,0.24115206791764413,63547,house,111675.95145437855,1
name729,40,bachelor degree,2,0,HighSkilled,Research,2929,1598.723620540049,1330.276379459951,0.0,1398.3053809342064,0.5785520733404608,auto loans,36,0.023226016208349416,28299,car,44167.915111509516,1
name730,44,bachelor degree,1,0,HighSkilled,Engineering,5688,5398.108640421295,289.8913595787053,0.0,5256.956970078105,0.4915335809626763,simple loans,48,0.8732534476968002,0,none,16463.216792888044,0
name731,46,post graduate degree,0,2,HighSkilled,Engineering,8544,8101.306438793138,442.6935612068619,0.0,6585.0123089290855,0.6273080850142496,auto loans,12,0.7189043478139306,42594,car,52394.39184874835,0
name732,55,bachelor degree,0,0,HighSkilled,Research,18586,14869.494401526954,3716.505598473046,0.0,8470.177197663064,0.8147712421960873,auto loans,12,0.255766254126225,11353,liquid assets,64007.41028725696,0
name733,38,high school or lower,2,0,Unemployed_LowSkilled,Agriculture,576,517.8449472739965,58.15505272600353,0.0,263.8414870342725,0.7941993051163809,auto loans,24,0.35709450400741144,0,none,922.4396933228194,1
name734,50,ausbildung,0,0,MediumSkilled,Teacher,7321,5645.204383400336,1675.7956165996638,0.0,7132.834401586686,0.7469977802209766,simple loans,24,0.7453952718190168,0,none,14373.613526084233,0
name735,30,high school or lower,0,1,LowSkilled,Construction,1024,945.1068869033232,78.89311309667676,0.0,749.8098076042312,0.8420361829841209,mortgages,36,0.6551920844800336,0,none,1505.7001934485002,0
name736,63,high school or lower,0,0,LowSkilled,Agriculture,4962,2550.711453087884,2411.288546912116,0.0,3532.395745184512,0.43277282801699535,auto loans,48,0.22593857280781865,6742,liquid assets,15751.461039541688,0
name737,50,high school or lower,0,1,LowSkilled,Agriculture,3816,3128.8130008315593,687.1869991684407,0.0,1669.340696757029,0.8505129046450988,simple loans,12,0.2573778033513072,0,none,6953.993380921866,0
name738,42,ausbildung,2,1,MediumSkilled,Teacher,2362,1383.058031049095,978.941968950905,0.0,1319.3032412966456,0.36269687800460815,simple loans,48,0.14409876051894185,11789,liquid assets,18486.543267737445,0
name739,47,high school or lower,0,0,LowSkilled,Agriculture,2833,1053.9236633501484,1779.0763366498516,0.0,1555.9954713902528,0.8692471870425592,auto loans,12,0.0,6035,liquid assets,12145.06592330237,0
name740,57,post graduate degree,0,0,HighSkilled,Consultant,19226,19903.967955302876,-677.9679553028764,0.03526307891932156,9111.038103871704,0.7711761127637249,simple loans,60,0.509154585414261,12835,liquid assets,54881.94615808598,1
name741,30,high school or lower,0,1,LowSkilled,Construction,1000,649.2065041215191,350.79349587848094,0.0,231.6714583183432,0.5142353244660832,mortgages,12,0.0,0,none,2108.0111205043827,1
name742,63,bachelor degree,0,0,HighSkilled,Finance,19949,22145.86027919399,-2196.8602791939884,0.11012382972549944,18145.237520195315,0.5872040282342753,auto loans,12,1.0197051380715476,35814,car,92712.8082718954,0
name743,45,bachelor degree,0,0,HighSkilled,Engineering,6989,7159.521997434935,-170.52199743493475,0.02439862604591998,3863.735551801235,0.6448819287833698,mortgages,60,0.5772295820913106,45185,car,55321.73027292318,1
name744,41,high school or lower,0,0,LowSkilled,Agriculture,1398,685.1958226889399,712.8041773110601,0.0,1052.707025334206,0.6723644889818912,auto loans,24,0.24313508442285114,22970,car,26867.76065637423,0
name745,32,high school or lower,2,2,LowSkilled,Transportation,1043,847.1988215796147,195.80117842038533,0.0,210.7458942183751,0.6353902107239237,simple loans,12,0.014328586575253856,15814,liquid assets,16928.469075292753,1
name746,55,post graduate degree,0,1,HighSkilled,Research,18772,25905.394631421685,-7133.394631421685,0.3800018448445389,12909.048207948154,0.31837015868721324,mortgages,12,1.0676775431158023,52224,house,84688.93297553391,1
name747,52,ausbildung,0,0,MediumSkilled,IT Support,8476,8592.761896074677,-116.76189607467677,0.01377558943778631,5760.2052573702995,0.2553924111822209,auto loans,12,0.6933656386792091,33093,car,37567.715875696056,1
name748,50,bachelor degree,3,0,Unemployed_HighSkilled,Research,7254,7232.0247641367005,21.97523586329953,0.0,6920.399178149495,0.2906289771901007,simple loans,36,0.9509820708969114,79594,house,90816.29503526309,1
name749,57,ausbildung,1,1,MediumSkilled,Nursing,9673,6894.900235347759,2778.099764652241,0.0,5679.372056985088,0.629677195760536,auto loans,24,0.29993510724003386,0,none,19540.761353393493,0
name750,41,high school or lower,2,0,LowSkilled,Manufacturing,1379,958.6113528407873,420.3886471592127,0.0,1192.3931545937514,0.4092131348623649,mortgages,36,0.5598292294666706,19574,liquid assets,23432.025227655067,1
name751,48,post graduate degree,0,0,HighSkilled,Research,11554,5266.722648759059,6287.277351240941,0.0,10120.509617535557,0.5864469261655001,auto loans,60,0.33176668394448816,14104,liquid assets,44933.47585111931,0
name752,56,bachelor degree,0,0,HighSkilled,Engineering,19006,8763.148557195758,10242.851442804242,0.0,16558.958771725294,0.7475773435462278,simple loans,12,0.3323217578091683,0,none,53318.41979591603,0
name753,47,ausbildung,0,0,MediumSkilled,Teacher,5280,2902.3603008962127,2377.6396991037873,0.0,2463.2426826849833,0.2930379771545228,auto loans,12,0.01621268628431742,27154,car,40688.393929266975,0
name754,37,bachelor degree,1,1,Unemployed_HighSkilled,Finance,1035,798.5945857434224,236.40541425657761,0.0,290.4199347859464,0.2871478372396709,simple loans,12,0.052187942540452927,11241,liquid assets,15082.889073142445,1
name755,57,ausbildung,1,0,MediumSkilled,Artist,9689,7813.861190782012,1875.1388092179877,0.0,3835.343663059792,0.8222272904747783,auto loans,48,0.20231240105705484,0,none,19838.405361021632,1
name756,39,high school or lower,0,1,LowSkilled,Agriculture,1180,978.3645168465738,201.6354831534262,0.0,348.1641336841438,0.7586010598765123,simple loans,24,0.12417682248365897,0,none,1946.5329144270906,0
name757,33,high school or lower,0,1,LowSkilled,Cleaning Services,1038,731.9912313242725,306.00876867572754,0.0,299.53432891066643,0.25678191757011704,mortgages,36,0.0,7638,liquid assets,9566.641330186643,0
name758,49,high school or lower,0,0,LowSkilled,Construction,3487,3556.817101355888,-69.8171013558881,0.02002211108571497,2799.0447522716663,0.8594545825971149,auto loans,12,0.82273067210426,5798,liquid assets,9769.439132305455,0
name759,65,bachelor degree,0,0,HighSkilled,Engineering,19934,15377.39951615997,4556.6004838400295,0.0,16376.51794668719,0.9437082638153859,simple loans,48,0.5929526167777246,0,none,49447.18670997096,0
name760,39,high school or lower,0,0,LowSkilled,Agriculture,1213,951.541835784491,261.458164215509,0.0,535.6173009581366,0.34848786735073956,auto loans,48,0.22601742517941273,0,none,2242.210421431093,0
name761,32,post graduate degree,0,0,HighSkilled,Finance,1781,797.3460617033514,983.6539382966486,0.0,1562.0954815750156,0.24079318993265542,mortgages,48,0.32478469583288433,17836,liquid assets,21086.032671434517,0
name762,55,high school or lower,0,1,LowSkilled,Agriculture,4740,2600.741733179796,2139.258266820204,0.0,3230.916683481439,0.6730628057136304,auto loans,24,0.23030768283992303,8077,liquid assets,18840.635680901894,0
name763,54,high school or lower,1,0,LowSkilled,Agriculture,4626,3175.755932202487,1450.2440677975128,0.0,2205.4666001175765,0.9333057578917429,auto loans,60,0.1632560597319636,0,none,7502.430836559895,1
name764,60,ausbildung,1,0,MediumSkilled,Nursing,9914,8759.846309639013,1154.1536903609867,0.0,3501.4196699845015,0.7268846913469622,auto loans,24,0.2367627576783856,49498,car,68600.9074386962,1
name765,55,bachelor degree,2,0,HighSkilled,Finance,18732,7963.666243399185,10768.333756600816,0.0,4085.9789381953706,0.8823972078352795,auto loans,36,0.0,50886,house,124496.63355198191,1
name766,48,bachelor degree,2,0,HighSkilled,Finance,11557,11834.780823209541,-277.78082320954127,0.024035720620363524,9806.740760339935,0.4634873365768366,mortgages,12,0.8725899094531,22102,car,47711.3800854449,0
name767,38,ausbildung,0,0,Unemployed_MediumSkilled,Teacher,770,835.1712505576351,-65.17125055763506,0.08463798773718839,731.4392943736188,0.8163866392865975,auto loans,24,1.0345591492613688,40980,car,47259.842224615975,1
name768,45,ausbildung,0,1,MediumSkilled,Nursing,3794,3230.3971263171397,563.6028736828603,0.0,2284.9871490732953,0.4637682011001488,simple loans,48,0.4537122497075475,11618,liquid assets,19351.031033716034,0
name769,41,high school or lower,2,1,LowSkilled,Transportation,1357,1668.458114008957,-311.45811400895695,0.22951961238685112,910.8325500857627,0.250095781945627,auto loans,24,0.9007300398634632,19666,liquid assets,24548.16950027634,0
name770,51,bachelor degree,0,0,HighSkilled,Engineering,15718,20765.52708500791,-5047.5270850079105,0.3211303655050204,3994.859711354716,0.3392004312293491,auto loans,36,0.5752886369997854,48889,car,76987.2138775079,0
name771,39,high school or lower,1,1,Unemployed_LowSkilled,Transportation,600,731.3051336332361,-131.3051336332361,0.21884188938872684,181.15980458043614,0.5017978836445205,auto loans,24,0.520774897022787,0,none,861.4332269725613,1
name772,45,bachelor degree,0,0,HighSkilled,Finance,7103,2302.284609487297,4800.715390512703,0.0,3927.5049566970442,0.34972943511881904,simple loans,24,0.0,29275,car,54880.515732713495,0
name773,42,ausbildung,1,0,Unemployed_MediumSkilled,Artist,1154,981.1889460335768,172.81105396642317,0.0,506.9321529314068,0.27562641396893134,auto loans,48,0.28953301470102566,25621,car,26587.085653218513,1
name774,61,ausbildung,0,2,MediumSkilled,Teacher,9832,10256.450189258061,-424.4501892580611,0.04317027962348058,8334.804059831533,0.8674450988528561,auto loans,36,0.8908924175233517,43797,car,59675.96555487006,0
name775,35,post graduate degree,0,0,HighSkilled,Doctor,1827,1369.6300951922176,457.3699048077824,0.0,492.07790472401194,0.5993037714728515,auto loans,48,0.018997263227273967,71505,house,75800.68039775637,0
name776,35,ausbildung,0,0,MediumSkilled,Nursing,1329,703.3254836188327,625.6745163811673,0.0,368.9828207446365,0.4737954237605269,mortgages,48,0.0,20563,car,24018.509535946123,0
name777,46,high school or lower,1,0,LowSkilled,Cleaning Services,2476,2611.9641546355533,-135.9641546355533,0.05491282497397145,1471.231619567482,0.3536223287407605,auto loans,24,0.6491097634099496,18132,liquid assets,23479.160189522794,0
name778,58,ausbildung,0,1,Unemployed_MediumSkilled,Teacher,4889,2396.529716890382,2492.470283109618,0.0,2860.2767047403013,0.2836465329445695,auto loans,24,0.07523142189214224,11487,liquid assets,27598.453549957103,0
name779,59,bachelor degree,0,0,HighSkilled,Finance,19709,6903.907344659821,12805.092655340179,0.0,4743.063523318455,0.4651055054690622,auto loans,60,0.0,29597,car,88496.27376825096,0
name780,55,ausbildung,0,0,MediumSkilled,Electrician,9330,4820.942602060767,4509.057397939233,0.0,7497.2699927060385,0.8448275328292356,auto loans,24,0.3202800208753275,49668,car,70700.50948942886,0
name781,59,post graduate degree,0,2,HighSkilled,Research,19521,17340.858910733798,2180.1410892662025,0.0,4685.221997412653,0.3361443133320198,mortgages,24,0.1283274887632012,62313,house,109166.89255213954,0
name782,38,ausbildung,0,4,MediumSkilled,Artist,1516,1764.6566308371357,-248.6566308371357,0.16402152429890218,901.2908671706213,0.7407092253561436,mortgages,36,0.7585405659681775,24910,car,25740.894164512625,1
name783,37,bachelor degree,2,2,HighSkilled,Engineering,2176,1723.0704722697462,452.92952773025377,0.0,1251.339013475716,0.958240261470274,auto loans,12,0.36691612396390727,55645,house,57414.58077793106,1
name784,31,ausbildung,0,0,MediumSkilled,Teacher,1200,1065.393984262383,134.6060157376171,0.0,581.1108566805841,0.8593262429688392,mortgages,36,0.3720873674524725,34580,car,30660.860478233935,0
name785,65,ausbildung,0,0,MediumSkilled,IT Support,10000,5960.579227429632,4039.420772570368,0.0,2041.7034523062612,0.7127688456779209,mortgages,48,0.0,35459,car,59723.52610203667,0
name786,41,high school or lower,0,1,LowSkilled,Construction,1378,1778.1482018588738,-400.1482018588738,0.29038331049265154,436.7163177654658,0.6593744059070874,mortgages,24,0.6073037152571406,0,none,1862.5290128000056,1
name787,34,ausbildung,2,0,MediumSkilled,Teacher,1393,946.2683384745482,446.73166152545184,0.0,280.32150585383374,0.8654467562920012,simple loans,60,0.0,27954,car,32401.748729407103,1
name788,61,high school or lower,1,0,LowSkilled,Agriculture,4988,4383.993520110313,604.0064798896874,0.0,2420.83794013082,0.5095454020414119,simple loans,48,0.3642404691742447,0,none,7374.513754825336,0
name789,51,ausbildung,0,0,MediumSkilled,Nursing,7982,7110.535421762626,871.4645782373736,0.0,1790.3683874616263,0.6065237852758623,simple loans,24,0.11512200065450422,39928,car,64554.78341802778,1
name790,43,bachelor degree,0,0,HighSkilled,Consultant,4875,4902.676398070372,-27.67639807037176,0.005677209860589079,1531.6130063137618,0.33898913879307974,auto loans,24,0.31985423679674535,35274,car,44801.73994315225,0
name791,55,bachelor degree,0,0,HighSkilled,Finance,18694,12350.077292251643,6343.922707748357,0.0,5173.301790435101,0.6417217118542948,auto loans,48,0.0,72085,house,121020.88837178184,0
name792,64,ausbildung,1,1,MediumSkilled,Nursing,10000,5147.643076333929,4852.356923666071,0.0,6204.29391073231,0.3452585868512704,auto loans,12,0.13519369870662384,0,none,25150.409381236423,0
name793,58,bachelor degree,1,0,HighSkilled,Engineering,19638,16771.829924065154,2866.170075934846,0.0,17820.262527281582,0.7479988773764861,simple loans,36,0.7614875471711343,14657,liquid assets,81588.60494011821,0
name794,32,high school or lower,0,0,Unemployed_LowSkilled,Manufacturing,514,285.40433131143453,228.59566868856547,0.0,415.1187029153575,0.7825568610912135,auto loans,24,0.3628852805968717,0,none,1045.5654338397069,1
name795,63,ausbildung,0,0,MediumSkilled,Artist,9919,6516.417445220599,3402.582554779401,0.0,9753.821625466693,0.34971169618928144,auto loans,48,0.6403104214827394,17381,liquid assets,41838.05969387665,0
name796,51,ausbildung,0,0,MediumSkilled,IT Support,8018,8360.581978329521,-342.581978329521,0.04272661241326029,7865.556992231868,0.8149378828289857,simple loans,48,1.023714014786903,20257,car,34596.00121207292,0
name797,61,ausbildung,0,1,MediumSkilled,Nursing,9877,8483.5215034925,1393.4784965074996,0.0,3584.039593105112,0.24080686889502553,mortgages,24,0.22178405351803307,13948,liquid assets,37833.74068857828,0
name798,38,high school or lower,1,0,LowSkilled,Agriculture,1164,934.7373346990787,229.2626653009213,0.0,1126.9370613407473,0.4125292575098464,mortgages,24,0.7711979347421185,0,none,1992.4534498666433,1
name799,62,high school or lower,0,0,LowSkilled,Construction,5000,2072.99487688605,2927.00512311395,0.0,1869.0707069645023,0.8281085618591211,auto loans,48,0.0,24431,car,39168.048979945386,0
name800,49,bachelor degree,0,3,HighSkilled,Engineering,13123,12507.307756818196,615.6922431818039,0.0,6182.024562765896,0.7180835110823052,mortgages,12,0.4241661449046782,12994,liquid assets,51154.27839257408,0
name801,42,post graduate degree,1,1,HighSkilled,Consultant,3999,3173.9322130210994,825.0677869789006,0.0,1481.9562667881387,0.34457504529774885,mortgages,36,0.1642631857487467,33306,car,49586.60693091448,1
name802,53,post graduate degree,0,2,HighSkilled,Engineering,17577,16942.503515110235,634.4964848897653,0.0,8451.487852782942,0.4851788809998529,mortgages,24,0.444728415992102,34137,car,85516.39184386587,0
name803,61,bachelor degree,0,0,HighSkilled,Doctor,19907,13077.23223235298,6829.767767647019,0.0,17889.76794991571,0.673376354506858,simple loans,48,0.5555834722594409,32572,car,77401.61245378194,0
name804,30,high school or lower,0,1,LowSkilled,Cleaning Services,1000,959.6528793226822,40.347120677317776,0.0,609.4294938894997,0.9033332015124452,simple loans,24,0.5690823732121819,19216,liquid assets,24671.356308592567,1
name805,53,bachelor degree,3,0,HighSkilled,Engineering,17741,8278.80981713544,9462.19018286456,0.0,4585.392131864835,0.41084118048305335,mortgages,36,0.0,18203,liquid assets,72181.50395733361,0
name806,56,post graduate degree,0,0,HighSkilled,Engineering,19070,9069.464956969903,10000.535043030097,0.0,6135.890175059449,0.364318141629937,mortgages,12,0.0,36156,car,92970.75021263598,0
name807,39,ausbildung,0,1,MediumSkilled,IT Support,1683,1155.290880474276,527.709119525724,0.0,812.2358159935646,0.34964767847305106,auto loans,60,0.16905923735462905,30523,car,32063.847876982363,0
name808,40,ausbildung,0,1,MediumSkilled,Teacher,1796,1656.626087704874,139.37391229512605,0.0,828.9647956935415,0.6217183408472363,mortgages,24,0.383959289197336,46816,car,62720.324931507734,0
name809,63,bachelor degree,0,1,HighSkilled,Finance,20000,17591.81943849425,2408.180561505749,0.0,11215.142416950375,0.7729867359157725,auto loans,36,0.4403480927722313,45505,car,83897.40933388469,0
name810,57,bachelor degree,1,1,HighSkilled,Research,19408,9773.904607268705,9634.095392731295,0.0,12121.88479851105,0.3452367790466363,mortgages,36,0.1281837080471844,61279,house,124835.16728862195,0
name811,46,ausbildung,3,1,MediumSkilled,Electrician,4413,4525.32574811269,-112.32574811269023,0.025453375960274242,4214.8124297950335,0.2537044539505353,mortgages,24,0.9805434348306648,33340,car,42521.09356570598,1
name812,63,ausbildung,0,2,MediumSkilled,Teacher,9924,10926.292780419293,-1002.2927804192932,0.10099685413334272,6022.435718100863,0.31342987674816075,simple loans,24,0.7078525290729701,23842,car,44135.77258346679,1
name813,35,bachelor degree,1,1,Unemployed_HighSkilled,Doctor,991,714.5020138591944,276.49798614080555,0.0,385.8864337970832,0.9542204086352036,mortgages,24,0.11038188461783821,66559,house,61056.58327539908,1
name814,65,high school or lower,0,0,LowSkilled,Agriculture,4972,3896.8918168215496,1075.1081831784504,0.0,2389.026510870861,0.39596961944486453,auto loans,36,0.26426354137015495,0,none,8882.1043095721,0
name815,31,ausbildung,0,0,Unemployed_MediumSkilled,Nursing,625,385.43027544099215,239.56972455900785,0.0,584.2493955509761,0.22574877832469298,simple loans,36,0.5514874735871492,20153,car,18624.086325237156,0
name816,36,high school or lower,1,0,LowSkilled,Manufacturing,1079,623.4404742439856,455.5595257560144,0.0,830.3010892656283,0.6470611329320342,auto loans,24,0.3473045074231825,14003,liquid assets,16098.631016865078,0
name817,57,ausbildung,0,0,MediumSkilled,Electrician,9735,5594.676238847412,4140.323761152588,0.0,9502.315186990238,0.8612353760984812,simple loans,24,0.550795215802532,29744,car,48153.924927825756,1
name818,44,high school or lower,0,1,LowSkilled,Cleaning Services,1941,1612.7617715655817,328.23822843441826,0.0,855.0251264389623,0.5617729523635066,mortgages,36,0.2713997413727687,8458,liquid assets,12176.438290714965,0
name819,54,bachelor degree,3,0,HighSkilled,Finance,18231,21751.440879681653,-3520.4408796816533,0.19310190772210264,15424.039136353647,0.963740843608121,mortgages,48,1.0391355392482748,14275,liquid assets,54122.42675571842,1
name820,65,bachelor degree,1,0,HighSkilled,Engineering,19815,15490.12898980107,4324.871010198931,0.0,10936.989264784037,0.6528454589497593,mortgages,36,0.3336925689924353,77685,house,135188.69661233778,0
name821,44,ausbildung,1,0,Unemployed_MediumSkilled,Nursing,1599,977.5682413213393,621.4317586786607,0.0,1109.8360155606513,0.6586281721014485,mortgages,48,0.30544356277798035,31012,car,33870.5190360988,1
name822,59,high school or lower,0,0,LowSkilled,Manufacturing,4945,3573.164896895155,1371.835103104845,0.0,4258.089844458583,0.537288047483,mortgages,12,0.5836713329330107,0,none,8869.478844239646,0
name823,62,post graduate degree,0,0,HighSkilled,Research,19978,23481.894529114765,-3503.8945291147647,0.1753876528738995,9410.809750044366,0.6062820484885181,simple loans,36,0.6464463048933392,73940,house,115343.61466056111,0
name824,38,ausbildung,1,3,MediumSkilled,Nursing,1520,1472.8109076542212,47.18909234577882,0.0,1017.6110478353388,0.5044201186470281,simple loans,12,0.6384354970326053,41594,car,55088.617715036075,0
name825,50,ausbildung,0,2,MediumSkilled,Artist,7413,8094.866237565998,-681.8662375659978,0.09198249528746767,3509.861209667417,0.40708703350937414,simple loans,12,0.5654562858806711,13142,liquid assets,26584.557911157597,0
name826,45,post graduate degree,2,0,HighSkilled,Engineering,7226,6505.999990452252,720.000009547748,0.0,1907.8477491602018,0.45702571693711747,simple loans,24,0.1643852393595978,40042,car,66177.50587091995,1
name827,47,ausbildung,0,0,MediumSkilled,Teacher,5193,5681.322498395931,-488.3224983959308,0.09403475801962849,2922.127806451952,0.41974704512831923,auto loans,48,0.656739900798745,28118,car,41054.50303613576,0
name828,30,ausbildung,0,4,MediumSkilled,Teacher,1279,1109.9954354462548,169.00456455374524,0.0,763.7087096600834,0.8858516749685036,auto loans,12,0.46497587576726984,39530,car,47818.95701027799,1
name829,37,bachelor degree,2,0,HighSkilled,Consultant,2017,1405.663071435969,611.336928564031,0.0,631.2633467240676,0.4711430868478173,auto loans,36,0.009879235577608586,58796,house,67794.19882171594,0
name830,38,high school or lower,0,0,LowSkilled,Manufacturing,1145,1562.9810456081254,-417.98104560812544,0.3650489481293672,652.0152432246927,0.4527016511558632,auto loans,36,0.9344945753998413,10104,liquid assets,10638.309873035361,0
name831,47,post graduate degree,1,0,HighSkilled,Consultant,10067,5586.435761508406,4480.564238491594,0.0,5273.275760359189,0.8950544681716457,auto loans,48,0.07874357026597749,20103,car,48607.94988683051,0
name832,46,high school or lower,0,1,LowSkilled,Agriculture,2501,2155.4106973396947,345.5893026603053,0.0,1981.3009457828437,0.9139587156052411,mortgages,48,0.6540230480298034,22331,car,24520.48631395122,1
name833,55,ausbildung,0,0,MediumSkilled,IT Support,9401,7195.422490002066,2205.5775099979337,0.0,8341.658434499159,0.49732692553181623,auto loans,60,0.6527051297203729,33051,car,58210.865658134135,0
name834,55,high school or lower,0,0,LowSkilled,Manufacturing,4730,1908.5091063355662,2821.4908936644338,0.0,1846.995142645886,0.5437447693821543,mortgages,24,0.0,16289,liquid assets,25654.855470942708,1
name835,47,bachelor degree,0,1,HighSkilled,Finance,10053,5986.964169110451,4066.0358308895493,0.0,4084.7796226146525,0.39086011630096223,auto loans,12,0.0018644973366261977,66872,house,104947.74322159744,0
name836,57,bachelor degree,1,2,HighSkilled,Consultant,19389,17796.324304435813,1592.6756955641868,0.0,7090.370120240944,0.2513001305618596,simple loans,48,0.2835470846705223,36214,car,77569.51740851402,1
name837,58,ausbildung,2,1,MediumSkilled,Teacher,9723,7378.389258555015,2344.6107414449853,0.0,2077.350676839323,0.7255246024554081,auto loans,36,0.0,0,none,21561.7354995222,0
name838,33,bachelor degree,0,1,HighSkilled,Finance,1756,1705.4147632111267,50.58523678887332,0.0,464.9410421552445,0.6460054934816941,mortgages,12,0.23596572059588336,13626,liquid assets,17701.980399105872,0
name839,45,high school or lower,0,0,LowSkilled,Agriculture,2169,1545.6046945706396,623.3953054293604,0.0,1091.5057376469697,0.880994982400992,auto loans,60,0.21581854874025325,17943,liquid assets,21382.720611015495,0
name840,51,high school or lower,0,0,LowSkilled,Cleaning Services,4100,1542.222841661654,2557.777158338346,0.0,3658.0269409785687,0.9128717192977087,simple loans,24,0.26835360552200554,0,none,9890.49106996967,1
name841,41,ausbildung,2,0,MediumSkilled,Teacher,2123,2305.550330765044,-182.55033076504378,0.08598696691711907,1026.2661590190166,0.3783019354911124,auto loans,48,0.5693907158662554,0,none,3360.538380576893,0
name842,36,ausbildung,0,0,MediumSkilled,Nursing,1370,1155.1695117142,214.8304882857999,0.0,802.7512014125899,0.5971809203290694,auto loans,48,0.42913920666189054,18598,liquid assets,22377.018266433413,1
name843,57,ausbildung,1,0,MediumSkilled,Nursing,9683,7860.6607768668655,1822.3392231331345,0.0,4498.071452474101,0.730343028823832,mortgages,36,0.2763329783477193,27467,car,54096.67168213546,0
name844,47,bachelor degree,2,1,HighSkilled,Consultant,10101,4712.663603219611,5388.336396780389,0.0,7544.910101380315,0.7275216446033883,simple loans,12,0.21350101025640292,0,none,34109.89620337425,0
name845,65,high school or lower,0,1,LowSkilled,Construction,5000,2635.0225443474424,2364.9774556525576,0.0,3004.7289043171463,0.5093717218365064,auto loans,24,0.12795028973291775,0,none,10130.20756000567,0
name846,42,high school or lower,2,2,LowSkilled,Manufacturing,1529,1968.8386549165537,-439.83865491655365,0.2876642609002967,775.6164946392381,0.26342008045105925,auto loans,24,0.7949346955891378,9746,liquid assets,11008.49238400587,0
name847,41,ausbildung,1,1,MediumSkilled,Nursing,2009,1623.4142525419288,385.5857474580712,0.0,2002.601059567597,0.35083626485347125,mortgages,36,0.8048856705373449,21036,car,29270.38821126241,0
name848,65,ausbildung,0,2,MediumSkilled,Teacher,9881,8185.367497056947,1695.6325029430527,0.0,4992.498817477949,0.9867459992065379,auto loans,12,0.33365715155701814,11628,liquid assets,36300.74475201145,1
name849,45,bachelor degree,0,1,HighSkilled,Consultant,7165,7392.209053519421,-227.2090535194211,0.031710963505850814,6455.401597640882,0.3723084174972191,auto loans,24,0.9326742011389118,42912,car,53890.71161171093,0
name850,58,bachelor degree,0,0,HighSkilled,Engineering,19476,15563.31451846142,3912.6854815385796,0.0,14485.225303912117,0.38779847805575396,simple loans,36,0.5428496520011058,0,none,53847.87922591751,0
name851,54,ausbildung,0,0,MediumSkilled,Electrician,9066,10867.19849341229,-1801.1984934122902,0.19867620708275868,2827.9248377331896,0.5763706615447595,simple loans,24,0.5106026175982219,24535,car,44322.44070065042,0
name852,62,ausbildung,0,3,MediumSkilled,Electrician,9970,10217.117194304155,-247.11719430415542,0.024786077663405758,5430.875521154722,0.7466758163808015,mortgages,48,0.5695077949306798,0,none,19469.983919699927,0
name853,43,ausbildung,0,0,MediumSkilled,Artist,2764,2739.4150393324703,24.584960667529685,0.0,2501.3249392594007,0.7499974684242738,auto loans,36,0.8960709039767984,10303,liquid assets,12682.895947535922,1
name854,54,high school or lower,0,0,Unemployed_LowSkilled,Transportation,2322,2287.646943897561,34.35305610243904,0.0,641.9306378467171,0.5915820971216387,simple loans,36,0.2616613185806538,21386,car,29092.823094788906,0
name855,41,ausbildung,0,0,MediumSkilled,Artist,2043,2035.71902789916,7.2809721008400174,0.0,1015.310186419253,0.2430887198197148,simple loans,60,0.49340637019990846,0,none,4359.6699286370385,0
name856,47,high school or lower,1,0,LowSkilled,Agriculture,2816,1555.8886239194155,1260.1113760805845,0.0,2228.903236294444,0.4052493929039862,simple loans,24,0.34403120036003537,23106,car,25952.325176784754,1
name857,45,high school or lower,0,2,LowSkilled,Agriculture,2198,2078.6442698201135,119.35573017988645,0.0,550.3178375509536,0.5825543245707278,simple loans,48,0.19607011254370663,11343,liquid assets,13960.936554991536,0
name858,59,high school or lower,1,0,LowSkilled,Agriculture,4939,2158.401305383517,2780.598694616483,0.0,4056.3992613691194,0.5422285245266871,simple loans,48,0.25831151381912054,12320,liquid assets,24224.663214769753,0
name859,41,post graduate degree,2,0,Unemployed_HighSkilled,Finance,1661,2342.5171358486496,-681.5171358486496,0.4103053195958155,1466.679700398039,0.9302043525905616,mortgages,36,1.29331537401968,59205,house,67803.04299534688,1
name860,59,ausbildung,0,2,MediumSkilled,IT Support,9802,8894.076948249998,907.9230517500018,0.0,7602.187286510305,0.3396474747386655,auto loans,24,0.6829488099122938,13272,liquid assets,34352.6009045985,0
name861,39,bachelor degree,0,0,HighSkilled,Doctor,2547,2823.334727781325,-276.334727781325,0.10849420014971535,1240.4441946849404,0.7967913568051795,mortgages,24,0.5955158706188713,79486,house,99196.33214133618,1
name862,56,bachelor degree,1,0,HighSkilled,Research,19054,21340.978893338608,-2286.978893338608,0.12002618312892874,6499.588765087877,0.3213019696157491,auto loans,60,0.46114032006017025,13879,liquid assets,67463.87070558869,1
name863,32,post graduate degree,0,0,Unemployed_HighSkilled,Doctor,843,533.4079996880121,309.59200031198793,0.0,253.61558097735767,0.5884753406709415,auto loans,60,0.0,63330,house,61244.15578518555,0
name864,44,bachelor degree,3,1,HighSkilled,Consultant,5900,5518.181720867402,381.81827913259804,0.0,1488.078287246898,0.31371968925433863,simple loans,12,0.18750169629055932,31565,car,41230.55345039721,1
name865,49,bachelor degree,0,3,HighSkilled,Finance,13205,17067.609502456235,-3862.6095024562346,0.292511132332922,5849.439032571117,0.33082375973250794,simple loans,36,0.7354826607366416,49531,car,79116.05934040292,0
name866,59,bachelor degree,0,1,HighSkilled,Engineering,19605,18351.760558678747,1253.2394413212533,0.0,13594.679063318576,0.8433750274888961,mortgages,12,0.6295046989032044,0,none,52432.55578527387,0
name867,41,bachelor degree,0,0,HighSkilled,Finance,3439,2806.2225754405763,632.7774245594237,0.0,3362.7212968116655,0.5960586554732957,auto loans,24,0.793819096322257,22910,car,35359.75024764144,0
name868,41,bachelor degree,2,0,HighSkilled,Consultant,3237,2570.3305074867453,666.6694925132547,0.0,1207.1690493153137,0.8258827001281859,auto loans,12,0.16697545777017578,60765,house,69527.9877183216,0
name869,53,high school or lower,0,0,LowSkilled,Agriculture,4485,2013.769143058648,2471.2308569413517,0.0,1277.1564178161286,0.2862019753744952,auto loans,12,0.0,9281,liquid assets,18759.416726362997,1
name870,47,ausbildung,0,0,MediumSkilled,IT Support,5130,4754.846677148064,375.1533228519356,0.0,3235.7975113028547,0.8399542023767733,simple loans,48,0.5576304460917971,11226,liquid assets,21180.251450749747,0
name871,42,bachelor degree,1,0,HighSkilled,Consultant,4190,3355.027766891842,834.972233108158,0.0,3303.3751255482066,0.8692187597709657,mortgages,48,0.5891176354272193,19596,liquid assets,34561.8007364133,1
name872,46,high school or lower,0,1,LowSkilled,Construction,2506,1727.8592316684833,778.1407683315167,0.0,2204.4961611505983,0.3681002095267395,mortgages,24,0.5691761344050604,10464,liquid assets,16851.776551239436,0
name873,49,high school or lower,0,1,LowSkilled,Agriculture,3518,2653.3164452708124,864.6835547291876,0.0,1951.3477256637445,0.4308362583316604,simple loans,36,0.3088869161269349,0,none,5772.93130326906,1
name874,41,ausbildung,0,1,MediumSkilled,Nursing,2007,1768.001929999931,238.998070000069,0.0,1445.1196464739182,0.26027621713160987,mortgages,24,0.6009574372067011,36942,car,46780.17288304686,0
name875,60,bachelor degree,1,2,HighSkilled,Consultant,19828,19881.707058992077,-53.70705899207678,0.0027086473165259623,12145.295205425828,0.31195713614109133,auto loans,36,0.6152411874328174,37316,car,88368.98951595511,1
name876,42,high school or lower,0,0,LowSkilled,Agriculture,1538,1325.0263399381804,212.9736600618196,0.0,872.342997003469,0.36181201712072053,simple loans,60,0.4287186846174574,24396,car,29657.861472374883,0
name877,51,ausbildung,0,0,MediumSkilled,IT Support,7937,7040.606582883741,896.3934171162591,0.0,5116.163253849834,0.6746610517419125,auto loans,24,0.5316580366301594,18465,liquid assets,36162.154522735036,0
name878,61,ausbildung,0,0,MediumSkilled,Teacher,9858,6732.944045983037,3125.0559540169634,0.0,3851.1995893574076,0.3724430708017094,mortgages,24,0.0736603403672595,45787,car,67851.93942549918,0
name879,39,high school or lower,0,0,LowSkilled,Manufacturing,1223,882.2824650143076,340.7175349856924,0.0,619.2698801531551,0.6098637097034743,auto loans,48,0.22776152507560318,15373,liquid assets,18839.55661897761,0
name880,31,bachelor degree,1,0,HighSkilled,Engineering,1600,1198.1335083448382,401.8664916551618,0.0,788.7209857149775,0.8989786112994025,auto loans,24,0.24178405878738482,43959,car,54330.31891978632,1
name881,64,high school or lower,0,0,LowSkilled,Transportation,4974,3809.674169618359,1164.325830381641,0.0,4926.066831808991,0.2082048731252253,auto loans,12,0.7562808607614294,22482,car,35469.1626802996,0
name882,62,bachelor degree,0,1,HighSkilled,Consultant,19809,14422.149872188636,5386.850127811364,0.0,8178.367806322931,0.631256319091267,simple loans,12,0.14092168602713753,29934,car,93237.81044427995,0
name883,41,high school or lower,1,1,LowSkilled,Agriculture,1374,788.0865234934566,585.9134765065434,0.0,558.7066326897892,0.665874052933598,simple loans,12,0.0,0,none,2601.624719400413,1
name884,34,high school or lower,0,0,LowSkilled,Construction,1000,1207.0868903415908,-207.0868903415908,0.20708689034159078,306.0243746126052,0.23353265376497223,simple loans,12,0.513111264954196,9213,liquid assets,10456.46823927023,0
name885,59,bachelor degree,1,0,HighSkilled,Finance,19591,21004.85991982796,-1413.859919827959,0.07216884895247608,6388.210931137157,0.5539009585553705,auto loans,60,0.398247708180548,0,none,48135.45490550547,0
name886,55,high school or lower,0,0,LowSkilled,Agriculture,4678,4652.784631975587,25.215368024412783,0.0,2446.598163037405,0.3639315401881188,mortgages,24,0.5176106872622899,9507,liquid assets,19571.157351315025,0
name887,40,high school or lower,0,1,LowSkilled,Agriculture,1277,969.5471411097352,307.4528588902648,0.0,641.721904259279,0.2724811442372948,auto loans,48,0.261761194494138,12867,liquid assets,17132.004416283966,0
name888,64,bachelor degree,0,0,HighSkilled,Engineering,19834,23199.526196544484,-3365.5261965444843,0.1696846927772756,16016.045443181394,0.6972160294200351,auto loans,24,0.9771892527844046,32682,car,83051.964896132,0
name889,62,bachelor degree,0,0,HighSkilled,Finance,19870,11492.694825686956,8377.305174313044,0.0,4966.060314921051,0.9465230520287912,auto loans,24,0.0,37830,car,74651.58147370351,0
name890,59,high school or lower,1,1,LowSkilled,Construction,4921,5081.897780916909,-160.89778091690914,0.03269615543932313,2175.9437091678806,0.2430157754482495,auto loans,48,0.4748712639879678,16935,liquid assets,25765.093868174194,0
name891,61,bachelor degree,0,0,HighSkilled,Doctor,19966,11701.277886245824,8264.722113754176,0.0,12577.694018029566,0.25157330843167935,mortgages,60,0.21601582211135878,11434,liquid assets,58949.17746550355,0
name892,35,bachelor degree,0,2,HighSkilled,Engineering,1923,1590.7980680131484,332.2019319868516,0.0,501.13865898752516,0.5218999778581304,simple loans,12,0.08785061206483284,72673,house,70619.3467856906,0
name893,32,high school or lower,1,0,LowSkilled,Cleaning Services,1047,1229.459744974471,-182.45974497447105,0.17426909739682048,732.4683656621884,0.9495702997883507,mortgages,12,0.8738568391945172,9170,liquid assets,11092.39802845436,1
name894,55,ausbildung,1,3,MediumSkilled,IT Support,9413,8005.246193726808,1407.753806273192,0.0,3193.0216287427324,0.8565178901130399,auto loans,24,0.18965981328689477,27137,car,52669.90594678293,1
name895,63,high school or lower,2,1,LowSkilled,Transportation,4976,5879.9598444878075,-903.9598444878075,0.18166395588581338,2282.639290364217,0.6642255707200824,auto loans,12,0.6403937168110981,6447,liquid assets,14401.02678655545,1
name896,57,bachelor degree,0,2,HighSkilled,Engineering,19183,24625.70097427942,-5442.700974279422,0.2837252241192421,16676.40749665003,0.6719823240148024,simple loans,48,1.1530578361533363,70276,house,118106.91580503185,0
name897,45,ausbildung,1,0,MediumSkilled,Electrician,3781,3367.7946553906822,413.20534460931776,0.0,1691.460393375987,0.7917358826013927,auto loans,36,0.3380732739398755,27268,car,33332.470518032234,0
name898,63,high school or lower,2,2,LowSkilled,Construction,4952,4203.934436674428,748.0655633255719,0.0,4896.039643295386,0.54432057359285,auto loans,24,0.8376361227725795,0,none,8695.89834059318,1
name899,64,ausbildung,0,1,MediumSkilled,Nursing,9976,7771.774875124215,2204.225124875785,0.0,3276.1999042185557,0.8141674657084281,auto loans,12,0.10745537082425531,11140,liquid assets,34545.520691429,0
name900,60,bachelor degree,0,0,HighSkilled,Engineering,19714,15446.724356061975,4267.275643938025,0.0,16941.70800661934,0.9619767942028469,auto loans,60,0.6429153070245164,31695,car,99130.99850479953,0
name901,32,bachelor degree,1,0,Unemployed_HighSkilled,Consultant,830,703.1976618595428,126.80233814045721,0.0,582.922958003595,0.9178605673509537,auto loans,60,0.5495429154977564,60462,house,69507.08397592926,0
name902,36,bachelor degree,1,0,HighSkilled,Finance,1913,1402.3906588017553,510.6093411982447,0.0,1022.4259959885674,0.7645638514604992,mortgages,48,0.2675466046995937,62830,house,66777.57035224696,0
name903,34,bachelor degree,0,0,HighSkilled,Engineering,1672,1275.6690559485987,396.3309440514013,0.0,1079.858305497363,0.32789584550858386,auto loans,48,0.40880823052988147,49853,car,51727.36332282598,0
name904,44,ausbildung,0,0,MediumSkilled,Electrician,3268,1860.0741892136698,1407.9258107863302,0.0,1106.3244172021189,0.34151397404327927,mortgages,24,0.0,24378,car,28751.419167003223,0
name905,41,high school or lower,1,0,LowSkilled,Transportation,1410,833.8585638454955,576.1414361545045,0.0,621.4064361669749,0.23794961293522776,simple loans,36,0.032102836888276885,0,none,2614.0810907684754,0
name906,65,high school or lower,1,1,LowSkilled,Agriculture,4986,5079.419858993878,-93.41985899387782,0.018736433813453236,4520.457508874999,0.8879192929227352,auto loans,36,0.9253664997731401,11945,liquid assets,18278.711991267755,0
name907,50,ausbildung,2,0,Unemployed_MediumSkilled,Teacher,3710,2961.161983046289,748.8380169537108,0.0,2328.0583656872795,0.7011248878459484,auto loans,24,0.4256658621923366,48287,car,60053.70257994336,1
name908,57,high school or lower,2,1,LowSkilled,Transportation,4864,4561.317877142862,302.682122857138,0.0,3898.7568643122427,0.33796504236129987,auto loans,24,0.7393245767794212,22120,car,27415.150117986013,0
name909,35,bachelor degree,0,0,HighSkilled,Research,1819,1821.9079013018668,-2.9079013018667865,0.0015986263341763532,1134.2862539085297,0.8529671007394792,mortgages,36,0.6251754564103335,71196,house,72834.64944449035,0
name910,45,high school or lower,0,1,LowSkilled,Transportation,2200,1544.2391883901207,655.7608116098793,0.0,1234.350876550502,0.6865998330225542,auto loans,48,0.2629954840639195,7090,liquid assets,12781.62897069182,0
name911,54,ausbildung,0,0,MediumSkilled,Nursing,9139,8693.320109886814,445.67989011318605,0.0,2523.538612489634,0.9298325732742718,mortgages,60,0.22736171598385468,0,none,20195.516921763923,1
name912,33,high school or lower,2,0,LowSkilled,Construction,1009,665.2204128458205,343.77958715417947,0.0,306.82136115168555,0.4225930825218262,simple loans,48,0.0,15326,liquid assets,17781.299715767524,1
name913,43,bachelor degree,2,0,HighSkilled,Finance,4876,3903.039360524238,972.960639475762,0.0,1800.3888006046793,0.7918500531702186,auto loans,24,0.1696940445301307,74696,house,103809.7807526733,1
name914,40,post graduate degree,2,1,HighSkilled,Doctor,3007,2737.2361363085606,269.7638636914394,0.0,878.4940954932295,0.20911565902253404,auto loans,60,0.20243772258124046,43050,car,54920.35144473465,1
name915,58,bachelor degree,1,1,HighSkilled,Engineering,19587,27969.913233684405,-8382.913233684405,0.4279835214011541,6885.419236172417,0.5409508985883744,simple loans,24,0.7795135788970655,61218,house,98714.98265743865,1
name916,53,bachelor degree,1,0,HighSkilled,Research,17565,13644.157783947014,3920.8422160529863,0.0,11233.813305956079,0.23120257964169033,auto loans,48,0.41633766523786464,13792,liquid assets,69053.2899635782,0
name917,36,ausbildung,0,0,MediumSkilled,Nursing,1334,1254.4909468271997,79.50905317280035,0.0,963.693963303897,0.6203091250697582,mortgages,48,0.6628072789588431,21793,car,30028.398580940233,0
name918,32,bachelor degree,3,0,Unemployed_HighSkilled,Finance,886,636.1931822404237,249.80681775957635,0.0,724.2928623056147,0.7125882812447641,auto loans,48,0.535537296327357,38196,car,41178.26652078629,1
name919,38,ausbildung,0,1,MediumSkilled,Nursing,1557,1430.1603340905342,126.8396659094658,0.0,509.44083326419565,0.7711992759044337,mortgages,36,0.24572971570631333,30652,car,38350.94358470685,0
name920,52,high school or lower,0,1,LowSkilled,Agriculture,4277,4055.1244354315395,221.8755645684605,0.0,2959.7283418822412,0.5995821711185323,simple loans,12,0.6401339203445828,20839,car,30407.766298083865,0
name921,57,high school or lower,0,1,LowSkilled,Transportation,4831,4308.036961467178,522.9630385328219,0.0,3084.5433285593394,0.44821610731192196,auto loans,12,0.5302381059876874,21168,car,26707.652278908015,0
name922,61,post graduate degree,0,1,HighSkilled,Finance,19785,15845.476685769738,3939.5233142302623,0.0,13060.37807577343,0.4200604969265071,simple loans,12,0.46099847164736757,44711,car,108822.39942819967,0
name923,33,high school or lower,1,2,LowSkilled,Transportation,1048,1341.5015842668417,-293.50158426684175,0.2800587636133986,782.3137903390451,0.372038584387257,auto loans,12,1.0265413879827165,0,none,1370.4636807754744,1
name924,58,high school or lower,0,0,LowSkilled,Manufacturing,4916,2490.8960943731418,2425.1039056268582,0.0,1701.9417150767802,0.31317918292459934,auto loans,60,0.0,0,none,9931.447826813557,1
name925,58,ausbildung,1,1,MediumSkilled,IT Support,9808,9275.560217994753,532.4397820052473,0.0,5792.454683533612,0.5100949192533106,auto loans,24,0.5362984198132509,0,none,20257.290847091303,1
name926,41,bachelor degree,0,1,HighSkilled,Doctor,3403,2669.8715490025497,733.1284509974503,0.0,3233.070387743796,0.9921524302447249,mortgages,36,0.7346288383033633,36810,car,45624.623085137115,0
name927,65,post graduate degree,1,0,HighSkilled,Finance,19983,12650.369546989872,7332.630453010128,0.0,18662.093686358636,0.4020679034311337,mortgages,36,0.5669550734798833,39828,car,94392.42169210923,0
name928,46,bachelor degree,0,0,HighSkilled,Engineering,8606,3936.3614864310325,4669.638513568967,0.0,6764.903806603762,0.5810533394470687,auto loans,60,0.24346563944164476,59016,house,85670.45130355463,0
name929,30,bachelor degree,0,1,HighSkilled,Consultant,1669,1274.9141834421473,394.0858165578527,0.0,643.564695943304,0.42326266342519875,auto loans,24,0.14947805834958133,37497,car,40542.630924062374,0
name930,44,bachelor degree,0,0,Unemployed_HighSkilled,Engineering,2929,2471.1538736882144,457.8461263117856,0.0,2497.338262433,0.9453171962348177,auto loans,24,0.6963100498877483,57084,house,60463.95738042568,0
name931,61,ausbildung,1,1,MediumSkilled,IT Support,9892,7192.0957054951505,2699.9042945048495,0.0,4444.969709563399,0.21836201178935113,mortgages,36,0.17641178882516675,38608,car,63045.142842794434,0
name932,58,high school or lower,0,0,Unemployed_LowSkilled,Manufacturing,2451,1229.139385817031,1221.860614182969,0.0,1159.4266692701594,0.7937596554315107,mortgages,48,0.0,0,none,4678.270720239737,0
name933,65,high school or lower,0,0,LowSkilled,Manufacturing,4993,2846.180326007783,2146.819673992217,0.0,1989.1579401119036,0.24767973502561372,mortgages,24,0.0,0,none,11230.251089872867,0
name934,48,high school or lower,2,0,LowSkilled,Construction,3186,3376.518113965256,-190.5181139652559,0.05979852917930192,1286.4170739727526,0.7403521718525756,simple loans,48,0.46357036658443457,0,none,3794.8663622417403,1
name935,36,high school or lower,2,0,LowSkilled,Construction,1063,711.1153238886999,351.8846761113001,0.0,693.2639435325406,0.4546873489091162,auto loans,36,0.32114700604067775,19218,liquid assets,18748.112483067718,1
name936,39,post graduate degree,0,0,HighSkilled,Consultant,2532,1167.2945562394054,1364.7054437605946,0.0,2235.509683254845,0.38018841226390426,auto loans,36,0.3439195258666077,78593,house,101844.99684653484,0
name937,34,high school or lower,0,1,LowSkilled,Agriculture,1043,876.5670304952663,166.4329695047337,0.0,892.3621676416846,0.3642907741265407,auto loans,12,0.6960011487410842,18178,liquid assets,22032.19063240513,1
name938,63,ausbildung,0,0,MediumSkilled,IT Support,9969,10661.378496988571,-692.378496988571,0.06945315447773809,3012.995627810911,0.4758371895535853,auto loans,36,0.37168965039617635,40411,car,71115.83031249179,0
name939,63,bachelor degree,0,1,HighSkilled,Engineering,19840,27684.350870670653,-7844.3508706706525,0.3953805882394482,19346.36091737827,0.6476127227180593,auto loans,12,1.3704995860911755,26287,car,54434.4978175374,0
name940,52,ausbildung,1,1,MediumSkilled,Teacher,8415,5370.442149950571,3044.5578500494294,0.0,6999.956389269024,0.6938551296741233,auto loans,36,0.4700414188020909,0,none,22017.314653509697,0
name941,64,ausbildung,2,0,MediumSkilled,Nursing,9946,4419.812481520837,5526.187518479163,0.0,9477.369596685076,0.7486424677716117,auto loans,48,0.3972634303444513,48629,car,66874.5464457583,0
name942,64,high school or lower,0,0,LowSkilled,Cleaning Services,5000,5866.241718214496,-866.2417182144964,0.17324834364289926,4760.740308063336,0.3294268782841084,auto loans,24,1.1253964052555665,7007,liquid assets,16687.522358858983,0
name943,64,high school or lower,1,1,LowSkilled,Transportation,4986,5154.207391901873,-168.20739190187305,0.03373593900960149,3296.2351290771567,0.92520792481868,mortgages,24,0.694834039506424,6756,liquid assets,14447.26133189548,1
name944,33,ausbildung,0,0,MediumSkilled,Electrician,1212,844.272850929915,367.72714907008503,0.0,689.3013167285036,0.9455919176900374,auto loans,24,0.2653252208402793,14062,liquid assets,14891.229556148543,0
name945,41,high school or lower,1,0,LowSkilled,Manufacturing,1412,1446.016558587508,-34.016558587507916,0.024091047158291724,945.666959131407,0.3336996704603743,auto loans,12,0.69382685390858,0,none,2237.480146417833,0
name946,31,high school or lower,0,0,LowSkilled,Construction,1035,595.8693167487007,439.1306832512993,0.0,344.40527957872285,0.4486409258909239,simple loans,24,0.0,22577,car,22708.35851521161,0
name947,51,post graduate degree,0,1,HighSkilled,Engineering,15817,14911.890946069534,905.109053930466,0.0,11980.963874537147,0.5956127599477995,simple loans,12,0.7002500360755315,42861,car,79710.31667122847,0
name948,43,high school or lower,0,1,Unemployed_LowSkilled,Agriculture,832,477.4178228729624,354.5821771270376,0.0,349.7071534854245,0.5954856289706797,mortgages,48,0.0,0,none,1713.1544628185409,0
name949,65,ausbildung,1,1,MediumSkilled,Teacher,9979,5420.893914716458,4558.106085283542,0.0,4086.334016830524,0.6876220642951161,simple loans,36,0.0,26948,car,57482.589849893266,0
name950,45,ausbildung,0,0,MediumSkilled,Teacher,3875,2714.9397236080017,1160.0602763919983,0.0,899.3073216069972,0.27719382182385754,auto loans,12,0.0,45942,car,52219.034520088,0
name951,58,high school or lower,3,0,LowSkilled,Construction,4894,3448.617273500113,1445.3827264998872,0.0,2540.794429623411,0.7609401464803878,mortgages,24,0.22382748327002935,7068,liquid assets,17414.524609661417,1
name952,38,post graduate degree,0,0,HighSkilled,Engineering,2291,1278.8545815319712,1012.1454184680288,0.0,1610.4647730879553,0.6093768139849925,mortgages,36,0.26116078333475623,74841,house,78455.00929054883,0
name953,52,high school or lower,1,0,LowSkilled,Agriculture,4279,2776.0717878767873,1502.9282121232127,0.0,870.3013196537751,0.46686111877411485,mortgages,36,0.0,23910,car,38266.509087836035,0
name954,30,ausbildung,0,2,MediumSkilled,Artist,1213,1248.5824854868802,-35.58248548688016,0.029334283171376884,706.2273615448185,0.5353001896595214,auto loans,36,0.611549750232233,25622,car,31062.863590372563,1
name955,30,high school or lower,1,0,LowSkilled,Construction,1000,1043.1666376153798,-43.16663761537984,0.04316663761537984,578.8114368876742,0.28037824305592346,simple loans,24,0.621978074503054,23946,car,25916.048033529958,1
name956,39,post graduate degree,0,0,HighSkilled,Engineering,2612,2522.002026815273,89.99797318472702,0.0,2423.5127581378497,0.9442091834792617,auto loans,12,0.8933823832132936,52642,house,56985.74373343824,0
name957,30,high school or lower,2,0,Unemployed_LowSkilled,Agriculture,500,378.8812381482691,121.11876185173088,0.0,442.13242051679845,0.7422148818547596,simple loans,36,0.6420273173301352,10950,liquid assets,11256.325714294526,1
name958,32,bachelor degree,0,0,Unemployed_HighSkilled,Finance,888,491.2531289495641,396.7468710504359,0.0,677.5993261075812,0.6303753771436118,simple loans,36,0.31627528722651493,38050,car,41136.89586288052,0
name959,33,post graduate degree,1,0,HighSkilled,Engineering,1622,1054.2379463770644,567.7620536229356,0.0,1153.6098084650234,0.3854023194395736,simple loans,12,0.36118850483482606,52663,house,59851.265324120766,0
name960,37,ausbildung,0,0,MediumSkilled,Electrician,1509,1470.5056058605091,38.49439413949085,0.0,589.977044358913,0.4598982478569837,mortgages,24,0.36546232618914654,33076,car,33951.02191086815,0
name961,38,bachelor degree,0,0,Unemployed_HighSkilled,Consultant,1144,1489.3371373061705,-345.33713730617046,0.3018681270158833,945.83046216253,0.6238902814964218,simple loans,36,1.1286430065285844,33938,car,32609.30587451778,0
name962,43,ausbildung,1,0,MediumSkilled,IT Support,2811,1637.837523534013,1173.162476465987,0.0,749.557848554132,0.3252406037096679,simple loans,24,0.0,44762,car,39919.59008668467,0
name963,57,post graduate degree,0,1,HighSkilled,Consultant,19324,14593.430139072601,4730.569860927399,0.0,5555.883270643415,0.45835649315580007,mortgages,60,0.04270924289567462,44028,car,89898.53790810665,0
name964,47,post graduate degree,1,0,HighSkilled,Finance,9871,8373.955822059559,1497.044177940441,0.0,8564.724567450474,0.4691583765923743,auto loans,24,0.7160044969618107,60032,house,85955.29998673186,1
name965,57,ausbildung,0,0,MediumSkilled,IT Support,9677,7953.115376673299,1723.8846233267013,0.0,8232.056127381446,0.4668321346708375,simple loans,12,0.6725401988276061,0,none,22990.70147265889,0
name966,65,high school or lower,0,2,LowSkilled,Agriculture,4997,3211.725648751166,1785.2743512488341,0.0,1473.8027201290154,0.32937609959186914,mortgages,12,0.0,0,none,8580.148730223296,0
name967,44,bachelor degree,0,0,HighSkilled,Consultant,6019,3099.8910467128608,2919.1089532871392,0.0,4314.515555503115,0.31316215066952824,auto loans,36,0.23183362721647713,61332,house,70392.7374022999,0
name968,37,bachelor degree,1,1,HighSkilled,Finance,2192,1810.904665995515,381.09533400448504,0.0,1613.8010825555968,0.39049886751408175,mortgages,36,0.5623657612003248,74663,house,72479.63269799759,0
name969,32,ausbildung,1,1,MediumSkilled,IT Support,1246,1197.9910633018262,48.008936698173784,0.0,1230.727766438174,0.6378497880635764,simple loans,12,0.9492125439325845,18049,liquid assets,19493.089078137968,0
name970,53,ausbildung,1,0,MediumSkilled,Electrician,8797,5037.872876628806,3759.127123371194,0.0,8401.322182668642,0.8564260115644395,auto loans,36,0.5277020642602532,0,none,20114.81626227343,1
name971,64,high school or lower,0,0,LowSkilled,Agriculture,5000,3425.759448017905,1574.240551982095,0.0,2914.422327743607,0.7732648535210391,auto loans,24,0.26803635515230245,6070,liquid assets,16492.716832193903,0
name972,52,bachelor degree,0,0,HighSkilled,Consultant,16700,6823.9882099418855,9876.011790058114,0.0,11805.583664879416,0.9765843742065697,auto loans,36,0.11554322603720373,23944,car,91141.58119282908,1
name973,47,bachelor degree,2,1,HighSkilled,Finance,10089,5406.221330434774,4682.778669565226,0.0,4784.417189165658,0.42457304158423836,auto loans,24,0.010074191654319766,37017,car,68075.24679899283,1
name974,47,post graduate degree,0,1,HighSkilled,Doctor,10064,7216.02047143174,2847.9795285682603,0.0,9077.291546113242,0.7218280506408963,simple loans,24,0.6189697950660752,14974,liquid assets,46217.91674100279,0
name975,55,post graduate degree,0,0,HighSkilled,Engineering,18607,20776.48771170416,-2169.4877117041615,0.11659524435449893,15339.170306227423,0.7937479432469963,auto loans,24,0.9409715708030089,20599,car,65985.57134719158,0
name976,34,high school or lower,0,0,LowSkilled,Agriculture,1061,879.1925153695177,181.80748463048235,0.0,617.2223330041876,0.36707694200050067,mortgages,12,0.4103815724540106,0,none,2001.7075197443723,0
name977,40,high school or lower,0,0,LowSkilled,Agriculture,1299,807.8754852903202,491.12451470967983,0.0,588.5290965213277,0.5271095952602818,auto loans,24,0.0749842816101985,24345,car,29845.25780234165,0
name978,53,bachelor degree,2,1,HighSkilled,Research,17607,23863.005681680963,-6256.005681680963,0.3553135503879686,11461.024531987308,0.4829071860258743,auto loans,60,1.0062492311960172,70558,house,112392.33992698985,0
name979,47,high school or lower,1,0,Unemployed_LowSkilled,Agriculture,1403,607.4107183390915,795.5892816609085,0.0,326.21696895687927,0.2748492822787075,simple loans,12,0.0,6203,liquid assets,7874.0937921219465,0
name980,50,ausbildung,0,0,MediumSkilled,IT Support,7390,7392.273380108607,-2.2733801086069434,0.0003076292433838895,5924.420933255317,0.3502591074706803,mortgages,24,0.8019884050560114,0,none,15094.615650109148,0
name981,31,bachelor degree,0,1,HighSkilled,Doctor,1645,1598.1324484540396,46.867551545960396,0.0,1196.6838970806023,0.2600862409378788,auto loans,24,0.6989765018447671,51311,house,50482.771274396255,0
name982,49,bachelor degree,1,0,HighSkilled,Engineering,13172,8205.505133235152,4966.494866764848,0.0,11589.514236195328,0.6757387813276801,auto loans,24,0.5028104592643851,25025,car,64335.84112458476,1
name983,61,bachelor degree,0,0,HighSkilled,Research,19857,20752.121981070366,-895.121981070366,0.04507840968274996,7785.776690479556,0.23162889173022141,auto loans,48,0.43717070411189624,56784,house,106151.40012905923,0
name984,45,bachelor degree,2,0,HighSkilled,Engineering,7111,6011.378964180996,1099.6210358190037,0.0,3347.6194026193607,0.739933667100897,auto loans,12,0.31612970985801675,40524,car,62409.112682702646,0
name985,47,ausbildung,1,0,MediumSkilled,Nursing,5203,3186.3325443569925,2016.6674556430075,0.0,4987.971221049737,0.5489464871212988,auto loans,24,0.5710751038644493,48753,car,57195.28864884931,0
name986,40,post graduate degree,1,1,HighSkilled,Finance,3162,2853.7928007031937,308.20719929680627,0.0,1492.318470859741,0.36903678248838906,mortgages,60,0.37448174306228166,32364,car,37564.97306560702,0
name987,54,high school or lower,0,0,LowSkilled,Construction,4581,1869.9424685241734,2711.0575314758266,0.0,3968.1674417565073,0.4846119083608487,mortgages,12,0.2744182297054531,10841,liquid assets,18339.931471043372,1
name988,30,high school or lower,0,2,LowSkilled,Construction,1029,839.1097060560577,189.8902939439423,0.0,577.6691587149595,0.5302830635944448,mortgages,36,0.3768502087181897,0,none,1583.2789757031755,0
name989,63,high school or lower,1,0,LowSkilled,Agriculture,5000,4359.136720957395,640.8632790426054,0.0,4801.143463508887,0.30043530977825805,mortgages,60,0.8320560368932564,7941,liquid assets,17847.323157161358,1
name990,30,high school or lower,0,0,LowSkilled,Construction,1008,855.6635632019523,152.33643679804766,0.0,407.1855049097729,0.7431050925808619,auto loans,48,0.25282645646004487,0,none,1660.326575428097,0
name991,57,post graduate degree,1,0,Unemployed_HighSkilled,Engineering,9657,5972.788168662411,3684.2118313375886,0.0,3678.8589078629498,0.822805861577302,auto loans,24,0.0,56869,house,79187.19972005345,1
name992,42,ausbildung,1,3,MediumSkilled,Electrician,2318,1969.2306824804857,348.7693175195143,0.0,2090.554868350571,0.8922285348360647,auto loans,12,0.7514174076061504,34676,car,38823.912314905014,1
name993,44,ausbildung,0,0,MediumSkilled,Nursing,3339,2111.8899126977517,1227.1100873022483,0.0,1278.4697730004743,0.8525020751981086,simple loans,48,0.015381756723038643,14792,liquid assets,26124.964441153024,1
name994,61,ausbildung,2,0,MediumSkilled,IT Support,9959,6882.902245267408,3076.097754732592,0.0,3890.1838057921377,0.8140981655671753,simple loans,48,0.08174375449940212,19502,liquid assets,42386.03005621105,1
name995,51,ausbildung,0,0,MediumSkilled,Electrician,7906,5559.86468337911,2346.13531662089,0.0,6784.813426114027,0.7058235453750774,auto loans,48,0.5614315848081377,29706,car,53192.28575707297,1
name996,38,high school or lower,0,0,LowSkilled,Manufacturing,1162,869.0948312233954,292.90516877660457,0.0,478.69161455618274,0.7624804710600261,auto loans,24,0.1598850652147833,19797,liquid assets,17304.305085916218,0
name997,46,post graduate degree,0,0,HighSkilled,Research,8396,8939.29798884464,-543.2979888446407,0.0647091458843069,3979.586369311615,0.9114508351495058,auto loans,60,0.5386951355593445,45442,car,53626.33840227007,0
name998,46,ausbildung,0,0,MediumSkilled,IT Support,4571,5602.980146178901,-1031.9801461789011,0.2257668226162549,4152.772642173427,0.2054793880124998,simple loans,12,1.134271010359293,10247,liquid assets,16875.51390753974,0
name999,44,ausbildung,0,0,MediumSkilled,Teacher,3239,2927.7496145777873,311.25038542221273,0.0,2624.8178265898796,0.25567213437352987,auto loans,24,0.7142844832255841,15669,liquid assets,20503.623444725752,0
