name,age,educational level,number of not paid past credits,dependents,profession,working sector,monthly income,monthly expenditure,savings (debt),debt-to-income ratio before credit,credit: monthly amount,credit-to-income ratio,type of credit,requested_loan_duration,debt-to-income ratio after credit,collateral,collateral type,estimated seizable assets,y-categorical-default,PD_LR,PD_NN,PD_RF,group_key,LGD,EAD,EL_LR,EL_NN,EL_RF,IRB_Capital_LR,IRB_Capital_NN,IRB_Capital_RF,Joint_PD_LR,Joint_PD_NN,Joint_PD_RF
name0,32,high school or lower,3,0,LowSkilled,Manufacturing,663.0,921.0640624552872,-258.0640624552872,0.3892368966143094,631.4384735867799,0.879291562246795,simple loans,36,1.3416327843771751,10971,liquid assets,9485.331356807694,1,0.961464011301288,0.9398685,0.74,Manufacturing_simple loans,0.5460767656245622,22731.785049124075,11941.594269551513,11594.021879169557,9098.948648213367,470.2836859995546,728.7343061442623,2942.337336844799,0.962,0.934,0.733
name1,58,bachelor degree,0,0,HighSkilled,Doctor,8916.0,8250.273049106978,665.7269508930221,0.0,4982.239117993083,0.4563652539393281,auto loans,36,0.4841310191902266,25886,car,44903.95449043769,0,0.07120740752665114,0.057894237,0.02,Doctor_auto loans,0.877087622595343,179360.608247751,10854.732893793947,9281.5831990412,2517.0395116043933,49334.31218578471,44655.753658069385,24592.8822898862,0.069,0.059,0.016
name2,30,bachelor degree,0,0,HighSkilled,Finance,2821.0,1965.6144982169676,855.3855017830326,0.0,1479.815447505733,0.8739646774877142,auto loans,48,0.2213505656585254,21656,car,27084.719467733157,0,0.20003508140511134,0.22064939,0.18,Finance_auto loans,0.7412364004959885,71031.14148027518,9635.108777014768,11109.33307076566,9161.250968309121,23693.115790671425,24096.12858190453,23162.845354138564,0.183,0.211,0.174
name3,37,bachelor degree,0,0,HighSkilled,Finance,3875.0,5145.403349575746,-1270.4033495757458,0.3278460256969666,3599.846061692515,0.3198475175732903,mortgages,24,1.256838557746648,23111,car,29519.567682091445,0,0.22127016437696145,0.16122957,0.12,Finance_mortgages,0.772351044761224,86396.30548062036,14546.764342719804,10409.611181028851,7073.197340955501,30551.574821148268,28544.65313472219,25987.733505316563,0.218,0.156,0.106
name4,38,high school or lower,0,1,LowSkilled,Manufacturing,1049.0,942.9671023213637,106.03289767863636,0.0,396.125602924915,0.7721126640795728,mortgages,36,0.2765421403682351,0,none,1663.4462553721903,0,0.4962327521098476,0.55696315,0.22,Manufacturing_mortgages,1.0,14260.521705296938,7358.42919993322,7943.110589850396,3123.0542534600295,5773.791505441616,5276.43097039171,6523.558234275902,0.516,0.557,0.219
name5,60,high school or lower,2,0,LowSkilled,Cleaning Services,1901.0,1409.5634440742974,491.4365559257026,0.0,621.9722742585786,0.8162330663060328,simple loans,36,0.0686668691914129,20610,car,21596.537104207287,1,0.8287116997874299,0.9152493,0.83,Cleaning Services_simple loans,0.21919443682764672,22391.00187330883,4019.638114368276,4525.160368067828,4029.45408045953,791.76198159827,402.95089571202624,786.1529381090843,0.819,0.922,0.821
name6,50,ausbildung,0,0,MediumSkilled,Electrician,3280.0,2391.159642024605,888.8403579753949,0.0,2146.082643867972,0.7745167376981517,auto loans,12,0.3833055749672491,35415,car,46677.82102553877,1,0.2525189613887338,0.2301359,0.73,Electrician_auto loans,0.0,25752.99172641566,0.0,0.0,0.0,0.0,0.0,0.0,0.268,0.229,0.73
name7,56,ausbildung,3,1,Unemployed_MediumSkilled,IT Support,2000.0,2022.730444554063,-22.73044455406307,0.0113652222770315,1681.5996422275582,0.2372368125278001,mortgages,24,0.8521650433908107,16136,liquid assets,22257.88452680854,1,0.8785271103557734,0.8814511,0.8,IT Support_mortgages,0.6203899845381766,40358.391413461395,22158.578515109948,22433.995875184763,19830.049925386535,2912.1380491229065,2844.7163115803055,4669.147986489465,0.885,0.896,0.792
name8,43,bachelor degree,0,0,HighSkilled,Finance,5206.0,4447.954154123478,758.0458458765224,0.0,4176.579634650989,0.6226580956548089,mortgages,60,0.6566526678398898,37231,car,43015.41793326741,0,0.2312674775710689,0.12711836,0.28,Finance_mortgages,0.8736198510824436,250594.77807905932,56263.61518581871,27365.571588433224,59985.332921845635,100847.06725971097,87003.01590261933,102300.61809077975,0.257,0.125,0.274
name9,42,ausbildung,0,1,MediumSkilled,Electrician,1846.0,2329.0213993124667,-483.02139931246666,0.2616583961605995,1483.0205018093372,0.9926903040816112,simple loans,36,1.065028115450598,18548,liquid assets,21287.76543799532,0,0.48661245097076367,0.6068513,0.2,Electrician_simple loans,0.6713588769853682,53388.73806513614,17993.18762200004,22366.034016191286,7311.972659139458,14690.919378300665,12096.375597990283,16128.95797203645,0.502,0.624,0.204
name10,37,bachelor degree,0,0,HighSkilled,Research,4079.0,2531.985600106949,1547.0143998930512,0.0,2452.885637314178,0.5037279271775119,auto loans,36,0.222081695862007,57338,house,69586.13500104268,0,0.07249727309384112,0.11116394,0.09,Research_auto loans,0.5496051959262005,88303.88294331041,3348.726829141065,4950.291834382443,4707.630469951932,15346.945775058452,18377.225375967395,16888.20005309091,0.069,0.102,0.097
name11,36,high school or lower,2,0,LowSkilled,Transportation,1555.0,810.8373966026693,744.1626033973307,0.0,633.0362179754671,0.3773056923120428,simple loans,48,0.0,12694,liquid assets,15879.824893323754,1,0.62727456353032,0.5782163,0.5,Transportation_simple loans,0.6044789195173821,30385.738462822424,11645.019316908114,10653.1722457519,8724.580718503712,5937.910327517587,6548.789140425281,7399.9752632600685,0.634,0.58,0.475
name12,43,post graduate degree,0,3,Unemployed_HighSkilled,Engineering,3000.0,3019.8135006588445,-19.81350065884453,0.0066045002196148,2288.071163904382,0.5359047318340702,mortgages,36,0.7692948881877422,73865,house,82358.90530354873,0,0.25762433026259796,0.23043104,0.06,Engineering_mortgages,0.37793034861890684,82370.56190055775,8249.538821378455,7097.716419902972,1525.386423575639,14493.672518402042,14333.468941504061,8994.249828129823,0.265,0.228,0.049
name13,54,ausbildung,0,1,MediumSkilled,Nursing,3673.0,2392.602023389639,1280.3979766103612,0.0,2038.509254387876,0.9170096947669336,auto loans,36,0.2064011102035161,10156,liquid assets,21330.986668341688,0,0.38120738907273305,0.42230934,0.15,Nursing_auto loans,0.8690169591629302,73386.33315796353,23596.368191468937,26338.648819126134,9247.225372332421,28878.945216743887,27987.69105656675,26725.26631496485,0.37,0.413,0.145
name14,36,high school or lower,0,0,LowSkilled,Cleaning Services,767.0,1033.7811084823131,-266.7811084823132,0.3478241310069271,307.1028139492674,0.9400319259847898,simple loans,12,0.7482189340698572,24904,car,25080.88309252882,1,0.4627112482664308,0.56570315,0.71,Cleaning Services_simple loans,0.0,3685.233767391209,0.0,0.0,0.0,0.0,0.0,0.0,0.448,0.557,0.714
name15,45,ausbildung,0,0,MediumSkilled,Nursing,2352.0,1988.121809782456,363.878190217544,0.0,709.4319444657282,0.8410084323506146,auto loans,48,0.1469191132007586,0,none,4140.679524253216,0,0.3721709395514039,0.29264227,0.12,Nursing_auto loans,1.0,34052.733334354954,12531.405867042624,9092.079800272773,3337.1678667667857,15506.1584464599,15914.590424814654,13262.044240311794,0.368,0.267,0.098
name16,52,bachelor degree,0,0,HighSkilled,Doctor,9160.0,8436.698859674496,723.3011403255041,0.0,8040.69905509065,0.2853632109025641,simple loans,24,0.798842567114099,29772,car,46126.1560167792,0,0.0630395981959131,0.05859583,0.02,Doctor_simple loans,0.8684851420933812,192976.77732217562,11564.225007262703,8715.068121415368,4189.936596834313,49605.09022138298,47859.84195431743,26200.33373091757,0.069,0.052,0.025
name17,39,ausbildung,0,0,MediumSkilled,Teacher,2070.0,1880.5368354144368,189.4631645855632,0.0,884.205410408814,0.2402366994667485,simple loans,36,0.3356242733445656,35080,car,43502.56719261079,0,0.23839587038616447,0.19227016,0.01,Teacher_simple loans,0.06069143904431357,31831.394774717304,498.4284341616311,368.9915927320602,21.250824712317606,893.1507316230859,862.4545417108667,193.7007969425553,0.258,0.191,0.011
name18,47,bachelor degree,1,1,HighSkilled,Engineering,7817.0,7387.365140201264,429.6348597987362,0.0,6948.908194687483,0.7359010530047876,mortgages,48,0.8339866105780667,38361,car,63456.750916207,0,0.40156890978222043,0.38049296,0.1,Engineering_mortgages,0.9021173974962581,333547.5933449992,125775.8183031039,118554.24021871516,28585.413250705435,134321.70442997813,136319.3177422463,109345.65918078147,0.418,0.394,0.095
name19,48,bachelor degree,0,2,HighSkilled,Doctor,7219.0,5896.622946117626,1322.3770538823735,0.0,5184.616337366356,0.5922154180380484,mortgages,36,0.5350102899963959,74888,house,102931.69262469078,0,0.12847019357962847,0.18129271,0.14,Doctor_mortgages,0.7216581104911612,186646.18814518882,18318.484023543926,24514.441855036723,18318.484023543926,53723.176444564735,59355.73955697344,55263.49335065467,0.136,0.182,0.136
name20,52,high school or lower,0,0,LowSkilled,Manufacturing,2198.0,1528.5553926884345,669.4446073115655,0.0,1090.3996823212772,0.5671563326757351,auto loans,24,0.1915173225703874,21991,car,24399.88104281747,1,0.3394116065769745,0.30716664,0.75,Manufacturing_auto loans,0.2859090363302227,26169.59237571065,2446.6542004951953,2267.083250000135,5476.913990099336,3461.6618478041646,3491.8213698568197,1711.9749721609724,0.327,0.303,0.732
name21,54,post graduate degree,0,0,Unemployed_HighSkilled,Research,4000.0,3655.840750263164,344.1592497368365,0.0,1324.913670587491,0.9283209249374088,simple loans,12,0.2451886052126636,64603,house,64899.65543701379,0,0.1691909073237633,0.12129259,0.14,Research_simple loans,0.0,15898.964047049893,0.0,0.0,0.0,0.0,0.0,0.0,0.165,0.136,0.14
name22,32,high school or lower,0,0,LowSkilled,Cleaning Services,879.0,1541.014358563508,-662.014358563508,0.753144890288405,528.9754226443764,0.7441465973155446,mortgages,36,1.3549371799862164,17861,liquid assets,22731.955238902585,1,0.6407176155957988,0.6525369,0.55,Cleaning Services_mortgages,0.11195213884319163,19043.11521519755,1407.0655358619365,1368.6910212475198,1219.4567977470115,668.7327491321713,650.3779730094993,797.9317819792167,0.66,0.642,0.572
name23,45,ausbildung,1,0,MediumSkilled,Electrician,2872.0,2200.115771830546,671.8842281694542,0.0,1902.1042308367084,0.984184400536362,auto loans,24,0.4283495831014116,27413,car,40040.775583854855,0,0.549342047604536,0.6178586,0.14,Electrician_auto loans,0.48972131839638294,45650.501540081,12564.085375411494,12966.493803805453,3174.5553795523697,8376.343239222308,7375.02269035997,9172.385010551334,0.562,0.58,0.142
name24,54,bachelor degree,2,0,HighSkilled,Engineering,5079.0,6151.831609271342,-1072.831609271342,0.2112289051528533,4097.725943376679,0.6752340889941597,mortgages,24,1.01802668884584,59334,house,75227.31364596655,0,0.6473619435045832,0.6202895,0.27,Engineering_mortgages,0.5817470306655441,98345.4226410403,37187.90244063256,35585.96202780531,15332.85823706081,17670.275480471457,18776.676206925447,26705.836126000315,0.65,0.622,0.268
name25,32,post graduate degree,0,0,HighSkilled,Consultant,2401.0,2049.654173152128,351.3458268478721,0.0,1806.6080413703137,0.5771673800133343,auto loans,60,0.6061067115878557,62823,house,60817.58856813011,0,0.16726947487015614,0.14705117,0.07,Consultant_auto loans,0.5983604908094768,108396.48248221882,11350.53018051423,8691.263109650898,4540.2120722056925,28019.554189339586,27019.35666808454,20178.74549089596,0.175,0.134,0.07
name26,54,ausbildung,0,0,MediumSkilled,Electrician,3364.0,2371.2739638799267,992.7260361200732,0.0,1325.1080327734453,0.8243649846910737,simple loans,36,0.0988055875901819,21911,car,22151.98848596763,0,0.3231778102026171,0.29462734,0.17,Electrician_simple loans,0.6103406285653135,47703.88917984403,9520.808298200793,7802.986617485664,4745.846338246878,13541.889404024754,13605.907512615637,12630.62968999569,0.327,0.268,0.163
name27,57,high school or lower,1,1,LowSkilled,Construction,2664.0,1820.4601132535631,843.5398867464369,0.0,1209.600879996404,0.2599525581204085,simple loans,48,0.1374102827514891,23216,car,23168.02595030949,1,0.5816179630947116,0.5877326,0.76,Construction_simple loans,0.6600028927745814,58060.8422398274,22149.147176754086,21995.865881413225,28548.64125723494,13578.09735480709,13424.435636384558,8449.74585235569,0.578,0.574,0.745
name28,44,high school or lower,1,0,LowSkilled,Cleaning Services,1663.0,1625.1036245206462,37.896375479353765,0.0,354.8609066436413,0.8795347399228942,auto loans,48,0.1905980343741957,20348,car,22445.25043568722,1,0.627729243248875,0.7470206,0.7,Cleaning Services_auto loans,0.0,17033.32351889478,0.0,0.0,0.0,0.0,0.0,0.0,0.624,0.746,0.686
name29,43,bachelor degree,1,1,HighSkilled,Finance,7005.0,4579.119869208526,2425.8801307914737,0.0,5134.155620779385,0.8545687026565314,mortgages,48,0.3866203411831422,66703,house,79694.06426195703,0,0.42990920922806725,0.3085773,0.07,Finance_mortgages,0.8125243916116537,246439.46979741048,88304.9933974116,59670.947919339356,11613.808655441888,87275.31726923569,93427.92077549484,62296.369343834725,0.441,0.298,0.058
name30,38,high school or lower,0,2,LowSkilled,Agriculture,809.0,1090.353400400285,-281.3534004002849,0.347779234116545,214.0334185768253,0.9206237400278092,auto loans,12,0.6123446464488383,0,none,1047.5460467104406,0,0.4695620019633363,0.60290205,0.61,Agriculture_auto loans,1.0,2568.401022921904,1232.8324910025137,1517.925004546845,1584.7034311428147,1074.4038036773961,873.6956713853597,861.2489893919583,0.48,0.591,0.617
name31,45,bachelor degree,1,0,HighSkilled,Doctor,5608.0,5405.666095520635,202.33390447936472,0.0,4270.913001492131,0.7359039911962142,auto loans,24,0.7254955593817344,64645,house,77109.10656577995,1,0.20626970034620246,0.21461187,0.63,Doctor_auto loans,0.562802785967408,102501.91203581114,11479.9839704874,12229.932672077026,36055.22603796294,26109.266317125413,26287.389143471788,18538.24918362064,0.199,0.212,0.625
name32,51,ausbildung,1,0,MediumSkilled,IT Support,3612.0,2055.989601942626,1556.010398057374,0.0,3136.839677433319,0.2320991844162925,mortgages,24,0.4376603763499294,24088,car,32552.70362793124,0,0.23277372756447295,0.1797774,0.28,IT Support_mortgages,0.7274446510426561,75284.15225839966,12157.841958841127,9583.884427014402,15224.684975485738,25247.926934041356,24085.93789293223,25591.00054987599,0.222,0.175,0.278
name33,59,bachelor degree,0,0,HighSkilled,Consultant,9710.0,6805.921998781628,2904.0780012183723,0.0,9165.057671089917,0.4511390616577277,auto loans,24,0.6447970823760601,73798,house,110422.72240084392,0,0.07744890434501599,0.11459195,0.08,Consultant_auto loans,0.76705782984747,219961.384106158,14004.017461245374,19234.433621469547,10967.001626276495,54986.198857436786,64616.794872839295,55789.36951667174,0.083,0.114,0.065
name34,39,post graduate degree,1,0,HighSkilled,Consultant,4855.0,3111.452288121122,1743.547711878878,0.0,3704.028523776584,0.8983127244855498,mortgages,48,0.4038065523991154,27565,car,41575.16237843856,0,0.473677023544069,0.22360857,0.17,Consultant_mortgages,0.8682484608107613,177793.36914127602,71627.1320620624,33034.927287244296,23772.798141287953,64267.566631769216,70786.37780630971,66966.6411160186,0.464,0.214,0.154
name35,37,bachelor degree,1,2,HighSkilled,Consultant,4032.0,4838.79666601167,-806.7966660116699,0.20009837946718,3239.120676746152,0.2340164225410092,auto loans,60,1.0034517219141423,46379,car,54594.06551743049,1,0.43089445598318066,0.36301258,0.31,Consultant_auto loans,0.7966140128517806,194347.24060476912,66882.125617129,54186.90732869247,43659.165333403645,67417.78821869746,70860.6548515163,72219.0597913257,0.432,0.35,0.282
name36,41,post graduate degree,1,0,HighSkilled,Finance,5617.0,6578.546138788424,-961.5461387884244,0.1711849988941471,4008.190045143086,0.4416012866034595,mortgages,24,0.884766990196103,13841,liquid assets,23323.188996747733,1,0.4460478340590453,0.42713666,0.7,Finance_mortgages,0.8634916775721982,96196.56108343406,36797.763948628635,35800.9847897493,57480.93149537475,35642.360915602,36296.577298639495,22348.260202112473,0.443,0.431,0.692
name37,59,bachelor degree,2,0,HighSkilled,Consultant,4500.0,10060.976950769991,-5560.976950769991,1.2357726557266646,922.4228584393908,0.8253564941269731,auto loans,24,1.4407555131576404,68637,house,84355.14044658301,1,0.949217925577669,0.9270495,0.68,Consultant_auto loans,0.0,22138.148602545378,0.0,0.0,0.0,0.0,0.0,0.0,0.948,0.931,0.676
name38,54,post graduate degree,1,1,HighSkilled,Finance,10174.0,7104.920732561252,3069.079267438748,0.0,8241.247411963648,0.3771270892043319,auto loans,12,0.5083711563323079,67937,house,88578.64171788658,0,0.22024778797128305,0.15948294,0.13,Finance_auto loans,0.5229117803001114,98894.96894356378,11687.215805698715,8067.281706588494,7291.581542493446,23660.58763743168,22055.44280815674,20708.884696267785,0.226,0.156,0.141
name39,39,ausbildung,1,1,MediumSkilled,IT Support,2448.0,1667.9201978716246,780.0798021283754,0.0,1954.1659282049177,0.3128805398743161,mortgages,48,0.4796103456195025,30144,car,39360.1619998688,1,0.3309563648757992,0.3471477,0.66,IT Support_mortgages,0.726297737682048,93799.96455383605,22822.445186785983,23503.712207287055,45985.523883822505,31613.248966791114,31420.589969125984,20407.6411328993,0.335,0.345,0.675
name40,34,high school or lower,1,1,LowSkilled,Construction,1183.0,670.7755961610777,512.2244038389223,0.0,310.03648049232555,0.2799665265078851,simple loans,60,0.0,6266,liquid assets,8953.071202082096,1,0.5834821161064742,0.6467089,0.71,Construction_simple loans,0.6826505978513138,18602.188829539533,7441.494060935321,7949.445873968449,8851.06034210225,4484.123132293583,3928.13415537249,3316.639040116109,0.586,0.626,0.697
name41,42,bachelor degree,0,1,HighSkilled,Engineering,4830.0,6367.320921301373,-1537.3209213013731,0.3182859050313402,3773.610671988427,0.5718206646730917,auto loans,60,1.0995717584450933,42547,car,49052.64799439399,1,0.2732625355592977,0.22241442,0.64,Engineering_auto loans,0.8401142704610008,226416.64031930562,51548.49551316484,43178.99808667313,122879.43948894645,88829.79128171329,87156.58870212118,59764.7768116507,0.271,0.227,0.646
name42,39,post graduate degree,0,0,HighSkilled,Research,5274.0,3239.9309233338386,2034.0690766661612,0.0,2544.757917763608,0.9318022551737852,auto loans,24,0.0968314071098684,68083,house,73536.69659991485,0,0.11782136781561786,0.12384068,0.09,Research_auto loans,0.22788292838060573,61074.19002632659,1628.3785367857279,1711.8851284157652,1280.4344049939057,5384.67649685406,5481.185527490469,4843.086676603605,0.117,0.123,0.092
name43,35,bachelor degree,0,2,HighSkilled,Engineering,3533.0,5042.503768183914,-1509.503768183914,0.4272583549912012,2844.7478026356885,0.5090202567005842,mortgages,24,1.2324516192526471,26039,car,27590.07350218676,0,0.28487425600366933,0.17765664,0.08,Engineering_mortgages,0.6757828805320296,68273.94726325653,13426.264141334916,8720.150937155666,3691.06917974843,21564.388469408528,20234.771083619977,15255.944503860694,0.291,0.189,0.08
name44,52,high school or lower,0,0,LowSkilled,Agriculture,1612.0,1128.481216449786,483.5187835502141,0.0,1000.010061498242,0.8509896932313685,mortgages,48,0.3204040185781812,9466,liquid assets,12402.602340279653,1,0.4070863824825525,0.5269992,0.82,Agriculture_mortgages,0.8139951274365318,48000.48295191561,15980.513128120983,21059.893828990735,32156.387052429265,17367.14289434211,15156.474463243561,6603.921035832824,0.409,0.539,0.823
name45,38,bachelor degree,0,0,HighSkilled,Finance,5612.0,3537.9855135253365,2074.0144864746635,0.0,5444.083943014995,0.5192532427999104,mortgages,36,0.6005113072951411,60609,house,77217.76272491652,0,0.13346252300654057,0.090461574,0.24,Finance_mortgages,0.7854753148391135,195987.02194853983,20628.357681100882,15086.410841402136,36638.42632911947,62190.7514342246,53684.5638751162,71223.1534238374,0.134,0.098,0.238
name46,50,high school or lower,1,1,Unemployed_LowSkilled,Agriculture,900.0,760.4310222647274,139.5689777352726,0.0,398.2912922538031,0.3640552126520719,auto loans,24,0.2874692383539227,0,none,1408.1946805718303,0,0.6997800091348575,0.55191964,0.38,Agriculture_auto loans,1.0,9558.991014091274,6710.4116918920745,5161.855147609289,3833.1553966506012,2573.4497760549775,3566.5245020407788,4331.964436380084,0.702,0.54,0.401
name47,59,ausbildung,1,2,MediumSkilled,Teacher,5026.0,3385.054294027874,1640.9457059721258,0.0,3627.6210630032174,0.975522582253486,auto loans,24,0.3952796173957605,26067,car,31909.36435908256,0,0.6320880190713682,0.6751445,0.17,Teacher_auto loans,0.7457379142118981,87062.90551207721,41942.2667769254,42591.52787254344,11556.847502001116,20767.681795140554,18711.065499751367,28165.55508718746,0.646,0.656,0.178
name48,54,post graduate degree,0,0,HighSkilled,Engineering,11555.0,3910.900209783378,7644.099790216622,0.0,3593.011019479573,0.4768302622884898,auto loans,60,0.0,35929,car,65122.43536052092,0,0.046460176566632365,0.08712491,0.08,Engineering_auto loans,0.8580309232174959,215580.6611687744,9248.743686524083,15167.939645899494,14058.090403516604,46907.23117502462,63484.47308002959,61163.12148737786,0.05,0.082,0.076
name49,39,bachelor degree,0,0,HighSkilled,Engineering,5647.0,2051.0892962332964,3595.910703766704,0.0,1684.1356646171566,0.2451256870150965,simple loans,24,0.0,0,none,13977.871159511084,0,0.04451014364779238,0.05126664,0.13,Engineering_simple loans,1.0,40419.255950811756,1899.7050296881525,1980.5435415897762,4931.149225999034,10019.481165224988,10789.097454823745,16186.106753712113,0.047,0.049,0.122
name50,46,ausbildung,2,3,MediumSkilled,Teacher,3247.0,2930.8897278570494,316.11027214295063,0.0,2644.4792339874684,0.7295910659954954,mortgages,60,0.7170831419293249,15281,liquid assets,20393.282304428383,0,0.8851257248040425,0.7326078,0.6,Teacher_mortgages,0.908835816479103,158668.7540392481,129206.6465777759,106278.23496408576,90704.21952837169,15894.77908307939,35049.37727580061,49337.16687632903,0.896,0.737,0.629
name51,42,bachelor degree,0,0,HighSkilled,Engineering,6366.0,6312.948424159669,53.05157584033077,0.0,5241.761149474871,0.3569259621327701,mortgages,24,0.8150659085194062,62407,house,65189.392641849314,0,0.08867822358418345,0.07072674,0.06,Engineering_mortgages,0.6556685677327981,125802.2675873969,7011.190371558174,6516.282815918773,5114.044741607137,28523.53679044223,25785.93603355989,23831.64295225616,0.085,0.079,0.062
name52,42,high school or lower,0,1,LowSkilled,Agriculture,1068.0,838.6975901046194,229.3024098953806,0.0,536.7220341980284,0.3337540218207125,auto loans,36,0.2878460901710185,18986,liquid assets,23497.17887652627,1,0.24219825455135133,0.18904328,0.74,Agriculture_auto loans,0.06736652148873869,19321.99323112902,312.397313330428,242.1079178310817,969.733326796537,602.8032383560113,579.008316501336,308.53275128883155,0.24,0.186,0.745
name53,56,bachelor degree,0,3,HighSkilled,Engineering,10875.0,15705.952612731464,-4830.952612731464,0.4442255276074909,10356.089343037012,0.2093757971867253,auto loans,24,1.3965096051281358,58468,house,78217.0623989674,1,0.2698647769301616,0.26001036,0.66,Engineering_auto loans,0.8366362627418601,248546.1442328883,56560.41908653361,50530.080286866425,135578.65163389675,97062.75793904181,96873.24727889684,62290.118583850126,0.272,0.243,0.652
name54,60,high school or lower,1,1,LowSkilled,Transportation,1718.0,2563.9507784584416,-845.9507784584416,0.492404411209803,1292.017732853339,0.4949092109831695,mortgages,12,1.2444519856296747,0,none,2178.541936520837,0,0.6201013580377476,0.73251164,0.62,Transportation_mortgages,1.0,15504.21279424007,9705.637209194283,11457.613254943411,9550.595081251882,5090.425604531063,3769.5766543354916,5091.523717531301,0.626,0.739,0.616
name55,41,bachelor degree,0,0,HighSkilled,Finance,6290.0,9183.311553984093,-2893.311553984091,0.4599859386302211,2276.7076651580137,0.7214529951820043,auto loans,24,0.8219426421529579,13949,liquid assets,25986.953353805093,1,0.3069848648987418,0.353448,0.66,Finance_auto loans,0.7580211508988582,54640.98396379233,12218.611357391574,14910.84775817277,26466.754770756666,19330.320522353424,19048.56302938163,12407.242717493082,0.295,0.36,0.639
name56,54,bachelor degree,0,1,HighSkilled,Finance,5365.0,5672.417125381565,-307.4171253815648,0.0573004893535069,1214.044790091329,0.6471044780573423,simple loans,36,0.2835902917936428,0,none,13801.207507899167,0,0.19966960132007575,0.14002237,0.11,Finance_simple loans,1.0,43705.61244328785,7867.010239791813,5725.435230070709,4370.5612443287855,19660.748179662856,17932.749433002777,16483.858197120193,0.18,0.131,0.1
name57,44,high school or lower,1,0,LowSkilled,Transportation,1731.0,1000.964271867984,730.0357281320161,0.0,497.0914388627071,0.8736987914142238,auto loans,48,0.0,0,none,3252.7715675486384,1,0.4841056216358609,0.52670604,0.79,Transportation_auto loans,1.0,23860.38906540994,11429.12636233136,13409.538654760388,18754.265805412215,9810.022987586613,9259.703873194427,4655.256517300483,0.479,0.562,0.786
name58,50,bachelor degree,0,4,HighSkilled,Research,7540.0,8751.968925467247,-1211.968925467247,0.1607385842794756,7491.075849937417,0.4471833270581695,mortgages,12,1.1542499702128202,43969,car,58504.15520443856,0,0.22925908113335308,0.17996576,0.13,Research_mortgages,0.5830868746745465,89892.910199249,11845.874990346427,9644.429195680275,5556.029862728855,24117.828985721273,23058.214515759297,20990.017073345243,0.226,0.184,0.106
name59,48,ausbildung,0,1,MediumSkilled,Teacher,3276.0,1976.909763591078,1299.090236408922,0.0,1934.542045743282,0.9145371946345676,auto loans,12,0.1939718587711721,15785,liquid assets,22074.76404529862,0,0.3143116395996085,0.36483344,0.12,Teacher_auto loans,0.35606087167804057,23214.504548919384,2760.7694262375326,2959.1480676438223,909.2354397788281,3852.5908462862108,3779.529071597568,3219.1570507607735,0.334,0.358,0.11
name60,43,high school or lower,0,3,LowSkilled,Agriculture,1700.0,2172.0360154585637,-472.03601545856327,0.2776682443873902,1600.8643950680762,0.9093707344329852,auto loans,36,1.219353182662729,0,none,2079.1523630424444,1,0.4904547843950783,0.5237343,0.7,Agriculture_auto loans,1.0,57631.11822245074,28873.19022944782,30775.0171307887,39765.471573491006,23507.428779766076,22463.518362779214,15505.403149344382,0.501,0.534,0.69
name61,55,ausbildung,0,0,MediumSkilled,Teacher,2618.0,2227.1659082623937,390.8340917376063,0.0,523.6883220855723,0.7860583499733782,auto loans,12,0.050746459262019,28326,car,35500.13140897586,1,0.30854656549003406,0.44284165,0.69,Teacher_auto loans,0.0,6284.259865026867,0.0,0.0,0.0,0.0,0.0,0.0,0.304,0.452,0.677
name62,35,bachelor degree,1,1,HighSkilled,Doctor,3135.0,2882.119769090894,252.8802309091061,0.0,2241.184553514369,0.9843108455172354,mortgages,12,0.6342278541005623,18903,liquid assets,29432.453134890973,0,0.3327068352655785,0.13580638,0.15,Doctor_mortgages,0.33377411994509565,26894.214642172425,3034.0883744462953,1337.5123307470353,1310.5825522756184,4163.063372660646,3647.1763544324585,3761.7517150142794,0.338,0.149,0.146
name63,57,high school or lower,1,0,LowSkilled,Construction,2367.0,1564.2618318950033,802.7381681049967,0.0,818.0451536648972,0.7581804571985008,simple loans,60,0.0064668295563584,24753,car,30851.733127080617,0,0.7072909507653946,0.6710744,0.3,Construction_simple loans,0.57165582223397,49082.709219893826,20117.884628040163,18686.905386715134,8164.9992005016575,7388.290289759308,8172.49600690509,13106.389158187689,0.717,0.666,0.291
name64,52,high school or lower,0,1,LowSkilled,Agriculture,2356.0,1791.0987407848345,564.9012592151657,0.0,638.5052348633428,0.925610754612768,auto loans,24,0.0312410762513485,17366,liquid assets,22166.155837850707,1,0.35197736764105847,0.330556,0.7,Agriculture_auto loans,0.0,15324.125636720228,0.0,0.0,0.0,0.0,0.0,0.0,0.345,0.329,0.706
name65,36,ausbildung,0,0,MediumSkilled,Electrician,2284.0,2162.472013706603,121.52798629339712,0.0,803.6639491907401,0.2528400063019416,auto loans,12,0.2986584776258069,15378,liquid assets,21948.049498497603,0,0.14981419141543714,0.09528113,0.08,Electrician_auto loans,0.0,9643.967390288883,0.0,0.0,0.0,0.0,0.0,0.0,0.169,0.108,0.056
name66,52,ausbildung,0,0,MediumSkilled,Nursing,4175.0,2817.257515116542,1357.742484883458,0.0,2868.920569267751,0.3153240177885555,auto loans,24,0.3619588226070163,28549,car,35405.41107560866,0,0.208294291203635,0.16532058,0.17,Nursing_auto loans,0.6468295348186948,68854.09366242602,8907.372274805972,7749.413879081196,7170.434681218808,20192.102553407585,19180.683404862055,19320.508049948447,0.2,0.174,0.161
name67,56,bachelor degree,0,3,HighSkilled,Finance,4500.0,7866.76399030973,-3366.7639903097297,0.7481697756243844,2538.828784840905,0.8022902590538432,auto loans,36,1.3123539500334744,14245,liquid assets,19460.95973973476,0,0.6303968295844966,0.50932753,0.26,Finance_auto loans,0.8525790241573815,91397.83625427258,48780.34765539618,39039.86289992569,20727.751559641187,25018.999441763393,31001.32268829963,36301.92054895896,0.626,0.501,0.266
name68,57,high school or lower,0,0,LowSkilled,Manufacturing,1332.0,2319.107854596813,-987.107854596813,0.7410719629105202,451.4064868269689,0.2673050286274374,auto loans,48,1.079965721789626,0,none,1100.1768504119923,1,0.6227485425154399,0.74280846,0.89,Manufacturing_auto loans,1.0,21667.511367694507,13867.207275324485,15947.288366623157,19067.410003571167,7073.821192696231,5086.0229299534985,2290.517168443125,0.64,0.736,0.88
name69,45,ausbildung,1,1,MediumSkilled,Electrician,3096.0,1721.5489967903477,1374.4510032096523,0.0,1507.3538008255143,0.5731633639159305,auto loans,12,0.0429272602118417,31067,car,29771.880187275117,1,0.45696685493842126,0.39452782,0.74,Electrician_auto loans,0.0,18088.24560990617,0.0,0.0,0.0,0.0,0.0,0.0,0.514,0.392,0.739
name70,35,bachelor degree,0,0,HighSkilled,Doctor,2674.0,2012.5480691117,661.4519308883002,0.0,1374.4690477168913,0.2605335916221191,mortgages,36,0.2666481364355239,0,none,7551.479908390091,1,0.08206914780068451,0.10096196,0.16,Doctor_mortgages,1.0,49480.88571780809,3958.470857424647,5343.935657523273,8609.674114898606,16546.9638681063,18050.06790816982,21122.20364297851,0.08,0.108,0.174
name71,58,ausbildung,0,1,MediumSkilled,Artist,2130.0,5127.510504157479,-2997.510504157479,1.4072819268344972,875.9440743649778,0.320632082028034,auto loans,24,1.818523276301623,40780,car,45985.435222569016,0,0.617461646553545,0.5680093,0.24,Artist_auto loans,0.0,21022.657784759467,0.0,0.0,0.0,0.0,0.0,0.0,0.61,0.575,0.251
name72,56,ausbildung,0,0,MediumSkilled,Teacher,3990.0,2416.9093465140013,1573.0906534859987,0.0,2199.0137908648703,0.3848773999427294,mortgages,60,0.1568729667616219,11748,liquid assets,19429.488683178108,0,0.3147706047954361,0.22144079,0.2,Teacher_mortgages,0.9156188580511962,131940.82745189223,39624.86320188073,24403.116971889962,25490.384559746442,56301.73119717365,55318.100996813264,54362.05317654912,0.328,0.202,0.211
name73,47,bachelor degree,0,0,HighSkilled,Finance,9603.0,5159.522740545755,4443.477259454245,0.0,9472.064344458964,0.5027272190276759,mortgages,60,0.5236475148396043,48626,car,73832.51496819317,0,0.15736083928802372,0.09830398,0.07,Finance_mortgages,0.9271100929917385,568323.8606675379,81142.41324618735,56905.06902979373,40044.307835780775,223880.60381470824,190160.06979880223,163924.2716351467,0.154,0.108,0.076
name74,49,bachelor degree,0,4,HighSkilled,Doctor,6031.0,10472.616712666466,-4441.616712666466,0.7364643861161443,5868.781661530474,0.7565257568976078,auto loans,48,1.709566966373228,63427,house,73207.2816527264,1,0.5487173151402229,0.62999034,0.89,Doctor_auto loans,0.8440989288625377,281701.51975346275,132445.66075314573,144572.64225837094,210676.58065940236,89183.06623097199,76413.89208501857,25136.630279910776,0.557,0.608,0.886
name75,34,bachelor degree,1,0,HighSkilled,Consultant,2545.0,3428.6260139039605,-883.6260139039605,0.3472007913178627,1911.880115303192,0.308329452005627,auto loans,12,1.0984306990990775,64943,house,70966.64551711387,0,0.29116625474505253,0.32346728,0.11,Consultant_auto loans,0.0,22942.561383638305,0.0,0.0,0.0,0.0,0.0,0.0,0.276,0.328,0.103
name76,35,post graduate degree,2,0,HighSkilled,Engineering,2587.0,2202.2259733820624,384.7740266179376,0.0,1739.4406585553654,0.7458398175350778,auto loans,24,0.5236438469027552,0,none,7133.288962358862,1,0.5297882159723307,0.6634593,0.8,Engineering_auto loans,1.0,41746.57580532877,21624.726267160306,27260.514000879688,33105.03461362572,16126.641185199733,12397.861954014612,7785.022496129751,0.518,0.653,0.793
name77,53,ausbildung,0,1,MediumSkilled,Electrician,3895.0,3278.2400656488544,616.7599343511456,0.0,2820.7343624125983,0.4183165076547012,auto loans,48,0.565847093212183,23590,car,36884.91904462006,0,0.25425619300622215,0.1538084,0.26,Electrician_auto loans,0.8516994612402535,135395.2493958047,30443.440094732712,16028.932474120635,30443.440094732712,53637.50321576334,48680.30694972335,53721.58814805804,0.264,0.139,0.264
name78,58,high school or lower,1,0,LowSkilled,Transportation,2411.0,2891.2204912280754,-480.2204912280754,0.1991789677428765,2310.75441330435,0.242835042638697,simple loans,24,1.157600541075249,10113,liquid assets,14661.131921666469,0,0.36856132633854466,0.36748013,0.3,Transportation_simple loans,0.8273132018004786,55458.10591930439,18214.84560003425,17113.696243860893,13580.842059471377,20935.894774883607,20948.631014841798,21431.61450483797,0.397,0.373,0.296
name79,40,bachelor degree,0,0,HighSkilled,Research,4577.0,6224.486763867652,-1647.4867638676517,0.359949041701475,3321.413154602013,0.6599765705321596,mortgages,36,1.085623753216007,71187,house,67730.15441199834,1,0.23782624816994663,0.20395684,0.69,Research_mortgages,0.5874434287876531,119570.87356567247,16647.146376281198,13556.536922456842,47623.48203847534,32465.089591672076,31725.130987703615,19444.139021181807,0.237,0.193,0.678
name80,34,ausbildung,0,0,MediumSkilled,IT Support,2234.0,1432.6471581379362,801.3528418620638,0.0,1540.0043582470814,0.4971499692470768,auto loans,12,0.3306407862063642,34329,car,46330.10561956152,0,0.09447853043758041,0.09523528,0.06,IT Support_auto loans,0.0,18480.052298964976,0.0,0.0,0.0,0.0,0.0,0.0,0.099,0.101,0.051
name81,30,bachelor degree,0,0,HighSkilled,Doctor,2418.0,2427.074415589172,-9.074415589171622,0.0037528600451495,1840.8577835821072,0.936289599832322,auto loans,60,0.7650670798888664,41337,car,43626.6545181301,0,0.1639235516372206,0.10523604,0.11,Doctor_auto loans,0.6820375487025908,110451.46701492643,11525.80331546022,8361.85730729467,8286.525259481203,32369.969071821688,27932.712819827626,28411.97558933987,0.153,0.111,0.11
name82,35,post graduate degree,0,0,Unemployed_HighSkilled,Consultant,1500.0,2101.577644007339,-601.5776440073391,0.4010517626715594,1020.7946457059852,0.3705662508237806,auto loans,48,1.0815815264755495,39430,car,40794.29967176684,1,0.29561646391840457,0.42237747,0.83,Consultant_auto loans,0.3149521750522815,48998.14299388729,4845.670516766519,6820.975695575799,12762.32330371309,7211.068924944516,6772.075551262064,2471.8847646188374,0.314,0.442,0.827
name83,35,high school or lower,0,1,Unemployed_LowSkilled,Construction,500.0,618.2309503721905,-118.23095037219048,0.2364619007443809,409.29454339082497,0.2579802805802774,simple loans,36,1.055050987526031,12073,liquid assets,14114.683628410632,1,0.589249890292839,0.6627986,0.74,Construction_simple loans,0.22451589547165446,14734.603562069698,1912.1122682052705,2229.6949286684303,2375.2536480473777,1155.6012179024672,984.0825582070677,784.1348805926286,0.578,0.674,0.718
name84,55,post graduate degree,1,0,HighSkilled,Research,5545.0,13211.916354007317,-7666.916354007317,1.3826720205603815,3823.810347977593,0.8135058033766862,auto loans,60,2.0722681157772604,0,none,3886.3242098388646,1,0.9275333153219391,0.8886727,0.89,Research_auto loans,1.0,229428.62087865558,215892.33224681488,203732.61534024615,201438.3291314596,16168.604166230298,24535.616976814395,24253.371148027014,0.941,0.888,0.878
name85,47,high school or lower,1,1,LowSkilled,Agriculture,2226.0,1329.5800713737826,896.4199286262174,0.0,2084.5970339208725,0.9792078151684994,auto loans,48,0.5337722844989466,21047,car,26160.00434573441,1,0.6298566844842206,0.74700606,0.42,Agriculture_auto loans,0.821574811965119,100060.65762820188,51461.77980097356,62066.52356187705,33951.62149808639,26425.820703458558,19012.84810144851,36150.23097655602,0.626,0.755,0.413
name86,40,ausbildung,1,1,MediumSkilled,Electrician,2197.0,2714.1193306826667,-517.1193306826667,0.2353752074113184,1334.61685542057,0.4742810441404436,auto loans,24,0.8428476040524518,36810,car,43631.42043211,0,0.5708764575416062,0.54228145,0.74,Electrician_auto loans,0.02141788783319546,32030.80453009368,401.3288245000449,390.352309641924,497.3733295086027,247.8350133891757,259.9643731066444,162.61092129608187,0.585,0.569,0.725
name87,46,bachelor degree,0,0,HighSkilled,Finance,8366.0,10391.016194287096,-2025.0161942870943,0.2420530951813405,3220.6070409449258,0.7766825105438812,simple loans,12,0.6270168820502057,61621,house,68594.10170086581,0,0.20698013131687718,0.13597444,0.39,Finance_simple loans,0.0,38647.28449133911,0.0,0.0,0.0,0.0,0.0,0.0,0.21,0.153,0.355
name88,30,post graduate degree,1,0,HighSkilled,Engineering,3726.0,3527.9703384723825,198.02966152761744,0.0,3269.9903180524666,0.5687197018407679,auto loans,24,0.8244660913915323,56295,house,75243.66531507323,1,0.2233904553907461,0.32704064,0.58,Engineering_auto loans,0.5024173871964002,78479.7676332592,8359.075158041533,12972.338334885208,22317.153487978805,18078.04946480427,18318.967645089844,14012.669104915407,0.212,0.329,0.566
name89,48,bachelor degree,0,0,HighSkilled,Doctor,9211.0,5360.659481984958,3850.340518015042,0.0,4236.677620502055,0.9229675999988632,simple loans,36,0.041943014057867,50120,house,69194.37173934889,0,0.06866088947486154,0.118866615,0.11,Doctor_simple loans,0.772451226320658,152520.394338074,8718.277857756315,12370.529392762337,13430.86048357054,36322.73351604898,45727.38098750992,44434.53563711819,0.074,0.105,0.114
name90,54,high school or lower,0,0,LowSkilled,Transportation,2111.0,1065.2405502711454,1045.7594497288546,0.0,1058.8408367154482,0.3594168045875562,simple loans,48,0.0061967726132607,6485,liquid assets,11365.397668131316,0,0.18525719244952346,0.15206453,0.18,Transportation_simple loans,0.879503168274713,50824.360162341516,8269.534370838177,6302.726196152339,7554.331398225145,19795.40335328991,18807.666060096526,19665.0793661025,0.185,0.141,0.169
name91,53,high school or lower,0,0,LowSkilled,Agriculture,1755.0,1356.3979368256976,398.6020631743024,0.0,1182.2572923977614,0.6621101899866251,mortgages,12,0.446527196138723,0,none,3406.991397253659,1,0.27823589154467393,0.26358682,0.74,Agriculture_mortgages,1.0,14187.087508773137,4142.629552561755,3901.449064912613,10697.063981614945,6628.6084585665385,6614.6518628881995,3362.780117556801,0.292,0.275,0.754
name92,49,bachelor degree,0,1,HighSkilled,Finance,7032.0,5910.20229639831,1121.79770360169,0.0,2537.2672910981064,0.5630645236277954,simple loans,48,0.2012897593140523,52290,house,72969.31486482153,0,0.14194066730322913,0.08261702,0.1,Finance_simple loans,0.7022990946068364,121788.8299727091,11119.184052997742,5217.4632864066325,8040.025392167596,35245.196859555166,28686.638466649725,31082.09217396498,0.13,0.061,0.094
name93,59,post graduate degree,0,0,HighSkilled,Consultant,9722.0,4754.8799937765,4967.1200062235,0.0,5268.031655764317,0.8215487063285063,mortgages,36,0.030951619989798,22939,car,50752.84881310309,0,0.14104448139675485,0.087683156,0.01,Consultant_mortgages,0.8971140118129476,189649.13960751542,25690.67197099596,13610.952037613755,1871.5059051718913,69969.00041584465,58551.806641545954,17058.734906620866,0.151,0.08,0.011
name94,41,bachelor degree,1,1,HighSkilled,Doctor,6108.0,4222.62924965414,1885.37075034586,0.0,1502.4508367278906,0.7977084141506154,simple loans,36,0.0,71371,house,77550.4378958733,0,0.24245324836614648,0.19252247,0.17,Doctor_simple loans,0.08567501137205867,54088.23012220406,1172.404461896033,926.801946162872,783.1476445076268,2146.2657877054007,2069.327397884727,2010.276870564243,0.253,0.2,0.169
name95,44,high school or lower,1,0,LowSkilled,Construction,1377.0,1260.929005724472,116.07099427552794,0.0,613.644433988161,0.2304569677704054,simple loans,60,0.3613459983388766,0,none,2111.5960347700848,0,0.5385526922030971,0.44575268,0.49,Construction_simple loans,1.0,36818.66603928966,19771.623663098548,15979.301061051712,17452.0477026233,14033.787004637392,15803.265130941068,15026.789624611209,0.537,0.434,0.474
name96,46,bachelor degree,0,1,Unemployed_HighSkilled,Finance,3500.0,2573.45226878738,926.5477312126204,0.0,1623.0625632884896,0.5717043659176748,auto loans,48,0.1990042377359626,21351,car,36863.78215764297,0,0.20513103485834258,0.16136053,0.16,Finance_auto loans,0.7668744219356544,77907.0030378475,12785.406014749155,9081.222963747063,9439.692291263395,27012.891298956558,25563.008414244447,25503.660069004804,0.214,0.152,0.158
name97,39,post graduate degree,0,0,HighSkilled,Engineering,5201.0,5041.818687504451,159.1813124955488,0.0,4244.1932911204485,0.7142520392301859,mortgages,12,0.7854281827773312,64938,house,80878.36882306996,0,0.13754664900053523,0.12556979,0.1,Engineering_mortgages,0.11580133087293709,50930.31949344538,719.5314510532337,731.3270486114834,536.6996889003628,2406.164285087098,2333.9583210460523,2143.239123691685,0.122,0.124,0.091
name98,44,high school or lower,1,0,LowSkilled,Transportation,1989.0,1570.48280726967,418.51719273033,0.0,1548.8439053932534,0.4448951842011326,auto loans,12,0.5682889455318871,7715,liquid assets,12247.1577221612,0,0.2775586662062795,0.18782902,0.19,Transportation_auto loans,0.6076387164998696,18586.12686471904,3026.698273105475,2145.7935518285085,2145.7935518285085,5276.420394997275,5016.659788322202,5029.152538564583,0.268,0.19,0.19
name99,34,bachelor degree,0,0,HighSkilled,Consultant,2740.0,4149.699398748623,-1409.699398748623,0.5144888316600814,2513.5888987395265,0.8501321184657551,auto loans,48,1.4318570428788866,22073,car,33098.829183588234,1,0.3415624985966998,0.5206307,0.67,Consultant_auto loans,0.8446690490057186,120652.26713949727,33528.796560138915,56458.82460278711,68484.35042070926,47110.7587673886,39902.805016003666,29765.891966941454,0.329,0.554,0.672
name100,37,bachelor degree,0,2,HighSkilled,Research,5260.0,3786.550103286304,1473.4498967136965,0.0,3327.918639373928,0.7408155448637981,auto loans,36,0.3525605974639222,13373,liquid assets,29721.74850819204,0,0.11685834761152167,0.23437165,0.28,Research_auto loans,0.8941305571405862,119805.0710174614,11461.987113990797,26780.343724277565,30850.95597036775,41320.89508421442,49426.60880998624,50056.431432901474,0.107,0.25,0.288
name101,46,ausbildung,0,1,MediumSkilled,Electrician,3577.0,4555.239868265647,-978.2398682656468,0.2734805334821489,1872.2600270894263,0.954400411515981,mortgages,24,0.7968968116732102,16905,liquid assets,21628.740761872155,1,0.5186838686590867,0.628072,0.72,Electrician_mortgages,0.6439613626397618,44934.24065014623,14236.470100419561,18113.882688745216,20833.85868354082,11361.49756401171,9338.159467345444,7327.079712116097,0.492,0.626,0.72
name102,55,high school or lower,0,1,LowSkilled,Agriculture,2328.0,1616.5353895050043,711.4646104949957,0.0,972.0553742009164,0.7456082477075452,mortgages,36,0.1119376132757391,0,none,4293.976750129156,1,0.3844327935499439,0.49034846,0.78,Agriculture_mortgages,1.0,34993.99347123299,13927.609401550731,17252.038781317864,26700.417018550772,15813.139144990955,14275.788375071135,7126.485185306363,0.398,0.493,0.763
name103,55,high school or lower,0,0,LowSkilled,Construction,1334.0,1542.5951310893608,-208.59513108936085,0.1563681642349031,680.3345460998853,0.714053679953151,auto loans,24,0.6663640758540076,11102,liquid assets,13682.675272935689,0,0.39461468925033344,0.36521396,0.14,Construction_auto loans,0.3576449164957413,16328.029106397247,2219.061910393041,2207.382637180446,858.4265811257291,2620.3046486575477,2669.623034795363,2395.9267423696997,0.38,0.378,0.147
name104,31,post graduate degree,0,0,HighSkilled,Engineering,2989.0,1648.90009465392,1340.09990534608,0.0,1250.807236955624,0.5916150673303373,simple loans,48,0.0,41483,car,58867.187954814966,0,0.16779945349280806,0.23078738,0.36,Engineering_simple loans,0.4116853254483154,60038.74737386995,4424.3557541296295,5635.492245483551,7835.311586922307,10686.560965038787,11382.84182736108,11330.759575105396,0.179,0.228,0.317
name105,56,post graduate degree,0,0,HighSkilled,Consultant,6714.0,5163.548410581046,1550.4515894189544,0.0,2087.153627680167,0.740456248793183,auto loans,48,0.0799377477302968,58429,house,79441.6325561626,0,0.15184445138916816,0.100041546,0.02,Consultant_auto loans,0.5958515082126706,100183.37412864802,9968.967233588992,6327.607944673251,1134.1938768753942,25105.874586276037,21696.346946445574,9331.964503054942,0.167,0.106,0.019
name106,59,bachelor degree,2,0,HighSkilled,Research,8529.0,11891.613871397554,-3362.6138713975542,0.3942565214441967,2426.423300289663,0.7039275909535603,simple loans,24,0.6787474700067087,40153,car,52891.07011236638,0,0.7171482551057429,0.48681906,0.15,Research_simple loans,0.4132407551716279,58234.15920695191,17759.76921046962,12345.20542678986,3489.385549482514,6148.458329949436,9860.836257501336,10084.620448910782,0.738,0.513,0.145
name107,32,high school or lower,0,1,LowSkilled,Transportation,1152.0,1197.3727076532366,-45.3727076532366,0.0393860309489901,521.956246521641,0.5856779903661757,simple loans,36,0.4924730504990257,0,none,1835.171260816516,0,0.21216980994036924,0.18256691,0.14,Transportation_simple loans,1.0,18790.424874779077,4246.636021700072,3325.9052028358965,2762.192456592524,8546.232961454885,8293.74931227532,7709.466272168687,0.226,0.177,0.147
name108,47,ausbildung,0,1,MediumSkilled,Nursing,2844.0,2521.893170055513,322.1068299444869,0.0,1534.3432674272874,0.3154888300001802,simple loans,48,0.4262434730952182,14425,liquid assets,19512.437731386017,0,0.2982908131809912,0.20058891,0.11,Nursing_simple loans,0.814291123847375,73648.4768365098,18471.16069963747,11514.489786786995,6177.044000203439,28017.65343906759,27001.724697001064,22618.569237898355,0.308,0.192,0.103
name109,30,bachelor degree,0,0,HighSkilled,Doctor,3249.0,3796.968794447918,-547.9687944479178,0.1686576775770753,3124.681915628729,0.2072987755214825,auto loans,12,1.1303941859269455,19588,liquid assets,18234.714197859816,1,0.06346625868285159,0.07963439,0.11,Doctor_auto loans,0.5044199010974643,37496.182987544744,1361.7951058159015,1475.2780313005599,1777.8991659263158,5616.3689253394505,6241.242178215411,7133.471526533709,0.072,0.078,0.094
name110,52,bachelor degree,0,1,HighSkilled,Finance,11444.0,6098.1886961644805,5345.81130383552,0.0,9058.408173963073,0.638663653992424,auto loans,36,0.3244142668758785,38200,car,62619.19077562316,1,0.10213317144301703,0.10932144,0.62,Finance_auto loans,0.9002457880532371,326102.69426267064,33173.70119905434,31705.838314140427,180547.1348444108,107583.62175806587,110462.85252833355,96408.10264678007,0.113,0.108,0.615
name111,59,ausbildung,2,0,MediumSkilled,Electrician,4058.0,5103.922624587967,-1045.9226245879672,0.257743377177912,2106.051650206335,0.404404109359096,auto loans,24,0.7767309696388128,49614,car,54397.40056791376,1,0.7965713988603,0.71144474,0.83,Electrician_auto loans,0.16354538953773426,50545.23960495205,6505.688988669887,6059.3011800445065,6976.876119996676,1566.054101805839,2149.547973874434,1324.10538936158,0.787,0.733,0.844
name112,42,ausbildung,0,2,MediumSkilled,Teacher,3092.0,2970.654678278795,121.34532172120498,0.0,1438.2220581851952,0.3396985030739478,auto loans,36,0.4258980389598933,38921,car,45111.22133806198,0,0.29059936791815166,0.2634476,0.14,Teacher_auto loans,0.35949501971227615,51775.994094667025,5416.4446971463385,4597.4633683682,2196.359018086832,8699.489405758633,8678.052712648152,7636.758148011522,0.291,0.247,0.118
name113,37,ausbildung,0,0,MediumSkilled,Nursing,2298.0,1643.0351115686328,654.9648884313672,0.0,1599.4900024381434,0.4074405031971262,auto loans,24,0.4110205021787538,0,none,5725.1262659126005,0,0.2079666222662608,0.15189773,0.02,Nursing_auto loans,1.0,38387.76005851544,7754.32753182012,6180.429369420986,690.9796810532779,17399.395502347375,16146.523166892692,6001.117806146512,0.202,0.161,0.018
name114,46,high school or lower,1,0,LowSkilled,Transportation,2168.0,1941.5518073144367,226.44819268556284,0.0,554.7819585405965,0.951640733353185,mortgages,12,0.1514454639552738,24856,car,26646.377707831496,1,0.5163241989562191,0.44105485,0.38,Transportation_mortgages,0.0,6657.383502487159,0.0,0.0,0.0,0.0,0.0,0.0,0.498,0.443,0.393
name115,39,ausbildung,0,2,Unemployed_MediumSkilled,Artist,1150.0,1042.5236873343931,107.47631266560666,0.0,596.454230674023,0.2767869562703287,mortgages,36,0.425198189572536,40805,car,43154.439189803445,0,0.3157354204586022,0.3405973,0.37,Artist_mortgages,0.0,21472.35230426483,0.0,0.0,0.0,0.0,0.0,0.0,0.294,0.327,0.352
name116,46,bachelor degree,0,1,HighSkilled,Finance,3500.0,4877.660105890549,-1377.660105890549,0.3936171731115854,2145.6057024688403,0.3739818533838029,mortgages,24,1.0066473738169683,30881,car,39420.95489149812,0,0.3136907808121192,0.24906829,0.1,Finance_mortgages,0.4893332760119426,51494.53685925217,7861.773010433345,6299.497604513898,2091.4332046986146,11746.002034651554,11700.587089712137,9156.860199017916,0.312,0.25,0.083
name117,53,high school or lower,0,2,Unemployed_LowSkilled,Transportation,1000.0,951.0138898193784,48.98611018062172,0.0,201.52913152981844,0.4894965008856846,auto loans,12,0.1525430213491967,6209,liquid assets,8943.2913391782,1,0.41588971402108965,0.5390077,0.7,Transportation_auto loans,0.0,2418.3495783578214,0.0,0.0,0.0,0.0,0.0,0.0,0.424,0.532,0.696
name118,41,high school or lower,0,0,LowSkilled,Agriculture,1371.0,917.4164281680496,453.5835718319505,0.0,457.5377491716496,0.5936060193485783,simple loans,36,0.002884155608825,23143,car,25335.59796644848,0,0.29564718026231773,0.28611943,0.07,Agriculture_simple loans,0.0,16471.358970179386,0.0,0.0,0.0,0.0,0.0,0.0,0.285,0.27,0.068
name119,49,high school or lower,2,2,Unemployed_LowSkilled,Agriculture,900.0,871.4890697264365,28.51093027356353,0.0,783.4234036892459,0.2182663438837119,auto loans,24,0.838791637128536,23326,car,24869.10256567048,1,0.8536792994662284,0.7670362,0.53,Agriculture_auto loans,0.0,18802.161688541903,0.0,0.0,0.0,0.0,0.0,0.0,0.867,0.762,0.52
name120,55,post graduate degree,0,0,HighSkilled,Consultant,7083.0,4998.246754021203,2084.753245978797,0.0,4180.978296717724,0.827709366065435,auto loans,48,0.2959515813552064,22493,car,42287.83074398914,0,0.17454160933835366,0.11596732,0.06,Consultant_auto loans,0.9047239098482631,200686.95824245078,34134.462429133055,18882.89410973318,9623.013344383255,79287.62197526844,69841.44518541629,52458.56040734877,0.188,0.104,0.053
name121,54,bachelor degree,1,1,HighSkilled,Finance,9831.0,6502.14733926506,3328.8526607349404,0.0,7454.326441415001,0.9525874988395168,auto loans,24,0.4196392819326681,15398,liquid assets,46616.64523077144,0,0.31215101884203417,0.28290883,0.07,Finance_auto loans,0.9183175610533831,178903.83459396003,51587.2273768909,47479.96405070531,10186.01304894024,76606.86722106022,76782.31028415298,51112.67403687427,0.314,0.289,0.062
name122,56,bachelor degree,0,1,HighSkilled,Engineering,7667.0,8041.191122461247,-374.1911224612468,0.0488054157377392,3742.477034420036,0.4719134494693589,auto loans,60,0.5369333711857679,0,none,17810.989421979444,1,0.13078621207211757,0.06465712,0.23,Engineering_auto loans,1.0,224548.62206520216,28293.12638021547,13023.820079781726,47604.30787782286,90104.408347146,67278.70081058636,103364.83158844162,0.126,0.058,0.212
name123,57,high school or lower,0,1,Unemployed_LowSkilled,Cleaning Services,1100.0,1083.2752188570134,16.724781142986558,0.0,899.8946951981698,0.4141475924744198,simple loans,12,0.8028817400501665,23902,car,25962.52052412432,1,0.48942951806975626,0.5742473,0.85,Cleaning Services_simple loans,0.0,10798.736342378037,0.0,0.0,0.0,0.0,0.0,0.0,0.486,0.593,0.846
name124,31,bachelor degree,0,0,HighSkilled,Engineering,3297.0,2811.83438530068,485.16561469932,0.0,2686.392209852626,0.7873453136608304,mortgages,48,0.6676453124517154,30228,car,42281.76897370055,0,0.17531824842472962,0.14864601,0.1,Engineering_mortgages,0.8006917709956068,128946.82607292605,18171.41260573648,15899.986030019423,9395.446290466023,45135.5905323142,43150.12130902324,37519.47036810938,0.176,0.154,0.091
name125,35,ausbildung,0,1,MediumSkilled,Teacher,2156.0,1856.6131492176817,299.38685078231833,0.0,2003.0173942663532,0.7790687027440424,auto loans,36,0.790181142617827,45194,car,48494.48254395776,1,0.3496228035635272,0.45074663,0.69,Teacher_auto loans,0.4668378167713115,72108.62619358872,11378.105364436624,15484.995466393038,23193.83016596696,15508.80830150486,14374.854101711358,9318.596696903618,0.338,0.46,0.689
name126,56,ausbildung,0,1,MediumSkilled,Electrician,3865.0,4216.128751544013,-351.12875154401263,0.0908483186401067,2768.98364851164,0.2300229853086154,auto loans,24,0.8072735834555373,11014,liquid assets,19382.64742338802,0,0.21108215366891192,0.114240006,0.11,Electrician_auto loans,0.8427569020309031,66455.60756427936,11817.249532178694,7224.763931995505,6048.63957097298,25450.422580203984,21424.50122375146,21123.000550046967,0.211,0.129,0.108
name127,51,bachelor degree,0,0,HighSkilled,Engineering,6143.0,4735.518884731924,1407.481115268076,0.0,3743.889531468936,0.6889582922676724,auto loans,24,0.3803367110859286,44274,car,65103.86557744427,0,0.10925619894151656,0.08682934,0.17,Engineering_auto loans,0.5803726865705093,89853.34875525447,5736.327235588837,4276.171211984405,7874.412841581039,19617.485025404203,17871.58404010254,22622.477633357474,0.11,0.082,0.151
name128,47,bachelor degree,0,2,HighSkilled,Engineering,5872.0,7223.971947135363,-1351.9719471353628,0.2302404542124255,5509.082661290158,0.8666849556875291,auto loans,60,1.1684357303176978,18077,liquid assets,30756.93563583288,0,0.30957754597028314,0.24495177,0.16,Engineering_auto loans,0.9481817281821171,330544.9596774095,92457.92387710023,72712.67233724493,50146.670577410296,146210.76291787316,145309.32934626407,133790.0702195055,0.295,0.232,0.16
name129,37,high school or lower,0,0,LowSkilled,Transportation,1062.0,787.7025217307031,274.2974782692969,0.0,682.8241991758712,0.5326966135154518,auto loans,36,0.3846767616822733,0,none,1775.9893581152055,0,0.16565854952496586,0.14919893,0.13,Transportation_auto loans,1.0,24581.671170331363,3736.414017890367,3441.433963846391,2925.218869269432,10592.308223515132,10284.871068617866,9843.86140684611,0.152,0.14,0.119
name130,40,bachelor degree,1,1,HighSkilled,Finance,4513.0,3548.842684426827,964.157315573173,0.0,2536.8194233307804,0.7606147710003537,auto loans,36,0.3484737663987607,66971,house,76711.34544262999,1,0.36362549011097856,0.39226976,0.65,Finance_auto loans,0.49179956558413623,91325.4992399081,17471.48409179411,16797.776478999996,29418.565758676465,20550.246529170443,20187.105763303814,13785.30452030302,0.389,0.374,0.655
name131,58,post graduate degree,1,1,HighSkilled,Engineering,5912.0,11804.407699411346,-5892.407699411346,0.9966860114024604,2535.457069863353,0.3141172682663883,auto loans,48,1.4255522275498471,21227,car,27550.54975178441,1,0.8058186712981329,0.7635586,0.79,Engineering_auto loans,0.8517429976401419,121701.93935344095,82719.70216552781,77433.10465870835,82201.40829231021,18807.035083351064,22548.6368444068,20224.23795822254,0.798,0.747,0.793
name132,55,high school or lower,0,1,Unemployed_LowSkilled,Agriculture,1000.0,1026.7026519999938,-26.702651999993805,0.0267026519999938,843.0199973091748,0.6146842066592928,mortgages,24,0.8697226493091685,22756,car,24950.17978291094,1,0.5945184455856504,0.5886532,0.83,Agriculture_mortgages,0.0443476424594393,20232.479935420193,538.3576717462765,521.3096788076444,754.5980032310309,310.28794574887667,313.7851131207995,143.72212966180473,0.6,0.581,0.841
name133,47,ausbildung,0,0,MediumSkilled,Nursing,2711.0,2749.2034877466385,-38.20348774663853,0.0140920279404789,2163.881733431861,0.4116212157963542,auto loans,36,0.8122778388707119,21164,car,22049.99400787429,1,0.25282591700828894,0.19475108,0.74,Nursing_auto loans,0.7691392394762242,77899.74240354699,15458.26314593574,12821.970206318792,44577.31697897748,27856.6155765673,26819.214611474123,14201.892255124534,0.258,0.214,0.744
name134,57,ausbildung,0,0,MediumSkilled,Electrician,3059.0,2754.579508687092,304.42049131290787,0.0,2648.9319053453314,0.2388879077018943,simple loans,60,0.766430668202819,19349,liquid assets,21366.584379678192,1,0.24308443215361142,0.24469455,0.34,Electrician_simple loans,0.8845045064074403,158935.9143207199,34160.82638453925,34723.1445143259,46391.24570739898,65127.40392122741,65170.19422089121,65025.58271617337,0.243,0.247,0.33
name135,60,ausbildung,0,0,MediumSkilled,Electrician,4037.0,2391.886158149849,1645.1138418501505,0.0,1633.3642771492196,0.950605349739306,auto loans,12,0.0,0,none,9092.221701270588,1,0.2597549633268767,0.38213673,0.73,Electrician_auto loans,1.0,19600.371325790635,4998.094688076612,7428.54073247465,14719.878865668767,9130.554788355916,8870.371280054307,4805.383414766995,0.255,0.379,0.751
name136,46,post graduate degree,3,1,HighSkilled,Engineering,7161.0,6547.666432475681,613.3335675243188,0.0,6407.170726231694,0.8846228170264885,auto loans,48,0.8090821335996893,55742,house,73044.83795791726,0,0.8171878548364511,0.7631923,0.05,Engineering_auto loans,0.8744894252232108,307544.19485912134,221878.92060929775,201708.1096448161,13716.151455847496,46121.70248063963,58585.25880960718,70868.37142689394,0.825,0.75,0.051
name137,51,high school or lower,0,0,LowSkilled,Cleaning Services,1524.0,1809.501995914824,-285.5019959148242,0.1873372676606458,511.3193735496772,0.9124605768885238,mortgages,48,0.5228486676276256,0,none,2129.437037520152,1,0.5270874839038535,0.69400775,0.67,Cleaning Services_mortgages,1.0,24543.329930384505,12934.334873312635,16640.377692800696,16051.337774471467,9519.351113495339,6717.892358545491,7168.533497563143,0.527,0.678,0.654
name138,36,high school or lower,0,0,LowSkilled,Manufacturing,1076.0,847.811675300904,228.18832469909603,0.0,293.75072187584874,0.7374095183321676,auto loans,24,0.0609315958891753,13876,liquid assets,14585.075566838594,0,0.3770033069114399,0.29469353,0.14,Manufacturing_auto loans,0.0,7050.01732502037,0.0,0.0,0.0,0.0,0.0,0.0,0.36,0.295,0.147
name139,56,bachelor degree,1,0,HighSkilled,Doctor,9758.0,10759.01647051184,-1001.0164705118405,0.1025841843115229,6609.79896077882,0.2033195577266278,auto loans,24,0.7799564901917052,32605,car,56928.02554479708,0,0.1755315081013503,0.12196556,0.12,Doctor_auto loans,0.8246731065013625,158635.1750586917,22501.411969958663,15698.65951392465,15567.83735130861,57207.55556142194,51245.158307317055,50949.487408013796,0.172,0.12,0.119
name140,60,bachelor degree,1,0,HighSkilled,Consultant,14227.0,4092.28729854292,10134.71270145708,0.0,10094.24703254412,0.9010315480851636,auto loans,24,0.0,30934,car,84198.39700360197,0,0.11713761953374212,0.22956215,0.11,Consultant_auto loans,0.8913110773759209,242261.9287810589,26775.411852877765,48800.347409277216,21377.14333415241,83365.40811077334,99373.1699093038,81439.69417027374,0.124,0.226,0.099
name141,45,bachelor degree,0,0,HighSkilled,Engineering,6677.0,7958.133500602729,-1281.133500602729,0.1918726225254949,2931.5356040838155,0.9281234553585274,mortgages,60,0.6309224359272945,67243,house,76014.59021337907,1,0.2810628946271386,0.24838205,0.71,Engineering_mortgages,0.7353961313105515,175892.13624502893,37382.264595014836,29103.83921757211,89381.12399707701,60447.56907154543,60048.62823670839,33783.40731963764,0.289,0.225,0.691
name142,57,high school or lower,0,1,LowSkilled,Agriculture,2117.0,1859.543975637575,257.45602436242507,0.0,1843.0990962848396,0.2218871391753939,mortgages,48,0.7490047576393076,19640,liquid assets,21996.411787892797,1,0.2885883925864326,0.25319496,0.26,Agriculture_mortgages,0.7893029459101762,88468.7566216723,21227.909667638894,17247.676604956603,16549.390102731635,32637.753927189373,32469.174153588403,32530.646267302574,0.304,0.247,0.237
name143,55,high school or lower,1,0,LowSkilled,Agriculture,2006.0,2177.7873891797444,-171.78738917974442,0.0856367842371607,1080.0100040544196,0.3171679677522974,auto loans,48,0.6240266167667816,23109,car,23782.14199591756,1,0.497909606850485,0.57379925,0.84,Agriculture_auto loans,0.6210324562220273,51840.480194612144,16290.478097976606,18061.18223906102,26914.702944483088,13006.42833041885,11570.382091808578,4870.021732517827,0.506,0.561,0.836
name144,31,bachelor degree,1,0,Unemployed_HighSkilled,Engineering,1500.0,1306.7518051366144,193.2481948633856,0.0,453.7296668859081,0.6442833759302125,simple loans,24,0.1736543146816816,0,none,3941.033963125357,0,0.295333726478293,0.3675014,0.14,Engineering_simple loans,1.0,10889.512005261795,3223.295553557491,3909.334809888984,1491.863144720866,5088.521511107717,4971.917521286056,4467.82476098369,0.296,0.359,0.137
name145,39,ausbildung,0,1,MediumSkilled,Electrician,3296.0,2247.6659476545587,1048.3340523454413,0.0,3204.880066439297,0.5752148353908179,simple loans,48,0.6542918732080871,28083,car,33258.04362770188,1,0.2874540668964873,0.32365903,0.71,Electrician_simple loans,0.8447614360035055,153834.24318908626,36256.95289503608,43014.52117654818,94995.81564971816,60740.08412520218,60434.31965176678,33940.85544768861,0.279,0.331,0.731
name146,45,bachelor degree,1,0,HighSkilled,Doctor,6159.0,9095.373597974683,-2936.3735979746853,0.4767614219799781,4471.067817973457,0.4098905289071004,mortgages,60,1.202701967194048,41783,car,51176.53742117167,0,0.5568563652355542,0.29038322,0.18,Doctor_mortgages,0.8673976802594501,268264.0690784074,133099.61305530687,64455.58184671331,40721.035462725,86111.90056249315,108756.54812683738,102368.68851847817,0.572,0.277,0.175
name147,32,high school or lower,1,0,LowSkilled,Manufacturing,1081.0,794.8549990316075,286.14500096839254,0.0,332.2617345767897,0.7189230143089994,auto loans,24,0.0426611781761305,17018,liquid assets,19545.06389289884,0,0.6179708918946955,0.59079313,0.43,Manufacturing_auto loans,0.0,7974.281629842953,0.0,0.0,0.0,0.0,0.0,0.0,0.62,0.591,0.416
name148,33,bachelor degree,0,0,HighSkilled,Research,2829.0,2253.9831555996475,575.0168444003525,0.0,2785.2922246766216,0.7798794351807901,simple loans,24,0.7812921103839764,74192,house,90084.17172574556,0,0.10522431240205876,0.17615944,0.09,Research_simple loans,0.23059210977251998,66847.01339223892,1726.4121112121263,2836.2484684199217,1094.4219633576872,5715.32549908965,6746.460738460459,5363.881630862333,0.112,0.184,0.071
name149,34,ausbildung,0,2,MediumSkilled,Electrician,1470.0,1616.2690020203593,-146.26900202035927,0.0995027224628294,1322.643636257366,0.6303037228830273,mortgages,12,0.9992602981481123,35770,car,32238.06130178849,0,0.35447575170020973,0.28960717,0.24,Electrician_mortgages,0.0,15871.723635088394,0.0,0.0,0.0,0.0,0.0,0.0,0.343,0.294,0.234
name150,55,ausbildung,0,1,Unemployed_MediumSkilled,Teacher,1750.0,1804.0880354009844,-54.08803540098438,0.0309074488005625,586.3981226326335,0.2211801503890889,simple loans,60,0.3659920903049245,34586,car,39447.11247383342,1,0.566441004854356,0.6713324,0.76,Teacher_simple loans,0.1626613225790811,35183.88735795801,3376.6040141601284,3880.2330874585887,4338.077699548097,2083.6195814103394,1665.8253173823737,1261.9513044379564,0.59,0.678,0.758
name151,47,ausbildung,0,0,MediumSkilled,Teacher,3430.0,1469.5731033175653,1960.4268966824347,0.0,2966.7852410235723,0.8448971159584944,auto loans,24,0.2933989342102442,0,none,9200.88614355791,0,0.26569175144083335,0.2698622,0.14,Teacher_auto loans,1.0,71202.84578456574,20007.999665462976,19509.579744971015,10182.0069471929,33211.97777680371,33235.79613630381,29213.59903869613,0.281,0.274,0.143
name152,38,ausbildung,0,0,MediumSkilled,Nursing,2105.0,1932.5299270760488,172.4700729239512,0.0,1282.9219565485116,0.2849976987924552,auto loans,24,0.5275305860449219,11773,liquid assets,14498.096383241136,0,0.19674615454337177,0.19095664,0.17,Nursing_auto loans,0.6379376391640372,30790.126957164277,3967.7205419241013,3908.7939992222578,2730.2631451853963,8810.284267645011,8756.189528270132,8520.962243427282,0.202,0.199,0.139
name153,50,high school or lower,0,0,LowSkilled,Agriculture,2528.0,1385.8144520296598,1142.1855479703402,0.0,1128.4047916458246,0.3992723980642982,simple loans,60,0.0,5369,liquid assets,11433.430366851757,1,0.2650306899965537,0.28526622,0.56,Agriculture_simple loans,0.9251348182934716,67704.28749874947,16285.254365339582,18915.94930127905,35138.56807290579,29212.104434395867,29275.18929099126,23057.1992971018,0.26,0.302,0.561
name154,43,post graduate degree,0,0,HighSkilled,Consultant,6628.0,5384.999340079268,1243.0006599207318,0.0,2811.981358662952,0.9725201232074748,mortgages,12,0.236720081282773,23644,car,37092.335267108174,0,0.1879797850331931,0.0914101,0.09,Consultant_mortgages,0.40455410794247226,33743.77630395543,2279.747614649923,1324.1647821619313,1255.908865555646,6064.943397497143,4781.488239842033,4750.321820530781,0.167,0.097,0.092
name155,55,high school or lower,2,2,LowSkilled,Agriculture,2866.0,2987.9330844148017,-121.93308441480168,0.042544691003071,2357.1331337415727,0.2776540039676938,auto loans,24,0.8649917020782883,6299,liquid assets,10288.27064417065,0,0.6850577477149468,0.6821692,0.16,Agriculture_auto loans,0.8948762704240242,56571.19520979775,34272.59706373748,34272.59706373748,7340.5119265021185,14206.504679508713,14318.58084693652,21610.26571079914,0.677,0.677,0.145
name156,34,high school or lower,0,0,LowSkilled,Manufacturing,762.0,743.7675791307674,18.23242086923256,0.0,311.2841928520034,0.5986106393543934,auto loans,12,0.3845823779301455,0,none,1436.5113368670018,1,0.2913071871473353,0.35362434,0.68,Manufacturing_auto loans,1.0,3735.410314224041,1165.4480180379007,1228.9499933797097,2536.3436033581243,1745.8316962893093,1717.7681863592136,1062.715573620855,0.312,0.329,0.679
name157,43,high school or lower,0,0,LowSkilled,Construction,1669.0,921.9786406518508,747.0213593481491,0.0,1412.7203098813952,0.4295567061631919,simple loans,24,0.3988609649689911,10538,liquid assets,13371.078534941773,0,0.26255781104703496,0.31293344,0.14,Construction_simple loans,0.7060454649114877,33905.287437153485,6224.055352195891,7588.559794792683,3542.9238158653525,11158.800241775556,11160.653840966816,9821.725924780116,0.26,0.317,0.148
name158,57,ausbildung,0,1,Unemployed_MediumSkilled,Nursing,2000.0,2376.7635767347724,-376.7635767347724,0.1883817883673862,561.6222314895006,0.7630463497189484,auto loans,36,0.4691929041121365,0,none,3402.5123007557254,0,0.6778767000764802,0.6585257,0.41,Nursing_auto loans,1.0,20218.40033362202,13748.512226862975,13323.925819856911,7682.9921267763675,5784.7931358668675,6078.619590875198,8965.871366352229,0.68,0.659,0.38
name159,60,high school or lower,0,0,LowSkilled,Construction,2470.0,1321.109279019311,1148.890720980689,0.0,829.3154261651708,0.2416148997365377,auto loans,24,0.0,19999,liquid assets,23703.175927919383,0,0.24178864285048643,0.2308459,0.16,Construction_auto loans,0.045725918458617634,19903.5702279641,205.68464061711188,189.30267809008527,137.42646342116765,421.4021623306972,419.1420259064643,388.50372168725005,0.226,0.208,0.151
name160,52,high school or lower,0,4,LowSkilled,Agriculture,1640.0,1942.1864697022957,-302.1864697022954,0.1842600425013996,1347.4079259086436,0.8858771361374773,auto loans,24,1.0058502412261825,0,none,2147.5482370388368,0,0.4780896526353012,0.53729296,0.21,Agriculture_auto loans,1.0,32337.790221807445,15037.072453140463,17203.704398001562,6823.27373680137,13392.874924455002,12349.969744725631,14682.13346440829,0.465,0.532,0.211
name161,54,high school or lower,0,0,LowSkilled,Manufacturing,1741.0,2559.752916700605,-818.752916700605,0.4702773789205083,1077.645724148187,0.6227170439588252,auto loans,12,1.0892582658522645,0,none,2545.649416402234,1,0.4996034032206519,0.64630544,0.84,Manufacturing_auto loans,1.0,12931.748689778244,6569.328334407348,8056.479433731846,10707.487915136386,5212.717873162737,4003.9938888656516,1956.162107129911,0.508,0.623,0.828
name162,58,bachelor degree,0,1,HighSkilled,Research,11603.0,9250.026115581666,2352.973884418334,0.0,9795.78421740811,0.3553492578902189,mortgages,60,0.641455686718071,37779,car,63456.88795611486,1,0.11371573305406107,0.119879544,0.17,Research_mortgages,0.9452211068072517,587747.0530444867,71666.06868018191,67777.21224017204,92777.0036402355,212158.23726642018,216284.82952676422,241003.19804534758,0.129,0.122,0.167
name163,57,ausbildung,0,0,MediumSkilled,IT Support,4142.0,4290.404548811717,-148.40454881171718,0.035829200582259,3717.6188904987785,0.863299216142281,auto loans,24,0.9333711828369134,17348,liquid assets,26772.73669835751,0,0.15569956481813438,0.107285276,0.43,IT Support_auto loans,0.8157183633792219,89222.85337197068,11790.47662843453,7569.194872575254,29548.972291014936,30831.96180688857,27188.91115087688,31719.378188743947,0.162,0.104,0.406
name164,56,high school or lower,1,0,LowSkilled,Manufacturing,2879.0,1746.1391772554002,1132.8608227445998,0.0,1851.930018188401,0.3389951288128154,simple loans,48,0.2497635274205631,0,none,5512.861873920057,0,0.5717822243421525,0.56912184,0.47,Manufacturing_simple loans,1.0,88892.64087304324,50579.912656761604,51468.83906549204,39557.22518850424,32061.825494805253,32212.5320401223,37166.521040234795,0.569,0.579,0.445
name165,30,bachelor degree,1,0,HighSkilled,Engineering,3329.0,3261.6349430747487,67.36505692525134,0.0,1919.28687657745,0.2405159826279938,auto loans,48,0.5562997355518771,71980,house,75434.31089703928,0,0.19322293340586483,0.18774143,0.1,Engineering_auto loans,0.4575182035304797,92125.77007571759,8008.351196541825,6996.76999276812,4130.623248742625,18836.064366760675,18720.84715425003,15316.875653624766,0.19,0.166,0.098
name166,49,bachelor degree,1,1,HighSkilled,Consultant,8444.0,9104.390246424924,-660.390246424924,0.0782082243516016,6200.224556766065,0.9666197637450124,simple loans,48,0.8124839890088807,39068,car,56728.91738890296,1,0.5109065049513445,0.54801935,0.8,Consultant_simple loans,0.8884093461291136,297610.7787247711,138016.9030051378,142511.70635971127,207025.35450770674,104959.91737343812,99277.7406258795,49306.11539918725,0.522,0.539,0.783
name167,35,bachelor degree,0,2,HighSkilled,Engineering,2942.0,4439.400767169061,-1497.4007671690606,0.508973748187988,611.1754486041383,0.2845077311366719,mortgages,12,0.7167152330976203,30999,car,42317.41572836023,0,0.26555837510641506,0.21215466,0.08,Engineering_mortgages,0.0,7334.10538324966,0.0,0.0,0.0,0.0,0.0,0.0,0.288,0.195,0.07
name168,52,bachelor degree,0,0,HighSkilled,Engineering,4706.0,6860.624578167853,-2154.6245781678526,0.4578462767037511,3190.221138620152,0.2633294991448087,simple loans,12,1.135751321034425,10794,liquid assets,19648.9814383011,1,0.16822457598602925,0.13518912,0.71,Engineering_simple loans,0.732535554046456,38282.65366344182,4795.422239903769,3505.4256139647428,19966.904297143177,12132.68289721537,11377.079221518694,7324.305114109054,0.171,0.125,0.712
name169,49,ausbildung,0,0,MediumSkilled,IT Support,4188.0,2490.449975823125,1697.550024176875,0.0,1837.0808191331232,0.3892824663504686,simple loans,48,0.033316808728808,12483,liquid assets,21532.036988139746,0,0.10878939224579454,0.16748968,0.26,IT Support_simple loans,0.8657489216827585,88179.87931838991,8397.579897741303,12061.97839857387,19009.06722306895,28671.779349503468,32990.85572129275,35564.81085998612,0.11,0.158,0.249
name170,40,ausbildung,1,1,MediumSkilled,Electrician,1877.0,2027.380396644676,-150.38039664467556,0.0801174196295554,438.035267066964,0.4764177637420033,simple loans,60,0.3134873008586252,14128,liquid assets,15963.543756386469,1,0.601762237210738,0.7243603,0.83,Electrician_simple loans,0.49139066642893364,26282.116024017843,7994.2528485787,9208.24278034994,10719.272801809888,4403.213733102488,3225.061824370602,2068.6700145640393,0.619,0.713,0.83
name171,60,bachelor degree,0,3,HighSkilled,Doctor,5898.0,14941.696348314264,-9043.696348314264,1.5333496690936357,2392.095132035649,0.8033387950646258,simple loans,48,1.938927005823993,36816,car,43292.903975575566,1,0.9035845496823915,0.8634911,0.91,Doctor_simple loans,0.7277407859580606,114820.56633771115,75287.20788087076,72362.6215591943,76289.9231911598,7775.876265815256,10868.531002361267,7273.202351475902,0.901,0.866,0.913
name172,30,ausbildung,0,0,MediumSkilled,IT Support,1916.0,1357.597133527248,558.4028664727521,0.0,1492.5061624784355,0.7585710777156601,auto loans,12,0.4875278162868911,12125,liquid assets,20841.41128102385,0,0.10520797422944117,0.103039,0.13,IT Support_auto loans,0.35864690223807266,17910.073949741225,745.1135347478213,629.4924690110904,841.4644228617636,2381.511742462491,2362.1612371456454,2572.281823173809,0.116,0.098,0.131
name173,31,high school or lower,0,0,LowSkilled,Agriculture,959.0,769.4854666996157,189.5145333003843,0.0,789.1562676084847,0.8895745962436739,simple loans,24,0.625278137964651,8058,liquid assets,9390.92577242745,1,0.2757092076059244,0.34582776,0.59,Agriculture_simple loans,0.5996981887096409,18939.750422603633,3078.0543202460226,3861.765567836339,6644.508403483112,5305.6368166816155,5241.414725051223,3961.9734252759317,0.271,0.34,0.585
name174,59,post graduate degree,1,0,HighSkilled,Consultant,9588.0,10287.629548120462,-699.6295481204615,0.0729692895411411,8873.337014980936,0.6142037487760544,mortgages,12,0.9984320570610552,42984,car,73908.1893744091,0,0.4361280240761532,0.23900217,0.18,Consultant_mortgages,0.655996608441451,106480.04417977124,30035.735574909093,17183.23477076195,11804.74258641776,30267.14289409521,32302.3226765314,30729.549396370916,0.43,0.246,0.169
name175,52,ausbildung,0,3,Unemployed_MediumSkilled,Electrician,1750.0,1845.8750121714545,-95.8750121714545,0.0547857212408311,1223.2011427107657,0.6243453509098889,auto loans,36,0.7537578027898401,26650,car,28542.128305930157,0,0.597861621714678,0.6991951,0.45,Electrician_auto loans,0.48564497513376553,44035.24113758757,13558.402934331136,14948.460017503883,10051.181986018348,7347.52860188976,5767.131760210831,9139.16548845663,0.634,0.699,0.47
name176,38,post graduate degree,0,0,HighSkilled,Finance,3507.0,2635.4692010686317,871.5307989313687,0.0,1265.0718758333117,0.3496925314957699,auto loans,12,0.1122158759344006,24294,car,29328.52385501449,0,0.11895987048779433,0.23639631,0.21,Finance_auto loans,0.0,15180.86250999974,0.0,0.0,0.0,0.0,0.0,0.0,0.128,0.226,0.223
name177,33,ausbildung,0,2,MediumSkilled,Nursing,1310.0,1609.1995841132548,-299.1995841132548,0.2283966290940876,958.2486132681424,0.5905355916741533,simple loans,48,0.9598841201384712,21175,car,26232.35214474401,1,0.4703740821999612,0.5738086,0.69,Nursing_simple loans,0.6089439719217831,45995.93343687084,13640.356896458163,15909.081554801305,19382.19090831427,11705.657143952578,10065.929960608068,7753.432989030193,0.487,0.568,0.692
name178,55,post graduate degree,1,1,HighSkilled,Research,5912.0,6062.661302911756,-150.66130291175614,0.0254839822245866,4271.992705998681,0.7028596118230632,simple loans,48,0.7480808540105611,65155,house,66596.57765614052,0,0.38142320215660447,0.25209612,0.21,Research_simple loans,0.7798436135344672,205055.6498879367,61885.688186911386,38698.544034192644,34860.67189857024,72403.05289355446,74330.2385104279,72603.58872190183,0.387,0.242,0.218
name179,54,high school or lower,1,0,LowSkilled,Transportation,1890.0,1806.4803856692272,83.51961433077281,0.0,1532.7054757251306,0.8154063588175707,mortgages,12,0.7667650060287607,23984,car,24493.94966790946,0,0.46777580572351685,0.43208972,0.28,Transportation_mortgages,0.0,18392.465708701566,0.0,0.0,0.0,0.0,0.0,0.0,0.464,0.465,0.268
name180,60,high school or lower,0,0,LowSkilled,Agriculture,2375.0,2174.88315708439,200.11684291561005,0.0,1123.8883237373382,0.8104391421190338,simple loans,36,0.3889564129775697,0,none,4063.967791959546,0,0.32774780005487775,0.28052714,0.18,Agriculture_simple loans,1.0,40459.97965454417,13918.233001163193,11895.234018435985,6878.196541272509,18793.710420501764,18907.03748413949,17799.6734694893,0.344,0.294,0.17
name181,40,bachelor degree,1,0,HighSkilled,Consultant,4247.0,3291.0375900062554,955.9624099937446,0.0,2032.070928111514,0.221145125301602,mortgages,24,0.2533808613415986,11955,liquid assets,25749.624808430926,1,0.22339145169719668,0.2631308,0.77,Consultant_mortgages,0.7670929268032611,48769.70227467633,9165.668946015256,9464.956095272897,27684.061306331798,17152.505315175626,17440.931375834225,7935.439397503877,0.245,0.253,0.74
name182,56,bachelor degree,1,0,HighSkilled,Engineering,9893.0,6650.100282756651,3242.899717243349,0.0,4545.734098724895,0.9793679945452688,auto loans,36,0.1316925484162079,30097,car,51081.85299346355,0,0.2403714086892368,0.26442218,0.09,Engineering_auto loans,0.8436572410559167,163646.42755409624,32306.389497473312,34791.496381894336,12701.657409263013,63886.07016812394,64381.53652292525,48042.46709528079,0.234,0.252,0.092
name183,58,high school or lower,0,0,LowSkilled,Manufacturing,1543.0,1161.143442590536,381.8565574094641,0.0,808.853102590932,0.2824528172814675,mortgages,48,0.2767313967475489,9607,liquid assets,12118.667538908952,1,0.3955422946688344,0.32242835,0.71,Manufacturing_mortgages,0.7661169928169314,38824.94892436474,12433.181402573802,9934.64734081256,20315.4614783682,13337.675704307228,13837.129428663737,7768.580554366547,0.418,0.334,0.683
name184,58,post graduate degree,0,3,HighSkilled,Engineering,9480.0,10160.711095777577,-680.7110957775749,0.0718049679090268,4489.646063993032,0.7192220452069721,mortgages,36,0.5453963248703172,72554,house,98839.41253261465,0,0.26678173603815675,0.3009016,0.08,Engineering_mortgages,0.6887815515992005,161627.25830374914,28276.771933816002,31505.222272716248,8126.78878412822,51937.56286396864,51996.72305459544,36810.610024244525,0.254,0.283,0.073
name185,51,high school or lower,1,0,Unemployed_LowSkilled,Manufacturing,1000.0,888.7869399287699,111.21306007123007,0.0,953.6046413072578,0.4451896867229392,auto loans,24,0.8423915812360278,10723,liquid assets,13700.886688567389,1,0.7557774202693129,0.64136875,0.75,Manufacturing_auto loans,0.5568199462432163,22886.511391374188,9545.00586593716,7977.534942692473,9519.51853385188,2854.8386131151765,3991.3963622001656,2915.861915317137,0.749,0.626,0.747
name186,37,high school or lower,0,1,Unemployed_LowSkilled,Cleaning Services,600.0,605.9807719679118,-5.980771967911778,0.0099679532798529,466.5668647925643,0.9153565942685572,simple loans,36,0.7875793946007934,0,none,833.6674821055045,1,0.6193438269349549,0.66801375,0.83,Cleaning Services_simple loans,1.0,16796.407132532313,10161.826315182048,10783.293379085746,13789.850255809028,5523.572000698014,4930.921762764746,2690.4218482748515,0.605,0.642,0.821
name187,46,high school or lower,0,0,LowSkilled,Transportation,2149.0,1798.3411820620204,350.6588179379796,0.0,1218.315748980746,0.8519590598889081,simple loans,24,0.4037491535796957,7246,liquid assets,9745.263463415882,0,0.21581957088329076,0.13576746,0.16,Transportation_simple loans,0.7667052710534169,29239.577975537904,5425.189530847798,2555.667795523343,3968.0105246283483,10224.733313346207,9107.607504237543,9569.765800124691,0.242,0.114,0.177
name188,37,ausbildung,0,0,MediumSkilled,Nursing,2639.0,1217.2821854120905,1421.7178145879095,0.0,2266.4792001522096,0.7461037721910468,mortgages,36,0.3201066258295946,13585,liquid assets,21613.56012330649,1,0.3565975040872962,0.40686223,0.67,Nursing_mortgages,0.8422963430384981,81593.25120547955,22679.480045308992,28314.98720808274,45496.41148483198,31558.98906130817,30553.245356116797,20073.17113253539,0.33,0.412,0.662
name189,34,bachelor degree,0,0,HighSkilled,Engineering,3091.0,2707.6015992404105,383.3984007595896,0.0,854.3159738046419,0.2361365401070284,auto loans,12,0.1523512044791499,61423,house,72042.84625207611,0,0.05874971123988705,0.08006906,0.0,Engineering_auto loans,0.0,10251.791685655702,0.0,0.0,0.0,0.0,0.0,0.0,0.056,0.074,0.0
name190,32,ausbildung,0,2,MediumSkilled,Nursing,1435.0,2400.3021299392085,-965.3021299392084,0.6726844111074624,407.9076206847038,0.3329002039619737,mortgages,12,0.9569405927692768,34119,car,33516.56699813118,1,0.602148838161504,0.7046846,0.84,Nursing_mortgages,0.0,4894.8914482164455,0.0,0.0,0.0,0.0,0.0,0.0,0.567,0.715,0.816
name191,58,bachelor degree,0,0,HighSkilled,Consultant,8070.0,9001.633610910787,-931.633610910787,0.1154440657882016,7028.243960234356,0.5432107649637203,auto loans,36,0.9863540980353336,79131,house,100632.37058347808,1,0.16323750438327164,0.12566069,0.74,Consultant_auto loans,0.7830214408905378,253016.7825684368,36057.396949433,24170.34301005949,145814.52832298182,85034.72728051885,78421.48520023399,46960.01278032028,0.182,0.122,0.736
name192,48,ausbildung,0,2,MediumSkilled,Electrician,2292.0,3582.1094344128364,-1290.1094344128364,0.5628749713843091,616.7224201918892,0.8567203733736838,auto loans,48,0.8319510709444702,15953,liquid assets,17550.56022855979,1,0.6564829185655212,0.7607677,0.82,Electrician_auto loans,0.49069993921210353,29602.67616921068,9717.915004423921,11286.726395272626,11824.189556952275,4389.179161763306,3193.7217910652307,2455.169260678527,0.669,0.777,0.814
name193,37,ausbildung,1,1,MediumSkilled,Nursing,2467.0,2371.9886735987707,95.01132640122933,0.0,828.8767253996374,0.6323724509909101,auto loans,24,0.2974728005668456,21210,car,28146.017060221355,1,0.5437865234966375,0.6761828,0.45,Nursing_auto loans,0.09368945782530577,19893.041409591297,1036.2551548734966,1312.0928579693193,793.9652805325711,704.5734291324776,535.6516957130619,796.4878869308608,0.556,0.704,0.426
name194,53,bachelor degree,0,1,HighSkilled,Consultant,10376.0,9500.8094266892,875.1905733107997,0.0,4770.671534339086,0.4414175739662338,auto loans,12,0.3754318582332581,0,none,25523.272238281752,0,0.06950874352983993,0.06780105,0.03,Consultant_auto loans,1.0,57248.05841206903,4236.356322493109,3950.1160304327636,1717.441752362071,17751.890192080267,17545.17548372522,11397.467391707287,0.074,0.069,0.03
name195,31,high school or lower,0,0,LowSkilled,Agriculture,948.0,541.2218282120505,406.77817178794953,0.0,544.4137987053313,0.4422581879267331,auto loans,36,0.1451852604613731,5336,liquid assets,7928.204924424381,0,0.21324336313807818,0.16380975,0.16,Agriculture_auto loans,0.7439486313900162,19598.896753391924,3207.725931616834,2201.6664348824634,2172.505290049583,6637.094393196578,6264.064973028928,6224.096746522163,0.22,0.151,0.149
name196,40,post graduate degree,0,0,HighSkilled,Consultant,4854.0,5702.954728647183,-848.9547286471825,0.1748979663467619,1241.0089339061972,0.7900552725408377,auto loans,60,0.4305652374440419,66967,house,72502.4290431879,0,0.2692383645389949,0.20078968,0.11,Consultant_auto loans,0.37719785549336904,74460.53603437183,8145.042808205017,5589.184547699305,3342.276186815162,13108.769565288241,12648.143434930094,10592.952693088877,0.29,0.199,0.119
name197,39,bachelor degree,1,0,HighSkilled,Consultant,5028.0,5159.813799516896,-131.81379951689632,0.0262159505801305,3073.1023463033184,0.2749307552196653,auto loans,36,0.6374137123747444,73540,house,75766.48028537224,0,0.220720276257526,0.21816257,0.13,Consultant_auto loans,0.5384497653665804,110631.68446691947,13284.021813160884,11973.490513207793,6731.365313395426,27263.86023684292,27215.485258162098,23854.96604855897,0.223,0.201,0.113
name198,33,ausbildung,1,3,MediumSkilled,Nursing,1978.0,1844.9860815162956,133.01391848370463,0.0,1850.70273746624,0.7866889784682848,auto loans,60,0.8683967740053263,31702,car,38943.04582139079,1,0.708180659384053,0.8280234,0.81,Nursing_auto loans,0.7573687057713844,111042.1642479744,59963.200338672345,69382.38468359703,68036.78692003636,22085.955866264085,13618.406890037175,14951.882769277503,0.713,0.825,0.809
name199,47,high school or lower,1,0,LowSkilled,Manufacturing,1973.0,1318.20571787043,654.7942821295701,0.0,1897.4739864526848,0.6501548646233669,auto loans,60,0.6298427290030991,15755,liquid assets,16973.905345360996,0,0.6517393706885519,0.5688431,0.26,Manufacturing_auto loans,0.8690976813646323,113848.43918716109,65897.64607334635,54024.19633040106,24637.408216611464,30242.944994673202,35872.9329731114,46095.09519965764,0.666,0.546,0.249
name200,34,ausbildung,3,0,MediumSkilled,Nursing,1482.0,1513.5820328160237,-31.582032816023457,0.0213104135060887,1007.6393173191128,0.7479897734044267,auto loans,48,0.7012289811977976,0,none,2714.640630862579,1,0.9105123170043764,0.9221064,0.74,Nursing_auto loans,1.0,48366.68723131742,43481.65182095436,45029.385812356515,35452.78174055566,4186.649295128742,3657.5655217724566,11464.406212549533,0.899,0.931,0.733
name201,55,high school or lower,0,0,LowSkilled,Agriculture,2564.0,852.9255174546353,1711.0744825453648,0.0,861.0934059525357,0.5568099581052051,auto loans,36,0.0,20304,car,26714.636922381997,0,0.23961808513195426,0.17639512,0.14,Agriculture_auto loans,0.44329484387548307,30999.362614291284,3201.852823209626,2597.2110883545893,1882.6344926168188,6356.701146107536,6016.387333016613,5638.104964091177,0.233,0.189,0.137
name202,57,high school or lower,0,1,LowSkilled,Manufacturing,2008.0,1391.9142199799262,616.0857800200738,0.0,1543.230443125374,0.7746032681587387,auto loans,36,0.4617254298333168,0,none,3859.606186279761,0,0.431022196682448,0.53840935,0.17,Manufacturing_auto loans,1.0,55556.295952513465,25333.67095434614,29778.17463054722,9111.232536212208,24189.665887688934,21180.533926564825,24100.842090362406,0.456,0.536,0.164
name203,36,post graduate degree,1,0,HighSkilled,Research,4530.0,4619.8098646591325,-89.80986465913247,0.0198255771874464,3650.68466073636,0.5929069609902636,auto loans,36,0.8257162307716319,0,none,10005.00592711027,0,0.24904911400019897,0.3749506,0.39,Research_auto loans,1.0,131424.64778650895,32461.88800326771,46130.05137306464,51518.46193231151,61026.100373402005,59746.05073171221,59164.59611856447,0.247,0.351,0.392
name204,56,ausbildung,2,0,MediumSkilled,Electrician,4537.0,1664.0775151557325,2872.922484844268,0.0,2683.036501526906,0.84419270676824,simple loans,36,0.0,23572,car,39383.71937785094,1,0.7514850621559914,0.8615104,0.84,Electrician_simple loans,0.7925549336150343,96589.3140549686,56725.28200506919,66217.7718412751,63079.12600833604,17421.818763760082,10095.022907875787,11579.93286170793,0.741,0.865,0.824
name205,43,ausbildung,0,1,MediumSkilled,Nursing,3011.0,1785.1748613440025,1225.8251386559975,0.0,2807.4552117510325,0.4732603109750766,mortgages,48,0.5252839830936682,0,none,8053.08098474294,1,0.33982498899917585,0.28505003,0.62,Nursing_mortgages,1.0,134757.85016404957,43931.05915348016,36519.377394457435,82876.07785089048,62336.925576285605,62984.06645204587,44253.95854271863,0.326,0.271,0.615
name206,31,bachelor degree,1,1,HighSkilled,Engineering,2911.0,4187.720734851127,-1276.7207348511265,0.4385849312439459,2389.935649619752,0.2155660059406614,mortgages,24,1.2595865285025347,74331,house,78643.92795184141,0,0.39674662852750264,0.24440941,0.09,Engineering_mortgages,0.10006465720856142,57358.455590874044,2255.6447993083284,1343.0556820309132,505.08076931077073,2571.4034333912605,2660.4520002465756,1997.2429421785575,0.393,0.234,0.088
name207,35,high school or lower,0,0,LowSkilled,Agriculture,957.0,1637.7730740830157,-680.7730740830157,0.7113616239111972,495.9776647190311,0.8308782923970292,auto loans,36,1.2296245964493695,21827,car,17828.358656466975,0,0.5711429024601362,0.62745315,0.21,Agriculture_auto loans,0.0,17855.19592988512,0.0,0.0,0.0,0.0,0.0,0.0,0.568,0.612,0.214
name208,39,high school or lower,0,2,LowSkilled,Construction,799.0,1052.5887997744603,-253.5887997744605,0.317382728128236,518.1044516179658,0.592791919526576,simple loans,24,0.96582384404559,10681,liquid assets,8481.572203338517,1,0.4783152829862008,0.6090405,0.81,Construction_simple loans,0.19200816784163569,12434.506838831177,1167.500642431611,1391.9281687886075,1876.596124644675,988.5404314754193,802.1698473247616,424.47183462678635,0.489,0.583,0.786
name209,43,ausbildung,0,1,MediumSkilled,Teacher,2636.0,4010.914517999368,-1374.9145179993675,0.5215912435505946,1987.9373640477352,0.8734618594729784,auto loans,48,1.275740471186306,48821,car,41713.59597194434,1,0.6597404583428566,0.59203404,0.8,Teacher_auto loans,0.5653560854217627,95420.99347429129,36306.22287425924,31451.007333867954,42078.534683391095,16170.399005638008,18745.034138780095,10060.163013066449,0.673,0.583,0.78
name210,36,bachelor degree,1,0,Unemployed_HighSkilled,Finance,2250.0,2070.476927673221,179.52307232677913,0.0,1591.5402674287488,0.926909315437056,mortgages,60,0.6275631978230977,0,none,5016.552797154217,1,0.5475065973721976,0.71719885,0.7,Finance_mortgages,1.0,95492.41604572494,53093.78332142307,66558.21398387027,67513.13814432753,35885.44077241104,24394.140933693852,25691.821608921808,0.556,0.697,0.707
name211,47,bachelor degree,2,0,HighSkilled,Doctor,10519.0,5487.755606763739,5031.244393236261,0.0,5751.577779216972,0.8416208978822954,mortgages,24,0.0684792647571737,41780,car,74237.8300088961,0,0.3807851927961936,0.18147182,0.13,Doctor_mortgages,0.74234599827044,138037.86670120733,41501.10247194902,20391.899733130507,16395.49727286875,46415.18116853598,45166.47491135616,41035.40238682939,0.405,0.199,0.16
name212,54,high school or lower,1,0,LowSkilled,Agriculture,2345.0,1522.8222489636585,822.1777510363415,0.0,1557.5641288709676,0.358642025207989,mortgages,48,0.3135976024881134,5530,liquid assets,9805.141109495678,0,0.5109946174370149,0.55736315,0.13,Agriculture_mortgages,0.9302506182493827,74763.07818580644,35469.683849332425,38599.36183603823,8832.64676248082,27605.508911917957,25715.86539138938,27851.027825401037,0.51,0.555,0.127
name213,53,bachelor degree,1,2,HighSkilled,Doctor,6682.0,7328.9905688146255,-646.9905688146255,0.0968258857848885,1749.4891256648737,0.9029068895522664,mortgages,24,0.3586470659203081,72680,house,97881.98695751892,0,0.41314343177074886,0.289117,0.15,Doctor_mortgages,0.0,41987.73901595697,0.0,0.0,0.0,0.0,0.0,0.0,0.402,0.283,0.155
name214,44,bachelor degree,0,1,HighSkilled,Research,7345.0,6413.723578476197,931.276421523803,0.0,4901.828453874965,0.3642734815669339,mortgages,24,0.5405789016135006,0,none,17158.0409067153,0,0.08071209718392645,0.1201743,0.07,Research_mortgages,1.0,117643.88289299916,9293.866748546934,14117.265947159898,7058.632973579949,39052.963220957216,45840.94137555413,36600.364775774186,0.079,0.12,0.06
name215,43,post graduate degree,0,1,HighSkilled,Engineering,5939.0,6134.255543546999,-195.25554354699943,0.0328768384487286,3623.132376861274,0.8093521960868648,auto loans,12,0.6429344873561668,18226,liquid assets,32209.076275582047,0,0.14966619072887385,0.1506556,0.29,Engineering_auto loans,0.6022558810783488,43477.58852233529,4058.6181743155466,3980.0642741675038,8221.974882161816,10965.741646688204,10987.15225277398,12238.400336250796,0.155,0.152,0.314
name216,47,high school or lower,0,0,Unemployed_LowSkilled,Agriculture,900.0,619.1343839272868,280.86561607271324,0.0,826.828872201173,0.8258341684026347,auto loans,24,0.606625840142733,18300,liquid assets,20200.23398813982,0,0.5298200656876667,0.41707033,0.15,Agriculture_auto loans,0.12690488311882334,19843.892932828152,1324.6189163763386,977.0953223460444,392.8527584690281,972.7640445307751,1110.195325208221,1055.3191284050001,0.526,0.388,0.156
name217,51,bachelor degree,1,0,HighSkilled,Consultant,4000.0,7195.2889405171245,-3195.2889405171245,0.7988222351292811,2513.5675069310378,0.3948708954399444,auto loans,24,1.4272141118620407,0,none,5955.627705681655,1,0.5963182308084047,0.7520898,0.84,Consultant_auto loans,1.0,60325.6201663449,37401.88450313384,47295.28621041441,50311.567218731645,20788.90460139393,13698.730978514817,9125.346856747454,0.62,0.784,0.834
name218,34,high school or lower,0,0,LowSkilled,Agriculture,1082.0,710.5952583553699,371.4047416446301,0.0,863.5767894162668,0.9617909747768112,simple loans,48,0.4548725025615866,22687,car,27352.4495749026,0,0.369047560032345,0.39306322,0.39,Agriculture_simple loans,0.5356233696099014,41451.68589198081,8281.52939420579,8681.174244328324,8303.731885879266,10128.344354211667,9973.574775165205,9995.092053210146,0.373,0.391,0.374
name219,39,post graduate degree,1,1,HighSkilled,Consultant,3982.0,4830.100339028187,-848.1003390281867,0.2129835105545421,3707.799227290691,0.4173493214420998,mortgages,36,1.144123447091632,58040,house,61882.1445551484,0,0.45850893309237684,0.3968172,0.13,Consultant_mortgages,0.6983989573406949,133480.77218246486,42509.61144547252,35145.00770820864,11559.631182540772,39480.920164657386,41763.01462846405,37331.58063002687,0.456,0.377,0.124
name220,39,ausbildung,0,0,MediumSkilled,Nursing,2814.0,1740.5544858252051,1073.4455141747949,0.0,1596.5467660928464,0.7638717533083036,mortgages,24,0.1858924136169337,44331,car,51578.72006570605,0,0.3884177310656415,0.48517913,0.16,Nursing_mortgages,0.015420938654260391,38317.122386228315,226.3093355969869,267.6713551577939,101.63239092084005,266.2948945247093,242.61681467827577,252.23506225088752,0.383,0.453,0.172
name221,56,ausbildung,0,0,MediumSkilled,Teacher,4263.0,2962.6142788977045,1300.3857211022955,0.0,3045.8443294569165,0.6141235685190853,auto loans,12,0.4094437270360359,47435,car,54484.36801807368,1,0.25543567792197064,0.40673086,0.83,Teacher_auto loans,0.0,36550.131953482996,0.0,0.0,0.0,0.0,0.0,0.0,0.247,0.397,0.823
name222,56,bachelor degree,0,2,HighSkilled,Research,4500.0,5492.89606390375,-992.8960639037496,0.2206435697563888,1641.1862557317068,0.5730282343650352,simple loans,24,0.585351626585657,49407,car,62644.15635575772,1,0.22474201030960728,0.2394228,0.24,Research_simple loans,0.0,39388.47013756096,0.0,0.0,0.0,0.0,0.0,0.0,0.218,0.259,0.265
name223,45,post graduate degree,0,0,HighSkilled,Finance,7011.0,2661.332024883221,4349.6679751167785,0.0,3012.76822414408,0.9969905681818652,mortgages,36,0.0,64784,house,96599.2496796545,0,0.18669064909098854,0.17869025,0.04,Finance_mortgages,0.5863375280589802,108459.65606918687,12718.79332674684,11701.289860607092,2988.916431785507,28210.825465134178,27928.85761016666,14881.652142256196,0.2,0.184,0.047
name224,52,high school or lower,1,0,LowSkilled,Manufacturing,2540.0,1935.8865942340528,604.1134057659472,0.0,2177.072834195172,0.5237276880215751,auto loans,60,0.619275365523317,11047,liquid assets,14790.65270156051,0,0.6188625301505635,0.54917014,0.46,Manufacturing_auto loans,0.9200341429135118,130624.37005171033,72828.40148855049,64656.23762514878,51917.27630866965,39561.70583500904,45041.12503561777,50814.48532944711,0.606,0.538,0.432
name225,32,bachelor degree,1,1,HighSkilled,Finance,2408.0,2138.223103622264,269.77689637773665,0.0,1743.679856328764,0.2422389034044214,auto loans,24,0.6120859468235164,24492,car,31084.78114667079,0,0.2510295843844557,0.33561406,0.13,Finance_auto loans,0.5015512086949607,41848.31655189033,5415.181027100081,6989.361558233827,2476.7107023170915,9752.761186102773,9724.318748883496,8405.186596393149,0.258,0.333,0.118
name226,51,bachelor degree,1,0,HighSkilled,Finance,6060.0,5291.387290698873,768.6127093011273,0.0,5370.57344475584,0.8171490998893026,auto loans,24,0.7593994612961572,0,none,15533.739700661128,0,0.32275189481728483,0.36524647,0.09,Finance_auto loans,1.0,128893.76267414016,40988.21653037657,44339.454359904215,10440.394776605353,59956.27575555388,58923.47087367603,44852.29147921981,0.318,0.344,0.081
name227,40,post graduate degree,0,0,HighSkilled,Consultant,5196.0,4887.313678578915,308.68632142108527,0.0,2134.2123457787843,0.8635130227209074,simple loans,24,0.3513329531096418,70958,house,91687.01879963504,0,0.1734798431767378,0.1510189,0.05,Consultant_simple loans,0.03994504467180417,51221.09629869083,378.5153612611478,313.0424339078682,100.25542000970941,892.1275873139856,859.1295764932416,539.1407239845408,0.185,0.153,0.049
name228,42,bachelor degree,0,4,HighSkilled,Engineering,7130.0,5570.271251128576,1559.7287488714237,0.0,5658.316085046806,0.5442598675670831,auto loans,24,0.5748369335449344,71769,house,87157.7374570105,0,0.12362164160907364,0.08734103,0.16,Engineering_auto loans,0.6332954314600379,135799.58604112334,9288.135802872835,6020.088020380543,13674.199932007232,33848.57505890385,29547.47861489446,36711.87463040022,0.108,0.07,0.159
name229,40,ausbildung,1,0,MediumSkilled,IT Support,2307.0,2766.046081379998,-459.0460813799982,0.1989796624967482,536.5123895400355,0.2992189539056957,simple loans,60,0.4315381321716661,0,none,4385.598396840343,0,0.3551177393008022,0.31292447,0.29,IT Support_simple loans,1.0,32190.743372402132,11942.765791161191,9560.650781603434,9206.55260450701,14792.70871945326,15007.94766960832,15045.587950585732,0.371,0.297,0.286
name230,58,high school or lower,0,0,Unemployed_LowSkilled,Agriculture,1100.0,1059.9279244378113,40.07207556218873,0.0,413.9130211309304,0.3207321143606255,auto loans,12,0.3398554050624924,0,none,1915.774758723964,0,0.3959058688604166,0.4312246,0.18,Agriculture_auto loans,1.0,4966.956253571165,2016.584238949893,2051.352932724891,834.4486505999557,2226.6375773627024,2162.245915789645,2185.1271356453844,0.406,0.413,0.168
name231,31,high school or lower,0,1,LowSkilled,Cleaning Services,1167.0,962.6467938552375,204.35320614476237,0.0,942.721846843312,0.7998513018508249,auto loans,12,0.6327066329893314,0,none,2141.440696670041,1,0.25937541898962296,0.32468194,0.56,Cleaning Services_auto loans,1.0,11312.662162119745,2782.914891881457,3608.7392297161987,6301.152824300699,5269.345133503992,5259.429017480024,4164.3782806402605,0.246,0.319,0.557
name232,33,ausbildung,1,1,MediumSkilled,Artist,1393.0,1453.715411776005,-60.71541177600534,0.04358608167696,1106.558541755443,0.574796985673058,mortgages,12,0.8379568941360003,0,none,2702.4058704529148,0,0.27683927229435146,0.17404729,0.33,Artist_mortgages,1.0,13278.702501065316,3545.4135677844397,2337.0516401874957,4275.742205343032,6203.449399624042,5794.581632475839,6163.6831645643615,0.267,0.176,0.322
name233,42,ausbildung,0,0,MediumSkilled,IT Support,3849.0,1601.8528313139525,2247.147168686048,0.0,1681.8736985128437,0.6357295941325819,mortgages,60,0.0,0,none,10900.222844366615,1,0.15634401216378696,0.17292346,0.79,IT Support_mortgages,1.0,100912.42191077062,16246.89992763407,15843.250239990986,80629.02510670573,42799.52794584434,43965.56674342693,19688.41365029183,0.161,0.157,0.799
name234,52,post graduate degree,0,0,HighSkilled,Doctor,9606.0,15227.307561591764,-5621.307561591764,0.5851871290434899,6847.352047104886,0.5906179232237245,mortgages,60,1.2980074545801217,0,none,16618.38295431018,1,0.4710148896964048,0.68372965,0.84,Doctor_mortgages,1.0,410841.12282629317,181591.77628922157,287177.9448555789,343874.0198056074,171574.07676196878,115711.5753122239,62147.18951032149,0.442,0.699,0.837
name235,52,ausbildung,1,0,MediumSkilled,Teacher,3507.0,3665.716726545704,-158.7167265457042,0.0452571219120913,1174.4552272218684,0.8847428491675358,simple loans,60,0.3801459805439329,0,none,8269.512539900767,1,0.670280108636612,0.54950714,0.79,Teacher_simple loans,1.0,70467.31363331211,48763.38103425197,37911.41473472192,54753.10269308351,20566.9933137951,26395.577711772883,13748.452305150931,0.692,0.538,0.777
name236,31,bachelor degree,1,0,HighSkilled,Doctor,2996.0,4733.472293205506,-1737.4722932055056,0.5799306719644545,2934.4631498768827,0.6866739224137656,auto loans,48,1.559391002363948,73741,house,73646.95900651328,0,0.48357178143201707,0.42842093,0.12,Doctor_auto loans,0.6373510478477427,140854.23119409036,43450.41845314537,39231.05963641432,11131.925388822368,36933.98152573032,39182.11793265996,34962.871701798686,0.484,0.437,0.124
name237,44,high school or lower,0,0,LowSkilled,Transportation,905.0,979.1170714369828,-74.11707143698277,0.0818973165049533,319.98193276604803,0.398411299593456,auto loans,12,0.4354685129315258,0,none,1371.7480645486985,0,0.14763236638004182,0.15209945,0.2,Transportation_auto loans,1.0,3839.7831931925766,526.0502974673831,583.6470453652717,668.1222756155083,1601.4768026367997,1615.7023998138839,1727.8602840690646,0.137,0.152,0.174
name238,59,bachelor degree,0,0,HighSkilled,Engineering,11898.0,8763.410219759147,3134.5897802408526,0.0,7699.627258050296,0.91676809715789,auto loans,60,0.3836810789888589,54765,house,89221.38448145949,0,0.10036250443615774,0.08269166,0.05,Engineering_auto loans,0.917916602202085,461977.6354830178,47070.32050160768,38165.124731033255,21626.904014252177,154324.02963285017,142280.78211388158,111741.50937524089,0.111,0.09,0.051
name239,47,ausbildung,0,1,MediumSkilled,IT Support,2170.0,2648.381311756275,-478.38131175627495,0.220452217399205,1117.0418411740236,0.7965839756928783,mortgages,24,0.7352180428250223,42237,car,58597.530402043376,0,0.3007685919723755,0.2531351,0.18,IT Support_mortgages,0.0,26809.004188176565,0.0,0.0,0.0,0.0,0.0,0.0,0.322,0.259,0.163
name240,36,ausbildung,0,0,Unemployed_MediumSkilled,IT Support,1150.0,841.6144096930727,308.38559030692727,0.0,568.124648378137,0.9073486214390192,auto loans,36,0.225860050496704,49414,car,50808.01051009214,0,0.3809523259748608,0.2556772,0.19,IT Support_auto loans,0.0,20452.48734161293,0.0,0.0,0.0,0.0,0.0,0.0,0.38,0.262,0.185
name241,40,bachelor degree,0,1,HighSkilled,Engineering,5378.0,4569.322366503251,808.677633496749,0.0,3957.52549649006,0.7115788434327519,auto loans,48,0.5855053668637618,37840,car,51876.023507280566,0,0.1478626272630324,0.10918099,0.05,Engineering_auto loans,0.8305102720892615,189961.2238315229,23349.182658227623,16723.06325521708,6783.884150701268,65830.57319286744,59333.25746304517,41571.943080663346,0.148,0.106,0.043
name242,35,bachelor degree,2,0,HighSkilled,Engineering,2420.0,2414.931724584261,5.068275415739208,0.0,1920.270630394155,0.607686423505232,auto loans,48,0.7914059318092627,31442,car,35398.090229791705,0,0.5237314896145714,0.65251267,0.17,Engineering_auto loans,0.7099046739511458,92172.99025891944,32520.71618863959,41943.217458587475,11058.352184869398,25505.052034649827,19962.940967022427,28385.89859741322,0.497,0.641,0.169
name243,30,ausbildung,0,0,MediumSkilled,Artist,2439.0,2343.2821246510603,95.71787534893974,0.0,1477.7068241851866,0.6900262290393787,auto loans,24,0.5666211352342135,47503,car,52952.892798530855,0,0.11747925711716083,0.08341551,0.13,Artist_auto loans,0.0,35464.96378044448,0.0,0.0,0.0,0.0,0.0,0.0,0.12,0.087,0.114
name244,52,ausbildung,0,0,MediumSkilled,IT Support,1750.0,2307.384097876737,-557.3840978767371,0.3185051987867069,1254.7863462242085,0.8199803939105956,auto loans,12,1.0355259680576832,36729,car,42184.84683731478,0,0.22910234314296443,0.22090797,0.2,IT Support_auto loans,0.0,15057.436154690502,0.0,0.0,0.0,0.0,0.0,0.0,0.257,0.231,0.196
name245,35,ausbildung,1,1,MediumSkilled,Nursing,1468.0,2788.9668281093536,-1320.9668281093536,0.89984116356223,609.8691674727337,0.6684728557295772,simple loans,12,1.3152833757371167,12579,liquid assets,13301.411832499249,1,0.8463420789667452,0.9373196,0.92,Nursing_simple loans,0.0,7318.430009672804,0.0,0.0,0.0,0.0,0.0,0.0,0.841,0.935,0.916
name246,31,high school or lower,0,0,LowSkilled,Agriculture,831.0,1252.5989845052598,-421.59898450525975,0.5073393315346086,351.19840309770865,0.3541612311037883,auto loans,36,0.9299607552382292,0,none,1069.1179457502435,1,0.34662670115766386,0.3493123,0.84,Agriculture_auto loans,1.0,12643.142511517512,4690.605871772997,4033.1624611740863,10493.808284559535,5832.424495424498,5825.595660267698,1912.505175392328,0.371,0.319,0.83
name247,58,high school or lower,0,0,Unemployed_LowSkilled,Manufacturing,1100.0,1191.54861183746,-91.54861183745992,0.0832260107613272,699.0956732581914,0.5152416914501378,auto loans,12,0.7187675319051375,8232,liquid assets,9119.539057705086,0,0.5799695294019849,0.4921,0.28,Manufacturing_auto loans,0.0755173288655469,8389.148079098297,382.01621079779545,319.29713141308275,180.55492550144558,225.15789110568417,257.8716316646026,296.0385220320491,0.603,0.504,0.285
name248,59,bachelor degree,0,1,HighSkilled,Finance,9176.0,7256.294003065029,1919.7059969349712,0.0,7678.806499434354,0.7410254006536087,simple loans,24,0.6276264715016764,43076,car,70568.16099316951,1,0.17694949170111257,0.16085754,0.64,Finance_simple loans,0.8009592528799415,184291.3559864245,24946.067489726924,22436.69975407392,97422.5120900578,64674.80117065843,63103.81402048228,46378.21042127791,0.169,0.152,0.66
name249,58,bachelor degree,1,0,HighSkilled,Finance,12127.0,11974.4288274292,152.57117257080063,0.0,2524.070370802138,0.3847731962313911,simple loans,24,0.195555306195377,14779,liquid assets,43233.75200277849,0,0.18705852984518548,0.2444671,0.11,Finance_simple loans,0.7679736490111307,60577.68889925131,7769.18548836739,10513.987547131917,4977.861360810243,20646.55227272698,21564.846621695346,17546.10316945635,0.167,0.226,0.107
name250,47,high school or lower,1,0,LowSkilled,Manufacturing,1566.0,1597.122897007058,-31.1228970070581,0.0198741360198327,1148.865911792772,0.3542604541920115,mortgages,12,0.753504986462216,0,none,2416.033008949907,1,0.5398406348491894,0.5737125,0.86,Manufacturing_mortgages,1.0,13786.390941513266,7706.592536305916,7789.310881954994,11690.85951840325,5244.27234719622,4955.439930674554,1836.939935370333,0.559,0.565,0.848
name251,37,bachelor degree,1,0,HighSkilled,Consultant,4952.0,4201.084875665547,750.9151243344531,0.0,4492.26536579732,0.5836783474919744,auto loans,24,0.7555230697622913,24972,car,34200.83738027091,0,0.24205139111125745,0.1952587,0.06,Consultant_auto loans,0.8029465470562339,107814.36877913566,24499.076562993996,17400.404201985137,4761.304632383993,40088.10990762171,38770.26046918241,25011.770165506492,0.283,0.201,0.055
name252,38,high school or lower,0,2,LowSkilled,Construction,1226.0,1735.229057254184,-509.229057254184,0.4153581217407699,501.9111112204244,0.9410040237359968,auto loans,12,0.8247472826057164,15108,liquid assets,16159.671410903897,0,0.5804240049919401,0.62508047,0.21,Construction_auto loans,0.0,6022.933334645093,0.0,0.0,0.0,0.0,0.0,0.0,0.558,0.608,0.218
name253,45,bachelor degree,0,1,HighSkilled,Consultant,8623.0,5173.315124021118,3449.684875978882,0.0,4458.72726515839,0.3966839296047257,auto loans,48,0.117017556439697,79943,house,112408.87071278242,0,0.08379280692468546,0.102630764,0.08,Consultant_auto loans,0.7406980991793074,214018.9087276027,14267.10589946685,13950.05910170092,13633.01230393499,53496.7302156837,58204.767389564884,52416.77266177313,0.09,0.088,0.086
name254,34,ausbildung,1,1,MediumSkilled,Artist,1838.0,1329.211077894252,508.788922105748,0.0,1475.3386716326015,0.4446889132865859,auto loans,12,0.5258703751506276,10040,liquid assets,15345.00064893189,0,0.1967967855844685,0.17701432,0.28,Artist_auto loans,0.463032817900766,17704.06405959122,1582.129595272982,1713.290597989913,2369.0956115745685,3677.1159167597853,3592.0536130895166,3830.6148898135198,0.193,0.209,0.289
name255,44,post graduate degree,0,1,HighSkilled,Consultant,5831.0,4347.719328576993,1483.280671423007,0.0,1531.7563969001428,0.4661251041146268,simple loans,48,0.0083134497474079,18701,liquid assets,34669.5557372894,0,0.1551627810023442,0.16848513,0.07,Consultant_simple loans,0.7584190309563364,73524.30705120685,8866.195159176477,10706.34887145839,3959.1185930913825,23599.19213589713,24134.60587438276,17348.272125546937,0.159,0.192,0.071
name256,40,bachelor degree,1,2,HighSkilled,Consultant,4476.0,6209.942275991562,-1733.9422759915624,0.3873865674690711,2491.209532389234,0.7365698699570533,auto loans,60,0.9439570617472736,46719,car,54957.277031804486,0,0.6639125176469801,0.6401202,0.15,Consultant_auto loans,0.7341934725026875,149472.57194335404,71332.16131534928,69247.0673692083,15912.559062654838,32553.896593468264,34470.75187768864,45988.6464943801,0.65,0.631,0.145
name257,36,ausbildung,0,1,MediumSkilled,Electrician,2334.0,1847.191793907482,486.8082060925181,0.0,2203.0501421581826,0.3434063658309377,auto loans,12,0.7353221662663515,11986,liquid assets,18957.387181394435,0,0.16316011796453683,0.116406366,0.11,Electrician_auto loans,0.5699726660245755,26436.60170589819,2456.106877855323,1627.359158333588,1506.8140354940633,6466.622789279467,5804.148747728526,5683.04789750844,0.163,0.108,0.1
name258,52,ausbildung,0,0,MediumSkilled,Teacher,2975.0,2943.6672284909364,31.332771509063605,0.0,1911.1347278286696,0.8761340774708242,mortgages,24,0.6318662038049095,19612,liquid assets,28500.388119292114,1,0.3836503960385959,0.45514667,0.69,Teacher_mortgages,0.5946585365314135,45867.23346788807,10446.455958714694,12983.06275808928,18710.88456312867,12331.582287005634,11593.277914350643,7550.356692560854,0.383,0.476,0.686
name259,32,bachelor degree,0,2,HighSkilled,Engineering,1929.0,2631.117375400311,-702.1173754003112,0.3639799768793733,727.044912607837,0.3689215916921238,auto loans,60,0.7408824717512432,14082,liquid assets,15937.252980816216,0,0.23736810963659086,0.40647548,0.48,Engineering_auto loans,0.6945099244014203,43622.69475647022,7119.652692813056,11997.372197250937,14390.787357813624,13999.781556936397,13472.931179573672,12518.642378734625,0.235,0.396,0.475
name260,50,ausbildung,1,1,MediumSkilled,Teacher,3559.0,2424.625607603737,1134.374392396263,0.0,1765.3289854342322,0.294454322855805,mortgages,12,0.1772842351890894,33577,car,43559.03618330135,0,0.49177713596161365,0.534299,0.45,Teacher_mortgages,0.0,21183.947825210787,0.0,0.0,0.0,0.0,0.0,0.0,0.492,0.521,0.412
name261,55,high school or lower,0,0,LowSkilled,Construction,1799.0,2072.371200458466,-273.37120045846586,0.1519573098712984,1314.950573986739,0.8599692392537424,auto loans,24,0.8828914810701528,0,none,2471.4961026001934,0,0.40670870860058217,0.3106402,0.09,Construction_auto loans,1.0,31558.813775681738,12497.290255169968,9530.761760255884,2808.7344260356745,14031.745026310982,14719.634518094499,10981.796828942153,0.396,0.302,0.089
name262,54,bachelor degree,0,1,HighSkilled,Consultant,8410.0,5974.73453094344,2435.2654690565605,0.0,5891.503995064046,0.740491773990793,simple loans,60,0.4109677200960149,37961,car,51417.73996958762,1,0.1817679449003393,0.20968468,0.71,Consultant_simple loans,0.9086578800129482,353490.23970384273,56210.296067548465,59743.514677508654,233513.62994918702,141629.37205465825,145795.44443483904,83890.64029221557,0.175,0.186,0.727
name263,56,bachelor degree,0,0,HighSkilled,Research,7193.0,4816.487382849074,2376.5126171509264,0.0,5606.739071335177,0.7749010246832267,simple loans,12,0.449079167827645,20411,car,33282.28785422081,0,0.08594699537230639,0.11240506,0.05,Research_simple loans,0.7420737654773206,67280.86885602212,4343.680989601949,5242.373608140283,2696.077855615003,17035.397669690163,18984.457439915852,13156.156355779625,0.087,0.105,0.054
name264,36,ausbildung,1,0,MediumSkilled,IT Support,1596.0,1700.6181798757943,-104.61817987579434,0.065550238017415,911.4291789995395,0.7038565977439859,mortgages,60,0.6366211521775275,30260,car,37134.57266099795,0,0.4591432460999551,0.4522751,0.17,IT Support_mortgages,0.5296642034482185,54685.75073997237,13613.589764657985,13816.345356897573,5184.750144412297,12258.58307527199,12348.969015072464,12565.32528395286,0.47,0.477,0.179
name265,45,high school or lower,2,1,LowSkilled,Transportation,1516.0,1134.1546099579032,381.8453900420968,0.0,803.3446266278356,0.6400358647520472,auto loans,48,0.2780337972201443,21633,car,25646.065829638654,0,0.7144381915127003,0.7837702,0.29,Transportation_auto loans,0.5234974616826248,38560.54207813611,14513.982701388404,15785.722493026055,5712.735889419914,5201.130322223681,4046.076233341703,9434.868872425212,0.719,0.782,0.283
name266,44,ausbildung,0,1,MediumSkilled,Nursing,2412.0,3193.815169784561,-781.815169784561,0.3241356425309125,1042.4981768238151,0.9700694499238924,mortgages,48,0.7563488170018143,14069,liquid assets,20433.429468726885,1,0.6520438072901397,0.762564,0.85,Nursing_mortgages,0.7341350995658954,50039.91248754313,23915.172544738572,27221.417597006573,30931.759266774003,11220.26940079982,8021.692187920066,5227.146546534463,0.651,0.741,0.842
name267,46,high school or lower,0,0,LowSkilled,Agriculture,1728.0,1872.702811041212,-144.70281104121204,0.0837400526858865,887.3768321511948,0.4714638089865438,simple loans,24,0.5972683120326429,15759,liquid assets,17814.905767020227,0,0.2535932514801142,0.25383517,0.27,Agriculture_simple loans,0.29896465910899206,21297.043971628675,1585.398809260788,1610.8670632248168,1725.4742060629462,2960.9449187269115,2961.1643585610614,2972.056313285849,0.249,0.253,0.271
name268,45,high school or lower,1,0,LowSkilled,Agriculture,1504.0,1279.7838543768892,224.21614562311083,0.0,1227.5954583046032,0.9082264490282792,auto loans,24,0.6671405004531199,21459,car,24287.25799975122,0,0.5306568122280183,0.7309051,0.31,Agriculture_auto loans,0.38192691263279904,29462.290999310477,5783.755105994258,8214.2825435327,3139.4312734871555,4341.128394311052,2750.4912909796744,5248.948197037917,0.514,0.73,0.279
name269,55,high school or lower,0,0,Unemployed_LowSkilled,Agriculture,1000.0,802.9551580397654,197.04484196023463,0.0,482.1463552716109,0.3565112219465411,auto loans,60,0.2851015133113762,18122,liquid assets,25592.99968924492,1,0.5292400327833717,0.44923273,0.7,Agriculture_auto loans,0.40550627499325376,28928.781316296656,5877.131978184612,4915.206185348009,8129.446029704464,4535.317757649176,5017.183054758229,3156.121646395533,0.501,0.419,0.693
name270,46,ausbildung,0,0,Unemployed_MediumSkilled,Teacher,1500.0,992.6804098215842,507.31959017841575,0.0,1410.1927388357035,0.6653414675661828,auto loans,24,0.6019154324381918,39912,car,41563.89601203175,1,0.49771172155631527,0.5950411,0.69,Teacher_auto loans,0.0,33844.625732056884,0.0,0.0,0.0,0.0,0.0,0.0,0.512,0.575,0.702
name271,39,post graduate degree,0,0,HighSkilled,Engineering,4836.0,3686.3170386221946,1149.6829613778054,0.0,3334.0419996413143,0.8097790634055045,auto loans,60,0.4516871460429092,10542,liquid assets,23547.77182624023,1,0.1659103468068922,0.23160638,0.66,Engineering_auto loans,0.9500976500432321,200042.51997847887,29079.169005462703,39152.34519689749,121068.17422535778,81930.18541465951,87566.8737600315,56933.253636418005,0.153,0.206,0.637
name272,38,bachelor degree,0,0,Unemployed_HighSkilled,Research,2250.0,1971.838673995437,278.1613260045631,0.0,629.6455170912176,0.7010706276770482,auto loans,24,0.1562151960385131,15836,liquid assets,19735.028068904503,0,0.12083840511802373,0.10446599,0.08,Research_auto loans,0.0074729847606619165,15111.492410189221,14.793561776478498,12.083290916665643,9.034236199376181,44.090031718557526,41.753282016798416,37.34034757426196,0.131,0.107,0.08
name273,47,ausbildung,2,1,MediumSkilled,Electrician,2246.0,3938.7693068499434,-1692.7693068499425,0.7536817928984606,806.4176239592945,0.8086582497192258,simple loans,48,1.1127279300130173,26614,car,28544.569074735195,1,0.9500884910770416,0.9195953,0.84,Electrician_simple loans,0.41654322614680894,38708.04595004614,15349.642769653325,14688.57622180061,13721.16176152834,788.2414384491722,1257.6018098970249,2438.983768387524,0.952,0.911,0.851
name274,60,bachelor degree,0,2,HighSkilled,Research,9520.0,4071.061237438599,5448.938762561402,0.0,2026.194999938725,0.8843032072404179,simple loans,48,0.0,79669,house,90267.01947902066,0,0.09105184872061985,0.17483996,0.11,Research_simple loans,0.43259816331886486,97257.3599970588,3702.4552667492962,8162.230928970041,5132.949347084252,14712.434879518794,18380.59669710419,15868.24171855746,0.088,0.194,0.122
name275,51,high school or lower,1,1,Unemployed_LowSkilled,Agriculture,1000.0,846.1839793499272,153.8160206500728,0.0,496.3714017372399,0.8153195876536881,auto loans,48,0.3425553810871671,9297,liquid assets,9278.927261736068,1,0.8244198409654347,0.7582377,0.84,Agriculture_auto loans,0.6329500804834641,23825.827283387516,12290.655826733275,11732.67513275888,12622.42813125859,2490.1034621358394,3347.471844798784,2281.20877988163,0.815,0.778,0.837
name276,58,bachelor degree,0,0,HighSkilled,Finance,5817.0,4014.179381626409,1802.8206183735915,0.0,3227.71955974157,0.4144894868998776,mortgages,24,0.244954261882066,55097,house,72664.24205293668,1,0.12151763483205799,0.14920114,0.64,Finance_mortgages,0.5063455903596904,77465.26943379767,4471.558524556479,5922.853835158144,24907.365465731265,15344.722089828938,16411.31749694701,12324.027712693292,0.114,0.151,0.635
name277,41,ausbildung,1,3,MediumSkilled,Teacher,2554.0,1741.972595890066,812.027404109934,0.0,888.5157791351098,0.8730863958936123,auto loans,12,0.0299484632048456,34129,car,46618.04629979958,1,0.650560086317166,0.65508753,0.88,Teacher_auto loans,0.0,10662.189349621318,0.0,0.0,0.0,0.0,0.0,0.0,0.664,0.653,0.869
name278,47,high school or lower,0,0,LowSkilled,Transportation,1492.0,2253.4682486178936,-761.4682486178936,0.510367458859178,1223.098098837503,0.911588921544334,auto loans,36,1.3301383025840456,0,none,1623.2929921341515,1,0.40219823728300763,0.5455912,0.91,Transportation_auto loans,1.0,44031.531558150105,17128.265776120392,23909.12163607551,39716.4414654514,19646.279877714864,16597.738673577496,3832.5961785763484,0.389,0.543,0.902
name279,35,high school or lower,0,0,LowSkilled,Manufacturing,997.0,1117.0097941546946,-120.00979415469465,0.1203709068753206,211.3326031063195,0.9598843693584468,auto loans,12,0.3323394155075368,7550,liquid assets,8954.444266250375,0,0.43559677421274595,0.41082263,0.22,Manufacturing_auto loans,0.0,2535.991237275834,0.0,0.0,0.0,0.0,0.0,0.0,0.432,0.388,0.214
name280,36,ausbildung,0,1,MediumSkilled,IT Support,1633.0,1670.1061804760125,-37.10618047601247,0.0227227069663272,1463.8935953546245,0.2504200246035479,auto loans,12,0.9191670397003286,48429,car,52902.133815257286,0,0.09251294060941666,0.12220373,0.1,IT Support_auto loans,0.0,17566.723144255495,0.0,0.0,0.0,0.0,0.0,0.0,0.096,0.135,0.082
name281,36,post graduate degree,1,1,HighSkilled,Doctor,4597.0,5068.905590620223,-471.9055906202229,0.1026551208658305,4543.479342392031,0.5792364880390333,auto loans,48,1.091012602352024,74097,house,83209.03816780676,1,0.335852674426988,0.2748305,0.74,Doctor_auto loans,0.7644135601615437,218087.0084348175,54180.316626357824,46678.42663193905,117863.02724564608,77230.21384912214,77866.15890734745,39515.12873430315,0.325,0.28,0.707
name282,30,high school or lower,0,2,LowSkilled,Agriculture,969.0,1200.2412480059274,-231.24124800592745,0.2386390588296464,589.0982843431461,0.2304539068053246,mortgages,24,0.8465836247152462,19086,liquid assets,23359.405941509074,1,0.3258752767995249,0.36012882,0.74,Agriculture_mortgages,0.0,14138.358824235507,0.0,0.0,0.0,0.0,0.0,0.0,0.311,0.37,0.741
name283,43,high school or lower,0,1,LowSkilled,Manufacturing,1422.0,1858.6218634367804,-436.6218634367804,0.3070477239358511,880.4040059960092,0.4555006275828596,mortgages,24,0.9261785298402176,0,none,1857.687830219103,0,0.49633293064759276,0.5158145,0.28,Manufacturing_mortgages,1.0,21129.69614390422,10036.605668354505,10438.069895088685,5874.055528005374,8553.863649767327,8330.427298182976,9873.633411084202,0.475,0.494,0.278
name284,49,high school or lower,1,1,LowSkilled,Manufacturing,1980.0,1093.292655400281,886.7073445997189,0.0,1525.4993033576254,0.2579593730230391,simple loans,36,0.322622201392882,0,none,4204.99909955313,1,0.5590273732320686,0.5760216,0.71,Manufacturing_simple loans,1.0,54917.97492087451,30754.06595568973,31907.34342902809,38497.50041953303,20249.466176726528,19658.402569677357,14343.33690347992,0.56,0.581,0.701
name285,44,bachelor degree,0,0,HighSkilled,Finance,6563.0,4787.568875290718,1775.431124709282,0.0,5594.586454210115,0.911262509731836,auto loans,60,0.5819221894714054,74614,house,103446.55860600588,0,0.19549672033330678,0.13483368,0.08,Finance_auto loans,0.8460592629075944,335675.1872526069,57652.22360517179,39476.153108959996,19596.076003728343,127222.18965478476,115118.74202017856,93906.77513912314,0.203,0.139,0.069
name286,51,high school or lower,1,2,LowSkilled,Transportation,1852.0,1553.4996349488524,298.5003650511476,0.0,646.2225153285509,0.2071750466940701,auto loans,12,0.1877549407545374,19089,liquid assets,19848.28251112081,0,0.33475784553421734,0.22717826,0.18,Transportation_auto loans,0.0,7754.670183942611,0.0,0.0,0.0,0.0,0.0,0.0,0.342,0.231,0.184
name287,30,ausbildung,0,1,MediumSkilled,IT Support,1948.0,2304.591881146769,-356.59188114676954,0.1830553804654874,1933.0680351299484,0.3171618561457051,mortgages,12,1.1753901007580687,0,none,3703.2402582885143,0,0.12178046848560756,0.15211312,0.08,IT Support_mortgages,1.0,23196.81642155938,2714.0275213224477,3897.0651588219757,1623.7771495091567,9081.68079718983,9761.003753752648,7670.175263800915,0.117,0.168,0.07
name288,42,high school or lower,0,0,LowSkilled,Manufacturing,1322.0,1627.9905081572886,-305.99050815728856,0.2314602936136827,940.5734080502932,0.3462156222124191,mortgages,12,0.9429379093854628,23625,car,25183.3242508534,1,0.3892199088130924,0.3435146,0.8,Manufacturing_mortgages,0.0,11286.880896603518,0.0,0.0,0.0,0.0,0.0,0.0,0.369,0.335,0.78
name289,58,bachelor degree,1,1,Unemployed_HighSkilled,Finance,4500.0,4239.70219605554,260.2978039444597,0.0,1951.3674014231467,0.6370216960643444,mortgages,24,0.3757932438841527,70753,house,77832.7942176268,0,0.46059962197346094,0.23427044,0.16,Finance_mortgages,0.0,46832.81763415552,0.0,0.0,0.0,0.0,0.0,0.0,0.474,0.244,0.155
name290,30,post graduate degree,0,2,HighSkilled,Finance,2927.0,1611.2183949817927,1315.7816050182073,0.0,1661.9305517892233,0.9643707900625682,auto loans,12,0.118260658275031,69986,house,89839.07567153689,0,0.23553572766099112,0.36452332,0.1,Finance_auto loans,0.0,19943.16662147068,0.0,0.0,0.0,0.0,0.0,0.0,0.268,0.357,0.114
name291,35,bachelor degree,0,0,HighSkilled,Engineering,2070.0,2470.7783516180552,-400.7783516180552,0.1936127302502682,895.3966293385048,0.8327994722039991,simple loans,24,0.6261714883848115,11880,liquid assets,15456.387789046996,0,0.18224222341486884,0.21304847,0.33,Engineering_simple loans,0.47753755382889906,21489.519104124116,2134.5068962761075,1990.838162872908,3407.001392133018,4527.628926870231,4670.591105231264,4763.420185069947,0.208,0.194,0.332
name292,58,ausbildung,1,0,MediumSkilled,Nursing,3246.0,5036.669115016054,-1790.669115016054,0.551654071169456,2042.217011044085,0.6379480808097165,auto loans,24,1.1808028730930804,16606,liquid assets,21249.431484300017,1,0.7660976024525511,0.8777355,0.85,Nursing_auto loans,0.679055521628748,49013.20826505804,25527.823003832757,29388.61500962754,27424.93631702502,7169.0366744858375,3895.3091805099816,4735.7695639944795,0.767,0.883,0.824
name293,46,bachelor degree,0,1,HighSkilled,Engineering,6920.0,7597.150049586393,-677.1500495863929,0.0978540534084382,6013.62718332862,0.6868014837902003,auto loans,60,0.96687532267558,55624,house,75751.9399737322,0,0.17039176394888403,0.10452106,0.1,Engineering_auto loans,0.8931865748715622,360817.6309997172,54787.16887760447,33839.1337185204,34805.96611047813,139889.07298082672,119181.41426053745,117114.48548287505,0.17,0.105,0.108
name294,34,high school or lower,0,1,LowSkilled,Agriculture,1113.0,1418.883963303266,-305.883963303266,0.2748283587630422,678.9022475240203,0.6114517535539816,auto loans,60,0.884803423923887,22664,car,21641.90270005529,0,0.420419361646333,0.42561147,0.3,Agriculture_auto loans,0.5279311873360442,40734.13485144122,9032.024474435717,8709.4521717773,6731.0087154723315,9453.18481002836,9409.847963412492,10045.13358956154,0.42,0.405,0.313
name295,48,bachelor degree,0,1,HighSkilled,Finance,9301.0,12099.902024838537,-2798.902024838537,0.3009248494611909,4097.527551571664,0.7951134004344067,mortgages,36,0.7414718392011828,28663,car,40934.330996543584,0,0.38377622152502533,0.30259344,0.13,Finance_mortgages,0.8348215558563561,147510.9918565799,47041.525887952484,38175.060275563534,15516.314821680664,55671.21755513334,57506.30425218825,49314.2148993752,0.382,0.31,0.126
name296,45,high school or lower,1,0,LowSkilled,Manufacturing,1234.0,800.7127755982051,433.2872244017949,0.0,690.340467832995,0.4153216725761126,auto loans,24,0.2083089492959482,23220,car,25708.906207924847,1,0.5549792098126551,0.6354617,0.65,Manufacturing_auto loans,0.0,16568.17122799188,0.0,0.0,0.0,0.0,0.0,0.0,0.547,0.602,0.63
name297,54,high school or lower,0,1,LowSkilled,Manufacturing,2187.0,1482.838383292766,704.1616167072341,0.0,2046.289251741909,0.5525057344725158,auto loans,12,0.6136843324346937,11217,liquid assets,17134.003945505592,0,0.3149024087393449,0.22300623,0.15,Manufacturing_auto loans,0.5673528499426158,24555.471020902907,4068.0320078946324,3106.750471782545,1908.6314557587834,6492.5800712429755,6385.910114250636,5838.215363030554,0.292,0.223,0.137
name298,47,ausbildung,0,0,MediumSkilled,Teacher,2560.0,1736.565074685404,823.4349253145961,0.0,2032.7572620456904,0.4574265033481532,auto loans,48,0.4723915377855837,43465,car,50364.794798186944,0,0.2915432986065753,0.32099548,0.11,Teacher_auto loans,0.6206063476656465,97572.34857819314,18468.97575970289,18408.42174081862,6782.050115038439,28301.134596463617,28180.20824295115,22838.345117558663,0.305,0.304,0.112
name299,31,ausbildung,0,0,Unemployed_MediumSkilled,Teacher,900.0,644.5524928551625,255.44750714483743,0.0,212.01971857380516,0.958277826119995,mortgages,48,0.0,39349,car,47753.248039853,1,0.7102517344406851,0.8478198,0.76,Teacher_mortgages,0.0,10176.946491542647,0.0,0.0,0.0,0.0,0.0,0.0,0.721,0.845,0.766
name300,52,ausbildung,0,0,MediumSkilled,Teacher,1750.0,2299.072217528942,-549.072217528942,0.3137555528736812,1009.8520996292448,0.5778965366517741,auto loans,24,0.8908138955189637,17490,liquid assets,20019.263823651745,1,0.3828924740618681,0.4627761,0.41,Teacher_auto loans,0.3163085055528122,24236.450391101876,2959.151425602122,3511.1174946263523,3235.1344601142364,3467.7196956330986,3231.5511757511845,3399.582594046414,0.386,0.458,0.422
name301,54,ausbildung,1,1,MediumSkilled,Nursing,3350.0,3311.309888608476,38.69011139152417,0.0,2468.260565585004,0.5175651841771397,mortgages,48,0.7252449116995462,0,none,6800.992703395472,0,0.6279923018089626,0.53024614,0.18,Nursing_mortgages,1.0,118476.50714808019,68953.32716018266,61963.21323844594,19904.05320087747,38241.26521011379,45735.825754902355,52121.70542464898,0.582,0.523,0.168
name302,40,bachelor degree,0,0,HighSkilled,Engineering,4347.0,8087.737764582234,-3740.7377645822335,0.8605331871594742,970.6247495543907,0.580700100488629,auto loans,48,1.0838193039191684,51009,house,59471.22966083851,0,0.40622329571834076,0.3567344,0.19,Engineering_auto loans,0.2417027363219381,46589.987978610756,4616.980307650932,4211.586914784021,2195.880878029102,5008.778222075886,5170.694198549608,5014.580862328381,0.41,0.374,0.195
name303,39,ausbildung,2,1,MediumSkilled,Electrician,2117.0,1463.7956693690048,653.2043306309952,0.0,827.7343727408553,0.897310892619501,simple loans,12,0.0824421549881247,24833,car,28820.239899906486,1,0.7866891316672193,0.8774548,0.76,Electrician_simple loans,0.0,9932.812472890264,0.0,0.0,0.0,0.0,0.0,0.0,0.785,0.877,0.772
name304,52,bachelor degree,2,1,HighSkilled,Engineering,8654.0,7690.634669417106,963.365330582894,0.0,2882.740190909317,0.5102119551760382,auto loans,60,0.2217904853624246,0,none,16877.354027098176,0,0.4583566238845782,0.47313705,0.11,Engineering_auto loans,1.0,172964.411454559,75758.41221709685,80601.4157378245,17642.36996836502,73264.48393816403,72054.87239109732,65234.66145829442,0.438,0.466,0.102
name305,39,high school or lower,1,0,LowSkilled,Manufacturing,837.0,1184.2338050417577,-347.2338050417575,0.4148552031562216,440.9786727443896,0.9771489984539168,auto loans,12,0.941711442994202,9296,liquid assets,9422.514800780484,1,0.7686568660838656,0.84009135,0.69,Manufacturing_auto loans,0.0,5291.744072932675,0.0,0.0,0.0,0.0,0.0,0.0,0.784,0.843,0.67
name306,45,bachelor degree,0,0,HighSkilled,Engineering,6608.0,5310.583458266314,1297.4165417336862,0.0,5384.65449981114,0.6904858274230572,auto loans,24,0.6185287466824234,43554,car,55079.50485343528,1,0.10581714302695075,0.06775691,0.67,Engineering_auto loans,0.7130677528942122,129231.70799546737,9491.549253169916,6081.963599118589,59805.97539133279,34242.28150525903,28233.393095783314,26915.144417565716,0.103,0.066,0.649
name307,39,bachelor degree,0,0,HighSkilled,Consultant,3917.0,4643.768061024365,-726.7680610243651,0.1855420120051991,1348.4332809190328,0.3296327487582671,auto loans,24,0.5297935516832775,67110,house,72818.26114359636,0,0.1203190002310711,0.10631287,0.11,Consultant_auto loans,0.0,32362.398742056786,0.0,0.0,0.0,0.0,0.0,0.0,0.108,0.126,0.1
name308,35,post graduate degree,0,0,HighSkilled,Engineering,2369.0,2291.272972477786,77.72702752221403,0.0,1831.68329247062,0.3262458528602552,auto loans,48,0.7403783304974274,44027,car,50889.73830080582,0,0.1274296882174464,0.23052925,0.08,Engineering_auto loans,0.5732791202012979,87920.79803858977,6602.813664851596,10987.888388837006,4233.865250744535,20047.582243481724,23208.60677902686,16666.125503707786,0.131,0.218,0.084
name309,54,bachelor degree,0,0,HighSkilled,Engineering,8920.0,9214.781920246876,-294.7819202468745,0.033047300476107,4063.604899740755,0.7143971661926769,mortgages,36,0.4886083878909898,69971,house,88977.1095620897,0,0.14277531073199082,0.16225804,0.07,Engineering_mortgages,0.668415206969504,146289.7763906672,15156.258230371992,13591.741251752948,6844.761781458319,40366.88194726482,41901.27422958847,30421.201419069228,0.155,0.139,0.07
name310,45,ausbildung,0,0,MediumSkilled,Nursing,2557.0,1703.1847668262276,853.8152331737724,0.0,1657.9854934692646,0.6268913134659977,simple loans,24,0.3144975597557654,17951,liquid assets,24110.01456578521,0,0.2933279293441295,0.2474662,0.06,Nursing_simple loans,0.5721932279035314,39791.65184326235,6876.091140966556,5737.665455376067,1115.6571718786797,10640.577213611885,10566.341945117312,6578.332658094518,0.302,0.252,0.049
name311,57,bachelor degree,0,0,HighSkilled,Engineering,7389.0,4958.807525284192,2430.192474715808,0.0,1840.2144916283437,0.73901698602191,simple loans,24,0.0,56870,house,61901.087998643605,0,0.08276670738433714,0.077823095,0.16,Engineering_simple loans,0.10766344423268061,44165.14779908025,356.622894532078,337.60300682370047,775.0604241163829,1596.0361023836215,1552.9907911998819,2029.7834992995438,0.075,0.071,0.163
name312,30,bachelor degree,0,0,HighSkilled,Finance,2512.0,2850.198836800518,-338.19883680051817,0.1346332949046648,1718.8408513918064,0.7613723414066167,simple loans,36,0.818885226191212,36330,car,37924.63250898296,0,0.23367095965104148,0.21035978,0.1,Finance_simple loans,0.5008679758222214,61878.27065010503,6942.39709360908,5919.633236068456,2913.327351782382,14295.150814354203,14075.638873458518,11262.689464792884,0.224,0.191,0.094
name313,58,bachelor degree,1,1,HighSkilled,Doctor,8675.0,7677.062936833157,997.9370631668426,0.0,6903.784275718131,0.6725818434605217,simple loans,36,0.6807893040404943,46248,car,65904.89631007225,0,0.2877798371729786,0.20842086,0.09,Doctor_simple loans,0.8415464635326085,248536.2339258527,61700.662672404265,47268.982250723275,19242.240562241328,97758.85154145081,94836.63483651807,72781.42365710331,0.295,0.226,0.092
name314,58,high school or lower,2,1,LowSkilled,Agriculture,2179.0,2585.4733410020053,-406.4733410020053,0.1865412303818289,1074.9401934343302,0.5708937563591047,simple loans,12,0.6798593549501311,7060,liquid assets,10778.701027521112,1,0.7859256245044908,0.89907587,0.91,Agriculture_simple loans,0.4836047202559316,12899.282321211962,4946.855978032432,5583.147667514536,5589.385821332988,1238.864611286449,606.7880635372632,542.9818959260163,0.793,0.895,0.896
name315,41,high school or lower,0,1,LowSkilled,Manufacturing,1840.0,1573.3337504050485,266.6662495949515,0.0,1350.7123079491812,0.7383790604632915,simple loans,36,0.5891554664968639,7831,liquid assets,11173.33403979368,0,0.413971695789279,0.26917842,0.09,Manufacturing_simple loans,0.8481414298700013,48625.64308617052,17610.087388478434,12042.495356992278,3588.0037536244117,18228.936647380582,19248.46334280435,14351.138973777026,0.427,0.292,0.087
name316,31,ausbildung,1,0,MediumSkilled,Artist,1795.0,1683.2606180249547,111.73938197504526,0.0,1042.2241042283956,0.7105911870117714,auto loans,12,0.5183758898347356,13037,liquid assets,18379.620115958885,0,0.22367737811452898,0.25457764,0.13,Artist_auto loans,0.012944654531777377,12506.689250740747,38.20716611816329,41.76885109528022,18.617898744020252,74.2407046342655,75.31012663497152,64.83162531702048,0.236,0.258,0.115
name317,57,bachelor degree,2,0,HighSkilled,Engineering,5682.0,13457.321517899618,-7775.321517899618,1.3684127979407987,2442.407735683352,0.419224464115545,mortgages,24,1.7982628042208677,12168,liquid assets,19106.187770814995,1,0.953789165115836,0.9361375,0.76,Engineering_mortgages,0.8034304106025603,58617.78565640045,45070.21319979769,44175.40227942553,34426.672778528846,2134.211590840258,2932.851536173842,10384.656861365684,0.957,0.938,0.731
name318,46,high school or lower,1,0,LowSkilled,Construction,2219.0,1627.1270450440863,591.8729549559137,0.0,549.1003668467978,0.5257653560163217,auto loans,24,0.0,0,none,4381.578914560143,1,0.5112128701100106,0.4215148,0.79,Construction_auto loans,1.0,13178.408804323146,6945.021439878298,5231.828295316289,10252.802049763408,5229.257236520811,5787.4841908084845,2571.1598124320594,0.527,0.397,0.778
name319,47,bachelor degree,2,0,HighSkilled,Consultant,6243.0,8374.105096436653,-2131.105096436653,0.3413591376640482,4993.999379410251,0.3584494051440511,auto loans,60,1.1412949664979823,63974,house,82734.66195389397,1,0.683220349527774,0.71909547,0.78,Consultant_auto loans,0.8518870617380079,299639.9627646151,173831.65647946598,183276.25455544284,193486.63085379617,71992.2986065805,64820.88211877958,51983.27499148858,0.681,0.718,0.758
name320,35,ausbildung,0,0,MediumSkilled,Teacher,1745.0,1456.2135763509075,288.7864236490925,0.0,790.8475921216392,0.2876457995675308,mortgages,12,0.2877141366604852,0,none,3664.6012552806537,0,0.2123911136418891,0.121305466,0.08,Teacher_mortgages,1.0,9490.17110545967,1983.4457610410711,1053.4089927060236,740.2333462258543,4317.059458712005,3710.3029973847815,3137.985589896807,0.209,0.111,0.078
name321,57,ausbildung,0,0,MediumSkilled,Nursing,3510.0,2807.9323979899505,702.0676020100495,0.0,2377.9254807402103,0.5349814563535902,auto loans,24,0.4774523871026099,29858,car,39385.450668115656,0,0.271608031027254,0.23442727,0.09,Nursing_auto loans,0.5546331233151289,57070.21153776505,9147.725575625816,7280.196824892519,2373.97722550843,14778.623084396651,14605.363374594528,11014.581960051797,0.289,0.23,0.075
name322,57,high school or lower,1,0,LowSkilled,Transportation,2372.0,2714.723519826065,-342.7235198260655,0.1444871500109888,1720.6725231192574,0.3399620745630234,auto loans,36,0.8698971513260214,15835,liquid assets,22878.878958342862,1,0.39008678319111856,0.31839758,0.88,Transportation_auto loans,0.7574331932049986,61944.21083229327,17782.149934870402,14497.847836081673,40772.2646263915,21120.48825414171,21848.541009504042,5393.44555864104,0.379,0.309,0.869
name323,57,bachelor degree,0,0,HighSkilled,Consultant,11211.0,5293.427030627889,5917.572969372111,0.0,4093.9050888706097,0.2769383385938072,mortgages,24,0.0,29845,car,76042.00717822045,0,0.04532471816250688,0.12459149,0.04,Consultant_mortgages,0.7408247360645293,98253.72213289463,2620.3963595925334,8152.344229843438,2984.34029842483,18218.318801007947,28726.76892555522,17033.33628543237,0.036,0.112,0.041
name324,33,ausbildung,1,1,MediumSkilled,Artist,2143.0,1353.88940913071,789.11059086929,0.0,1762.326487207002,0.8787344526724752,simple loans,24,0.4541371424814334,19712,liquid assets,25397.42638485784,0,0.33062089982668885,0.29913142,0.13,Artist_simple loans,0.5583927994172256,42295.835692968045,7841.07311196743,6683.806297249344,2999.4466422285045,10960.64500855492,11032.991890963121,9457.830041201449,0.332,0.283,0.127
name325,49,high school or lower,0,1,LowSkilled,Construction,1803.0,1733.5056279559617,69.4943720440383,0.0,896.815429958724,0.2215562750980394,mortgages,12,0.4588580465417003,5839,liquid assets,9692.205886255106,1,0.27016236674531924,0.22984259,0.66,Construction_mortgages,0.4878349024477266,10761.785159504689,1364.993347497094,1212.7440895070336,3375.733547848583,2450.674777539051,2416.467597170029,1572.6519934547387,0.26,0.231,0.643
name326,59,bachelor degree,1,3,HighSkilled,Finance,4500.0,7855.598110441526,-3355.598110441526,0.7456884689870058,4248.141257430832,0.4763228525689585,simple loans,24,1.6897198595271907,25464,car,28545.375453315,0,0.7778217617557686,0.7156895,0.53,Finance_simple loans,0.7876855078890899,101955.39017833998,61677.14557029585,57179.8537057951,42322.728796283736,16503.439554477824,20612.032777310436,31013.301186427576,0.768,0.712,0.527
name327,30,bachelor degree,1,0,HighSkilled,Consultant,3032.0,2723.439657346895,308.5603426531052,0.0,1585.2392828655184,0.207921934725679,auto loans,60,0.4210682520489489,20273,car,24535.9505623278,0,0.23934946937645848,0.23292467,0.33,Consultant_auto loans,0.8187176903465606,95114.3569719311,18222.002758172708,18299.874564831563,24062.388257587038,36017.48936796257,35903.537050485196,36146.38882518115,0.234,0.235,0.309
name328,52,post graduate degree,0,0,HighSkilled,Engineering,10300.0,8693.035793000234,1606.9642069997662,0.0,9318.374362390816,0.3183701770211408,auto loans,24,0.7486805976107815,0,none,24730.41141038989,0,0.06961035452596767,0.05740096,0.12,Engineering_auto loans,1.0,223640.98469737958,14983.945974724433,15654.868928816571,25718.713240198653,69395.70574403548,63213.33081895883,87098.34255834263,0.067,0.07,0.115
name329,60,ausbildung,1,0,MediumSkilled,Teacher,4164.0,2408.104214831872,1755.895785168128,0.0,3138.028146815941,0.8317649209012141,simple loans,12,0.3319241982823758,19829,liquid assets,30428.85098933233,0,0.5312710729774871,0.6788271,0.18,Teacher_simple loans,0.5005051751291654,37656.33776179129,10497.885902886914,12759.548934029517,3335.9529709353387,7264.40697539447,5378.833623732894,8291.498536758898,0.557,0.677,0.177
name330,56,ausbildung,1,1,MediumSkilled,Teacher,4203.0,4066.642009822048,136.35799017795262,0.0,1204.6091805668875,0.3769906315114557,auto loans,24,0.2541639758241578,0,none,8972.52578093143,1,0.44592760563662204,0.43139434,0.84,Teacher_auto loans,1.0,28910.6203336053,12460.477363783884,12344.834882449462,23735.61929388995,12406.782194966481,12583.55826334572,4373.256962140052,0.431,0.427,0.821
name331,35,post graduate degree,1,0,HighSkilled,Doctor,2716.0,2155.471832943065,560.5281670569352,0.0,919.7479192130816,0.6315514959219781,simple loans,48,0.1322605862136032,43253,car,49292.44041194015,1,0.3500416332845017,0.3171474,0.76,Doctor_simple loans,0.16620696218537942,44147.90012222792,2546.177863064128,2399.4240957405473,5642.682353591685,3379.8926478915373,3417.921520635578,1617.9821993316043,0.347,0.327,0.769
name332,37,ausbildung,0,1,MediumSkilled,Electrician,2363.0,1591.9402026640707,771.0597973359293,0.0,1383.2024050761945,0.6743972883396592,auto loans,24,0.2590531560475096,16821,liquid assets,21130.749217600107,0,0.2578095532322596,0.16721556,0.07,Electrician_auto loans,0.5198714134238076,33196.85772182867,4435.331017684561,2761.295575212178,1208.0668141553278,8035.428300334058,7454.860004904876,5369.192537958934,0.257,0.16,0.07
name333,56,ausbildung,0,1,MediumSkilled,Nursing,4513.0,2848.3057702939336,1664.6942297060664,0.0,1821.29470794604,0.7919564949450286,auto loans,48,0.03469986222911,13581,liquid assets,24032.10457929086,0,0.3667079247676937,0.3785984,0.23,Nursing_auto loans,0.8528403381195026,87422.14598140992,27362.467641415962,30642.981473084357,15209.6550377353,34056.23142246774,33817.85742388451,34320.34174879626,0.367,0.411,0.204
name334,60,ausbildung,2,1,MediumSkilled,Electrician,5158.0,2983.2328424171483,2174.767157582852,0.0,3151.5136705118434,0.8032288049727844,mortgages,12,0.1893653572952678,42258,car,47141.26292003239,0,0.7927891751858466,0.75431925,0.62,Electrician_mortgages,0.049218528663522366,37818.16404614212,1407.1839196767687,1345.759224770243,1124.2580522285296,358.6960064384503,419.23543145051633,611.2616070757439,0.756,0.723,0.604
name335,46,high school or lower,2,0,LowSkilled,Agriculture,1875.0,1367.412894119912,507.5871058800881,0.0,977.842664122326,0.2606756710726243,simple loans,24,0.2508029643958602,0,none,3625.2616328332497,0,0.6338897125848246,0.6675738,0.15,Agriculture_simple loans,1.0,23468.223938935826,14784.98108152957,15254.345560308288,3144.742007817401,7476.528721857907,6897.317199599139,9834.648110195134,0.63,0.65,0.134
name336,46,post graduate degree,0,0,HighSkilled,Consultant,8278.0,6905.398628687643,1372.6013713123566,0.0,7931.716110318,0.6499243924695863,simple loans,24,0.7923550059199859,38858,car,70670.68452331077,1,0.14776480674192946,0.10487769,0.64,Consultant_simple loans,0.8261101000449897,190361.18664763198,25790.525027169948,17613.04148196972,100174.1734287028,65606.60082855621,58233.44525283209,49410.00906772392,0.164,0.112,0.637
name337,34,ausbildung,0,0,MediumSkilled,Artist,1923.0,1409.0331514549987,513.9668485450013,0.0,446.1510739849482,0.4197912436562893,auto loans,36,0.0,23328,car,29439.103536527306,0,0.10060879443353893,0.07215637,0.13,Artist_auto loans,0.0,16061.438663458135,0.0,0.0,0.0,0.0,0.0,0.0,0.101,0.079,0.119
name338,53,bachelor degree,1,1,HighSkilled,Research,9912.0,6251.782018556962,3660.2179814430383,0.0,2640.565233093756,0.684872438562773,auto loans,60,0.0,0,none,25812.140093333004,1,0.17609208196517612,0.41630068,0.66,Research_auto loans,1.0,158433.91398562535,27250.633205527556,63690.433422221395,104883.25105848399,69335.77183676348,69891.78062490653,47459.54761645737,0.172,0.402,0.662
name339,30,ausbildung,0,1,MediumSkilled,IT Support,2583.0,2154.7446711682883,428.2553288317117,0.0,987.6951464638418,0.2425869246079263,auto loans,12,0.2165852952505342,37184,car,42197.41571211069,0,0.08491834901603418,0.11521535,0.06,IT Support_auto loans,0.0,11852.3417575661,0.0,0.0,0.0,0.0,0.0,0.0,0.079,0.108,0.055
name340,41,ausbildung,2,0,MediumSkilled,Teacher,2887.0,3154.007221868273,-267.0072218682735,0.0924860484476181,991.8399829911804,0.8270355971625178,simple loans,24,0.4360399046967281,21981,car,29742.474773807957,1,0.8088725813595531,0.84590644,0.85,Teacher_simple loans,0.21559108335115335,23804.159591788328,4197.947005709748,4321.114155021525,4331.37808413084,917.4479392533127,749.1285667090436,730.2234812380799,0.818,0.842,0.844
name341,57,bachelor degree,0,0,HighSkilled,Research,6971.0,8658.960653567383,-1687.960653567383,0.2421403892651532,5329.910098698349,0.5023290338272195,auto loans,36,1.006723676985473,66260,house,72933.63901881786,1,0.14734549180821113,0.18567452,0.7,Research_auto loans,0.7605007977378453,191876.76355314057,25098.658260917324,28746.719054655307,98935.40872617411,60824.886363538564,64654.0228882881,39259.799264619774,0.172,0.197,0.678
name342,54,high school or lower,0,1,LowSkilled,Transportation,2005.0,1722.0991692618684,282.9008307381316,0.0,404.3213861355936,0.5792499646109857,mortgages,24,0.0605588804974872,24492,car,25885.11944741378,0,0.269542441062731,0.15895422,0.13,Transportation_mortgages,0.0,9703.713267254247,0.0,0.0,0.0,0.0,0.0,0.0,0.269,0.158,0.11
name343,43,bachelor degree,0,1,HighSkilled,Finance,5740.0,4251.990623504549,1488.0093764954509,0.0,4282.509760402937,0.7547131788814938,mortgages,60,0.4868467567783077,19504,liquid assets,32898.80435699043,0,0.250047438799399,0.21434231,0.06,Finance_mortgages,0.9280157041561817,256950.58562417622,57944.36541228125,57467.45705497852,16214.884148292698,110763.04392552214,108636.37457103081,68894.74344861317,0.243,0.241,0.068
name344,33,high school or lower,1,0,LowSkilled,Construction,956.0,1055.8654559048684,-99.86545590486844,0.1044617739590674,518.5662138214267,0.3477956884427393,auto loans,36,0.646895052014953,0,none,1438.44014121059,0,0.5038738320347431,0.34435067,0.31,Construction_auto loans,1.0,18668.38369757136,9390.196999878393,6253.908538686406,5656.520260364122,7482.40798854306,8620.175118168092,8708.276864731648,0.503,0.335,0.303
name345,56,ausbildung,0,1,Unemployed_MediumSkilled,IT Support,2000.0,1498.4134062653775,501.5865937346225,0.0,855.877158852678,0.9623224187971896,mortgages,24,0.1771452825590277,32357,car,43396.15189768585,1,0.46898444443006543,0.5668515,0.74,IT Support_mortgages,0.0,20541.051812464273,0.0,0.0,0.0,0.0,0.0,0.0,0.45,0.566,0.742
name346,50,high school or lower,0,0,LowSkilled,Agriculture,1502.0,3308.9745916614643,-1806.9745916614645,1.2030456668851293,1293.18549987004,0.7516742762388564,auto loans,12,2.0640213658665143,18612,liquid assets,17554.841358324204,1,0.7050550846477578,0.77475953,0.75,Agriculture_auto loans,0.0,15518.22599844048,0.0,0.0,0.0,0.0,0.0,0.0,0.703,0.767,0.754
name347,36,high school or lower,1,0,Unemployed_LowSkilled,Cleaning Services,600.0,408.5358370255248,191.46416297447524,0.0,155.8775033744256,0.4903832744263663,mortgages,12,0.0,0,none,1057.855797772693,1,0.7511988433608576,0.6814172,0.78,Cleaning Services_mortgages,1.0,1870.5300404931072,1423.4733608152546,1253.2551271303819,1436.5670710987063,426.13920651131696,530.1372364774144,380.9312199021495,0.761,0.67,0.768
name348,48,high school or lower,0,1,Unemployed_LowSkilled,Cleaning Services,900.0,941.8552215241814,-41.85522152418139,0.0465058016935348,463.2170702570441,0.9052378676637411,auto loans,36,0.5611914353124727,17019,liquid assets,19084.74084897567,0,0.6621710741483156,0.6325559,0.23,Cleaning Services_auto loans,0.03459808217462316,16675.81452925359,381.3647441332596,353.6710864654889,133.85267872755858,171.896571289799,184.3549109849734,265.5837440470798,0.661,0.613,0.232
name349,49,high school or lower,1,0,Unemployed_LowSkilled,Agriculture,900.0,472.01990361499287,427.98009638500713,0.0,363.1005876790189,0.7058768355868292,mortgages,12,0.0,0,none,1864.406281237547,1,0.7857290375429764,0.7108651,0.47,Agriculture_mortgages,1.0,4357.2070521482265,3333.2633948933935,3097.9742140773888,2017.386865144629,866.0509320966189,1135.0195342291042,1821.773163558195,0.765,0.711,0.463
name350,36,high school or lower,0,0,Unemployed_LowSkilled,Transportation,600.0,470.5672007291299,129.43279927087008,0.0,267.8206048344033,0.7140138360825551,mortgages,24,0.2306463426058888,5072,liquid assets,5071.7048874456,1,0.46608947923063854,0.5599984,0.64,Transportation_mortgages,0.26410194079254123,6427.694516025679,802.9490001463712,965.9153934107508,999.86672534083,712.9316654265774,624.9040754221097,533.3661124550929,0.473,0.569,0.589
name351,59,high school or lower,1,0,LowSkilled,Manufacturing,1419.0,1377.688292766804,41.31170723319588,0.0,972.8410938312254,0.4344256831143287,mortgages,48,0.6564689123312399,0,none,2443.6192858287964,1,0.6608971022302951,0.73618066,0.86,Manufacturing_mortgages,1.0,46696.37250389882,31800.229675155097,35489.243102963104,40298.96947086468,13956.967345607014,11214.087033830974,6221.964243814299,0.681,0.76,0.863
name352,55,ausbildung,0,1,MediumSkilled,Electrician,3144.0,2646.327290638445,497.672709361555,0.0,1188.0812381298467,0.4036049021242684,auto loans,24,0.2195955880306271,15111,liquid assets,21895.39122907616,0,0.22497813720735396,0.12899418,0.24,Electrician_auto loans,0.4972065274318257,28513.949715116323,2736.223130795206,2013.1797128130527,3501.798514541015,6506.701042217323,5662.4766220711235,6559.270546522115,0.193,0.142,0.247
name353,40,high school or lower,1,0,LowSkilled,Agriculture,1054.0,777.990603457827,276.009396542173,0.0,542.5912255400731,0.5092567296434886,simple loans,12,0.2529239364306452,0,none,2027.5083998910304,0,0.4271115247423097,0.46528408,0.22,Agriculture_simple loans,1.0,6511.094706480877,2773.7263449608536,3040.6812279265696,1360.8187936545032,2845.194097302692,2736.963124572636,2978.5379780906915,0.426,0.467,0.209
name354,30,bachelor degree,0,3,HighSkilled,Engineering,2617.0,2097.212987437797,519.787012562203,0.0,526.4999795873814,0.9249134824125104,simple loans,48,0.0025651383359489,58887,house,49691.62071737812,1,0.23536776109717272,0.35759318,0.69,Engineering_simple loans,0.0,25271.999020194307,0.0,0.0,0.0,0.0,0.0,0.0,0.243,0.362,0.671
name355,58,high school or lower,0,0,LowSkilled,Transportation,2557.0,1526.715248515484,1030.284751484516,0.0,582.4743469069014,0.4991691248423784,auto loans,48,0.0,5464,liquid assets,11096.706973788385,0,0.18617351849462882,0.1260094,0.36,Transportation_auto loans,0.8155891375445657,27958.768651531267,4172.924846069808,2827.555633402493,7821.383727879476,10109.331701809811,9034.789534373662,10453.253640916315,0.183,0.124,0.343
name356,57,bachelor degree,0,0,HighSkilled,Engineering,10326.0,12383.25567042217,-2057.2556704221697,0.1992306479200241,4019.144412278801,0.7217686623576103,auto loans,24,0.5884563318517307,34326,car,58902.28644527444,0,0.1591199427855999,0.09304734,0.28,Engineering_auto loans,0.6970822513030765,96459.46589469122,10758.42906325819,5580.935076565186,18760.01067905647,28659.433012900725,23726.79248159509,31420.4662262768,0.16,0.083,0.279
name357,43,ausbildung,0,2,MediumSkilled,Nursing,2491.0,2907.970327995325,-416.9703279953251,0.1673907378544059,642.5114385562324,0.9792155716650344,simple loans,36,0.4253238725618456,32375,car,37609.031957055726,0,0.5776674472001526,0.60692555,0.19,Nursing_simple loans,0.0,23130.411788024365,0.0,0.0,0.0,0.0,0.0,0.0,0.569,0.624,0.174
name358,55,high school or lower,1,0,LowSkilled,Transportation,1128.0,2064.1801410545863,-936.1801410545864,0.8299469335590305,883.1020525526687,0.3955108902851636,mortgages,12,1.612838824119907,0,none,1210.3880681622038,0,0.6736569773503434,0.72789884,0.42,Transportation_mortgages,1.0,10597.224630632025,7195.515524199145,7725.376755730746,4185.90372909965,3065.953624504351,2616.1012289425908,4660.073298338266,0.679,0.729,0.395
name359,51,bachelor degree,1,0,HighSkilled,Engineering,4176.0,4899.821486860236,-723.8214868602363,0.1733289001102098,3295.0112587125464,0.2267803084716416,auto loans,60,0.9623641632118732,37630,car,48257.66728065212,1,0.3242220160336811,0.34969565,0.76,Engineering_auto loans,0.8378122627171749,197700.67552275278,50187.72324103074,55156.804750043695,124227.03772532364,77016.58114238377,76307.26589426762,36523.243776465526,0.303,0.333,0.75
name360,40,ausbildung,0,1,MediumSkilled,Artist,2806.0,2680.791176310415,125.2088236895852,0.0,2104.306037354132,0.8244191083544281,simple loans,36,0.7053090569011213,47618,car,43348.26914914821,0,0.18586837506425022,0.15789232,0.16,Artist_simple loans,0.4655153503290162,75755.01734474875,5889.275614216376,5642.4197501474255,5395.563886078476,15628.594903854937,14998.430613720377,15053.835596419643,0.167,0.16,0.153
name361,56,high school or lower,1,0,LowSkilled,Manufacturing,2381.0,2942.800291176389,-561.8002911763892,0.2359514032660181,932.8959258658552,0.2376358209996722,mortgages,24,0.6277598559606234,9996,liquid assets,12561.423647927504,0,0.6634936659128217,0.61213,0.25,Manufacturing_mortgages,0.5777157373326165,22389.502220780527,8666.29441527228,7838.469277097017,2962.061822533361,3841.0244722075663,4318.38856021677,6008.1601362949505,0.67,0.606,0.229
name362,42,high school or lower,0,0,LowSkilled,Agriculture,1049.0,2552.617417079703,-1503.617417079703,1.4333817131360371,1039.6059820140165,0.5272776046200912,simple loans,24,2.424426500565986,6028,liquid assets,5848.46560955256,1,0.7232596509278457,0.79806054,0.88,Agriculture_simple loans,0.7741634892612813,24950.543568336398,13830.11270536551,15414.008294527484,17113.79868289643,4840.604397618562,3634.476425989309,2220.4139056822464,0.716,0.798,0.886
name363,56,bachelor degree,1,0,HighSkilled,Research,10407.0,11733.623379965991,-1326.623379965993,0.1274741404790999,8811.823351511566,0.2047495888929602,auto loans,36,0.974194939125354,28164,car,51288.60720374397,0,0.21930566483307803,0.19299789,0.14,Research_auto loans,0.9242986323735931,317225.6406544164,65386.103355789215,54830.49922660351,42808.838968364245,134066.78032891822,131001.45602932878,120300.74205735669,0.223,0.187,0.146
name364,59,bachelor degree,0,1,HighSkilled,Finance,13754.0,11401.564431961862,2352.4355680381377,0.0,11741.46513357247,0.6777139054252803,auto loans,24,0.682639927696258,41574,car,76344.95036882246,0,0.1311527946152045,0.15818584,0.17,Finance_auto loans,0.874321986612593,281795.1632057393,30551.083657070867,39667.13281280976,38681.61398516231,98957.41951235292,104840.9952632384,106881.82696031428,0.124,0.161,0.157
name365,45,ausbildung,1,0,Unemployed_MediumSkilled,IT Support,1300.0,1249.4586290124878,50.54137098751221,0.0,798.061950496429,0.9391009399852666,simple loans,48,0.5750158303914744,22109,car,21065.66561551252,1,0.6403510772631642,0.73614466,0.84,IT Support_simple loans,0.5108160240109411,38306.97362382859,12582.10566126156,13717.038986849693,16084.744717818043,6143.144310944394,4699.765324280989,2959.987934764139,0.643,0.701,0.822
name366,37,high school or lower,0,0,LowSkilled,Transportation,1003.0,1218.0201279111875,-215.0201279111875,0.2143769969204262,308.5060503449843,0.6964851440267261,auto loans,12,0.5219602973640796,16817,liquid assets,19647.25623569036,1,0.22984896413358563,0.12816796,0.2,Transportation_auto loans,0.0,3702.072604139812,0.0,0.0,0.0,0.0,0.0,0.0,0.252,0.13,0.2
name367,51,bachelor degree,0,1,HighSkilled,Finance,8834.0,11155.256698136936,-2321.2566981369346,0.262763945906377,8548.738191082248,0.6208114607126067,auto loans,36,1.2304725933007905,25453,car,44491.91942505333,1,0.2936532352007167,0.19031587,0.31,Finance_auto loans,0.9296281616600497,307754.5748789609,82109.93075022598,51497.517543695736,80393.34683210279,133701.89619200653,127446.68061028367,133456.36721715133,0.287,0.18,0.281
name368,40,high school or lower,0,0,LowSkilled,Agriculture,1066.0,966.0824832489858,99.9175167510142,0.0,936.5931443464956,0.4683926819545237,auto loans,60,0.7848739470876936,18176,liquid assets,20929.83865206568,0,0.2537468741505725,0.3244739,0.2,Agriculture_auto loans,0.6934672986488307,56195.588660789734,9703.480963080101,12899.004814375556,7599.111597592851,18123.406417980186,18118.707520925745,17535.98357132594,0.249,0.331,0.195
name369,39,ausbildung,1,0,MediumSkilled,Nursing,2273.0,1420.9480698403406,852.0519301596594,0.0,1756.4623455016078,0.348259057536582,simple loans,24,0.3978928356101841,0,none,5211.435762775538,0,0.4306349256853635,0.25711298,0.1,Nursing_simple loans,1.0,42155.09629203859,17578.67515378009,10918.169939637994,3288.0975107790096,18361.280433691194,19623.872352924325,15319.012231457233,0.417,0.259,0.078
name370,59,high school or lower,0,0,LowSkilled,Transportation,2268.0,1638.2314419681743,629.7685580318255,0.0,1718.0085553758618,0.7736649302697183,mortgages,24,0.4798236319859066,5038,liquid assets,8912.025074680003,0,0.24467487599042692,0.14824869,0.09,Transportation_mortgages,0.8850521992802001,41232.20532902068,8648.758999806541,6167.25852728821,3320.8315146936507,16917.21816133269,15239.23895217757,12698.668426168852,0.237,0.169,0.091
name371,51,ausbildung,1,0,MediumSkilled,Artist,5218.0,4670.759189721887,547.2408102781128,0.0,2628.2081242008444,0.756020441377043,simple loans,12,0.3988055411887182,0,none,12923.597886005742,0,0.23500975774112165,0.13341792,0.11,Artist_simple loans,1.0,31538.497490410133,7348.469915265561,4100.004673753318,3500.7732214355246,14556.832347043262,12739.69432660029,11894.951044485191,0.233,0.13,0.111
name372,32,bachelor degree,0,0,HighSkilled,Doctor,1701.0,1499.2046638799,201.79533612010005,0.0,1057.7831323307933,0.2259223055581226,auto loans,48,0.5032262176429707,61496,house,61309.53617449569,0,0.06824560359994138,0.09402862,0.05,Doctor_auto loans,0.1592799784799133,50773.590351878076,549.930713744465,841.0705033738876,428.6224680655389,2486.203742907164,2866.1405273555015,2131.0292945229576,0.068,0.104,0.053
name373,38,ausbildung,0,3,MediumSkilled,Teacher,2984.0,3041.876728372874,-57.87672837287391,0.0193956864520354,1088.9265292291766,0.4080826254216844,auto loans,36,0.3843174455770947,43059,car,61621.26223912842,0,0.3459011429578518,0.32141784,0.09,Teacher_auto loans,0.06379540454969637,39201.35505225036,885.3066717769267,785.272019598743,180.06237392073086,1154.0338313211857,1163.7102033949138,870.2483511287955,0.354,0.314,0.072
name374,49,high school or lower,0,1,Unemployed_LowSkilled,Construction,900.0,849.1611761232004,50.83882387679955,0.0,491.7150063385568,0.6991280004234526,auto loans,24,0.489862424957508,17895,liquid assets,20298.39297006525,1,0.6221455162695068,0.6313039,0.52,Construction_auto loans,0.0,11801.160152125363,0.0,0.0,0.0,0.0,0.0,0.0,0.62,0.639,0.494
name375,60,bachelor degree,0,0,HighSkilled,Consultant,7755.0,15291.360193513625,-7536.360193513623,0.9718066013557218,2223.455624589741,0.276239772889551,mortgages,24,1.2585191254807693,33481,car,46389.560988019664,1,0.5954058434739421,0.7406073,0.67,Consultant_mortgages,0.4655590778284132,53362.934990153786,14061.476923196195,18135.8271270905,16272.557216772982,8576.57419546,5876.358169757236,7256.235023255375,0.566,0.73,0.655
name376,41,bachelor degree,0,0,HighSkilled,Research,6180.0,5845.196787924144,334.8032120758562,0.0,2014.577079744033,0.5036835906387581,mortgages,24,0.2718080692019703,45337,car,65950.99294375046,0,0.1035885767602291,0.2038394,0.21,Research_mortgages,0.2008271905778687,48349.84991385679,1048.6761684906385,2126.4822305504613,1844.8932593816787,3578.256674410869,4385.138185437739,4408.557111800382,0.108,0.219,0.19
name377,30,ausbildung,0,0,MediumSkilled,Electrician,1945.0,1377.1119668674396,567.8880331325604,0.0,1820.5528862727197,0.8458213354366568,auto loans,24,0.6440436262931409,19383,liquid assets,22019.86681738582,0,0.24879530834876895,0.18482071,0.08,Electrician_auto loans,0.5798600842455399,43693.26927054527,6486.01159684645,4889.844680435019,1950.870675613971,11763.52326643386,11214.05972897964,8377.504267241748,0.256,0.193,0.077
name378,52,high school or lower,2,1,LowSkilled,Agriculture,2033.0,2141.2138807042847,-108.21388070428476,0.0532286673410156,578.1566288849612,0.7155345949004948,auto loans,12,0.3376146136690831,9106,liquid assets,12659.172929234335,1,0.7570238467632348,0.89720446,0.76,Agriculture_auto loans,0.0,6937.879546619533,0.0,0.0,0.0,0.0,0.0,0.0,0.75,0.904,0.752
name379,59,ausbildung,1,4,MediumSkilled,Teacher,3374.0,4601.776418521941,-1227.7764185219412,0.3638934257622825,1087.2154615526456,0.8492650383319511,auto loans,60,0.686126816856724,48571,car,52721.991012802406,0,0.8892880559036489,0.61068213,0.31,Teacher_auto loans,0.36712284058186484,65232.92769315874,21386.008458766162,14009.87116279754,7184.549314255149,2547.451174112416,8019.299941667067,11171.301809949238,0.893,0.585,0.3
name380,39,ausbildung,0,0,MediumSkilled,Teacher,1993.0,1829.563834829213,163.43616517078704,0.0,528.0325837412314,0.6777869600804474,auto loans,60,0.1829384940142721,36895,car,39857.62435814366,0,0.37371109909447475,0.3772576,0.15,Teacher_auto loans,0.009802915247241778,31681.955024473886,120.81387726904705,118.95042414921599,45.65460143586096,141.29380239134906,140.98948123561138,130.1504944946619,0.389,0.383,0.147
name381,45,high school or lower,2,0,LowSkilled,Transportation,1263.0,1343.4383433824926,-80.43834338249258,0.0636883162173337,597.7793360950352,0.9758988989637648,simple loans,36,0.5369894532680347,0,none,1919.041155110116,1,0.7558134254391919,0.89994466,0.93,Transportation_simple loans,1.0,21520.05609942127,16161.562130665372,19518.69088217509,19841.49172366641,4820.283197522585,2075.817847469779,1466.1074746795337,0.751,0.907,0.922
name382,42,bachelor degree,0,0,HighSkilled,Engineering,5914.0,6628.271994568147,-714.2719945681474,0.1207764617125714,5881.32458837012,0.9492528503871168,mortgages,24,1.11525136674641,58697,house,70140.70247406531,0,0.19332063703549934,0.17493884,0.16,Engineering_mortgages,0.712043122733136,141151.79012088288,19900.21996057504,17086.047440897764,15276.936535390942,44919.90949211458,43914.24376645478,42903.67033710709,0.198,0.17,0.152
name383,50,high school or lower,1,1,LowSkilled,Transportation,1859.0,1158.6619473724834,700.3380526275166,0.0,838.3561950016034,0.7302606660911961,auto loans,24,0.0742432180602941,6527,liquid assets,9986.475164518894,0,0.43661094305790404,0.35554805,0.25,Transportation_auto loans,0.6943813129812523,20120.548680038482,6259.157188636049,4778.195889539127,3339.148589473249,6051.151106223059,6418.953183298472,6489.6415185424175,0.448,0.342,0.239
name384,51,high school or lower,0,4,LowSkilled,Cleaning Services,2099.0,1365.6487850563271,733.3512149436729,0.0,1323.1924677065515,0.2063587075549365,mortgages,12,0.2810106016021338,0,none,4379.584855251535,0,0.31117903686985976,0.1309101,0.18,Cleaning Services_mortgages,1.0,15878.309612478617,4763.492883743585,2143.5717976846136,2604.0427764464935,7405.224640674454,6373.499145467708,6985.389729869272,0.3,0.135,0.164
name385,41,high school or lower,0,0,LowSkilled,Transportation,1625.0,928.0474160674864,696.9525839325137,0.0,751.8440670884132,0.8418595324633681,auto loans,48,0.0337793742497843,6024,liquid assets,8137.332849212767,0,0.24600135705542606,0.18160862,0.24,Transportation_auto loans,0.8432494826219088,36088.51522024383,7760.0635559561915,5051.6492168185405,6603.6619280097775,14114.79965043484,13415.673528108546,14079.474359582515,0.255,0.166,0.217
name386,47,ausbildung,0,1,MediumSkilled,IT Support,2427.0,2988.176923448955,-561.1769234489552,0.2312224653683375,1202.4035079817406,0.810076731122389,mortgages,48,0.7266503631770481,12552,liquid assets,15495.995304294742,0,0.3204693529865885,0.2838173,0.23,IT Support_mortgages,0.7945320036864858,57715.368383123554,15912.277427876541,13344.301819919521,10088.475602688297,21343.306681742368,21432.133962636748,21108.884045312225,0.347,0.291,0.22
name387,32,high school or lower,0,2,LowSkilled,Cleaning Services,705.0,707.9194542619024,-2.919454261902388,0.0041410698750388,201.8623900039532,0.2824244587989513,auto loans,48,0.29047070108632,21688,car,23925.96983757685,0,0.2920762716864375,0.2335767,0.15,Cleaning Services_auto loans,0.0,9689.394720189754,0.0,0.0,0.0,0.0,0.0,0.0,0.286,0.249,0.173
name388,51,bachelor degree,0,0,HighSkilled,Engineering,9756.0,5689.517843196586,4066.482156803414,0.0,3464.7760102434186,0.7592010083186547,auto loans,12,0.0,79657,house,87071.63092759928,0,0.056918211852597496,0.08002629,0.16,Engineering_auto loans,0.0,41577.31212292102,0.0,0.0,0.0,0.0,0.0,0.0,0.059,0.08,0.152
name389,54,high school or lower,2,1,LowSkilled,Agriculture,1949.0,2701.8526085431317,-752.8526085431313,0.3862763512278765,1471.9979630149749,0.2255193569024354,mortgages,36,1.141534413318679,19066,liquid assets,22303.37638003592,0,0.8440323736607164,0.9226373,0.75,Agriculture_mortgages,0.6585507621227459,52991.9266685391,29907.477755688655,32036.24805101772,25615.03929133661,5152.871233646738,2621.4840306062188,7984.937810608886,0.857,0.918,0.734
name390,39,high school or lower,0,0,LowSkilled,Transportation,1065.0,1089.450129536458,-24.450129536458007,0.0229578681093502,340.3378600204336,0.5174363003930653,auto loans,48,0.3425239338562362,0,none,1579.6123373864775,0,0.19281732324812365,0.1641476,0.1,Transportation_auto loans,1.0,16336.217280980813,3120.217500667335,2613.79476495693,1568.2768589741581,7297.303691429401,7022.193261629818,5936.523323524022,0.191,0.16,0.096
name391,43,high school or lower,1,4,LowSkilled,Manufacturing,891.0,1807.0883399023555,-916.0883399023556,1.0281575083079186,203.04890199768244,0.5726037243561783,auto loans,48,1.2560462872054297,0,none,687.1504423284708,1,0.9405321658207062,0.87688965,0.77,Manufacturing_auto loans,1.0,9746.347295888758,9073.849332472433,8752.219871708105,7494.941070538455,565.972756552077,1148.2621578082073,2067.3536703568034,0.931,0.898,0.769
name392,51,ausbildung,0,1,MediumSkilled,Electrician,4230.0,1654.8322776381092,2575.167722361891,0.0,1483.4148324525534,0.7142143405292071,auto loans,12,0.0,24493,car,34354.31084188762,0,0.2150351831704543,0.21885276,0.65,Electrician_auto loans,0.0,17800.97798943064,0.0,0.0,0.0,0.0,0.0,0.0,0.226,0.221,0.661
name393,44,ausbildung,1,3,MediumSkilled,Electrician,2763.0,2451.507056354649,311.4929436453508,0.0,1772.0913907180263,0.7527312125657639,auto loans,36,0.5286277405257602,13850,liquid assets,20868.4822666841,1,0.6048408028338318,0.6733142,0.84,Electrician_auto loans,0.7944057248321971,63795.290065848945,31573.23109123434,32941.57336966664,41861.137851299456,17172.867651275228,14675.517656496613,7666.17214980211,0.623,0.65,0.826
name394,42,high school or lower,2,0,LowSkilled,Agriculture,1461.0,1131.631357295311,329.3686427046887,0.0,631.4329844004757,0.4387290640226198,simple loans,24,0.2067517739190876,0,none,2580.9508696525672,1,0.6803980751980384,0.75596964,0.72,Agriculture_simple loans,1.0,15154.391625611417,9971.589689652314,11350.63932758295,11320.330544331728,4306.785952471975,3392.468234807028,3837.3570025405315,0.658,0.749,0.747
name395,52,high school or lower,1,0,LowSkilled,Manufacturing,1643.0,2075.344544472084,-432.3445444720837,0.2631433624297527,796.7308235142891,0.9022935133802794,auto loans,12,0.7480677833148952,0,none,2099.425593319881,1,0.7252574654336431,0.84323955,0.85,Manufacturing_auto loans,1.0,9560.76988217147,6711.660457284371,8126.654399845749,7954.560541966662,2380.5983745091185,1418.5015755766465,1360.3949505729813,0.702,0.85,0.832
name396,49,high school or lower,0,0,LowSkilled,Agriculture,2508.0,1658.632511367428,849.3674886325721,0.0,2280.934504549445,0.5012402462759257,simple loans,60,0.5708002455808904,15674,liquid assets,20620.928160983647,0,0.2812215804152434,0.31101656,0.15,Agriculture_simple loans,0.8914808736966041,136856.0702729667,34893.30676192166,37333.39814387423,17568.65795005846,57015.23161549197,56901.39918166471,51127.51642532559,0.286,0.306,0.144
name397,37,bachelor degree,0,0,HighSkilled,Finance,3757.0,2936.450478841628,820.549521158372,0.0,1228.4951721290197,0.3492488304994636,auto loans,24,0.1085828189967121,74238,house,84164.99137628777,0,0.10325771436094248,0.14174408,0.05,Finance_auto loans,0.0,29483.88413109647,0.0,0.0,0.0,0.0,0.0,0.0,0.114,0.147,0.045
name398,41,ausbildung,0,0,MediumSkilled,Electrician,1475.0,1729.1963268877605,-254.19632688776028,0.1723364928052612,386.8563917334061,0.5714333344500983,auto loans,24,0.4346120126245196,33013,car,34780.85378296264,0,0.3126497504713269,0.2337087,0.17,Electrician_auto loans,0.0,9284.553401601746,0.0,0.0,0.0,0.0,0.0,0.0,0.304,0.219,0.179
name399,42,post graduate degree,1,1,Unemployed_HighSkilled,Engineering,3000.0,2507.297271729376,492.7027282706245,0.0,2231.362909843401,0.6435930110870213,simple loans,12,0.5795533938575923,10105,liquid assets,19579.99412840986,1,0.3320838720568838,0.4521956,0.78,Engineering_simple loans,0.642430800681893,26776.354918120815,5814.2608337341235,7792.485673614076,13073.485898337083,7979.384841131692,7334.490583761567,3503.1577201580153,0.338,0.453,0.76
name400,51,high school or lower,0,0,LowSkilled,Transportation,1802.0,2661.5032376720906,-859.5032376720906,0.4769718300067095,1399.6013244493142,0.2484099054809082,auto loans,12,1.25366512881321,0,none,2081.0250210860486,0,0.21123714889302442,0.26181594,0.37,Transportation_auto loans,1.0,16795.21589339177,3560.585769399055,4299.575268708293,6214.229880554955,7633.097422002703,7827.640018328163,7657.47965370448,0.212,0.256,0.37
name401,46,ausbildung,1,0,MediumSkilled,IT Support,2885.0,2046.2037562470707,838.7962437529293,0.0,2128.019141086864,0.3367001835616093,auto loans,48,0.4468710216062163,32367,car,40425.88602201411,0,0.25886809404314953,0.27208552,0.16,IT Support_auto loans,0.7301301907257955,102144.91877216946,19315.9840574219,20434.67039279383,10888.546997620066,34733.86420510256,34822.8065615929,31836.024821249404,0.259,0.274,0.146
name402,47,high school or lower,1,1,LowSkilled,Transportation,1901.0,1413.590787520332,487.409212479668,0.0,471.3780128265608,0.2874723092926557,auto loans,24,0.0,17882,liquid assets,22795.13622356334,0,0.34316940803228363,0.22642751,0.14,Transportation_auto loans,0.0,11313.07230783746,0.0,0.0,0.0,0.0,0.0,0.0,0.332,0.242,0.142
name403,45,ausbildung,0,0,Unemployed_MediumSkilled,Artist,1300.0,1711.5811688713611,-411.5811688713611,0.3166008991318162,526.2510557530703,0.5384528314307864,auto loans,48,0.7214094035572549,33715,car,37560.261129800936,1,0.39638047954774425,0.5217505,0.85,Artist_auto loans,0.0,25260.050676147373,0.0,0.0,0.0,0.0,0.0,0.0,0.403,0.495,0.845
name404,39,high school or lower,0,1,LowSkilled,Agriculture,1262.0,1544.924434968177,-282.9244349681769,0.2241873494201084,1189.6061591128089,0.4846825669934924,auto loans,24,1.1668229747075956,9703,liquid assets,11259.506722586511,0,0.2710646187175436,0.3269638,0.12,Agriculture_auto loans,0.6791773495575559,28550.54781870741,5565.18410863075,5953.001816549269,2462.6424452825972,9052.809509290213,9009.198243882181,7551.89832941078,0.287,0.307,0.127
name405,43,ausbildung,0,1,MediumSkilled,Nursing,3190.0,2099.2535731499383,1090.7464268500617,0.0,913.1731640508348,0.6623337713107832,auto loans,12,0.0,33329,car,48692.30339753754,0,0.29321236256199806,0.41601872,0.52,Nursing_auto loans,0.0,10958.077968610018,0.0,0.0,0.0,0.0,0.0,0.0,0.295,0.411,0.494
name406,33,bachelor degree,0,0,HighSkilled,Doctor,2536.0,3557.929253633266,-1021.929253633266,0.4029689485935591,1521.366157787558,0.7122424849160132,auto loans,24,1.0028767395192524,32958,car,36653.64665057753,0,0.18680025868491623,0.09036011,0.27,Doctor_auto loans,0.23256890655325055,36512.78778690139,1443.5956522377915,832.1904348194327,2275.786087057224,3767.496311777813,2959.9260446461403,3963.825228089512,0.17,0.098,0.268
name407,58,high school or lower,0,1,LowSkilled,Manufacturing,2177.0,1977.6316429702367,199.36835702976327,0.0,916.982701892118,0.4678872533863358,auto loans,12,0.3296345176216604,0,none,3354.894283718503,1,0.31650593751491113,0.4795423,0.61,Manufacturing_auto loans,1.0,11003.792422705417,3554.22495253385,5127.767268980725,6910.381641459002,5126.343190324596,4549.340303712645,3689.846335893665,0.323,0.466,0.628
name408,38,bachelor degree,1,0,HighSkilled,Finance,3438.0,3469.060402135895,-31.060402135894947,0.0090344392483696,3094.202459444077,0.7850888768318356,simple loans,12,0.9090351546189565,70908,house,77585.45626712752,0,0.32994593461980465,0.23293059,0.08,Finance_simple loans,0.0,37130.42951332892,0.0,0.0,0.0,0.0,0.0,0.0,0.333,0.219,0.068
name409,48,high school or lower,1,0,Unemployed_LowSkilled,Agriculture,900.0,895.7722256864424,4.227774313557575,0.0,805.2856548584755,0.2213068819783962,simple loans,24,0.8900643117165754,16862,liquid assets,18974.10523519951,0,0.6271696726989227,0.60177255,0.26,Agriculture_simple loans,0.17224054312904727,19326.85571660341,2100.515787256442,2003.9786116139112,845.5325039035439,1076.4128666473287,1134.9330319216865,1550.7994371864763,0.631,0.602,0.254
name410,37,bachelor degree,1,1,HighSkilled,Finance,3929.0,3723.032305496381,205.96769450361944,0.0,1504.305021673247,0.8916631110486147,mortgages,48,0.330449816026884,54101,house,65789.63555084207,1,0.4871059564316188,0.5514014,0.38,Finance_mortgages,0.4812562452282724,72206.64104031585,17513.948061594474,19042.94352728923,13343.960427881504,14234.129070088511,12976.437114595503,15748.034235308016,0.504,0.548,0.384
name411,40,high school or lower,0,2,LowSkilled,Manufacturing,1328.0,1097.4372267555314,230.56277324446864,0.0,808.9097251006268,0.2338490601968745,auto loans,24,0.4355022227832516,23081,car,29804.774158713102,0,0.3079145635437172,0.254184,0.11,Manufacturing_auto loans,0.0,19413.833402415043,0.0,0.0,0.0,0.0,0.0,0.0,0.323,0.247,0.1
name412,46,high school or lower,0,1,LowSkilled,Transportation,2282.0,1405.3828726728166,876.6171273271834,0.0,2280.062478547974,0.8603845736939698,simple loans,60,0.6150067270906181,12215,liquid assets,15940.642448685216,1,0.29738174662377614,0.3253715,0.68,Transportation_simple loans,0.9156456849760382,136803.74871287844,39708.6126166054,40460.195189790364,83550.92938572809,58525.62876487341,58225.69483461593,35637.24991353958,0.317,0.323,0.667
name413,44,high school or lower,0,0,LowSkilled,Manufacturing,1150.0,1565.957001281135,-415.95700128113504,0.3617017402444653,380.820300802344,0.7267173030097207,mortgages,48,0.6928498278986774,21418,car,21864.871387218056,1,0.6482512940210965,0.61471856,0.77,Manufacturing_mortgages,0.00615285367924606,18279.37443851251,71.53112114665029,70.40641798396712,86.4896732103366,34.664058236449755,37.348038270930765,23.856724379355807,0.636,0.626,0.769
name414,54,ausbildung,1,0,MediumSkilled,IT Support,1750.0,4232.071242018994,-2482.071242018994,1.4183264240108535,457.6794310084329,0.3384063506341308,auto loans,48,1.6798575274442438,23051,car,24365.479651422484,1,0.8269508859895619,0.73208636,0.87,IT Support_auto loans,0.10895317419639132,21968.61268840478,1998.6143210525036,1749.6851122028504,2056.059523094731,389.86472220185107,582.7755111354751,297.1127845114571,0.835,0.731,0.859
name415,59,bachelor degree,0,0,HighSkilled,Consultant,8685.0,12909.550032842644,-4224.550032842644,0.4864191171954685,6875.338271226068,0.781063138783229,simple loans,36,1.278052769610675,52905,house,65879.08407577303,0,0.38329764384833,0.5088501,0.31,Consultant_simple loans,0.85197633262064,247512.17776413844,81397.5637513093,101219.76839541052,61786.2336246985,95361.52460493876,83949.6981174082,98367.04193423738,0.386,0.48,0.293
name416,56,high school or lower,0,0,LowSkilled,Manufacturing,2696.0,1129.810536692261,1566.189463307739,0.0,2275.3248319999966,0.9546796889128142,mortgages,24,0.263032406784962,0,none,5556.608740690254,0,0.4690731698463846,0.37030694,0.19,Manufacturing_mortgages,1.0,54607.79596799992,25884.09528883196,21624.68720332797,9884.011070207986,22856.133520895197,24893.054085569223,24317.28706703099,0.474,0.396,0.181
name417,59,bachelor degree,1,1,HighSkilled,Research,6248.0,11050.235291225712,-4802.235291225712,0.7686035997480333,1455.5850235736707,0.7691601165613042,simple loans,12,1.0015717533289663,63509,house,77975.26604751227,1,0.6736810176231491,0.4762,0.53,Research_simple loans,0.0,17467.02028288405,0.0,0.0,0.0,0.0,0.0,0.0,0.688,0.472,0.554
name418,57,high school or lower,1,1,LowSkilled,Transportation,2281.0,2065.3892087254394,215.6107912745606,0.0,1864.5862091914985,0.6413424915445924,auto loans,12,0.7229177632253125,21807,car,24850.74554991945,1,0.387096047648919,0.3363255,0.79,Transportation_auto loans,0.171812187546757,22375.03451029798,1445.4581632438274,1187.8898203253793,3002.401131631461,1734.0750664652057,1780.6281436937704,750.0388807039964,0.376,0.309,0.781
name419,45,high school or lower,1,0,LowSkilled,Agriculture,1707.0,1131.2081863136684,575.7918136863316,0.0,669.9152779561603,0.2811217830344923,simple loans,48,0.0551396978733618,0,none,2892.629040255686,0,0.4562371376716328,0.3595702,0.18,Agriculture_simple loans,1.0,32155.933341895692,14856.04120395581,11447.512269714865,5788.0680015412245,13651.823377031566,14744.111142665977,14146.450850430007,0.462,0.356,0.18
name420,58,bachelor degree,0,0,HighSkilled,Finance,8967.0,8887.434966530598,79.5650334694019,0.0,3431.6754723413555,0.7701325602001752,auto loans,60,0.3738274159553868,59303,house,78570.40206180417,0,0.16674537733614883,0.12346125,0.03,Finance_auto loans,0.8004823953083193,205900.52834048134,24722.96221818555,20767.28826327586,4450.133199273399,71143.61238189762,64840.59511538876,32813.8238540711,0.15,0.126,0.027
name421,39,ausbildung,0,0,Unemployed_MediumSkilled,IT Support,1150.0,916.9599972786208,233.0400027213791,0.0,685.9639703099402,0.6482564919422972,simple loans,24,0.3938469283378792,32246,car,40591.65213710959,0,0.2868350702688444,0.16559292,0.2,IT Support_simple loans,0.0,16463.135287438567,0.0,0.0,0.0,0.0,0.0,0.0,0.286,0.156,0.218
name422,60,bachelor degree,1,0,HighSkilled,Consultant,7020.0,5100.819071532368,1919.180928467632,0.0,5519.498408595755,0.8072773287272257,mortgages,48,0.512865737909989,44070,car,52506.54451432946,1,0.4365280378519994,0.41829047,0.59,Consultant_mortgages,0.8585177980170843,264935.92361259623,98259.3528863797,88251.45583313733,134879.15801301657,98520.12004139191,100168.56932701152,79340.4614609297,0.432,0.388,0.593
name423,32,post graduate degree,0,2,HighSkilled,Engineering,3040.0,2413.694960158625,626.3050398413752,0.0,3010.4090444060166,0.258123745577254,simple loans,36,0.7842447383436321,70795,house,69187.06453139213,0,0.12150457607253466,0.12651445,0.06,Engineering_simple loans,0.5464430425218001,108374.7255986166,7224.915004205939,8113.224226034538,3494.0162725258224,23166.546621929694,23496.389558201052,17110.159636552788,0.122,0.137,0.059
name424,33,high school or lower,0,1,LowSkilled,Manufacturing,807.0,618.071186449173,188.92881355082704,0.0,413.3367942774252,0.2939731726735104,simple loans,36,0.2780768038743471,6905,liquid assets,8612.513944079028,0,0.3231991162287847,0.22023141,0.24,Manufacturing_simple loans,0.5628610022003081,14880.124593987308,2571.2606454440047,1783.9691123113125,1901.225298097033,3895.457123418746,3832.0023286288697,3874.9764795175774,0.307,0.213,0.227
name425,59,ausbildung,0,1,Unemployed_MediumSkilled,Electrician,2000.0,2545.5515406199856,-545.5515406199856,0.2727757703099928,1704.002033134575,0.3286212135168144,auto loans,36,1.1247767868772802,14395,liquid assets,16086.7043305994,0,0.5362780289483376,0.5180932,0.25,Electrician_auto loans,0.7777759154123934,61344.0731928447,26003.008762065863,25430.465449873587,12071.121498720482,18250.018837783755,18749.630868287375,22162.051676426203,0.545,0.533,0.253
name426,44,bachelor degree,1,0,HighSkilled,Research,7106.0,4041.239860570683,3064.760139429317,0.0,6938.493893286278,0.6559483254221309,auto loans,48,0.5451356253668675,44474,car,61441.63548046985,0,0.23068282821235342,0.19831379,0.11,Research_auto loans,0.8863184111715804,333047.7068777413,61989.12602488576,60513.19445286466,37783.84824373989,135932.9334054626,132611.33798129618,111331.45324718906,0.21,0.205,0.128
name427,46,high school or lower,0,0,LowSkilled,Agriculture,1723.0,1245.8876287727603,477.1123712272397,0.0,392.61595481086215,0.8465170881466515,auto loans,60,0.0,24376,car,27871.46141925657,0,0.3859077883735045,0.3893597,0.15,Agriculture_auto loans,0.12173722064919967,23556.957288651727,1055.3351306762313,1164.3099539525813,455.9736026563065,1294.6147388924644,1291.5768848490266,1201.7695014939043,0.368,0.406,0.159
name428,56,high school or lower,1,1,LowSkilled,Transportation,1612.0,2950.0256419465204,-1338.0256419465204,0.8300407208104965,1179.6751040299398,0.7299310075652068,auto loans,36,1.5618490980002853,10439,liquid assets,11201.004548549983,1,0.7760176600888109,0.88333064,0.95,Transportation_auto loans,0.7683657959044398,42468.303745077836,25452.329766082625,27801.775590644094,30836.47644736933,6755.637759729366,3650.8552903265168,1598.040644572827,0.78,0.852,0.945
name429,32,bachelor degree,2,1,HighSkilled,Engineering,2768.0,2560.334079772025,207.6659202279752,0.0,872.7645873609528,0.826008429498925,mortgages,48,0.2402813103804109,18828,liquid assets,25282.14425806663,1,0.675158576505059,0.7230756,0.39,Engineering_mortgages,0.5742275455900127,41892.700193325734,15852.866048289961,17969.78898038331,8948.810576576427,6932.428913938725,6032.056283995987,10829.476364738426,0.659,0.747,0.372
name430,44,post graduate degree,1,0,HighSkilled,Finance,4708.0,4525.459824341502,182.5401756584979,0.0,2521.4292181338133,0.2753297761402482,simple loans,60,0.4967903658613669,60563,house,75074.72500049253,1,0.34278565322689314,0.42831331,0.71,Finance_simple loans,0.7221487366512557,151285.7530880288,37582.280520253706,45339.088418329324,78879.08876634645,50479.038545199524,47687.743220708086,28533.84990004477,0.344,0.415,0.722
name431,48,high school or lower,0,0,LowSkilled,Agriculture,2188.0,2116.5733827745994,71.4266172254006,0.0,852.1506807663241,0.4561239655275517,auto loans,12,0.3568208699912812,0,none,3614.901085804429,0,0.18486574624026308,0.1483547,0.08,Agriculture_auto loans,1.0,10225.808169195889,1983.8067848240025,1452.064760025816,715.8065718437123,4526.333317152187,4271.186683936034,3381.228675795461,0.194,0.142,0.07
name432,46,bachelor degree,2,3,HighSkilled,Engineering,5495.0,10182.717591640783,-4687.717591640785,0.8530878237744832,1618.6969232181857,0.6722857854050994,simple loans,36,1.147664151930659,67153,house,57293.01866692764,1,0.9140804235231176,0.88938963,0.79,Engineering_simple loans,0.20203570415586106,58273.089235854684,10690.106112329733,10489.960953838976,9312.636492128655,979.566682060877,1251.2359107216905,2297.006707782323,0.908,0.891,0.791
name433,45,ausbildung,1,1,MediumSkilled,IT Support,1966.0,2850.927188381275,-884.9271883812748,0.4501155586883392,1903.3081214780068,0.3256201007076453,simple loans,24,1.418227522817539,35251,car,42966.486443350936,1,0.43349502576077825,0.5365125,0.87,IT Support_simple loans,0.3426188419093884,45679.39491547216,6667.164710035848,8169.624363001673,13678.643090543033,6798.631949071843,5984.264846060939,1942.7208680572141,0.426,0.522,0.874
name434,53,bachelor degree,1,0,HighSkilled,Consultant,4000.0,10000.086221412272,-6000.086221412272,1.500021555353068,3285.2950697660635,0.7038134191869677,mortgages,36,2.321345322794584,11416,liquid assets,12228.161721228114,1,0.9294283771682984,0.89937645,0.92,Consultant_mortgages,0.9090111542733867,118270.62251157829,99876.15371478417,97833.47672815241,98478.53261866771,7382.819617087254,10427.328292898137,8344.337157779946,0.929,0.91,0.916
name435,39,ausbildung,0,1,MediumSkilled,Nursing,2592.0,1399.378115445016,1192.621884554984,0.0,1877.2916146372825,0.4135726154214113,auto loans,12,0.2641472724082941,17960,liquid assets,24570.548897347377,0,0.225448880397155,0.25085416,0.12,Nursing_auto loans,0.24309342649594573,22527.49937564739,1237.6408650761769,1270.4985871578453,531.199840320306,2514.085014858577,2544.4565692282818,2132.7733058622944,0.226,0.232,0.097
name436,55,post graduate degree,0,0,HighSkilled,Finance,8050.0,5082.134342898286,2967.8656571017136,0.0,3116.518072311363,0.6610908746725757,auto loans,48,0.0184661385353601,29418,car,51125.94647753039,0,0.1547458809943163,0.19988467,0.05,Finance_auto loans,0.8326462925664796,149592.86747094544,17811.786348652215,22918.662154909147,6477.013217691714,52673.71682351828,56043.453200435724,32821.75478166216,0.143,0.184,0.052
name437,49,high school or lower,0,1,LowSkilled,Manufacturing,2266.0,1562.0652613454145,703.9347386545855,0.0,509.8266239651484,0.2287798088949826,auto loans,24,0.0,0,none,3827.889548631928,0,0.2745573600528969,0.3693482,0.38,Manufacturing_auto loans,1.0,12235.838975163562,3144.6106166170357,4478.317064909864,4417.137870034046,5714.935133182522,5580.795480754508,5545.064244912969,0.257,0.366,0.361
name438,33,bachelor degree,2,0,HighSkilled,Consultant,2405.0,2782.2302958291657,-377.2302958291657,0.1568525138582809,1436.9045083419876,0.6804978579572495,mortgages,12,0.7543180058923714,11294,liquid assets,17919.32859292498,1,0.6203965738649199,0.6691702,0.79,Consultant_mortgages,0.3798776811031527,17242.85410010385,4061.108767311412,4211.762802227804,5089.486310001561,2149.2367541400085,1917.2430823883258,1277.9651992144381,0.62,0.643,0.777
name439,34,bachelor degree,0,0,HighSkilled,Finance,3611.0,1869.87001440886,1741.1299855911402,0.0,2023.0764545738027,0.2654963874973131,simple loans,36,0.0780798861763119,29466,car,39998.5297437936,0,0.11303760456238766,0.0971229,0.24,Finance_simple loans,0.6552727222305076,72830.7523646569,5392.812606141571,4199.712472039454,11931.001341021176,18184.713364881085,17139.61188542698,22079.957306901288,0.113,0.088,0.25
name440,45,bachelor degree,0,1,HighSkilled,Doctor,5455.0,5288.892284225575,166.10771577442483,0.0,4911.623227259312,0.5958576158946541,mortgages,24,0.869938682215378,29431,car,42859.41731255282,0,0.12353124077001966,0.083005436,0.09,Doctor_mortgages,0.787469388049428,117878.9574542235,11788.910952278507,7890.215991682465,8725.650626095903,36525.32745720613,31196.985466367983,32301.500740815343,0.127,0.085,0.094
name441,47,bachelor degree,1,0,HighSkilled,Doctor,5150.0,4847.206108115176,302.793891884824,0.0,4172.290608199437,0.7927091376622843,simple loans,24,0.7513585856921579,12481,liquid assets,22348.94207573547,0,0.2421520969517684,0.117183566,0.1,Doctor_simple loans,0.8819203986563318,100134.97459678649,21812.83594881238,9537.596285310676,8212.930134573082,40896.50187730394,34099.54795503614,32091.931542772967,0.247,0.108,0.093
name442,44,high school or lower,0,0,LowSkilled,Manufacturing,1595.0,2140.9858185268795,-545.9858185268795,0.3423108580105827,1517.5076101920415,0.285464122334322,auto loans,36,1.2937262875980695,0,none,1970.363143892464,1,0.37138598271562956,0.48634636,0.81,Manufacturing_auto loans,1.0,54630.2739669135,18956.70506651898,26277.161778085392,44632.93383096832,24887.725606292533,22398.646769486033,9712.566107070219,0.347,0.481,0.817
name443,32,bachelor degree,0,1,HighSkilled,Finance,2835.0,3070.678027081024,-235.67802708102363,0.0831315792172922,2424.562871434934,0.8491943991360024,simple loans,12,0.9383565779597736,52378,house,53919.557159354736,0,0.17854329510454214,0.12631759,0.18,Finance_simple loans,0.0,29094.75445721921,0.0,0.0,0.0,0.0,0.0,0.0,0.156,0.136,0.158
name444,30,post graduate degree,0,1,HighSkilled,Doctor,2933.0,3787.248160198368,-854.2481601983682,0.2912540607563478,1351.0665167467446,0.8944483621424789,mortgages,48,0.7518972645568063,0,none,5328.209279555714,1,0.3164897433755949,0.6238521,0.8,Doctor_mortgages,1.0,64851.19280384374,20298.42334760309,41699.31697287153,52140.35901429037,30212.371545395985,21121.778826518177,12093.63846350069,0.313,0.643,0.804
name445,55,bachelor degree,0,0,HighSkilled,Finance,12269.0,3655.775968543037,8613.224031456963,0.0,6190.30387151317,0.7174215751917883,simple loans,60,0.0,44064,car,91486.08163539908,0,0.0760708775817912,0.09885927,0.14,Finance_simple loans,0.8989917682463173,371418.2322907902,25376.54693885744,31052.87980675976,45410.66294321857,107938.0083613896,120780.87464953003,136995.60871882006,0.076,0.093,0.136
name446,51,bachelor degree,0,0,HighSkilled,Doctor,7547.0,7355.731189806351,191.2688101936492,0.0,3342.626691154833,0.8908838071159768,auto loans,24,0.4175643144244314,36703,car,56012.47899488487,1,0.10686628083130933,0.06800278,0.61,Doctor_auto loans,0.6107893565051438,80223.040587716,4752.939795733338,3625.954070971824,29301.62884379933,18277.263776078133,15038.251545408373,16430.71528106197,0.097,0.074,0.598
name447,35,ausbildung,0,0,MediumSkilled,Nursing,1803.0,1229.340292374184,573.659707625816,0.0,1039.236446193239,0.2977426719027475,simple loans,36,0.2582233713629634,33137,car,37502.55431297868,0,0.26105547016688874,0.18540347,0.08,Nursing_simple loans,0.24554391493933955,37412.51206295661,2425.213475428559,1616.8089836190393,587.9305394978325,4280.701880181223,4068.9072207948843,3037.5465908075766,0.264,0.176,0.064
name448,41,post graduate degree,0,1,HighSkilled,Engineering,7514.0,6250.599063142638,1263.4009368573616,0.0,3967.046351278663,0.3726386647675722,auto loans,12,0.3598144017063217,75923,house,82997.37216114558,0,0.07819937863352816,0.08059078,0.12,Engineering_auto loans,0.0,47604.55621534396,0.0,0.0,0.0,0.0,0.0,0.0,0.064,0.071,0.134
name449,40,ausbildung,1,0,MediumSkilled,Nursing,2113.0,1487.9418916987029,625.0581083012971,0.0,1129.6714498396814,0.3714147978720901,simple loans,24,0.2388136968946447,35174,car,38339.25269344649,0,0.4945485860401778,0.5067912,0.16,Nursing_simple loans,0.0,27112.114796152353,0.0,0.0,0.0,0.0,0.0,0.0,0.477,0.514,0.159
name450,40,bachelor degree,0,1,HighSkilled,Doctor,5988.0,6182.687182701769,-194.68718270176944,0.0325128895627537,4685.885330656606,0.3152809351608724,mortgages,24,0.8150588699663286,28872,car,45272.84174534981,0,0.09641312782190406,0.08659947,0.1,Doctor_mortgages,0.7811920079854145,112461.24793575855,8609.675153357117,8873.23663764356,8961.090465739038,31457.697264673017,30073.78521685152,31925.76901856551,0.098,0.101,0.102
name451,58,high school or lower,0,0,LowSkilled,Transportation,3069.0,2640.353606521125,428.64639347887487,0.0,1536.4216954306237,0.8872527112456047,auto loans,24,0.3609564359569074,0,none,5946.1979026315375,1,0.21311724550987346,0.20492934,0.24,Transportation_auto loans,1.0,36874.12069033497,7854.1877070413475,7780.439465660677,8186.054793254362,16783.4999844966,16669.166798695012,17060.156714860357,0.213,0.211,0.222
name452,54,post graduate degree,0,0,HighSkilled,Doctor,10088.0,6953.45693558899,3134.54306441101,0.0,8096.506843227054,0.6293257777793422,simple loans,12,0.4918679400095205,52659,house,86716.79472301352,1,0.062394233743391675,0.16400085,0.59,Doctor_simple loans,0.6239830200662029,97158.08211872465,3879.9995842740445,8669.374071112317,34677.49628444927,17854.27064875528,26053.67782565986,21147.365639821255,0.064,0.143,0.572
name453,49,high school or lower,0,0,LowSkilled,Agriculture,1648.0,1463.9656958834269,184.03430411657317,0.0,1573.39314479041,0.4200214483529954,mortgages,24,0.8430575489525709,15050,liquid assets,18125.56801933854,0,0.23909410889678634,0.15948881,0.13,Agriculture_mortgages,0.6222685297168256,37761.43547496984,6062.420256715615,3712.644963414989,3195.6943988888515,10866.974754971807,10021.758342735397,9409.800564088631,0.258,0.158,0.136
name454,43,high school or lower,0,1,LowSkilled,Construction,1503.0,1741.5611827223406,-238.56118272234065,0.1587233417979645,1220.0881520090154,0.4903107144460195,auto loans,48,0.9704919060088862,13479,liquid assets,14235.734371035664,0,0.3853306291956209,0.4959232,0.15,Construction_auto loans,0.7823897656454702,58564.23129643274,16907.600368513333,22314.366882021663,6781.368169485023,20692.891432423843,18559.0638772525,19201.458126810012,0.369,0.487,0.148
name455,44,bachelor degree,0,0,HighSkilled,Engineering,5507.0,5609.864537859504,-102.8645378595038,0.0186788701397319,1842.4950686976244,0.463820691642276,mortgages,24,0.3532521529974811,13349,liquid assets,25788.086913368727,1,0.1071684743865025,0.121548034,0.63,Engineering_mortgages,0.7134608092064219,44219.88164874299,3501.9559323978056,3470.406779853681,19339.630509548242,11780.969415993804,12343.298558812015,10138.371667314346,0.111,0.11,0.613
name456,33,post graduate degree,0,1,HighSkilled,Consultant,2917.0,2984.785462290789,-67.78546229078893,0.0232380741483678,1949.816723357928,0.4223028984103449,auto loans,24,0.691670272762673,38542,car,49695.82326528066,0,0.1486929623932067,0.13562615,0.1,Consultant_auto loans,0.29818470428191024,46795.60136059027,2107.013615563667,1981.4300225830507,1283.7433949129625,5832.267391028108,5666.929477009541,5070.736837586464,0.151,0.142,0.092
name457,33,ausbildung,1,3,MediumSkilled,Teacher,2185.0,1443.3364168277724,741.6635831722276,0.0,796.438630156123,0.4537220468632437,auto loans,12,0.0250686713885104,17228,liquid assets,24851.407652720754,0,0.5159481865866534,0.41005725,0.15,Teacher_auto loans,0.0,9557.263561873477,0.0,0.0,0.0,0.0,0.0,0.0,0.521,0.399,0.13
name458,47,bachelor degree,0,0,HighSkilled,Finance,9017.0,6461.09017363387,2555.90982636613,0.0,5375.182250714778,0.837256459681434,auto loans,36,0.3126619079903125,76165,house,127597.50866927064,0,0.12559750187312446,0.11357736,0.02,Finance_auto loans,0.727164903684528,193506.56102573202,18855.29809462049,16603.919217650877,1829.2453375378086,55688.430967919674,53711.61590989623,21997.22946580112,0.134,0.118,0.013
name459,35,bachelor degree,2,0,HighSkilled,Engineering,2999.0,2345.5250108586247,653.4749891413753,0.0,779.9120395992053,0.6356902660908551,auto loans,24,0.0421597367315204,12456,liquid assets,20101.1851492588,0,0.4630594213801728,0.5585781,0.19,Engineering_auto loans,0.36950327028630275,18717.888950380926,3050.097640389527,3727.897116031644,1307.1847030240829,2914.537747280817,2552.1312054678365,3079.892982330374,0.441,0.539,0.189
name460,40,high school or lower,0,0,LowSkilled,Agriculture,1299.0,769.8095873207607,529.1904126792393,0.0,869.6293366418395,0.4172839151422817,auto loans,48,0.2620776935816783,23003,car,26133.46878458526,0,0.24618884393588442,0.23476897,0.11,Agriculture_auto loans,0.5314832030374436,41742.208158808295,5257.911951101496,5013.873843666406,2329.4546618804097,10290.723108339454,10238.53438273789,8367.32470389958,0.237,0.226,0.105
name461,54,bachelor degree,0,1,HighSkilled,Consultant,9479.0,5997.852384224239,3481.1476157757606,0.0,6525.034173656289,0.8778941094054781,auto loans,36,0.3211189532525085,0,none,27747.800706430044,0,0.11627586891198463,0.08900987,0.09,Consultant_auto loans,1.0,234901.2302516264,25839.135327678905,20436.407031891496,20671.308262143124,90445.29395403549,81358.77753388624,81740.6384101709,0.11,0.087,0.088
name462,48,bachelor degree,0,0,HighSkilled,Consultant,7037.0,6236.58498746074,800.4150125392598,0.0,5015.956408772573,0.4035755223827248,auto loans,36,0.5990537723793254,32204,car,45992.16705309025,0,0.10022932976183084,0.06496998,0.06,Consultant_auto loans,0.8480755501309699,180574.43071581263,17611.187361923443,10566.712417154067,9035.304820465071,55701.8492332096,45990.1052204031,44245.789310911045,0.115,0.069,0.059
name463,32,ausbildung,1,2,MediumSkilled,Electrician,1707.0,1933.9570433372648,-226.95704333726485,0.1329566744799442,1655.9255779423902,0.697186521743818,mortgages,24,1.103036099167929,16485,liquid assets,19105.17586914212,0,0.6247736975665255,0.7955169,0.48,Electrician_mortgages,0.6072430988501821,39742.213870617365,14866.042025271594,18992.81667839082,11342.596999801377,7844.432623564135,4593.923658952841,9971.96925279499,0.616,0.787,0.47
name464,49,bachelor degree,2,0,HighSkilled,Engineering,7485.0,3419.6018135789564,4065.398186421044,0.0,7403.46904688621,0.6161759802677632,auto loans,60,0.4459680508303495,0,none,24381.062715628,0,0.4295551136703201,0.39981556,0.14,Engineering_auto loans,1.0,444208.1428131726,184790.58741027978,171020.13498307145,66187.01327916271,193674.8495624134,198558.4086350136,182252.80788820426,0.416,0.385,0.149
name465,39,ausbildung,0,1,MediumSkilled,IT Support,2254.0,1624.0763681415854,629.9236318584146,0.0,775.9321379943854,0.6190977025097948,simple loans,24,0.0647775093770943,38500,car,41637.580752503214,0,0.1617280580276682,0.1689288,0.15,IT Support_simple loans,0.0,18622.37131186525,0.0,0.0,0.0,0.0,0.0,0.0,0.172,0.162,0.145
name466,36,bachelor degree,0,2,HighSkilled,Engineering,4867.0,4245.435828264602,621.5641717353983,0.0,2563.802684001917,0.8997797247001856,auto loans,48,0.399062772193655,0,none,11329.989264313352,0,0.16902574609549015,0.19259089,0.15,Engineering_auto loans,1.0,123062.52883209201,17844.06668065334,22151.25518977656,17105.69150766079,53307.064520270294,54957.92627524917,51570.86747439859,0.145,0.18,0.139
name467,43,high school or lower,1,0,LowSkilled,Agriculture,1351.0,911.5017883173538,439.49821168264623,0.0,502.9333074000199,0.6075010233678971,simple loans,48,0.046954178917375,16391,liquid assets,19917.458905405703,0,0.5637109525681094,0.606013,0.18,Agriculture_simple loans,0.35691598268152414,24140.798755200954,4816.476432930071,5462.69420121228,1619.852539160739,3151.7733262506445,2912.7578307594486,3790.5655131534595,0.559,0.634,0.188
name468,51,high school or lower,1,2,LowSkilled,Manufacturing,2094.0,1814.8757850532484,279.12421494675164,0.0,585.5008171043589,0.4044748288388061,auto loans,24,0.1463116533703951,0,none,3821.737696803553,1,0.6014482823311161,0.76668894,0.83,Manufacturing_auto loans,1.0,14052.019610504614,8065.859256429648,10735.742982425525,11649.124257108324,4793.932329804883,3019.803170664283,2250.8302087571797,0.574,0.764,0.829
name469,37,ausbildung,1,1,MediumSkilled,IT Support,2205.0,1340.2192393417697,864.7807606582303,0.0,784.2981180753276,0.5993553294125411,mortgages,48,0.0,16686,liquid assets,25342.82233238417,0,0.40533370743317765,0.34768116,0.2,IT Support_mortgages,0.5797142658137238,37646.30966761572,8729.641107823176,7769.380585962626,4081.107217907335,9713.994767001866,10063.13123831626,9820.606662848535,0.4,0.356,0.187
name470,52,high school or lower,0,0,LowSkilled,Manufacturing,2247.0,1848.1093279061868,398.8906720938133,0.0,1063.6019216972,0.3602430461769774,auto loans,36,0.2958216509138348,15903,liquid assets,18752.30586928462,0,0.30967982305545516,0.24614075,0.09,Manufacturing_auto loans,0.6062747446426503,38289.6691810992,6871.3615839458525,5432.089900822059,1973.1950494439104,10829.307569607694,10767.726245009058,8077.999565357232,0.296,0.234,0.085
name471,60,high school or lower,2,0,LowSkilled,Cleaning Services,2199.0,2492.0504789590123,-293.05047895901225,0.1332653383169678,795.1445784735973,0.6923937221867216,mortgages,24,0.4948590529479807,17311,liquid assets,21139.29467617777,1,0.8459931325709422,0.8930068,0.72,Cleaning Services_mortgages,0.14061411905420587,19083.469883366335,2278.211104918825,2380.180506552412,1883.7505249152123,391.495847842373,276.17897657434617,679.4851549695426,0.849,0.887,0.702
name472,39,ausbildung,0,0,MediumSkilled,Artist,2679.0,3922.953470355815,-1243.9534703558147,0.4643350019991843,1439.5572687228616,0.2936343644087654,auto loans,36,1.001683739857662,0,none,4782.569010761768,1,0.16336034939101962,0.09020816,0.44,Artist_auto loans,1.0,51824.06167402302,10053.867964760466,4456.869303965979,21558.809656393576,22248.089292014414,18051.260304945525,22371.84123300687,0.194,0.086,0.416
name473,41,bachelor degree,0,0,HighSkilled,Finance,6368.0,5719.296385410959,648.7036145890406,0.0,3137.7622475620155,0.9239324560798404,auto loans,12,0.3908697602030425,18791,liquid assets,38759.14527212293,0,0.14078941938677625,0.16243233,0.14,Finance_auto loans,0.5264408164883728,37653.14697074419,2775.1014808489385,3032.7894754991967,2517.4134861986795,8147.237484498098,8496.58020508212,8132.771045065048,0.14,0.153,0.127
name474,31,high school or lower,2,0,LowSkilled,Cleaning Services,1133.0,897.7235308759248,235.2764691240752,0.0,935.6917684887684,0.8388969459334545,mortgages,36,0.618195321592845,18454,liquid assets,21005.650134785083,1,0.8132429189742735,0.8896594,0.84,Cleaning Services_mortgages,0.4813582412007243,33684.90366559566,13214.82237654187,14479.553843253852,13458.039966294173,2836.7532352456215,1719.1891366042182,2452.7388330550916,0.815,0.893,0.83
name475,44,high school or lower,0,0,LowSkilled,Manufacturing,1532.0,1590.6290052158638,-58.6290052158638,0.0382695856500416,718.3679876356655,0.2786978436684493,auto loans,36,0.5071781937673168,0,none,2617.213360812888,0,0.2841370827042046,0.36141056,0.09,Manufacturing_auto loans,1.0,25861.247554883957,7060.1205824833205,9439.355357532644,2120.6222995004846,12086.935335782853,11846.625750025674,8999.164810483362,0.273,0.365,0.082
name476,30,high school or lower,0,0,LowSkilled,Transportation,944.0,1286.2659249700714,-342.2659249700714,0.3625698357733807,279.0522593853352,0.6515702458129847,simple loans,48,0.6581760427493715,0,none,1219.6921095065238,0,0.3297852191897411,0.339971,0.16,Transportation_simple loans,1.0,13394.50845049609,4246.059178807261,4688.077957673631,2330.6444703863194,6217.859703359385,6195.748432316484,5717.794479316525,0.317,0.35,0.174
name477,60,ausbildung,0,0,MediumSkilled,Nursing,4642.0,3204.544590961957,1437.455409038043,0.0,2430.4308671785466,0.3491113930027288,simple loans,24,0.2139111284232019,21181,car,29797.868291705312,0,0.22839669099369098,0.12627026,0.07,Nursing_simple loans,0.6909163772069981,58330.34081228512,9511.127510244554,5118.27624491974,2579.2888163375064,18534.592599433243,15979.33942252088,12538.22516343269,0.236,0.127,0.064
name478,35,high school or lower,0,0,LowSkilled,Construction,814.0,620.6247207957556,193.3752792042444,0.0,664.4821410372339,0.2993575164363607,mortgages,48,0.5787553585171861,19802,liquid assets,21094.93930968418,0,0.3236226161065223,0.37394676,0.23,Construction_mortgages,0.4110649475474498,31895.142769787228,4143.068159939199,5113.280323975594,2792.6377154020547,6097.275936066596,5963.890938988436,6035.279709033801,0.316,0.39,0.213
name479,50,ausbildung,1,0,MediumSkilled,Teacher,2652.0,4199.761612637915,-1547.7616126379153,0.5836205175859409,2651.6859209779523,0.238381904388288,auto loans,60,1.583502086582152,25437,car,33356.41693566199,1,0.7203722102579654,0.7121999,0.84,Teacher_auto loans,0.8639503465506577,159101.15525867714,98280.68122897604,92507.55030363759,113538.24153165623,34765.171698121536,35660.645425023264,20792.643244896164,0.715,0.673,0.826
name480,47,bachelor degree,0,4,HighSkilled,Finance,5900.0,7304.940814607381,-1404.940814607381,0.2381255617978612,4022.63208509094,0.6196712720540529,mortgages,48,0.9199276101183594,53285,house,78822.85054876783,1,0.40031926548200936,0.44346485,0.74,Finance_mortgages,0.8087142452844942,193086.34008436513,63866.03458259366,71361.31492480515,114771.4802401133,69772.39046679881,67177.83333502653,37012.793756289284,0.409,0.457,0.735
name481,51,ausbildung,0,1,MediumSkilled,Nursing,3751.0,2296.307079676048,1454.6929203239524,0.0,2804.2851043495884,0.3356390308642845,mortgages,24,0.3597953036591938,26280,car,39324.41433488217,0,0.2900450008836065,0.23664239,0.12,Nursing_mortgages,0.6673354194004444,67302.84250439012,12351.231923115041,10330.121244787124,5254.887763652581,20992.07432186254,20747.012199600063,17491.863423427094,0.275,0.23,0.117
name482,32,bachelor degree,0,1,HighSkilled,Doctor,2323.0,2576.2286079420505,-253.22860794205053,0.1090093017400131,575.0036823840924,0.2649323876014053,mortgages,48,0.3565356393999754,14920,liquid assets,20624.3789518881,0,0.13426692257811643,0.12986554,0.12,Doctor_mortgages,0.4872427360569064,27600.176754436434,1963.4059030729316,1707.894175960701,1627.206262135786,5443.560656155762,5383.436772361463,5237.399850292902,0.146,0.127,0.121
name483,48,ausbildung,1,2,Unemployed_MediumSkilled,Electrician,1500.0,2113.400687281356,-613.4006872813557,0.4089337915209037,1173.6389493152694,0.335049199452253,simple loans,24,1.1913597577310835,0,none,2339.9060890507426,1,0.8005509427895877,0.8031079,0.84,Electrician_simple loans,1.0,28167.334783566468,22336.69648336821,23125.381857308068,23012.712518173805,5239.286106181291,5176.825903523973,4260.821508695733,0.793,0.821,0.817
name484,44,bachelor degree,0,0,HighSkilled,Consultant,5736.0,7023.515104607503,-1287.5151046075025,0.2244621869957291,4575.845945207084,0.3586731683273157,simple loans,36,1.0222038092424313,52803,house,54399.00729725233,0,0.14800315241798398,0.083325334,0.08,Consultant_simple loans,0.7776652756147855,164730.454027455,19856.298859678478,9607.886545005715,11017.04323827322,53469.76646730673,43126.07455090593,42358.78600790311,0.155,0.075,0.086
name485,46,high school or lower,0,1,LowSkilled,Construction,1724.0,1770.9894615910302,-46.98946159103025,0.0272560682082542,1514.0049985240996,0.4990404313639176,auto loans,60,0.9054492228045996,0,none,2371.751335940931,0,0.35177729419457143,0.2624085,0.08,Construction_auto loans,1.0,90840.29991144598,31067.38256971453,23073.43617750728,7630.585192561463,41809.897826571076,42343.000299883,30036.9244069825,0.342,0.254,0.084
name486,39,bachelor degree,0,2,HighSkilled,Finance,5180.0,5231.279087372006,-51.27908737200596,0.0098994377166034,1258.5563076890628,0.6122301062678834,mortgages,12,0.2528639758805152,0,none,11117.469634961368,1,0.17771979079922579,0.13756174,0.69,Finance_mortgages,1.0,15102.675692268753,2748.6869759929127,2220.0933267635064,10541.66763320359,6624.1016743209775,6161.756970079231,4180.720769203784,0.182,0.147,0.698
name487,37,ausbildung,0,0,MediumSkilled,Nursing,2357.0,1550.69169125414,806.3083087458599,0.0,1261.7242978828947,0.7290358842929541,auto loans,24,0.1932184934819833,22982,car,34826.1539535405,1,0.2918818823875581,0.3575606,0.68,Nursing_auto loans,0.3546610462121696,30281.383149189474,2867.4804165943083,3962.922373495505,7109.633092829334,5019.323251353259,4929.312303085761,3055.398989113948,0.267,0.369,0.662
name488,36,bachelor degree,1,0,HighSkilled,Doctor,4005.0,4067.010274094109,-62.01027409410881,0.0154832145053954,3241.994758049348,0.4528284584512855,auto loans,48,0.8249700454790154,65516,house,73050.42348909004,0,0.19791920809249597,0.17317198,0.11,Doctor_auto loans,0.7079540698101563,155615.7483863687,19720.215629006252,18949.034012229473,10466.036227684885,49473.474715920194,48015.56867321833,41550.885914478786,0.179,0.172,0.095
name489,50,high school or lower,2,0,LowSkilled,Construction,1222.0,1591.6728308644524,-369.6728308644524,0.3025145915421051,1099.5923800188557,0.6064201965116558,auto loans,36,1.2023446897572077,14924,liquid assets,15844.258325076022,1,0.8478535383491522,0.89033353,0.88,Construction_auto loans,0.6434178410511705,39585.325680678805,22005.997735769117,22362.576402783896,22489.925926717744,3673.3277260486507,2684.597814741694,2927.8482460950763,0.864,0.878,0.883
name490,30,bachelor degree,0,0,HighSkilled,Finance,3016.0,1807.684382973516,1208.3156170264838,0.0,2032.222772795228,0.4662686829301251,auto loans,12,0.273178765175313,22539,car,30718.92872536729,0,0.10084129302079688,0.13970068,0.09,Finance_auto loans,0.21343668484943382,24386.673273542736,452.8359307269788,702.676444231519,536.1161018951589,1897.8244710329427,2134.098647047142,1811.2331592791354,0.087,0.135,0.103
name491,45,post graduate degree,0,1,HighSkilled,Engineering,5155.0,5641.877841390895,-486.8778413908949,0.0944476898915412,1410.5574059286253,0.3048665064879969,auto loans,12,0.368076672612904,65086,house,78315.32522603535,0,0.10417603829656524,0.12165119,0.07,Engineering_auto loans,0.0,16926.688871143502,0.0,0.0,0.0,0.0,0.0,0.0,0.099,0.118,0.061
name492,35,bachelor degree,0,1,HighSkilled,Doctor,2797.0,2009.9490334480645,787.0509665519355,0.0,2220.271288989916,0.2205494179218478,mortgages,36,0.5124134152441832,27693,car,34941.144689662586,0,0.09487328309887248,0.10363034,0.07,Doctor_mortgages,0.7048476131288888,79929.76640363697,5352.13898141755,6816.934913173932,4619.741015539359,20040.295290558835,20764.734735107,17527.494550624022,0.095,0.121,0.082
name493,33,ausbildung,2,0,MediumSkilled,Teacher,1287.0,1805.904628127981,-518.9046281279809,0.4031892992447404,288.7727726305367,0.3263964756476811,mortgages,24,0.6275659679553361,11233,liquid assets,11276.583269062592,0,0.8353634241553556,0.91586095,0.69,Teacher_mortgages,0.0,6930.54654313288,0.0,0.0,0.0,0.0,0.0,0.0,0.816,0.916,0.702
name494,59,bachelor degree,0,0,HighSkilled,Doctor,15128.0,13041.019009131373,2086.9809908686275,0.0,3200.611667234986,0.2017033414642062,auto loans,48,0.0736138733716524,57641,house,80137.10518210552,0,0.026707160519345602,0.11606221,0.1,Doctor_auto loans,0.7394357916256499,153629.36002727933,3975.9666607049644,13404.687598948163,11019.107602525186,21134.493466886146,43710.20666359948,41281.49026852984,0.035,0.118,0.097
name495,50,bachelor degree,0,1,HighSkilled,Finance,7370.0,5453.448968478302,1916.551031521698,0.0,2515.0880364594245,0.6333777777476951,mortgages,36,0.0812126193945354,16449,liquid assets,38984.54221704099,0,0.1672070915270379,0.18786107,0.05,Finance_mortgages,0.8274754258445326,90543.16931253928,11238.337137631057,15508.90524993086,3521.3456364577314,32363.21256323465,33281.83776517956,19742.454874341303,0.15,0.207,0.047
name496,39,bachelor degree,1,0,HighSkilled,Research,4677.0,2749.839213454568,1927.160786545432,0.0,4534.973390333848,0.8174857452670713,auto loans,60,0.5575823399162746,66883,house,90023.78813619097,0,0.2724840334451263,0.25481725,0.15,Research_auto loans,0.8297285748922498,272098.4034200309,62311.918458043816,56216.18730453952,37477.45820302635,105422.04130037541,105030.02302596939,94610.78413952798,0.276,0.249,0.166
name497,54,bachelor degree,0,1,HighSkilled,Doctor,7762.0,4045.8157906555793,3716.1842093444207,0.0,7021.068127055353,0.7740528048185047,auto loans,36,0.4257773663631709,65127,house,75077.85819063755,0,0.08760715189570269,0.15590586,0.15,Doctor_auto loans,0.8214502261721501,252758.45257399272,15987.393578604833,31974.787157209666,31974.787157209666,71427.87819533543,87990.41581491043,87009.27359384838,0.077,0.154,0.154
name498,33,ausbildung,0,1,MediumSkilled,IT Support,1792.0,1365.6683816143802,426.3316183856198,0.0,611.5552917507026,0.6093338687607108,auto loans,36,0.1033614248689078,0,none,3763.562842901918,0,0.13756694884494158,0.17049994,0.18,IT Support_auto loans,1.0,22015.990503025296,3148.286641932617,4050.9422525566542,3764.7343760173258,8982.43710077466,9557.894615505875,9685.557071633744,0.143,0.184,0.171
name499,42,post graduate degree,0,0,HighSkilled,Doctor,4171.0,4325.498176916605,-154.4981769166052,0.0370410397786154,1699.2928533468428,0.2557928476693719,simple loans,12,0.4444476217366214,20187,car,25376.70702377752,0,0.07762276165979037,0.069326185,0.04,Doctor_simple loans,0.15740193939773345,20391.514240162112,263.1924388699573,231.0957999833771,118.75756388034657,1047.0732518528139,994.048711984668,751.0948602981517,0.082,0.072,0.037
name500,36,post graduate degree,0,1,HighSkilled,Consultant,4965.0,4263.712793545398,701.2872064546018,0.0,2630.827103175964,0.2821627369957531,simple loans,24,0.3886283779902038,59886,house,79277.08825770483,0,0.10455666875507688,0.124600396,0.16,Consultant_simple loans,0.3412701431071895,63139.85047622314,2413.3475304721687,2736.563717588977,3447.6393292459547,7969.632048363964,8504.229626862787,9198.21600597209,0.112,0.127,0.16
name501,45,high school or lower,0,0,LowSkilled,Construction,1254.0,1140.732061295101,113.26793870489904,0.0,412.1362763612904,0.8941640211490254,auto loans,24,0.2383320077004715,6419,liquid assets,5853.365034197157,0,0.36901316711698984,0.3177905,0.18,Construction_auto loans,0.3935469824448793,9891.27063267097,1416.9354144521258,1210.62338982036,716.2530666461295,1775.7994141655677,1812.9573070645843,1712.5176125024884,0.364,0.311,0.184
name502,30,high school or lower,0,0,Unemployed_LowSkilled,Manufacturing,500.0,592.1344691364977,-92.13446913649771,0.1842689382729954,476.5463630083737,0.5340304502823058,simple loans,36,1.1373616642897428,22169,car,23922.61059253717,0,0.6357905371662333,0.65173453,0.22,Manufacturing_simple loans,0.0,17155.669068301453,0.0,0.0,0.0,0.0,0.0,0.0,0.639,0.651,0.219
name503,31,bachelor degree,0,0,HighSkilled,Engineering,3177.0,4282.477971958047,-1105.4779719580465,0.3479628492156268,1975.0518220559195,0.5884053289649187,mortgages,36,0.969634810832221,54501,house,62753.07180519878,0,0.2072390432849846,0.13702132,0.07,Engineering_mortgages,0.46873797911469367,71101.8655940131,6798.941537123743,5065.878008052985,1999.6886873893359,15096.71602808777,13580.337610605384,10368.769090329839,0.204,0.152,0.06
name504,58,bachelor degree,1,1,HighSkilled,Finance,13336.0,5851.156778239394,7484.843221760606,0.0,10988.214304129484,0.9937807508478878,auto loans,60,0.262700291119442,40585,car,78808.42932882074,0,0.3102002039072044,0.25453967,0.09,Finance_auto loans,0.9476570044020585,659292.8582477691,206178.5533733481,150572.82231205117,59354.43203172142,291433.73946796986,290633.17072277813,217411.38477867772,0.33,0.241,0.095
name505,54,high school or lower,0,2,LowSkilled,Transportation,2374.0,2126.401429446553,247.5985705534472,0.0,2233.402169952802,0.4495964836250422,mortgages,24,0.8364800334453896,10742,liquid assets,13993.26791758734,1,0.22353671752410725,0.14335729,0.27,Transportation_mortgages,0.8104115539780739,53601.65207886725,8861.637224033479,6733.106714339163,11294.243520826984,19918.373329590886,17955.496015747154,20276.904372050925,0.204,0.155,0.26
name506,37,ausbildung,0,1,MediumSkilled,Nursing,3006.0,3305.975537589731,-299.9755375897312,0.0997922613405626,788.4993050215127,0.5893277214683379,auto loans,48,0.3621007460449912,30366,car,32192.885786195664,0,0.3925320029180902,0.39021,0.09,Nursing_auto loans,0.3178998614935452,37847.96664103261,4945.095838081596,4680.394844315672,938.4853415337337,5406.871478939668,5415.699706136883,4186.8328687949515,0.411,0.389,0.078
name507,35,high school or lower,3,0,LowSkilled,Manufacturing,967.0,869.3035910526138,97.6964089473862,0.0,361.47523945021726,0.5183807547026624,auto loans,36,0.2727805899719039,19739,liquid assets,20767.556509814665,1,0.9173727700073797,0.9241077,0.8,Manufacturing_auto loans,0.0,13013.108620207822,0.0,0.0,0.0,0.0,0.0,0.0,0.922,0.93,0.768
name508,59,ausbildung,0,0,MediumSkilled,Nursing,2967.0,3227.687519925594,-260.68751992559464,0.0878623255563177,2274.2145967181264,0.3639161179632529,auto loans,48,0.8543653915213081,22971,car,26242.490854646887,0,0.3155388256546445,0.23330143,0.12,Nursing_auto loans,0.8210662135475568,109162.30064247007,29308.83893016351,20794.038629351482,9411.095069318557,41764.55849983223,41332.739442181286,34906.74524004043,0.327,0.232,0.105
name509,40,bachelor degree,1,1,HighSkilled,Doctor,4213.0,5174.668821444168,-961.6688214441684,0.2282622410263869,4005.113654650391,0.7687781637724602,auto loans,24,1.1789182236160831,56588,house,69619.57577465338,0,0.3210164057558641,0.2985123,0.11,Doctor_auto loans,0.5920854675329724,96122.72771160938,17130.773923479526,17244.599663834873,6488.067200254704,26485.5750286953,26588.293996303433,21465.06201731413,0.301,0.303,0.114
name510,59,ausbildung,2,0,MediumSkilled,Nursing,4434.0,4774.409874557804,-340.409874557804,0.0767726374735687,2130.306404167188,0.8815037750750119,auto loans,12,0.5572206311964347,12140,liquid assets,22349.2009957547,1,0.798378388606889,0.8800636,0.88,Nursing_auto loans,0.5502093531323891,25563.676850006254,11125.71091573195,12377.529210928085,12236.875469894812,2642.687022547323,1616.0366511875477,1616.8604179662893,0.791,0.88,0.87
name511,47,high school or lower,0,0,LowSkilled,Agriculture,1458.0,2152.327468052667,-694.327468052667,0.4762191138907181,363.8216962597012,0.5803755871730472,mortgages,48,0.7257538849879068,5097,liquid assets,6220.264115001019,1,0.5321169095660081,0.6335049,0.89,Agriculture_mortgages,0.7268290430778782,17463.441420465657,6676.484555070392,8174.251052215462,11271.32753783747,4886.072923616339,4047.216086446301,1341.796401374461,0.526,0.644,0.888
name512,35,post graduate degree,1,0,HighSkilled,Engineering,3819.0,2956.260855658189,862.7391443418105,0.0,2762.7715730658274,0.955647539117212,auto loans,24,0.4975209292285983,75108,house,89965.97847012528,0,0.33501121572906445,0.4791496,0.11,Engineering_auto loans,0.21530216340204303,66306.51775357986,4796.714737920577,6295.688093520758,1513.2492923201821,6615.5031859493,5904.945802232157,5384.263104170491,0.336,0.441,0.106
name513,39,post graduate degree,0,0,Unemployed_HighSkilled,Research,2250.0,2291.522647139745,-41.52264713974546,0.0184545098398868,1188.2149253870507,0.3430216477057771,mortgages,12,0.5465500322341317,0,none,6054.535086000616,0,0.11465140144862129,0.18187124,0.08,Research_mortgages,1.0,14258.579104644608,1539.9265433016176,2423.9584477895837,1026.6176955344117,5461.731207844643,6287.945638601279,4714.69010048068,0.108,0.17,0.072
name514,54,ausbildung,0,0,MediumSkilled,Electrician,2013.0,2091.0270277788354,-78.02702777883542,0.0387615637252038,1849.744288124072,0.9877688248418856,simple loans,12,0.9576608623462034,0,none,3135.5948291313307,0,0.30702072758414384,0.3598348,0.17,Electrician_simple loans,1.0,22196.931457488863,6392.716259756792,8124.076913440924,3396.130512995796,10359.285260512823,10176.342348089067,9629.236988815743,0.288,0.366,0.153
name515,42,ausbildung,0,1,MediumSkilled,Teacher,2868.0,4568.225281720462,-1700.2252817204617,0.5928261093864929,2340.670333724258,0.5069091343669637,auto loans,12,1.4089594196111297,35167,car,38254.38741762913,0,0.4928976129729328,0.5240013,0.23,Teacher_auto loans,0.0,28088.044004691095,0.0,0.0,0.0,0.0,0.0,0.0,0.494,0.541,0.217
name516,40,bachelor degree,1,0,HighSkilled,Doctor,4570.0,2474.004665098268,2095.9953349017323,0.0,3001.285396239868,0.3040861332016265,mortgages,24,0.1980941053256314,59662,house,81887.60985189254,1,0.1589019293834548,0.2159959,0.75,Doctor_mortgages,0.42476594473463497,72030.84950975684,3977.5127394665237,6914.752916303341,22763.611370485334,13035.913019097228,13956.527621477242,7000.6892207610035,0.13,0.226,0.744
name517,50,post graduate degree,0,0,HighSkilled,Doctor,4978.0,4656.801638121223,321.1983618787772,0.0,3703.0891228483306,0.9159346630168252,simple loans,24,0.6793673686158203,24443,car,35455.82988685023,0,0.15210587638886694,0.14188668,0.13,Doctor_simple loans,0.766304992382285,88874.13894835993,10079.495062731154,10011.39036636135,9194.13400992369,28657.421324683226,28060.52049398809,27272.889120282685,0.148,0.147,0.135
name518,58,bachelor degree,0,0,HighSkilled,Finance,4500.0,2922.6805024222035,1577.3194975777965,0.0,4224.723783881246,0.7636168435804642,auto loans,12,0.5883120636229888,79519,house,100387.88276639504,0,0.14765598693275245,0.16397755,0.1,Finance_auto loans,0.0,50696.68540657495,0.0,0.0,0.0,0.0,0.0,0.0,0.154,0.154,0.094
name519,42,bachelor degree,0,0,HighSkilled,Engineering,5293.0,6560.852936041599,-1267.8529360415987,0.2395339006313241,2247.719206399633,0.9038205450329378,simple loans,24,0.6641927342605766,22277,car,31178.127173632078,0,0.21111168383444587,0.14899473,0.14,Engineering_simple loans,0.6493023705180337,53945.26095359119,7881.026808460655,5989.580374430097,3993.0535829533983,15917.382950200385,14649.080853102965,14371.033420782554,0.225,0.171,0.114
name520,45,bachelor degree,0,0,HighSkilled,Finance,7548.0,3651.009681018105,3896.990318981895,0.0,7324.577764914003,0.5642279330843991,auto loans,24,0.4541053849936549,74596,house,76880.56950536655,0,0.09253972583184074,0.09608909,0.19,Finance_auto loans,0.7056287306747073,175789.86635793606,10171.475181617403,10915.729463199163,22327.628447452833,43670.86359881241,44354.634525333735,55237.061226862636,0.082,0.088,0.18
name521,34,high school or lower,1,0,LowSkilled,Agriculture,900.0,942.8425880804956,-42.84258808049572,0.0476028756449952,885.5208437813525,0.638738470216788,auto loans,36,1.0315149242909425,0,none,1362.6329474065017,1,0.4491089290375459,0.52676255,0.53,Agriculture_auto loans,1.0,31878.75037612869,14281.680168505653,16704.465197091435,17023.25270085272,13636.064436082332,12370.421315305413,12310.798972440774,0.448,0.524,0.534
name522,56,bachelor degree,0,0,HighSkilled,Engineering,7508.0,6524.246356968358,983.7536430316422,0.0,1891.3614860905295,0.5290579688382069,simple loans,24,0.1208854346109333,61087,house,77956.96337544292,0,0.0780330931720447,0.06234284,0.02,Engineering_simple loans,0.06630189979129446,45392.67566617271,234.75040939563047,183.5868586299161,48.153930132437026,984.1435704426426,885.9887797092535,470.4908008327511,0.078,0.061,0.016
name523,47,post graduate degree,1,0,Unemployed_HighSkilled,Engineering,3500.0,2812.9830982768667,687.0169017231333,0.0,2740.6679938238794,0.373102810587558,auto loans,12,0.5867574548859275,0,none,7717.193564223129,1,0.22551910578503734,0.32347682,0.37,Engineering_auto loans,1.0,32888.01592588655,7794.459774435113,10491.277080357811,11247.701446653202,15099.073261861604,15295.22071174672,14994.705301899312,0.237,0.319,0.342
name524,40,post graduate degree,0,0,HighSkilled,Doctor,4267.0,5022.041050281019,-755.0410502810191,0.1769489220250806,923.2637312396168,0.7087827362907634,mortgages,48,0.3933219548911731,72230,house,76519.38706758637,0,0.23148465286946715,0.160832,0.09,Doctor_mortgages,0.0,44316.65909950161,0.0,0.0,0.0,0.0,0.0,0.0,0.237,0.171,0.092
name525,35,high school or lower,0,1,LowSkilled,Agriculture,806.0,737.3478286838431,68.65217131615691,0.0,638.56663343051,0.3839394409442424,auto loans,12,0.7070899033676837,6989,liquid assets,8198.908456761546,0,0.17509882731483792,0.12006709,0.25,Agriculture_auto loans,0.14130103124277132,7662.79960116612,204.64192082592774,135.3451857314337,278.2697018638277,473.19790681801857,421.7724545136965,502.9394037101396,0.189,0.125,0.257
name526,59,high school or lower,1,0,Unemployed_LowSkilled,Manufacturing,1100.0,768.2866109513075,331.71338904869253,0.0,238.4827631284332,0.449018665414195,auto loans,48,0.0,0,none,2143.874105943278,1,0.8351455893546186,0.81732965,0.69,Manufacturing_auto loans,1.0,11447.172630164794,9592.730664078097,9100.502240981012,7864.207596923215,1781.2056539241812,1961.6697764568196,3168.804875290401,0.838,0.795,0.687
name527,59,bachelor degree,0,0,HighSkilled,Consultant,12440.0,6546.725415371588,5893.274584628412,0.0,10244.687244448118,0.3256847395722637,auto loans,24,0.3497920144549602,0,none,37787.83788164013,0,0.041119387188493964,0.09960044,0.01,Consultant_auto loans,1.0,245872.4938667548,12047.752199470986,26308.356843742764,1475.234963200529,58407.22081286197,89205.9026983961,24652.34574105849,0.049,0.107,0.006
name528,55,ausbildung,0,1,MediumSkilled,Teacher,2779.0,3102.582375706729,-323.5823757067292,0.1164384223485891,1159.266499715352,0.9838564366234986,auto loans,24,0.5335908151932642,40040,car,43085.982350044585,1,0.474759510408089,0.58760965,0.7,Teacher_auto loans,0.0,27822.395993168448,0.0,0.0,0.0,0.0,0.0,0.0,0.467,0.571,0.707
name529,30,bachelor degree,0,1,HighSkilled,Doctor,2879.0,3043.540145988316,-164.540145988316,0.0571518395235554,2064.5410752968123,0.5247866951336484,auto loans,24,0.7742553738399195,24672,car,26816.267053244104,0,0.09363360405305116,0.065036185,0.02,Doctor_auto loans,0.5766536889062533,49548.98580712349,2228.6632248848255,1857.219354070688,342.87126536689624,10108.615876809094,8584.907284743123,4466.7250982101195,0.078,0.065,0.012
name530,45,ausbildung,0,0,MediumSkilled,Electrician,2331.0,1499.693763071078,831.3062369289221,0.0,1554.5559300608322,0.7896463592397589,auto loans,36,0.3102744286280181,22263,car,22991.03049998436,0,0.2906989024828903,0.22049804,0.13,Electrician_auto loans,0.6624117652335648,55964.01348218996,11417.936055770082,8822.95058854961,5078.757271560069,17326.396843398667,16964.222003841944,14845.36827407119,0.308,0.238,0.137
name531,36,bachelor degree,0,0,HighSkilled,Engineering,5647.0,4187.730624311364,1459.2693756886365,0.0,3847.4525747204234,0.4043948553675912,simple loans,36,0.4229118468269499,76281,house,97673.139159255,0,0.08135637841106844,0.046464525,0.11,Engineering_simple loans,0.6176759643560952,138508.29268993525,6758.706217427191,4363.215406187173,9581.963244960069,28500.20523896753,21696.265614316988,32266.966445281138,0.079,0.051,0.112
name532,40,high school or lower,0,1,Unemployed_LowSkilled,Cleaning Services,600.0,688.8070713351334,-88.8070713351334,0.1480117855585556,344.29382767120967,0.630541713757217,simple loans,24,0.7218348316772385,24697,car,24343.00437879274,0,0.6184774165317719,0.5943336,0.16,Cleaning Services_simple loans,0.0,8263.051864109031,0.0,0.0,0.0,0.0,0.0,0.0,0.619,0.581,0.141
name533,56,high school or lower,1,1,LowSkilled,Agriculture,1889.0,1718.0855277631254,170.91447223687464,0.0,735.9469525645176,0.2183774486843373,auto loans,48,0.2991172473941995,7908,liquid assets,11788.095079033952,1,0.4641356569409926,0.46419698,0.83,Agriculture_auto loans,0.7884033910232909,35325.45372309684,13117.683234725893,12644.221207145554,23088.236521417763,11722.223542013024,11721.42036424938,4461.082145091468,0.471,0.454,0.829
name534,40,high school or lower,0,0,LowSkilled,Cleaning Services,1366.0,1257.9553634884032,108.04463651159676,0.0,734.251196283905,0.4834881032339098,auto loans,60,0.4584235430251158,13974,liquid assets,14978.041237923106,0,0.28704162406811534,0.2613275,0.24,Cleaning Services_auto loans,0.7000018237953564,44055.071777034296,8511.462043215179,7740.496278431194,7123.723666604007,14413.94450839308,14371.152475425131,14267.780788008746,0.276,0.251,0.231
name535,54,high school or lower,0,2,LowSkilled,Construction,2148.0,2446.057423743086,-298.057423743086,0.1387604393589785,954.3830716907896,0.2193129265580417,simple loans,60,0.5830728563472419,5055,liquid assets,7818.554462400395,0,0.4182005054714085,0.43830895,0.15,Construction_simple loans,0.9169620722462196,57262.98430144737,21633.289716199863,23418.561197633833,8296.261590193153,23125.982008208455,22704.53530384561,22004.117325465533,0.412,0.446,0.158
name536,33,high school or lower,0,0,LowSkilled,Agriculture,978.0,778.7133849699131,199.2866150300869,0.0,943.1394811118648,0.6113512785533777,mortgages,48,0.7605857526398546,5268,liquid assets,6970.226170916664,1,0.2908362958124185,0.41734925,0.58,Agriculture_mortgages,0.8908583329029403,45270.69509336951,12260.25189191189,16091.580608134356,22907.312745414318,18849.31793267544,17775.294057474763,14332.577770072003,0.304,0.399,0.568
name537,56,high school or lower,0,1,LowSkilled,Manufacturing,2484.0,2364.8519078898485,119.14809211015154,0.0,1834.180626279824,0.3300403469300204,mortgages,24,0.6904317770409308,0,none,4212.081186842626,0,0.349993590730587,0.32744512,0.19,Manufacturing_mortgages,1.0,44020.33503071578,15979.381616149829,13954.446204736903,7835.619635467408,20277.124334299893,20449.357570943237,19602.60627175067,0.363,0.317,0.178
name538,34,bachelor degree,0,0,HighSkilled,Engineering,2666.0,1834.367963921852,831.6320360781481,0.0,2532.865976321817,0.8185528936971729,simple loans,48,0.6381222581559146,13338,liquid assets,22120.88456094253,0,0.14686403420546662,0.20851053,0.07,Engineering_simple loans,0.8961261898047816,121577.56686344722,15252.837846270786,18848.149624320326,6645.8793473036985,45368.26473133733,49404.186056025756,33895.23749319919,0.14,0.173,0.061
name539,58,bachelor degree,0,2,HighSkilled,Engineering,8527.0,7852.227853315313,674.772146684687,0.0,7747.768154974884,0.9001895877032104,simple loans,48,0.8294823511540046,79248,house,119236.35480326452,0,0.21075286049362507,0.26729223,0.24,Engineering_simple loans,0.8523654638723602,371892.8714387944,69737.50077244545,83368.0122870598,71956.42125156872,144008.8510325692,147900.1984925032,146657.75812007784,0.22,0.263,0.227
name540,58,bachelor degree,1,1,HighSkilled,Consultant,11150.0,5311.36838675712,5838.63161324288,0.0,8275.967785568124,0.2281294344226269,simple loans,12,0.2185951724058514,62421,house,109748.01983585258,1,0.10846845399172433,0.18209304,0.34,Consultant_simple loans,0.5631261587683517,99311.6134268175,5704.346673793381,10569.818836734796,20188.91322783736,20980.15543838446,24669.502910202376,25868.30052451623,0.102,0.189,0.361
name541,58,ausbildung,3,0,MediumSkilled,Teacher,4752.0,2725.4971107475285,2026.5028892524715,0.0,1118.8549242589536,0.4440774986712708,auto loans,48,0.0,41981,car,60912.004574022765,1,0.8769747850390806,0.91216516,0.84,Teacher_auto loans,0.33397056258371305,53705.036364429776,15783.593063222494,16411.349605509753,14904.733904020333,2111.7079897547283,1524.661459441478,2713.1311582364574,0.88,0.915,0.831
name542,37,bachelor degree,1,1,HighSkilled,Consultant,4444.0,4458.775273518359,-14.775273518358516,0.0033247690185325,3697.792931494204,0.826592412577297,auto loans,24,0.8354113872665531,15744,liquid assets,33383.8633892686,0,0.3262462210290384,0.2395776,0.13,Consultant_auto loans,0.8317011855396286,88747.03035586089,24726.68847063045,16828.910362100727,8635.888212130636,34300.548176688135,34142.83021293195,29558.01301096905,0.335,0.228,0.117
name543,43,post graduate degree,0,1,HighSkilled,Finance,5357.0,4212.429357870177,1144.5706421298228,0.0,4981.94705773112,0.6471834733141143,mortgages,36,0.7163293663620117,0,none,16122.468694008432,0,0.22324024727516756,0.22701438,0.32,Finance_mortgages,1.0,179350.09407832034,41250.52163801368,43044.02257879688,59185.53104584572,82222.12933682483,82415.63474734052,83485.51300336214,0.23,0.24,0.33
name544,35,bachelor degree,0,0,HighSkilled,Engineering,3029.0,1759.016314773007,1269.983685226993,0.0,1012.4617259022248,0.9312496391417094,mortgages,36,0.0,40612,car,44751.15266829648,1,0.2041508203263413,0.2553695,0.6,Engineering_mortgages,0.052904636143952015,36448.62213248009,404.9432292921237,493.6450795180175,1124.19953655861,871.0902377267532,897.2148616873982,659.7390775806198,0.21,0.256,0.583
name545,44,ausbildung,0,0,MediumSkilled,Nursing,1981.0,2919.276367458772,-938.2763674587718,0.4736377422810559,568.8686187003833,0.8276302177255377,auto loans,36,0.7608000939723145,32184,car,30138.831439250676,0,0.5853909932927799,0.61472756,0.34,Nursing_auto loans,0.0,20479.2702732138,0.0,0.0,0.0,0.0,0.0,0.0,0.612,0.639,0.307
name546,50,bachelor degree,3,1,HighSkilled,Consultant,5545.0,6856.556681913265,-1311.5566819132646,0.2365296090014904,4922.531407737097,0.9118124907307574,mortgages,48,1.1242719728855477,14754,liquid assets,30550.00644327522,1,0.9247377765858685,0.8294316,0.81,Consultant_mortgages,0.9408351910279549,236281.50757138064,208296.93400161865,181843.0010814557,181176.09520951883,16256.395513195504,35720.09783616091,39522.45338243054,0.937,0.818,0.815
name547,51,post graduate degree,0,0,HighSkilled,Engineering,6058.0,5670.366923839583,387.6330761604168,0.0,4261.511564087546,0.8342652424833645,simple loans,24,0.6394649204237585,35274,car,54581.231293367215,0,0.1688790119456173,0.12683177,0.14,Engineering_simple loans,0.7065457972935862,102276.2775381011,11489.796975123061,7804.390398196797,10405.853864262395,31295.14860591804,28695.78394838683,29648.514814749626,0.159,0.108,0.144
name548,36,ausbildung,1,0,MediumSkilled,IT Support,2493.0,1092.2183669075466,1400.7816330924534,0.0,2154.492265085001,0.4094865503469267,mortgages,48,0.3023307789781579,21646,car,26132.598521947868,0,0.30447014940132794,0.2997015,0.16,IT Support_mortgages,0.8220404794764727,103415.62872408004,26778.727401836648,25503.549906511093,13431.869617429176,39689.37092397585,39711.10135902128,36289.513073551614,0.315,0.3,0.158
name549,34,ausbildung,0,0,MediumSkilled,Artist,2173.0,1048.899124888711,1124.100875111289,0.0,1840.988843643746,0.9150183521181764,auto loans,24,0.3299070264760502,0,none,4368.165253406726,0,0.12026282231912634,0.092871875,0.14,Artist_auto loans,1.0,44183.7322474499,5036.945476209289,3490.514847548542,6097.355050148087,17221.103397078146,15578.720894920527,18128.009122212672,0.114,0.079,0.138
name550,36,bachelor degree,0,0,HighSkilled,Consultant,3861.0,3710.202623446005,150.79737655399458,0.0,1628.3718443193193,0.7523214801349868,simple loans,24,0.3826921698433889,67809,house,85469.42072396279,0,0.13438320633960055,0.08095732,0.06,Consultant_simple loans,0.0,39080.92426366366,0.0,0.0,0.0,0.0,0.0,0.0,0.154,0.078,0.06
name551,40,ausbildung,0,0,MediumSkilled,Electrician,2716.0,2189.986873744651,526.0131262553491,0.0,1999.662557385228,0.8735778589731409,simple loans,36,0.5425807920213104,44103,car,49448.65315750258,0,0.34104149689132546,0.3350859,0.2,Electrician_simple loans,0.4790132615912695,71987.85206586821,11689.783040614237,11138.052867605895,7138.009113295417,15943.865916622928,15979.148728363263,15517.032562440032,0.339,0.323,0.207
name552,36,bachelor degree,1,0,HighSkilled,Engineering,4729.0,5861.909148094014,-1132.9091480940142,0.2395663244013563,2724.0516955181765,0.4871732685258696,simple loans,36,0.8155975562724024,55191,house,71714.52462849255,0,0.30926167644063435,0.17689575,0.12,Engineering_simple loans,0.609660560332109,98065.86103865436,19729.672970791333,10642.066026669261,6935.278983672104,27892.439813296216,26193.518839821623,23284.36730995905,0.33,0.178,0.116
name553,30,high school or lower,0,0,LowSkilled,Transportation,864.0,1209.1281369816952,-345.1281369816952,0.3994538622473324,343.1433183329639,0.7006215256861833,mortgages,60,0.7966104806882628,0,none,1027.4514517308617,0,0.41887907592380996,0.5250541,0.36,Transportation_mortgages,1.0,20588.599099977833,8420.737031890932,10994.311919388163,7288.364081392153,9062.506422166418,8009.512170068325,9438.192090418612,0.409,0.534,0.354
name554,59,post graduate degree,0,0,Unemployed_HighSkilled,Engineering,4500.0,2991.1947850871666,1508.8052149128334,0.0,1501.9489822779158,0.5707318845257087,mortgages,24,0.0,10007,liquid assets,23842.40800926668,0,0.16753685008214536,0.1665572,0.17,Engineering_mortgages,0.7366907313822756,36046.77557466998,4142.630772083914,4248.852073932219,3930.188168387303,11476.662428665983,11459.078079685756,11519.949173118475,0.156,0.16,0.148
name555,58,bachelor degree,3,2,HighSkilled,Doctor,6940.0,12406.687381959342,-5466.687381959342,0.7877071155561012,1932.2415867983043,0.5373972176649648,auto loans,36,1.066128093480929,0,none,11157.14447439731,1,0.9416735864374244,0.9004789,0.68,Doctor_auto loans,1.0,69560.69712473896,64900.13041738145,64274.0841432588,46327.42428507615,3963.3119316014063,6675.1070808755885,19789.857051283438,0.933,0.924,0.666
name556,56,bachelor degree,1,0,HighSkilled,Finance,7194.0,6127.47744121224,1066.5225587877603,0.0,3732.2943701647223,0.5933649912358343,mortgages,12,0.3705548806473397,23462,car,43975.9283644729,0,0.3104418655662072,0.2883264,0.07,Finance_mortgages,0.5539541409135301,44787.53244197667,8212.189128043108,7219.779565741825,1811.1474511998395,11572.379715780186,11596.271246249687,7718.750668113748,0.331,0.291,0.073
name557,39,bachelor degree,1,0,HighSkilled,Finance,3833.0,2591.5306031062432,1241.4693968937568,0.0,1855.1194200591449,0.5962965784841654,auto loans,12,0.1600965361767253,31335,car,54648.38300093448,0,0.27639386175014924,0.35784826,0.18,Finance_auto loans,0.0,22261.433040709737,0.0,0.0,0.0,0.0,0.0,0.0,0.251,0.336,0.192
name558,56,ausbildung,0,0,MediumSkilled,IT Support,4474.0,4860.561056346554,-386.5610563465543,0.0864016665951172,2343.170081604328,0.7013190918321819,auto loans,48,0.610132127391793,27681,car,36100.93356562448,1,0.18426073745380686,0.17897369,0.69,IT Support_auto loans,0.7907815848008296,112472.16391700774,16454.06946522996,14408.428396579751,60568.76381525192,39339.56591250537,39075.2865729936,24620.613091873947,0.185,0.162,0.681
name559,47,high school or lower,1,1,LowSkilled,Transportation,2010.0,1769.6379539121417,240.3620460878583,0.0,1618.344138273831,0.2167365645164526,auto loans,24,0.68556322994327,24461,car,24283.616040985453,0,0.300434341106229,0.25024977,0.16,Transportation_auto loans,0.4640745652217261,38840.259318571945,5569.655925016899,4524.218890547708,2739.7660213675363,8419.200321083326,8373.170219234942,7694.344864839239,0.309,0.251,0.152
name560,37,bachelor degree,1,1,HighSkilled,Doctor,3759.0,3133.816112713052,625.183887286948,0.0,1865.7082289034963,0.5642881935933975,simple loans,60,0.3300144564023805,33009,car,44733.940218403535,0,0.30562529133665384,0.19778734,0.12,Doctor_simple loans,0.7490851234818637,111942.49373420978,27001.13507084617,15596.928953967043,10314.098179236269,39142.81668791395,37651.533447214686,32657.628512145267,0.322,0.186,0.123
name561,45,ausbildung,1,0,MediumSkilled,IT Support,2320.0,2545.8524761175267,-225.85247611752675,0.0973502052230718,722.9814371373556,0.5024199741921007,mortgages,36,0.4089801350236561,11705,liquid assets,16683.17839676298,1,0.36874665952606595,0.37070233,0.48,IT Support_mortgages,0.574252273329499,26027.3317369448,5470.329117222815,5709.4691879210795,7204.094629785237,6819.355362045107,6811.718761342556,6175.87727656945,0.366,0.382,0.482
name562,49,high school or lower,1,0,LowSkilled,Construction,1578.0,1420.8514695315912,157.1485304684088,0.0,1354.7586557925863,0.3261476348816671,auto loans,48,0.7589417777719756,23382,car,28258.400057185463,1,0.5152033879741454,0.5552952,0.88,Construction_auto loans,0.6940963107737902,65028.415478044146,23064.487455454375,24869.9267866054,39855.073235158925,17810.345017890777,16746.94544130908,5188.527816844663,0.511,0.551,0.883
name563,49,high school or lower,0,1,LowSkilled,Transportation,1622.0,2541.287957372152,-919.2879573721516,0.5667619959137803,581.7044479161999,0.7569133688020225,auto loans,60,0.9253960575143968,0,none,1588.0640839189175,1,0.5097328492867814,0.6755916,0.86,Transportation_auto loans,1.0,34902.266874971996,18533.103710610132,24012.75960998073,30050.851779350887,13877.798387119163,10046.657023966512,4650.482358260454,0.531,0.688,0.861
name564,60,ausbildung,0,0,Unemployed_MediumSkilled,Teacher,2000.0,1307.0874011325193,692.9125988674807,0.0,1447.8189814809866,0.3200016614884581,mortgages,48,0.377453191306753,32970,car,37913.11774510981,0,0.555263311271276,0.5368799,0.11,Teacher_mortgages,0.5959944137908325,69495.31111108736,23277.375270257595,20999.340323880067,5218.7709680648695,15368.568818926848,15828.166219992225,15621.378385128697,0.562,0.507,0.126
name565,30,bachelor degree,1,0,HighSkilled,Doctor,2988.0,2335.708575727536,652.2914242724642,0.0,2401.9500000288654,0.6647449163387313,auto loans,24,0.5855617723414998,46761,car,53233.07776682644,0,0.22482542108461928,0.11393536,0.12,Doctor_auto loans,0.30936954813470474,57646.80000069277,4333.701965633123,2104.43140717987,2122.2655716474965,8184.231970015761,6815.53252171394,6945.623889757958,0.243,0.118,0.119
name566,52,high school or lower,3,0,LowSkilled,Construction,1757.0,2223.423541653105,-466.42354165310553,0.2654658745891323,1598.9863039269496,0.4962584793385357,mortgages,12,1.175532069197527,7279,liquid assets,9464.89104823246,0,0.9304335048084067,0.8847017,0.38,Construction_mortgages,0.6424752974614178,19187.835647123396,11514.08152763466,10836.057454808206,4647.5468264649535,834.7690069775473,1363.6442024171245,5586.698744790431,0.934,0.879,0.377
name567,36,high school or lower,1,0,LowSkilled,Agriculture,1205.0,1055.7000126399687,149.2999873600313,0.0,1018.753525890389,0.6992601526493193,mortgages,24,0.7215382062492596,14300,liquid assets,15169.34733878001,1,0.5219377353784594,0.69969547,0.77,Agriculture_mortgages,0.4469407351135387,24450.084621369337,5857.2679937249895,7441.79011889313,8272.29826725712,4270.601595207643,2942.663277195188,2317.9454024329457,0.536,0.681,0.757
name568,49,ausbildung,2,0,MediumSkilled,Electrician,3136.0,3546.212651098224,-410.2126510982239,0.1308076055797908,1927.2484186702145,0.3888899034504577,simple loans,60,0.745363861533303,19718,liquid assets,26909.52226655759,1,0.7811654287720662,0.8288626,0.88,Electrician_simple loans,0.8381818709731526,115634.90512021288,77635.38797989387,79864.61884573352,86746.1576054994,19642.135885623306,15622.783791869426,11141.622846618098,0.801,0.824,0.895
name569,60,high school or lower,1,0,Unemployed_LowSkilled,Construction,1100.0,1098.9330857889915,1.0669142110084522,0.0,612.9791523088596,0.8956963454439486,auto loans,24,0.5562838528162284,0,none,1794.8182772445364,1,0.8283894691493479,0.8435874,0.8,Construction_auto loans,1.0,14711.49965541263,11945.737720195057,12416.50570916826,11680.93072639763,2377.4801554354,2178.1098821858423,2743.4431102388335,0.812,0.844,0.794
name570,48,bachelor degree,0,1,HighSkilled,Doctor,8054.0,7929.022329550973,124.97767044902685,0.0,6653.888301187541,0.7989590527124635,auto loans,24,0.8106419953735429,64859,house,68272.83989493096,1,0.10164937507947713,0.15275866,0.66,Doctor_auto loans,0.7185692677644832,159693.319228501,11589.821857955287,19163.36881463894,73669.95676046825,41972.8679454586,48345.644919688864,34374.05993318501,0.101,0.167,0.642
name571,52,high school or lower,0,0,LowSkilled,Agriculture,2160.0,1897.177660178915,262.82233982108505,0.0,691.6226587631438,0.2416846449664821,auto loans,60,0.198518666176879,15860,liquid assets,18748.938754589748,0,0.24079016814190807,0.25471634,0.11,Agriculture_auto loans,0.6376646040072714,41497.359525788626,6112.582783082016,6853.501908304079,2513.832746289141,12246.92532735207,12309.806430030714,9980.089441391705,0.231,0.259,0.095
name572,40,high school or lower,0,0,LowSkilled,Manufacturing,1316.0,752.8928980869536,563.1071019130464,0.0,878.3696782481605,0.3641139664783189,simple loans,24,0.2395612282181718,0,none,2515.812377203029,0,0.2876638179037257,0.26419416,0.11,Manufacturing_simple loans,1.0,21080.872277955852,6513.989533888358,5502.107664546477,2192.4107169074086,9853.191033885852,9830.082131770587,7950.789152133099,0.309,0.261,0.104
name573,58,high school or lower,2,1,LowSkilled,Construction,2065.0,2281.9210024317576,-216.92100243175764,0.1050464902817228,1795.9496894555696,0.833814081618353,auto loans,48,0.9747557829962844,17435,liquid assets,19718.22506343253,1,0.8774134689673158,0.8795265,0.91,Construction_auto loans,0.8086447047450529,86205.58509386734,61832.49494627154,61623.36587655472,63087.26936457243,8179.258138216885,8043.748555245355,6067.6765419601115,0.887,0.884,0.905
name574,55,ausbildung,1,0,MediumSkilled,Nursing,4915.0,2342.431732838817,2572.568267161183,0.0,4276.690010545233,0.3050987374191231,auto loans,12,0.3467185642693897,15166,liquid assets,29675.26074168146,1,0.35268079477618236,0.4464047,0.79,Nursing_auto loans,0.7191091571920172,51320.2801265428,12067.89686809065,16348.863341174794,27973.90160860157,16978.623162682932,15829.788549296354,7200.289083480013,0.327,0.443,0.758
name575,60,post graduate degree,0,0,HighSkilled,Engineering,4500.0,7006.447599805149,-2506.4475998051494,0.5569883555122555,1144.2093620262192,0.9049440837796,auto loans,12,0.811257102629193,22641,car,29316.49248871783,0,0.38899472466555157,0.3314482,0.21,Engineering_auto loans,0.0,13730.51234431463,0.0,0.0,0.0,0.0,0.0,0.0,0.39,0.304,0.199
name576,34,bachelor degree,1,0,HighSkilled,Research,3308.0,1784.9274521052064,1523.0725478947936,0.0,1507.9936570677562,0.882299146078743,auto loans,36,0.0,49868,car,57932.40017959676,1,0.314580799947828,0.40679684,0.43,Research_auto loans,0.2186309683549285,54287.771654439224,3572.5654140790275,5079.926901082471,4700.11928230995,5531.701196029931,5276.845655950354,5172.756221801099,0.301,0.428,0.396
name577,38,high school or lower,0,0,Unemployed_LowSkilled,Agriculture,600.0,455.4380510048572,144.5619489951428,0.0,281.0564907483149,0.469554927255482,mortgages,12,0.2274909029219534,6464,liquid assets,6823.573510682794,0,0.4787152557961286,0.5372568,0.32,Agriculture_mortgages,0.0,3372.677888979779,0.0,0.0,0.0,0.0,0.0,0.0,0.49,0.533,0.306
name578,54,bachelor degree,0,0,HighSkilled,Consultant,7667.0,9103.044934891184,-1436.0449348911843,0.1873020653307922,3985.1837069909234,0.2814734182828391,simple loans,60,0.7070860365047748,24754,car,41601.72358313784,0,0.1784198386433385,0.14694592,0.18,Consultant_simple loans,0.9118368353885354,239111.0224194554,37283.170696199944,35538.92879228416,38155.291648157836,95718.87107844524,90807.05109803077,95918.66026190146,0.171,0.163,0.175
name579,51,ausbildung,0,0,MediumSkilled,Teacher,2547.0,3161.4140949782263,-614.4140949782263,0.241230504506567,637.3331234266643,0.3387743804930381,auto loans,24,0.4914594497074561,13015,liquid assets,16713.054262382975,0,0.3010112993175334,0.27158254,0.2,Teacher_auto loans,0.19386891275021154,15295.994962239944,966.7262395604678,776.9394931436888,563.4294034248124,1385.0349025216115,1384.5322225507575,1334.4055065954246,0.326,0.262,0.19
name580,37,bachelor degree,0,3,HighSkilled,Engineering,5400.0,4379.410172111587,1020.5898278884132,0.0,4306.304187491238,0.4006168070912811,auto loans,48,0.6084656221486712,44056,car,58274.11292456247,0,0.14228415385844176,0.12247518,0.12,Engineering_auto loans,0.8183825962755239,206702.60099957942,21991.035464182136,19453.608295238046,20637.740974078617,69759.08450274757,66361.18536546711,65881.09690675068,0.13,0.115,0.122
name581,50,high school or lower,0,0,LowSkilled,Construction,1759.0,1924.8166626173684,-165.81666261736837,0.0942675739723526,930.3426077574532,0.4302481297555662,auto loans,24,0.6231718421687444,23790,car,27291.32552677768,0,0.303198601655595,0.26878116,0.21,Construction_auto loans,0.09374916736477386,22328.222586178876,577.7376282283317,491.91428490455763,403.9976893045942,977.4334132987656,976.913787714489,950.3868100723452,0.276,0.235,0.193
name582,40,bachelor degree,0,0,HighSkilled,Doctor,3911.0,5248.161701273297,-1337.1617012732968,0.3418976479860129,3595.899827610842,0.8134145366966731,simple loans,48,1.2613299741457782,65179,house,71336.09482589904,0,0.22211009789385122,0.18562506,0.17,Doctor_simple loans,0.7385129285216507,172603.19172532042,30210.316196600328,23836.831766937812,22434.665192412056,58394.6985648064,56474.78573941561,55297.54609125644,0.237,0.187,0.176
name583,31,bachelor degree,1,1,Unemployed_HighSkilled,Consultant,1500.0,1274.725557641539,225.27444235846133,0.0,1020.7020908292988,0.2186142462360624,auto loans,48,0.5302850989805583,18351,liquid assets,24856.21077691348,1,0.28895163565807735,0.2926791,0.34,Consultant_auto loans,0.6443125660957424,48993.70035980634,8996.668188385524,9438.609783604463,11332.645191685626,14754.413717977905,14752.97753837771,14601.551396095603,0.285,0.299,0.359
name584,50,ausbildung,0,0,MediumSkilled,Nursing,2310.0,2872.413429795467,-562.413429795467,0.2434690172274748,1153.5623869056876,0.2161656232621039,simple loans,48,0.7428466738966037,39814,car,47143.07147539467,0,0.38719484338933335,0.24729238,0.27,Nursing_simple loans,0.38722057645328345,55370.994571473006,8233.262759714844,4867.058975143931,5660.368147303955,9670.788532736347,9949.533367561933,10008.260593803336,0.384,0.227,0.264
name585,30,post graduate degree,1,1,HighSkilled,Consultant,2482.0,2590.625659278369,-108.62565927836886,0.0437653744070785,1220.9045053600978,0.9912521734550194,simple loans,24,0.5356688818043782,72888,house,73694.09732941388,0,0.4790491761759054,0.43332878,0.43,Consultant_simple loans,0.0,29301.70812864235,0.0,0.0,0.0,0.0,0.0,0.0,0.512,0.44,0.422
name586,53,bachelor degree,0,0,HighSkilled,Doctor,6573.0,14728.300973774112,-8155.300973774112,1.2407273655521245,4579.986942850035,0.4795796443672538,auto loans,48,1.937515277137403,60807,house,60992.71164744318,1,0.6416937210626552,0.64317167,0.93,Doctor_auto loans,0.8084016393225234,219839.3732568017,115161.59430402562,116050.1868526678,166344.5251058148,55620.803912180774,55430.66528119328,12107.516555627031,0.648,0.653,0.936
name587,51,high school or lower,1,0,LowSkilled,Cleaning Services,1479.0,2097.7073912295123,-618.7073912295123,0.4183281887961543,566.0743602474714,0.2225983336796003,simple loans,48,0.8010694736152695,0,none,1907.33848056802,0,0.6421346653215342,0.4839994,0.29,Cleaning Services_simple loans,1.0,27171.56929187863,17362.632777510444,13178.211106561135,7879.755094644802,8495.256641961612,11172.850680676462,12699.682974294981,0.639,0.485,0.29
name588,52,high school or lower,0,0,LowSkilled,Transportation,2802.0,1445.6882304174212,1356.3117695825788,0.0,1899.4042889370303,0.3767803461158844,mortgages,36,0.1938231689344938,0,none,5658.937512562184,0,0.18078065918547945,0.16625631,0.14,Transportation_mortgages,1.0,68378.5544017331,12308.139792311957,11282.461476285962,9504.619061840902,30112.454354464597,29492.501097488068,28054.829117109624,0.18,0.165,0.139
name589,49,bachelor degree,0,0,HighSkilled,Doctor,5999.0,6696.429747279947,-697.4297472799472,0.1162576674912397,3364.299502085031,0.478577906835465,auto loans,36,0.677067719514082,42210,car,65118.75080111882,0,0.11413248852534057,0.07043627,0.17,Doctor_auto loans,0.7030340117869359,121114.78207506111,9451.407035311307,6471.233645798732,12431.58042482388,32561.078651332675,26567.46365599726,36937.91882944132,0.111,0.076,0.146
name590,31,bachelor degree,0,0,HighSkilled,Engineering,3026.0,2294.6397101110083,731.3602898889917,0.0,611.4880884143131,0.6411371652636733,auto loans,48,0.0,44153,car,52580.15395569069,0,0.14041335043583086,0.15941574,0.12,Engineering_auto loans,0.0,29351.42824388703,0.0,0.0,0.0,0.0,0.0,0.0,0.124,0.15,0.112
name591,42,bachelor degree,1,0,HighSkilled,Doctor,5083.0,4129.306424834751,953.6935751652492,0.0,3259.274153099508,0.610221972574462,simple loans,48,0.4535865783856499,49103,car,68608.48301577407,0,0.27171920844134073,0.14900935,0.1,Doctor_simple loans,0.7327035079236981,156445.1593487764,32095.816774708514,16735.675889669437,10316.512534727735,53519.94858809641,47941.67352894563,41655.37782737348,0.28,0.146,0.09
name592,42,ausbildung,1,0,MediumSkilled,Teacher,2335.0,2706.458791133149,-371.45879113314913,0.1590829940613058,2203.6617268903287,0.5437298071342843,auto loans,36,1.1028353396246158,49480,car,60097.86796548753,1,0.5883590935745296,0.7155795,0.85,Teacher_auto loans,0.468769374849834,79331.82216805183,22498.938853466596,26961.538295476497,31386.949408802982,13012.495022344796,9548.004985669777,5291.500076317806,0.605,0.725,0.844
name593,45,high school or lower,0,1,LowSkilled,Agriculture,1795.0,987.2419284146744,807.7580715853256,0.0,1543.1214770032102,0.407953126520013,simple loans,60,0.4096732063609384,18937,liquid assets,17303.262235825703,0,0.30368277040343244,0.31595123,0.21,Agriculture_simple loans,0.8063161396501543,92587.28862019262,22172.423666849783,24710.68092164067,15901.435155013482,34857.48176979448,34783.63691216067,33894.99290260792,0.297,0.331,0.213
name594,58,post graduate degree,0,3,HighSkilled,Engineering,10226.0,5592.440407376344,4633.559592623656,0.0,8140.11329621421,0.4619995132471166,auto loans,24,0.3429057015050415,72012,house,90870.53786519812,0,0.09521151145602746,0.1890634,0.18,Engineering_auto loans,0.7441376877811945,195362.71910914104,13810.792397269704,26894.70098415679,25295.556601315035,51788.19848874865,64668.64240570248,63956.01078170886,0.095,0.185,0.174
name595,44,bachelor degree,1,0,HighSkilled,Doctor,8172.0,4222.583733295643,3949.416266704357,0.0,3425.860076799692,0.7383582928930479,auto loans,24,0.0,28701,car,60702.712683897415,0,0.1417791716598872,0.10464963,0.11,Doctor_auto loans,0.7028139083004791,82220.6418431926,8263.370921060698,5489.6520104948695,7223.226329598512,23803.279994679346,21380.034663740556,21794.297233071757,0.143,0.095,0.125
name596,39,high school or lower,0,0,LowSkilled,Cleaning Services,1216.0,1354.6181175975596,-138.6181175975596,0.113995162497993,1009.836319568016,0.7440987995554686,auto loans,60,0.9444526621427431,0,none,2037.604770466424,0,0.35520093279210785,0.34108508,0.12,Cleaning Services_auto loans,1.0,60590.179174080964,20661.25109836161,20903.61181505793,7694.952755108283,27842.069432920158,28014.425412293156,23597.214028173148,0.341,0.345,0.127
name597,42,bachelor degree,0,0,HighSkilled,Doctor,5590.0,4547.539266469354,1042.4607335306464,0.0,4952.055027337662,0.4888841121795225,auto loans,24,0.6993907502338131,77228,house,103258.41801937512,0,0.06724357470681863,0.12804656,0.11,Doctor_auto loans,0.5489407178045136,118849.3206561039,3914.4738834924287,7959.430229767939,7241.776684460993,19916.867405396977,25992.256274553576,24606.158036548004,0.06,0.122,0.111
name598,46,ausbildung,1,0,MediumSkilled,Teacher,2407.0,3029.773208624093,-622.7732086240931,0.2587341955230964,1058.0922454846525,0.9754092097721324,auto loans,12,0.6983238280468407,18037,liquid assets,19919.858904216588,1,0.6740125212549017,0.78588325,0.81,Teacher_auto loans,0.0,12697.10694581583,0.0,0.0,0.0,0.0,0.0,0.0,0.685,0.776,0.785
name599,35,high school or lower,1,0,LowSkilled,Construction,836.0,1021.9618283204557,-185.96182832045565,0.2224423783737507,425.9954113838089,0.6280656760755041,simple loans,24,0.7320062675888332,0,none,1211.4387396313778,0,0.6259778723616334,0.62320143,0.38,Construction_simple loans,1.0,10223.889873211414,6441.050620123191,6185.453373292905,3864.6303720739147,3314.572145642382,3334.5557808324793,4633.284754314493,0.63,0.605,0.378
name600,54,post graduate degree,1,1,HighSkilled,Consultant,6596.0,7283.952631620915,-687.9526316209149,0.1042984584022005,3232.630735202493,0.8570932190917628,auto loans,48,0.5943880180144645,26016,car,40436.078729001405,1,0.5216872063679434,0.41232002,0.8,Consultant_auto loans,0.8575178880261102,155166.27528971966,69190.08547324558,54686.77909519987,105914.05391673747,52018.437145780976,58892.86541119582,24813.01490128632,0.52,0.411,0.796
name601,34,post graduate degree,1,0,HighSkilled,Doctor,2636.0,2362.941040859275,273.0589591407252,0.0,560.0267057149723,0.8162867667457623,auto loans,60,0.1088648507489556,13120,liquid assets,18122.6082496514,1,0.36278948318714943,0.36483362,0.84,Doctor_auto loans,0.6307620637488843,33601.60234289834,7947.981014653464,7714.840238223628,17761.08824074561,9701.878371263187,9691.244080177592,3206.071024530488,0.375,0.364,0.838
name602,49,bachelor degree,0,0,HighSkilled,Research,7343.0,5099.229043608488,2243.7709563915123,0.0,6332.879279034139,0.6507892275225315,auto loans,12,0.556871622312764,22721,car,38402.93333664874,0,0.06813151009949023,0.09867187,0.02,Research_auto loans,0.7455708749460366,75994.55134840966,4022.812013937535,5099.339172596876,1189.8458069392711,17404.681173941182,20479.45821051162,8857.492035541341,0.071,0.09,0.021
name603,35,ausbildung,1,1,MediumSkilled,Teacher,2018.0,2520.1922348068674,-502.1922348068674,0.2488564097159898,837.1597934302057,0.3339955323597555,simple loans,48,0.6637026899093524,44752,car,52351.57910943529,1,0.6613503720503572,0.7136667,0.85,Teacher_simple loans,0.051144275797759035,40183.67008464987,1366.6845290747024,1442.7256231735955,1744.8348348637928,613.5704219767514,530.7860077062404,292.4278820895155,0.665,0.702,0.849
name604,39,high school or lower,1,3,LowSkilled,Construction,1090.0,1919.3555754329225,-829.3555754329225,0.7608766747091031,234.64848691367925,0.6491734033646408,simple loans,24,0.9761505159143136,7131,liquid assets,8566.945875628184,1,0.8761325671461938,0.868561,0.67,Construction_simple loans,0.0,5631.563685928302,0.0,0.0,0.0,0.0,0.0,0.0,0.879,0.87,0.653
name605,43,high school or lower,0,0,LowSkilled,Manufacturing,1430.0,1991.057244163472,-561.0572441634718,0.392347723191239,739.6280611842186,0.9254899272650872,simple loans,24,0.9095701435997834,14244,liquid assets,16082.114762295008,1,0.5915543409123446,0.45727807,0.78,Manufacturing_simple loans,0.2418575114828036,17751.073468421248,2464.314281296729,2086.5100012373,3267.148376423015,1493.1479146149893,1820.6544577290488,874.3112803455344,0.574,0.486,0.761
name606,46,ausbildung,1,1,MediumSkilled,Artist,3490.0,2167.6805359608747,1322.3194640391253,0.0,1393.3843490649072,0.2815094189098941,auto loans,48,0.020362431239479,46662,car,50636.46158099568,0,0.2686089416741872,0.2360104,0.4,Artist_auto loans,0.40537714588746016,66882.44875511555,7130.6180570003335,6669.703581833011,10085.893221308455,12653.010343619133,12520.298217454721,12117.49698694681,0.263,0.246,0.372
name607,43,high school or lower,0,1,LowSkilled,Agriculture,1817.0,1759.475966326563,57.52403367343709,0.0,1682.8831323855206,0.9794282719679605,mortgages,48,0.894528948107916,9424,liquid assets,13341.947602595832,0,0.42499517256426056,0.57208806,0.12,Agriculture_mortgages,0.8899539081131547,80778.39035450498,32781.404149309245,41695.645628507365,7548.349639643575,31473.848013263276,25914.908343968087,27997.625771818715,0.456,0.58,0.105
name608,46,high school or lower,0,0,LowSkilled,Transportation,1986.0,2495.747995265121,-509.74799526512106,0.2566706924799199,1885.6725072372844,0.518498791235453,mortgages,24,1.2061533245228628,18727,liquid assets,20313.18209411307,0,0.2653809427588457,0.19452414,0.43,Transportation_mortgages,0.6078175797726421,45256.140173694825,7234.466606229603,5446.480562864872,11498.12563271473,12829.867377964712,12309.836072931503,11988.340944671425,0.263,0.198,0.418
name609,51,high school or lower,0,1,Unemployed_LowSkilled,Construction,1000.0,765.7715692087321,234.2284307912679,0.0,656.7773911931296,0.5288695093788403,auto loans,24,0.4225489604018617,19129,liquid assets,17512.854154431054,1,0.5869240108663287,0.6320702,0.78,Construction_auto loans,0.0,15762.65738863511,0.0,0.0,0.0,0.0,0.0,0.0,0.574,0.64,0.79
name610,51,post graduate degree,1,0,HighSkilled,Consultant,9096.0,3268.777627743507,5827.222372256493,0.0,3231.5022960164374,0.7319188323919159,simple loans,24,0.0,14152,liquid assets,39095.34484465639,0,0.18262592130739486,0.12040685,0.11,Consultant_simple loans,0.8267443928154597,77556.0551043945,12182.616400424544,7822.522109746286,7181.3317728818365,28303.066376461662,25001.805153925787,24182.913816736847,0.19,0.122,0.112
name611,34,ausbildung,0,1,MediumSkilled,Teacher,1822.0,1229.0543523805104,592.9456476194896,0.0,1035.0611113852387,0.9587482741160605,auto loans,48,0.2426539318143519,10465,liquid assets,11813.091940345155,0,0.3989582296362258,0.36806917,0.36,Teacher_auto loans,0.8014994464044656,49682.93334649146,16366.366708487736,14454.96621698552,14494.787060558483,17811.121409172854,18175.55202469452,18254.606300267395,0.411,0.363,0.364
name612,41,ausbildung,0,0,MediumSkilled,Teacher,3869.0,2018.381573609361,1850.618426390639,0.0,3199.963933185332,0.4178188874212187,auto loans,12,0.3487582080110346,0,none,8603.542964079845,0,0.16039676450614812,0.14519228,0.13,Teacher_auto loans,1.0,38399.56719822398,6105.531184517613,5644.736378138925,4915.14460137267,16403.04278353932,15934.62490392866,15377.311614127144,0.159,0.147,0.128
name613,40,high school or lower,1,0,LowSkilled,Agriculture,1268.0,1373.7283036308338,-105.7283036308338,0.083381942926525,1091.8002289494516,0.9168455976970188,simple loans,12,0.944423132949752,0,none,1723.6178778287422,1,0.526052869899464,0.7303827,0.77,Agriculture_simple loans,1.0,13101.60274739342,7101.068689087234,9393.849169881081,10166.843731977293,5089.368106076196,3208.0347042088083,2779.0561638210793,0.542,0.717,0.776
name614,55,bachelor degree,0,3,HighSkilled,Engineering,8204.0,8843.45526474567,-639.4552647456694,0.0779443277359421,3228.699325777752,0.5739975804986832,auto loans,12,0.4714961714436154,11764,liquid assets,31040.36375479078,0,0.130452400059475,0.088201776,0.23,Engineering_auto loans,0.7116842862052156,38744.391909333026,3143.4103386511642,2178.328217135456,5873.214053795596,11054.99993093681,9513.293718085775,12692.834953201756,0.114,0.079,0.213
name615,34,ausbildung,0,0,MediumSkilled,IT Support,2051.0,2120.8598266097683,-69.85982660976833,0.0340613489077368,1340.3045428320029,0.52177451187491,auto loans,24,0.6875496681822384,39517,car,44744.19259786809,0,0.11552190948926878,0.14430724,0.17,IT Support_auto loans,0.0,32167.30902796807,0.0,0.0,0.0,0.0,0.0,0.0,0.127,0.146,0.173
name616,47,ausbildung,0,4,MediumSkilled,Electrician,3057.0,3305.634704744375,-248.63470474437509,0.0813329096317877,2608.634448814935,0.3963482490814972,mortgages,12,0.9346644270720672,0,none,5116.778719488898,0,0.3386832733557639,0.28758982,0.09,Electrician_mortgages,1.0,31303.613385779216,10705.835777936492,8890.226201561296,2692.1107511770124,14486.84311562699,14631.29619712267,10892.992514163507,0.342,0.284,0.086
name617,59,ausbildung,0,1,MediumSkilled,Artist,3835.0,3558.74503564619,276.25496435381,0.0,2321.5124679863925,0.6398225177700321,mortgages,24,0.5333135602692523,34606,car,44408.99205024505,0,0.17390279250315266,0.1479355,0.15,Artist_mortgages,0.471333858368484,55716.299231673416,4753.237070648851,3624.015004141114,3860.3638087590116,11457.455307559827,10959.555026952805,11004.986197177323,0.181,0.138,0.147
name618,58,ausbildung,0,0,MediumSkilled,Nursing,4121.0,3774.835501095765,346.1644989042352,0.0,1601.330714378525,0.4114910157052855,auto loans,24,0.3045780673317859,13671,liquid assets,20467.36280047904,0,0.23301473067969117,0.20955932,0.09,Nursing_auto loans,0.6626320468564598,38431.9371450846,6341.092060601448,4685.786904219544,1960.8999544831788,11742.008914694805,11558.084253487268,8861.70819712445,0.249,0.184,0.077
name619,54,high school or lower,0,0,Unemployed_LowSkilled,Manufacturing,1000.0,640.6279354821943,359.3720645178057,0.0,319.0159168254656,0.6558455500276767,auto loans,12,0.0,0,none,1733.556767205574,0,0.613497538691427,0.6720527,0.22,Manufacturing_auto loans,1.0,3828.1910019055867,2388.7911851890863,2545.7470162672153,930.2504134630576,1274.4619730805116,1112.2009352174964,1751.2281422064634,0.624,0.665,0.243
name620,51,ausbildung,1,0,Unemployed_MediumSkilled,Teacher,1750.0,1730.1155322155992,19.88446778440084,0.0,1056.1114817019372,0.3540022066968299,auto loans,12,0.5921297222385923,15866,liquid assets,21172.55388449136,0,0.620652095193031,0.77369845,0.58,Teacher_auto loans,0.0,12673.337780423248,0.0,0.0,0.0,0.0,0.0,0.0,0.626,0.783,0.595
name621,39,high school or lower,3,0,Unemployed_LowSkilled,Transportation,600.0,434.4201553571697,165.57984464283027,0.0,415.620189242572,0.970562460803852,auto loans,24,0.4167339076662361,23192,car,21937.20398896634,1,0.9505538898212791,0.8180305,0.66,Transportation_auto loans,0.0,9974.884541821728,0.0,0.0,0.0,0.0,0.0,0.0,0.946,0.824,0.64
name622,60,ausbildung,0,1,MediumSkilled,Teacher,2397.0,3501.9788534158133,-1104.978853415813,0.4609840856970435,592.2639232945988,0.4961927304847911,simple loans,12,0.7080695772675896,10858,liquid assets,13767.994545871632,1,0.4788025033418547,0.5640522,0.8,Teacher_simple loans,0.0,7107.167079535186,0.0,0.0,0.0,0.0,0.0,0.0,0.509,0.566,0.809
name623,43,post graduate degree,0,0,HighSkilled,Consultant,7151.0,3711.0441272681,3439.9558727319,0.0,2585.3480746108507,0.8702468273089379,simple loans,12,0.0,19928,liquid assets,45021.59913809413,0,0.11368907206913545,0.067249075,0.07,Consultant_simple loans,0.39011826084978574,31024.17689533021,1621.8151232501118,714.0827781474372,883.5261492332698,4621.625564219295,3694.981336226639,3765.41294314407,0.134,0.059,0.073
name624,60,bachelor degree,2,1,HighSkilled,Research,6403.0,8765.37859176866,-2362.37859176866,0.3689487102559207,2628.878373186961,0.8111785581276155,mortgages,24,0.7795185014767485,75707,house,98868.20329371198,0,0.7769169626577633,0.4962578,0.17,Research_mortgages,0.1684438457092783,63093.08095648707,8300.187772480818,5165.033620263352,1732.3055146150748,2192.1378956149742,4302.772732166937,4610.370396678914,0.781,0.486,0.163
name625,39,high school or lower,0,3,LowSkilled,Agriculture,1061.0,1072.796735524789,-11.796735524789028,0.0111185066209133,905.5232228037592,0.9851615136468436,mortgages,24,0.8645805450787448,6095,liquid assets,6453.870006449385,1,0.44021719296721135,0.61364365,0.76,Agriculture_mortgages,0.7375735144510633,21732.557347290218,7581.886665407508,9906.143677001777,11829.666721079791,6918.211479442627,5334.794108380429,3534.5214664462974,0.473,0.618,0.738
name626,53,ausbildung,0,0,MediumSkilled,Teacher,3787.0,2567.741199293847,1219.2588007061531,0.0,851.7311903752767,0.2665538653602595,simple loans,12,0.0,40421,car,46856.74800652099,0,0.20214298532322122,0.17918949,0.18,Teacher_simple loans,0.0,10220.77428450332,0.0,0.0,0.0,0.0,0.0,0.0,0.204,0.181,0.182
name627,43,ausbildung,1,0,MediumSkilled,Artist,2666.0,1797.888598584519,868.1114014154809,0.0,1226.646086577431,0.7626320234012484,simple loans,24,0.1344841279677233,26257,car,32211.235253222738,0,0.30151772662771437,0.2790416,0.56,Artist_simple loans,0.24190098242007824,29439.506077858347,2179.162305311914,2022.4905055836068,3945.280774976473,3325.975888293253,3327.5428170933933,2621.5219990877727,0.306,0.284,0.554
name628,54,ausbildung,1,0,MediumSkilled,Electrician,3316.0,2555.168726694904,760.8312733050961,0.0,675.9198075020067,0.5756953782395775,auto loans,24,0.0,32746,car,39148.68242287036,1,0.4745001512701652,0.3871193,0.46,Electrician_auto loans,0.0,16222.075380048162,0.0,0.0,0.0,0.0,0.0,0.0,0.495,0.396,0.471
name629,41,bachelor degree,0,0,HighSkilled,Engineering,6735.0,6871.602046499717,-136.6020464997173,0.0202824122494012,3618.9802472415295,0.9745676612909044,auto loans,24,0.5576217214166663,44746,car,58291.48783983191,0,0.14782319402100821,0.116836764,0.1,Engineering_auto loans,0.5618566593541496,86855.52593379671,7564.055125379663,5660.841255122845,5465.639832532402,20361.31456787046,18822.933417006538,17733.87587318591,0.155,0.116,0.112
name630,54,high school or lower,0,0,LowSkilled,Agriculture,1756.0,1593.4458802933304,162.55411970666955,0.0,1273.153983738843,0.2210292449526198,auto loans,36,0.6324600592438345,0,none,3135.207562533073,0,0.18166205844533612,0.14773992,0.14,Agriculture_auto loans,1.0,45833.543414598345,8341.704901456898,5637.5258399955965,5408.358122922605,20206.93311930999,19120.209118748935,18804.905128201877,0.182,0.123,0.118
name631,30,post graduate degree,0,1,HighSkilled,Doctor,2820.0,2123.0388090097395,696.9611909902605,0.0,2294.2566324764566,0.877962831877712,auto loans,48,0.5664168232220553,29856,car,35705.90457455432,0,0.1757909483214691,0.1762547,0.11,Doctor_auto loans,0.7696869290733266,110124.31835886992,15680.83095657741,14917.979720852021,9493.259822360378,37078.808871898866,37102.55846383065,31968.260398572882,0.185,0.176,0.112
name632,30,bachelor degree,1,1,HighSkilled,Engineering,3183.0,2586.635984820174,596.3640151798259,0.0,2989.0482529804426,0.9133404234006068,auto loans,12,0.7517072691802126,11822,liquid assets,21030.15890194968,1,0.2697555682810134,0.4194549,0.36,Engineering_auto loans,0.6879410884787053,35868.57903576531,6390.946549748654,10289.670699788372,9105.248173194026,11517.734427902822,10856.031832640023,11311.688477779528,0.259,0.417,0.369
name633,36,ausbildung,1,1,MediumSkilled,Nursing,1676.0,1588.597215020502,87.40278497949794,0.0,1523.183599409899,0.9603583030793552,mortgages,24,0.8566711303284016,44278,car,50011.86957624607,1,0.7032541240240672,0.7897238,0.47,Nursing_mortgages,0.0,36556.406385837574,0.0,0.0,0.0,0.0,0.0,0.0,0.702,0.77,0.463
name634,53,ausbildung,0,0,MediumSkilled,Teacher,1991.0,3888.9459209021775,-1897.9459209021784,0.9532626423416264,1976.1526631702664,0.5697205796595126,simple loans,24,1.945805416410068,32928,car,34308.77070438361,1,0.6740997792692585,0.70605975,0.82,Teacher_simple loans,0.4097672685581689,47427.66391608639,13487.407182110746,13759.487442268599,15916.69521923444,5616.155458755116,5136.269013768196,3284.758597129685,0.694,0.708,0.819
name635,31,bachelor degree,1,0,HighSkilled,Consultant,1829.0,3761.1578254334113,-1932.1578254334115,1.0564012167487211,1610.060144917254,0.699153170978579,mortgages,12,1.936696539284125,0,none,2140.078515515451,1,0.7221770921455809,0.78864825,0.79,Consultant_mortgages,1.0,19320.72173900705,14026.843982519118,15244.049452076564,15359.973782510606,4858.631892068581,3791.9526252650176,3769.5494213399325,0.726,0.789,0.795
name636,60,bachelor degree,0,1,HighSkilled,Engineering,9895.0,14191.044223494491,-4296.044223494493,0.434163135269782,4512.438316665317,0.882082171667245,auto loans,24,0.8901953047154937,71566,house,89777.38079055745,1,0.3285989507211865,0.36957002,0.74,Engineering_auto loans,0.5422512747412386,108298.5195999676,17676.228102007106,21141.00371004172,42399.45744069479,27270.779058146163,26781.22410333404,13919.650311391339,0.301,0.36,0.722
name637,49,high school or lower,0,0,Unemployed_LowSkilled,Agriculture,900.0,664.395144106706,235.60485589329403,0.0,232.2571367413054,0.6909813227116939,mortgages,60,0.0,22412,car,24055.1637295745,0,0.6920506351281563,0.62915206,0.19,Agriculture_mortgages,0.0,13935.428204478325,0.0,0.0,0.0,0.0,0.0,0.0,0.708,0.667,0.205
name638,50,high school or lower,0,1,LowSkilled,Manufacturing,1847.0,1165.2250186688573,681.7749813311427,0.0,465.4412677818275,0.4318287592347922,auto loans,48,0.0,16017,liquid assets,19656.554448464707,1,0.3944601020693566,0.31110653,0.43,Manufacturing_auto loans,0.32053358558724815,22341.18085352772,2842.956225678063,2076.718653517981,3093.594683861268,3213.616492386227,3339.791825391069,3120.958427905134,0.397,0.29,0.432
name639,49,high school or lower,1,0,LowSkilled,Transportation,1542.0,1186.054726425326,355.94527357467405,0.0,1539.1144557203968,0.8357168207194681,auto loans,36,0.7672951894589641,21464,car,25561.02026223459,1,0.44048700075425384,0.50483996,0.73,Transportation_auto loans,0.6711736235769883,55408.120405934285,15693.533896242094,18817.36528791114,26143.493670754007,16046.148160512641,14885.97211228033,9117.42175365176,0.422,0.506,0.703
name640,45,bachelor degree,1,4,HighSkilled,Consultant,7062.0,4795.912347003837,2266.087652996164,0.0,3738.708079788893,0.5171551707690676,mortgages,48,0.2085273898035585,33514,car,50339.55877193095,0,0.43141578613425874,0.37229064,0.26,Consultant_mortgages,0.8409859965681451,179457.98782986688,65198.15484647673,56293.77721698106,36824.88375588037,65688.43681158272,68718.42894145478,70308.94838563849,0.432,0.373,0.244
name641,43,bachelor degree,1,1,HighSkilled,Doctor,5988.0,6107.849621530647,-119.8496215306468,0.0200149668554854,3798.8999117513554,0.4880329773726179,auto loans,24,0.6544337897932535,46618,car,66804.70622764374,1,0.22634619482805096,0.13501549,0.74,Doctor_auto loans,0.5641906845167721,91173.59788203253,11162.326927965825,7252.94053844784,38322.274476196035,23628.044619275795,20859.915958840018,12192.709534739233,0.217,0.141,0.745
name642,52,bachelor degree,0,2,HighSkilled,Finance,5579.0,9697.889181588493,-4118.889181588493,0.7382844921291437,4564.852950887024,0.8853033974448679,auto loans,60,1.5565051321877603,61245,house,76767.74268695233,1,0.6587569997565714,0.6853007,0.87,Finance_auto loans,0.8452713947877035,273891.17705322144,148630.94619310196,160438.07743274086,202573.33009184457,69564.02158406842,64925.34296723158,28737.768004674974,0.642,0.693,0.875
name643,59,high school or lower,1,1,LowSkilled,Manufacturing,2257.0,1615.1378436060209,641.8621563939791,0.0,1090.2967591055433,0.7928439120164748,mortgages,24,0.1986861332350749,0,none,4485.023073215103,1,0.7286415540624083,0.7692514,0.85,Manufacturing_mortgages,1.0,26167.12221853304,19468.338930588583,20410.35533045577,21901.881296912154,6444.089237166183,5566.960652529747,3723.3006730451066,0.744,0.78,0.837
name644,32,bachelor degree,1,1,HighSkilled,Engineering,2550.0,2201.3736015589216,348.62639844107844,0.0,1699.438110943393,0.4401235071301816,simple loans,24,0.529730083334241,31315,car,38832.72570212898,1,0.2517092936082765,0.28291738,0.8,Engineering_simple loans,0.34618837708031125,40786.514662641435,3685.272319951583,3911.1893970367382,11324.09348889337,6562.371478135105,6598.995865475666,2633.1044724021826,0.261,0.277,0.802
name645,41,bachelor degree,0,0,HighSkilled,Doctor,5210.0,8252.278090703205,-3042.2780907032047,0.5839305356436093,2540.2989066181917,0.4953277229102678,simple loans,12,1.071511899677811,18306,liquid assets,21432.764463115243,0,0.21531655451891057,0.098639436,0.17,Doctor_simple loans,0.4306873334296717,30483.5868794183,2980.2591074483257,1378.5339483791813,2284.4276858855005,5985.740194568683,4744.796943984596,5695.437639976574,0.227,0.105,0.174
name646,54,high school or lower,1,0,LowSkilled,Agriculture,2429.0,984.0634112418128,1444.936588758187,0.0,1100.9984061932391,0.4612561353594037,mortgages,48,0.0,8084,liquid assets,12589.897240965429,0,0.5396022402667348,0.6054847,0.2,Agriculture_mortgages,0.855474385396114,52847.92349727548,24187.374007211536,26131.405936763116,8454.278391305716,17204.0764975738,15299.746320194881,20344.02388031514,0.535,0.578,0.187
name647,56,ausbildung,0,0,MediumSkilled,IT Support,4932.0,7110.014121299687,-2178.014121299687,0.4416087026155083,3064.558939740498,0.6808514977405373,auto loans,36,1.0629710180535654,16570,liquid assets,25530.6458364332,0,0.2848812025779363,0.2254138,0.26,IT Support_auto loans,0.8576478948481974,110324.12183065792,26682.62873660923,22897.858703047637,23465.574208081875,44223.643663482646,43437.40100638921,44079.691778580935,0.282,0.242,0.248
name648,53,high school or lower,0,1,LowSkilled,Agriculture,2637.0,1564.8597522770926,1072.1402477229074,0.0,2370.633466807895,0.7138454059504463,simple loans,36,0.4924130523644245,0,none,4901.315182090679,0,0.30446435758229495,0.24768868,0.12,Agriculture_simple loans,1.0,85342.80480508422,26797.640708796444,21421.04400607614,10241.136576610106,39843.92200231479,39608.87887159871,33237.274723420094,0.314,0.251,0.12
name649,44,high school or lower,0,0,Unemployed_LowSkilled,Manufacturing,750.0,950.4771243811252,-200.47712438112512,0.2673028325081668,599.3588089714717,0.9111404422624932,mortgages,24,1.0664479111367955,11772,liquid assets,14102.787215936169,1,0.784007613311514,0.72528696,0.68,Manufacturing_mortgages,0.22737245621290803,14384.611415315321,2577.283570184762,2341.7957312846315,2207.698489688724,654.8970012874478,814.3063654088867,930.4964468641336,0.788,0.716,0.675
name650,34,post graduate degree,0,0,HighSkilled,Engineering,2984.0,1148.0344822365623,1835.9655177634377,0.0,2451.1579020908607,0.2781631364052854,simple loans,12,0.2061636676700479,12916,liquid assets,19965.581728948448,0,0.07949712490663624,0.086604424,0.13,Engineering_simple loans,0.5832860336047251,29413.894825090327,1424.0072657676594,1458.3206938584465,2316.156396128121,5657.076751182457,5873.164544485909,6870.497700887881,0.083,0.085,0.135
name651,32,high school or lower,0,1,LowSkilled,Cleaning Services,1150.0,885.9692965094251,264.03070349057487,0.0,558.6903046035878,0.4441862355117168,simple loans,12,0.2562257400982721,22862,car,21802.729903744766,0,0.24485583100260724,0.16715786,0.16,Cleaning Services_simple loans,0.0,6704.283655243054,0.0,0.0,0.0,0.0,0.0,0.0,0.214,0.169,0.158
name652,53,high school or lower,1,0,LowSkilled,Transportation,2520.0,2274.798010459603,245.20198954039688,0.0,687.2701447851322,0.2337103195712777,simple loans,48,0.1754238711288632,15730,liquid assets,20094.34490521894,0,0.36234084177576653,0.33499908,0.36,Transportation_simple loans,0.5476739949739118,32988.96694968634,6955.871737967868,6106.713369956207,6323.519761788971,8272.259221469722,8372.418899187083,8282.336106711284,0.385,0.338,0.35
name653,34,post graduate degree,1,0,HighSkilled,Consultant,1750.0,2582.8884902122472,-832.8884902122472,0.4759362801212841,728.0487758730292,0.2232817534947515,auto loans,12,0.8919641520487294,31266,car,35961.328493360976,1,0.41539679330749574,0.51289916,0.55,Consultant_auto loans,0.0,8736.58531047635,0.0,0.0,0.0,0.0,0.0,0.0,0.432,0.515,0.562
name654,38,bachelor degree,0,0,HighSkilled,Engineering,5296.0,2767.2149912184086,2528.7850087815914,0.0,2236.464906879976,0.3440717887359295,mortgages,12,0.0,59154,house,75250.37301428783,0,0.06356885158666056,0.0906133,0.15,Engineering_mortgages,0.0,26837.578882559712,0.0,0.0,0.0,0.0,0.0,0.0,0.06,0.101,0.141
name655,53,high school or lower,1,0,LowSkilled,Transportation,2202.0,1959.585940502572,242.41405949742807,0.0,1555.8060400910035,0.2502770315478663,auto loans,36,0.5964541237936309,0,none,3740.430661261822,0,0.29397416559319256,0.29253024,0.21,Transportation_auto loans,1.0,56009.01744327613,14898.398639911451,16522.66014576646,11481.848575871605,26174.27942353225,26176.00762680386,25429.439169223166,0.266,0.295,0.205
name656,32,bachelor degree,1,1,HighSkilled,Finance,3838.0,2910.481005763337,927.5189942366628,0.0,1141.9502642885325,0.6773026195990949,auto loans,24,0.0558705758342546,74120,house,79316.29573954431,1,0.3302303556223044,0.39469153,0.69,Finance_auto loans,0.0,27406.806342924778,0.0,0.0,0.0,0.0,0.0,0.0,0.339,0.395,0.684
name657,40,ausbildung,0,0,MediumSkilled,IT Support,2195.0,1511.7924347791177,683.2075652208823,0.0,782.2641972685335,0.5438321270411384,auto loans,48,0.0451283061720506,0,none,4750.211807564738,0,0.12869636326822473,0.17646196,0.08,IT Support_auto loans,1.0,37548.68146888961,4656.036502142312,6082.886397960117,2891.2484731045,14985.311486463295,16440.873206560158,12415.710956066448,0.124,0.162,0.077
name658,36,bachelor degree,0,0,HighSkilled,Engineering,4391.0,4972.142217381257,-581.1422173812571,0.132348489496984,2900.9521049869286,0.2446113794379505,mortgages,12,0.7930071333109054,0,none,9511.672758581608,0,0.09298546986791574,0.06333347,0.09,Engineering_mortgages,1.0,34811.42525984314,3028.5939976063532,2227.931216629961,2958.9711470866673,12280.383219355894,10326.622957300111,12113.636534212346,0.087,0.064,0.085
name659,44,high school or lower,1,0,LowSkilled,Cleaning Services,1546.0,1049.5459503567367,496.45404964326326,0.0,834.9397738012317,0.9522753974943772,simple loans,24,0.2189429004902771,0,none,2836.740574057909,1,0.5930875249131197,0.7916019,0.68,Cleaning Services_simple loans,1.0,20038.55457122956,12003.094188166506,15529.87979270291,13445.870117295037,6948.789176623768,3882.029989349615,5700.922314907916,0.599,0.775,0.671
name660,56,high school or lower,1,1,LowSkilled,Transportation,1974.0,1489.2988273585045,484.70117264149553,0.0,1351.6173469860346,0.7778979618300609,auto loans,12,0.4391672615727148,0,none,3429.3052391993087,0,0.41481741325559124,0.55120987,0.56,Transportation_auto loans,1.0,16219.408163832415,6860.809653301111,8434.092245192856,9066.64916358232,7164.001909186787,6058.610461446778,5970.632740052305,0.423,0.52,0.559
name661,42,high school or lower,1,0,Unemployed_LowSkilled,Manufacturing,750.0,783.7858965253802,-33.78589652538017,0.0450478620338402,254.23925348523824,0.6880612407772698,simple loans,36,0.3840335333474912,0,none,998.5901056775429,1,0.850306114725408,0.86144775,0.85,Manufacturing_simple loans,1.0,9152.613125468577,7733.958091020947,7825.484222275633,7779.72115664829,1299.793171837524,1207.4841524232484,1302.3186243247912,0.845,0.855,0.85
name662,41,ausbildung,1,1,MediumSkilled,Electrician,2777.0,2921.8210029115703,-144.8210029115703,0.0521501630938315,760.612840699267,0.2820632337065193,auto loans,36,0.3260474769934596,23230,car,34226.70295971036,0,0.45455337198620316,0.29407448,0.22,Electrician_auto loans,0.2775394784248932,27382.062265173612,3556.6143347003417,2226.6837608273504,1763.1079607916222,3232.2230058166433,3551.4479192709296,3476.482528077837,0.468,0.293,0.232
name663,53,bachelor degree,0,1,HighSkilled,Finance,7142.0,11728.277187210126,-4586.277187210126,0.6421558649132072,7020.92776816175,0.7886710135659768,mortgages,60,1.6252037181982464,37238,car,46307.88351643438,1,0.6922435197565009,0.5940648,0.9,Finance_mortgages,0.9248833222866933,421255.66608970496,271559.80096964276,232598.56697112875,351040.7183266114,107176.12793154984,134852.28853212492,37561.75783712396,0.697,0.597,0.901
name664,42,post graduate degree,3,0,HighSkilled,Doctor,8141.0,5714.334575413562,2426.6654245864383,0.0,1969.81059125764,0.9200203769665598,auto loans,48,0.0,74502,house,100117.62545464748,0,0.7134253796401876,0.47145793,0.14,Doctor_auto loans,0.45422630830774985,94550.90838036672,30664.5221833814,19755.8546279488,5883.808878323882,11100.259944479565,17926.398493685254,17620.80328111442,0.714,0.46,0.137
name665,38,post graduate degree,0,0,HighSkilled,Consultant,4808.0,3216.493518018702,1591.5064819812978,0.0,4711.933861795737,0.4665087278801855,auto loans,60,0.6490073585304574,13084,liquid assets,26632.57485044017,0,0.13909110941778624,0.1280853,0.12,Consultant_auto loans,0.9560926708046894,282716.03170774423,38382.98706853598,33787.84072934505,28111.483486815083,110672.35666719518,107700.3458676686,105271.04162533939,0.142,0.125,0.104
name666,56,high school or lower,1,1,Unemployed_LowSkilled,Transportation,1100.0,1052.1365645308297,47.86343546917033,0.0,1038.7741894437847,0.3207813303963587,auto loans,12,0.9008279581587404,18621,liquid assets,20681.671750400717,1,0.5585710751170335,0.6016646,0.83,Transportation_auto loans,0.0,12465.290273325416,0.0,0.0,0.0,0.0,0.0,0.0,0.538,0.601,0.839
name667,42,bachelor degree,1,2,HighSkilled,Engineering,6666.0,5743.346387834962,922.653612165038,0.0,6098.18556210905,0.3008790977967898,auto loans,24,0.7764074332349253,69548,house,84916.88186977035,0,0.196705085029481,0.07932256,0.07,Engineering_auto loans,0.6699624727229452,146356.4534906172,17845.7063292753,6961.7865350469565,5883.1998887720765,43978.90563340386,32299.411632659165,30505.518955838827,0.182,0.071,0.06
name668,44,bachelor degree,0,2,HighSkilled,Engineering,7009.0,5701.580906577827,1307.419093422173,0.0,1412.5817843898917,0.705654078036194,simple loans,12,0.0150039507729659,10116,liquid assets,25715.12315034502,0,0.10163064669381365,0.0927996,0.1,Engineering_simple loans,0.4339803775814149,16950.981412678702,801.8468712096335,617.9370383633874,713.5701514434354,2690.583252290691,2592.9472087250883,2673.287195777541,0.109,0.084,0.097
name669,43,ausbildung,1,1,Unemployed_MediumSkilled,IT Support,1300.0,1172.3001036605688,127.69989633943123,0.0,972.1001383174896,0.255011599664365,auto loans,24,0.6495386476754296,20586,car,24973.271422860777,0,0.40680636051766694,0.27588937,0.16,IT Support_auto loans,0.24916212982849892,23330.40331961975,2429.856146005473,1639.280940606563,866.1448941502764,2584.4117305959358,2715.455232980956,2481.452930121279,0.418,0.282,0.149
name670,39,ausbildung,0,1,MediumSkilled,Electrician,2528.0,2017.6652358720532,510.3347641279465,0.0,1993.033497773902,0.5637013852615361,auto loans,48,0.5865105750181786,36149,car,33358.03258322183,0,0.2929384517281987,0.24183898,0.13,Electrician_auto loans,0.6786532674289821,95665.60789314729,19866.675877442853,16230.944344316058,8699.786168553408,30341.83616405613,30061.90645677484,25999.073133891605,0.306,0.25,0.134
name671,50,bachelor degree,1,0,HighSkilled,Consultant,8380.0,5117.026999895866,3262.9730001041344,0.0,1792.26894098525,0.3083498517552767,auto loans,48,0.0,73111,house,90061.54347876678,0,0.15243750654871974,0.18700653,0.12,Consultant_auto loans,0.40997424520109266,86028.909167292,5854.759758821428,6277.995404037434,4091.277903754733,14850.3593714703,15651.750552441741,13735.974818377756,0.166,0.178,0.116
name672,45,bachelor degree,1,0,HighSkilled,Finance,4977.0,5156.670978717681,-179.67097871768055,0.0361002569253929,3579.122526320833,0.2585601254766778,auto loans,24,0.7552327717577886,51625,house,65996.86105913998,1,0.21560247312045158,0.23327146,0.78,Finance_auto loans,0.5826775371777416,85898.9406317,11661.972279415248,12112.43472797635,39941.003772417884,22824.352407164093,23080.890719663123,10192.904704715846,0.233,0.242,0.798
name673,55,high school or lower,0,0,LowSkilled,Construction,1983.0,1459.212803741032,523.7871962589679,0.0,518.0587870929588,0.9976571084548668,mortgages,36,0.0,0,none,2700.823299304492,0,0.5071358078229301,0.4823318,0.53,Construction_mortgages,1.0,18650.116335346516,9436.958865685338,9101.2567716491,9660.760261709496,7442.115808481017,7684.548628732253,7202.221865917658,0.506,0.488,0.518
name674,55,ausbildung,0,0,Unemployed_MediumSkilled,Teacher,1750.0,1767.8844033568737,-17.884403356873463,0.0102196590610705,1028.148616063534,0.534007601855292,auto loans,48,0.5977331539545185,27297,car,35877.33146214809,0,0.5258300357491857,0.59161294,0.22,Teacher_auto loans,0.5294619109813558,49351.133571049635,14449.638655762115,15468.690929857454,6114.313644572035,10153.464915476172,9086.609429021919,11953.11189585785,0.553,0.592,0.234
name675,37,high school or lower,0,3,LowSkilled,Transportation,1471.0,1415.646097067504,55.353902932495885,0.0,1088.8271040468462,0.2604092489656834,simple loans,60,0.7025650585413666,9808,liquid assets,12616.355049563335,0,0.22407462361019842,0.35658264,0.14,Transportation_simple loans,0.8580646841777934,65329.62624281077,13285.519690949297,19171.50942744582,7960.10040554768,25712.811918840576,25741.704379175768,22999.47454456579,0.237,0.342,0.142
name676,39,ausbildung,1,0,MediumSkilled,Artist,2035.0,1497.628458302863,537.371541697137,0.0,1263.516386391665,0.6941545711764414,auto loans,36,0.3568279335108246,25887,car,33306.130487431685,1,0.2863922863753389,0.32320598,0.66,Artist_auto loans,0.5161749951892353,45486.58991009994,6386.298969221591,7395.897703326475,15097.022930917215,10974.02729862621,10920.191215637464,7033.245625286482,0.272,0.315,0.643
name677,50,high school or lower,1,0,LowSkilled,Agriculture,2033.0,1171.6306919779631,861.3693080220369,0.0,1308.618041457814,0.2921665731073624,auto loans,12,0.219994458158277,23037,car,25888.13824824106,0,0.3671686597817956,0.31165543,0.22,Agriculture_auto loans,0.0,15703.416497493767,0.0,0.0,0.0,0.0,0.0,0.0,0.343,0.316,0.221
name678,60,bachelor degree,0,0,HighSkilled,Finance,11792.0,9255.551760353328,2536.448239646672,0.0,9722.85542466155,0.7806033041047206,auto loans,48,0.6094307314293484,44450,car,74899.89645279599,0,0.16123923347444905,0.1458537,0.14,Finance_auto loans,0.9189336998342951,466697.0603837544,66473.86674203609,60040.91189603261,61327.50286523329,183459.93287766582,178212.39984193936,175957.16522697356,0.155,0.14,0.143
name679,51,ausbildung,0,1,MediumSkilled,IT Support,4262.0,2729.8899132731185,1532.1100867268815,0.0,2560.2426995200603,0.6177416887426521,auto loans,24,0.2412324290927214,14655,liquid assets,23701.339025030928,0,0.11776649157248356,0.097894475,0.16,IT Support_auto loans,0.7738335630608306,61445.82478848145,5848.5075083476995,4612.237628534364,7798.010011130266,18393.172598067278,17131.630145171173,20297.46030698064,0.123,0.097,0.164
name680,54,bachelor degree,1,0,HighSkilled,Engineering,5599.0,8563.68123237372,-2964.6812323737195,0.5295019168375995,3031.3474898440404,0.9006987027536332,auto loans,48,1.0709106487261582,39421,car,52176.01931304891,0,0.6646848944044199,0.6910956,0.27,Engineering_auto loans,0.7697560562269655,145504.67951251395,73026.02658820708,75938.10740307423,30240.83923131275,33160.07092151775,30909.81123608299,52281.486668725396,0.652,0.678,0.27
name681,52,ausbildung,0,0,MediumSkilled,Teacher,4397.0,2260.2726369332354,2136.7273630667646,0.0,2209.703747161848,0.4855148470907315,auto loans,60,0.0165968578792548,36410,car,50475.88238206198,1,0.2856145602297052,0.3326385,0.76,Teacher_auto loans,0.7661822462072915,132582.22482971087,29865.15116719327,31185.71907594672,78421.41735058914,47478.67752314817,47111.70514927518,22399.166758544954,0.294,0.307,0.772
name682,55,post graduate degree,0,0,HighSkilled,Finance,6896.0,6384.586741976654,511.4132580233463,0.0,6109.195601379241,0.7741828549389556,auto loans,36,0.8117433792569454,54144,house,64074.21819593555,0,0.18462798961784543,0.14407615,0.07,Finance_auto loans,0.8294450922516482,219931.0416496527,32470.888717157308,24809.21834569323,15140.920019798074,80722.99819192442,75519.57641128146,56753.18465384814,0.178,0.136,0.083
name683,56,high school or lower,1,0,LowSkilled,Agriculture,2225.0,1576.9994131517512,648.0005868482488,0.0,1108.1444287682864,0.4390447525848042,simple loans,24,0.2068062210876573,10248,liquid assets,15482.16659364493,1,0.45115668709831913,0.5163174,0.73,Agriculture_simple loans,0.6351901591708681,26595.466290438875,7635.7166667437905,8750.666445516115,12568.524778888011,7210.673972564162,6655.423690873185,4141.666414124901,0.452,0.518,0.744
name684,32,high school or lower,0,0,LowSkilled,Construction,946.0,525.4190072263699,420.5809927736301,0.0,693.8110749295706,0.3769445325538478,auto loans,24,0.2888267253234043,0,none,1732.2831224087486,0,0.23067314793752583,0.16893476,0.24,Construction_auto loans,1.0,16651.465798309695,3929.745928401088,3097.1726384856033,3480.156351846726,7667.938173449713,7211.9249089846035,7703.956344801999,0.236,0.186,0.209
name685,30,bachelor degree,0,1,HighSkilled,Consultant,3262.0,3978.003413318608,-716.0034133186077,0.2194982873447601,2490.121703706178,0.9096109934315229,simple loans,48,0.9828709739499648,61203,house,61547.68120469194,0,0.27015127552067447,0.2558752,0.06,Consultant_simple loans,0.6456136368782937,119525.84177789654,20912.396134426333,19291.87835279182,4707.2183180812035,36021.54006654649,35910.31681931549,22295.419896175485,0.271,0.25,0.061
name686,31,ausbildung,3,0,MediumSkilled,Teacher,1467.0,1293.6437066217109,173.35629337828914,0.0,991.5549048535266,0.466391282005807,mortgages,24,0.5577359314759629,21363,car,23657.55575861674,1,0.8842432270578511,0.9280691,0.84,Teacher_mortgages,0.23693993984843528,23797.31771648464,4928.079614732429,5249.476111345414,4747.646493826894,626.1014457252098,394.4950763546202,852.9309397111643,0.874,0.931,0.842
name687,31,ausbildung,0,1,MediumSkilled,Artist,1998.0,1618.4002584942189,379.59974150578114,0.0,1638.26463264843,0.6164428031976322,auto loans,24,0.6299624079793038,45275,car,40680.3671853669,1,0.12313308646244081,0.08059508,0.1,Artist_auto loans,0.020006136863406403,39318.35118356232,100.68586432279359,73.15457329702971,84.95369802235709,309.164908327476,260.9540539574536,285.85066715791316,0.128,0.093,0.108
name688,30,high school or lower,0,0,LowSkilled,Cleaning Services,926.0,638.3518499553809,287.6481500446191,0.0,779.8047902428635,0.5552055785362937,mortgages,24,0.5314866524819054,10956,liquid assets,12693.91630205538,0,0.2699362733298395,0.2363746,0.14,Cleaning Services_mortgages,0.4468517230571068,18715.314965828726,2157.6464509295524,1982.0240653887747,1246.0826402655166,3903.6801478316643,3862.6175682033645,3431.217829565287,0.258,0.237,0.149
name689,36,bachelor degree,1,0,HighSkilled,Engineering,3972.0,3332.7170314785376,639.2829685214624,0.0,3186.378495408847,0.2240201517680262,mortgages,60,0.6412627207672167,13806,liquid assets,21995.95175789881,0,0.25162319810966466,0.27639434,0.2,Engineering_mortgages,0.9314772945462061,191182.7097245308,46301.411836736836,50041.14125431943,34369.89417111619,82763.79423780693,83191.80165726955,80135.10397275352,0.26,0.281,0.193
name690,31,bachelor degree,1,1,HighSkilled,Research,2916.0,5344.354714618684,-2428.354714618684,0.8327691065221824,2581.353483938467,0.3953019839615486,auto loans,12,1.718006926802864,52459,house,54878.00468905554,0,0.4606674223455106,0.30698353,0.15,Research_auto loans,0.0,30976.241807261606,0.0,0.0,0.0,0.0,0.0,0.0,0.461,0.295,0.177
name691,40,high school or lower,1,0,LowSkilled,Construction,1130.0,1140.8985685235878,-10.898568523587755,0.0096447509058298,981.9455138181238,0.3330318234360879,simple loans,12,0.8786230817183288,16123,liquid assets,16702.01469377074,0,0.434947311407205,0.43324035,0.28,Construction_simple loans,0.0,11783.346165817486,0.0,0.0,0.0,0.0,0.0,0.0,0.448,0.417,0.275
name692,46,high school or lower,1,0,LowSkilled,Transportation,1708.0,865.0473084560399,842.9526915439601,0.0,1130.8193292008316,0.3133550375814293,auto loans,12,0.1685401859817748,0,none,3628.1837261473033,1,0.26919696597611875,0.2882505,0.38,Transportation_auto loans,1.0,13569.831950409978,3365.3183237016747,4084.5194170734035,5034.407653602102,6333.418284768851,6342.523210492181,6149.606096519437,0.248,0.301,0.371
name693,53,ausbildung,0,0,MediumSkilled,Teacher,3366.0,3803.6800522105545,-437.68005221055455,0.1300297243643953,2816.1750287741493,0.3723949080286524,mortgages,36,0.9666830305955744,17853,liquid assets,21570.505329229414,0,0.33651460566590824,0.33830673,0.11,Teacher_mortgages,0.8329711694064024,101382.30103586937,28965.84711087929,27023.53083230721,10049.375528264243,39112.725514406746,39087.02105904529,31850.318051491206,0.343,0.32,0.119
name694,36,bachelor degree,0,1,HighSkilled,Finance,4487.0,3243.5315706447245,1243.4684293552757,0.0,1708.2502068043552,0.7591161457050477,auto loans,24,0.1035840823376598,13380,liquid assets,23462.09595259185,0,0.15240615038920338,0.1952442,0.1,Finance_auto loans,0.6907142400470844,40998.00496330453,4106.096347042944,5068.905145659911,2661.883149117495,11922.602637679114,12682.066385560127,10290.626380085125,0.145,0.179,0.094
name695,59,bachelor degree,1,0,Unemployed_HighSkilled,Consultant,4500.0,4495.449415517023,4.550584482976774,0.0,2429.4042338596414,0.635628912692951,mortgages,24,0.5388563665281477,68805,house,77960.64225429863,1,0.38456251542565006,0.15474871,0.24,Consultant_mortgages,0.18159996705050552,58305.7016126314,4214.148769700767,1567.0703967731492,2572.9601784856436,4784.252389355586,4477.664819081522,4898.782238948352,0.398,0.148,0.243
name696,58,high school or lower,0,0,LowSkilled,Cleaning Services,2674.0,1912.1079469790557,761.8920530209446,0.0,2524.054515385213,0.5297084665079067,simple loans,36,0.6589986770247825,10629,liquid assets,15005.113341867467,0,0.26787048025523685,0.16012369,0.05,Cleaning Services_simple loans,0.8893413811360609,90865.96255386768,21899.74323233277,12606.494259202625,3878.921310523885,37708.426211070764,34503.57081935711,21294.13920301983,0.271,0.156,0.048
name697,39,bachelor degree,0,0,HighSkilled,Engineering,4375.0,3831.374137436121,543.6258625638789,0.0,4233.326199670254,0.2730265797064423,simple loans,36,0.8433600770528857,70599,house,87052.27178550028,0,0.07878238812814156,0.04687987,0.04,Engineering_simple loans,0.6782792266120695,152399.74318812916,8889.783875314914,3307.8265582567124,2790.978658529101,33946.84793352228,26337.64880471773,24189.560932725166,0.086,0.032,0.027
name698,33,high school or lower,1,1,LowSkilled,Transportation,838.0,613.6361218795593,224.36387812044077,0.0,487.20050133098727,0.372531906133452,mortgages,60,0.3136475217309624,16516,liquid assets,17361.133455989057,0,0.4871093080977251,0.4074678,0.22,Transportation_mortgages,0.46488069510636576,29232.030079859236,6781.113824984682,5707.550714415964,2840.185950745087,5566.42100742322,6038.5094281472775,6216.552680328177,0.499,0.42,0.209
name699,51,ausbildung,0,0,MediumSkilled,IT Support,3243.0,3727.832159018096,-484.8321590180958,0.1495011282818673,1987.1277799243696,0.8026378389848984,mortgages,60,0.7622448162018087,16348,liquid assets,24208.85078581449,0,0.28431506247607835,0.27671307,0.17,IT Support_mortgages,0.8701569994616513,119227.66679546218,28322.87334009395,29152.847650426374,17014.47336181468,48489.03662766148,48467.123841094755,45006.329726960066,0.273,0.281,0.164
name700,46,bachelor degree,0,1,HighSkilled,Engineering,5352.0,8735.390732739326,-3383.3907327393263,0.6321731563414287,3793.0273485263274,0.9340251923856911,simple loans,12,1.3408852917163028,46569,car,46259.3527878325,0,0.4560125317618177,0.3339071,0.15,Engineering_simple loans,0.13039077264412474,45516.32818231593,2492.661863838604,1964.4549450728048,824.9523787465856,2520.2764637256805,2751.3050358729392,2487.0967524450507,0.42,0.331,0.139
name701,45,bachelor degree,0,1,HighSkilled,Engineering,5142.0,6692.531245418929,-1550.5312454189288,0.3015424436831833,3912.986304367523,0.5238636308445914,simple loans,36,1.0625277226344714,44747,car,50247.55801270789,0,0.24096975081878436,0.13399717,0.15,Engineering_simple loans,0.7295482005840845,140867.50695723083,22712.089604932444,14696.057979662166,13771.131253669444,47567.84352327063,41572.232265692175,43066.88104222168,0.221,0.143,0.134
name702,45,bachelor degree,1,1,HighSkilled,Research,5120.0,2318.379840754654,2801.620159245346,0.0,3238.2659794449787,0.5968363309633609,simple loans,12,0.0852823867577408,47421,car,67624.86900929466,1,0.22502333031079114,0.30767846,0.76,Research_simple loans,0.0,38859.19175333974,0.0,0.0,0.0,0.0,0.0,0.0,0.228,0.339,0.767
name703,56,high school or lower,0,1,LowSkilled,Agriculture,1815.0,1438.3610199240018,376.63898007599823,0.0,1552.6082283168903,0.4775395096013035,auto loans,60,0.647916941179555,5456,liquid assets,9757.737541846536,0,0.2925558220505382,0.3294725,0.13,Agriculture_auto loans,0.9448123029444774,93156.49369901342,25788.512594377284,31157.452076483136,10825.8943655577,41134.259123773365,40861.610051362564,35246.2371868209,0.293,0.354,0.123
name704,35,bachelor degree,0,0,HighSkilled,Doctor,3038.0,3160.301872829049,-122.30187282904944,0.0402573643281927,2479.35641373232,0.9010096656677188,auto loans,36,0.8563720495593712,0,none,6165.43064079218,0,0.11799803498335919,0.06376761,0.06,Doctor_auto loans,1.0,89256.83089436352,10800.076538217985,4552.098375612539,4641.3552065069025,34551.546815978014,26565.103323168423,25788.294003831124,0.121,0.051,0.052
name705,48,bachelor degree,0,2,HighSkilled,Research,6686.0,7973.199393626608,-1287.199393626608,0.1925215964143894,4305.7197197315,0.4954844019954521,auto loans,24,0.8365119822551762,68094,house,103619.6503484902,1,0.1398622642066557,0.20702104,0.75,Research_auto loans,0.5426722223129498,103337.273273556,8579.974963473547,11776.436224375457,41329.683320784345,23001.003458072508,25397.11505779518,12831.196660260806,0.153,0.21,0.737
name706,34,bachelor degree,1,4,HighSkilled,Consultant,3017.0,3465.25987353607,-448.2598735360698,0.1485780157560721,2965.780977119281,0.3617159573609924,mortgages,12,1.13160121002829,35236,car,39631.88064255279,0,0.44050086304183744,0.37860274,0.13,Consultant_mortgages,0.1565140580153167,35589.371725431374,2484.325697969426,2111.1198195749157,673.9986759065034,2403.423200795425,2526.5586357188236,2230.631130096048,0.446,0.379,0.121
name707,38,high school or lower,0,1,LowSkilled,Cleaning Services,998.0,1279.808429875804,-281.808429875804,0.2823731762282605,469.4600219068749,0.2560139865629173,mortgages,24,0.7527739997822435,8134,liquid assets,9337.92591060171,0,0.34726900660208,0.2573987,0.18,Cleaning Services_mortgages,0.3191998952861135,11267.040525764998,1247.9640401349786,931.4774824062233,658.148182549571,1658.6198120107545,1674.3294082882317,1582.1912264104478,0.347,0.259,0.183
name708,58,bachelor degree,0,3,HighSkilled,Finance,8766.0,9050.82174451282,-284.8217445128212,0.0324916432252819,7455.1516464954,0.7343280037545028,auto loans,12,0.8829538433730574,13881,liquid assets,34123.01712420931,0,0.205405297596776,0.17545977,0.11,Finance_auto loans,0.85271057249687,89461.8197579448,16172.428382990689,12587.031524497472,8162.499231037754,34499.71391134743,33355.55038214218,28771.402666201353,0.212,0.165,0.107
name709,40,ausbildung,0,0,MediumSkilled,Nursing,1921.0,2010.1815276891443,-89.18152768914433,0.0464245328938804,808.2986987453725,0.9324802100374212,mortgages,60,0.4671942875765313,26653,car,28130.591001878365,0,0.5283109147398647,0.5689826,0.31,Nursing_mortgages,0.5337155581865135,48497.921924722345,12916.163639998631,14055.063840719953,8101.72188240395,10021.117298686519,9382.056948471238,12074.203819980861,0.499,0.543,0.313
name710,34,bachelor degree,1,0,HighSkilled,Finance,3954.0,2612.29391102155,1341.7060889784502,0.0,1527.4653846165736,0.4819309320075923,auto loans,48,0.0469800950020544,39586,car,46321.592049684274,1,0.3243925806181547,0.37985095,0.35,Finance_auto loans,0.5402889611651396,73318.33846159553,12557.349188200946,14617.229812132964,14617.229812132964,18418.214975492137,17953.64451275445,18246.958267778817,0.317,0.369,0.369
name711,59,ausbildung,2,0,MediumSkilled,Teacher,2827.0,4658.369806274624,-1831.3698062746244,0.6478138685088873,1332.917398884241,0.2678782031162912,simple loans,60,1.1193092342266946,34133,car,34349.52348012264,1,0.9201187519924955,0.8723185,0.88,Teacher_simple loans,0.6368476108647428,79975.04393305446,47010.1581519358,44056.107043796816,44616.358116030075,3947.3611240327195,6214.129666084412,5854.789060920817,0.923,0.865,0.876
name712,32,ausbildung,0,0,MediumSkilled,Teacher,1697.0,1021.7272415707685,675.2727584292317,0.0,1333.8263007536664,0.7239688965606719,simple loans,24,0.3880692647757423,33960,car,34011.3322454516,1,0.30143961908182926,0.4010914,0.78,Teacher_simple loans,0.09799127055175591,32011.831218087995,900.2845639459074,1295.5314456782571,2503.230250971548,1465.0504795775732,1400.8156738520142,638.8218870887513,0.287,0.413,0.798
name713,31,bachelor degree,1,0,HighSkilled,Finance,3064.0,2785.4718480167617,278.5281519832384,0.0,1759.1958098514851,0.5526410604870857,auto loans,24,0.4832466246306288,42456,car,57157.439499545326,1,0.30700205566014627,0.4125212,0.31,Finance_auto loans,0.14334560748009406,42220.69943643564,1900.3756680104043,2469.2779380517354,1900.3756680104043,2824.5410976389053,2678.304343241556,2823.158899748906,0.314,0.408,0.314
name714,48,bachelor degree,0,0,HighSkilled,Finance,6530.0,6860.899873803379,-330.8998738033788,0.0506737938443152,2295.9705948132087,0.6977306364484918,auto loans,12,0.4022772539994774,0,none,15917.092968130966,0,0.12796358604443314,0.1274214,0.24,Finance_auto loans,1.0,27551.647137758504,3333.749303668779,3499.05918649533,6391.982135959974,10974.209036279344,10958.273087519825,12747.027159508494,0.121,0.127,0.232
name715,54,ausbildung,0,1,MediumSkilled,Nursing,4054.0,3014.207892735682,1039.792107264318,0.0,1502.616638979038,0.2070885278859581,auto loans,12,0.1141649066883867,18369,liquid assets,23515.93863702331,0,0.1971277429060924,0.20477161,0.09,Nursing_auto loans,0.032201064986733856,18031.399667748457,117.8679453180967,113.22290313807318,51.09546398025866,260.5361434946034,262.44036081225164,202.04700121758154,0.203,0.195,0.088
name716,58,bachelor degree,0,0,HighSkilled,Doctor,10671.0,14194.293778805824,-3523.2937788058225,0.3301746583081082,3053.4947391580667,0.3405849392736357,auto loans,24,0.6163235421201283,44744,car,67336.33586425889,0,0.13640730545704158,0.093637,0.15,Doctor_auto loans,0.47941739375125214,73283.8737397936,4918.698925325875,3197.1543014618187,5656.503764124755,14295.205587617114,12429.983760702386,14723.15234677779,0.14,0.091,0.161
name717,37,high school or lower,2,1,LowSkilled,Transportation,1045.0,1511.725252782998,-466.7252527829981,0.446627036155979,517.6727582138858,0.3600004734960547,simple loans,48,0.9420076660257262,12671,liquid assets,13766.066340734444,1,0.7907454819465776,0.8841481,0.88,Transportation_simple loans,0.517847423606987,24848.29239426652,10345.569854712821,11477.920784084376,11246.303548531101,2502.2882426631863,1429.9479048590426,1479.175177653183,0.804,0.892,0.874
name718,43,high school or lower,1,0,LowSkilled,Agriculture,1974.0,1122.8618598698768,851.1381401301232,0.0,1931.4271477744176,0.3248012698226111,auto loans,60,0.5472588691207166,0,none,3933.2780192539512,0,0.42976844731379304,0.35370263,0.41,Agriculture_auto loans,1.0,115885.62886646505,52032.64736104281,38821.6856702658,45774.8234022537,50516.215845573366,53289.26652530355,51389.60671867487,0.449,0.335,0.395
name719,58,bachelor degree,0,0,HighSkilled,Doctor,13627.0,12290.386447704954,1336.6135522950462,0.0,9610.551429144443,0.4838803160802405,auto loans,24,0.6071723693292287,57450,house,80562.82702681859,0,0.04774274634801181,0.16252734,0.12,Doctor_auto loans,0.8271490291263506,230653.23429946665,7631.38395262626,30716.320409320702,19269.24448038131,49077.88765388256,81790.97683256945,74302.22311436963,0.04,0.161,0.101
name720,55,ausbildung,0,0,MediumSkilled,Teacher,2593.0,3267.6470413515,-674.6470413514999,0.2601801162173158,2234.4747898765627,0.3475428090011808,simple loans,60,1.1219135484874905,12916,liquid assets,17463.509659080446,1,0.38937558863759725,0.49248645,0.75,Teacher_simple loans,0.9087630867304664,134068.48739259376,49465.61592908832,61040.08271052524,89184.31246328237,54871.940006352066,49568.06602839195,27877.251883547306,0.406,0.501,0.732
name721,37,ausbildung,0,1,MediumSkilled,Artist,2007.0,1536.923203794326,470.0767962056739,0.0,1293.9770276427714,0.4641116119587475,auto loans,48,0.4105133191016928,37472,car,44608.880782278,0,0.1337770873009692,0.10354162,0.07,Artist_auto loans,0.4863245042611474,62110.897326853024,3987.19877842398,2839.368827059501,2114.4235946187778,12212.295286764622,11129.366072734005,9397.44992022582,0.132,0.094,0.07
name722,50,bachelor degree,2,0,HighSkilled,Engineering,5914.0,6030.773992237618,-116.77399223761768,0.0197453487043655,5746.89928241118,0.4850044326130766,auto loans,12,0.9914902392033814,72778,house,91326.4030940576,0,0.41015860811874105,0.32656854,0.31,Engineering_auto loans,0.2673930512807755,68962.79138893416,7652.671053945578,6066.816329513483,5347.649652154741,8176.2617501963305,8568.484068204441,8601.822148550675,0.415,0.329,0.29
name723,43,high school or lower,0,1,LowSkilled,Construction,1677.0,1653.5082039912552,23.491796008744814,0.0,731.022649653849,0.5373328270929993,auto loans,12,0.4219027153518809,16924,liquid assets,18365.16252058056,1,0.2882014033298424,0.26861542,0.77,Construction_auto loans,0.0,8772.271795846189,0.0,0.0,0.0,0.0,0.0,0.0,0.259,0.247,0.755
name724,36,bachelor degree,1,2,HighSkilled,Doctor,4161.0,4292.595889669245,-131.59588966924457,0.0316260249145024,3213.7175634349696,0.8666595145017159,mortgages,24,0.8039686260764755,17913,liquid assets,26032.5468171248,0,0.36955426811991515,0.15892893,0.06,Doctor_mortgages,0.7799072822214059,77129.22152243927,22617.76921806931,8902.73894753792,3849.8330583947763,27432.990651261127,25630.417283920877,17379.731924427688,0.376,0.148,0.064
name725,35,high school or lower,0,3,LowSkilled,Manufacturing,1419.0,653.6134519545475,765.3865480454525,0.0,1066.4687897846973,0.2624374384699521,auto loans,24,0.2121791696541541,0,none,2618.7123191572714,1,0.3225687089339914,0.3391943,0.71,Manufacturing_auto loans,1.0,25595.250954832736,8395.242313185137,9111.909339920454,18070.24717411191,11906.477085702263,11842.816521539922,6684.902495097975,0.328,0.356,0.706
name726,38,bachelor degree,1,0,HighSkilled,Doctor,4360.0,3951.265777700228,408.7342222997718,0.0,3180.647241493081,0.8577336826359504,auto loans,48,0.6357598667874562,28234,car,34475.00338564238,0,0.2862309163157157,0.13428196,0.11,Doctor_auto loans,0.8428999942459375,152671.06759166787,35260.08510650341,18530.847647213468,12868.6441994538,60147.52199010387,52092.43123032972,48534.93506085558,0.274,0.144,0.1
name727,48,high school or lower,0,0,LowSkilled,Cleaning Services,2398.0,1915.4012801480117,482.59871985198856,0.0,643.6983867576256,0.9116779375455702,mortgages,36,0.067180845248389,0,none,3849.81444600638,1,0.4062210635431517,0.604987,0.8,Cleaning Services_mortgages,1.0,23173.14192327452,9246.083627386535,13811.192586271614,18144.57012592395,10307.262185693497,7849.990648758717,4321.394694021153,0.399,0.596,0.783
name728,47,ausbildung,3,1,MediumSkilled,IT Support,2491.0,3104.601689096888,-613.6016890968876,0.2463274544748645,1474.203090497245,0.4815639550310375,mortgages,36,0.8381392130044693,34254,car,44190.82920880122,1,0.8768013532069235,0.8515623,0.91,IT Support_mortgages,0.4505105124025616,53071.31125790082,20466.261186143864,20466.261186143864,21350.900980404753,2818.7911493659535,3368.334298376671,2081.105120931686,0.856,0.856,0.893
name729,54,high school or lower,1,0,LowSkilled,Transportation,2254.0,1602.7873380294843,651.2126619705155,0.0,777.8307877574451,0.6648496701906133,auto loans,24,0.0561748561610158,16945,liquid assets,20966.058756111976,0,0.40371823430751214,0.28092867,0.24,Transportation_auto loans,0.13990206396450622,18667.938906178682,1047.2849563580194,728.6596080396196,585.0170329780458,1163.9347602801936,1220.4734957111848,1208.3196441389582,0.401,0.279,0.224
name730,50,bachelor degree,0,0,HighSkilled,Research,7421.0,5813.713679422179,1607.2863205778212,0.0,2979.3839657554504,0.3097753907396169,auto loans,24,0.1848939017891967,33228,car,55208.844455163,0,0.055632630453411734,0.1195874,0.04,Research_auto loans,0.6037617952875061,71505.2151781308,2590.3270253020605,5353.342518957593,1813.2289177114428,12013.12884506574,16792.887789988457,10102.726135234265,0.06,0.124,0.042
name731,31,post graduate degree,0,0,HighSkilled,Consultant,2173.0,2284.3897464502475,-111.38974645024746,0.0512608129085354,763.8632677077118,0.6195971616332163,simple loans,36,0.4027855564463687,71256,house,51585.143682356174,0,0.18991834969149715,0.1382809,0.16,Consultant_simple loans,0.0,27499.077637477625,0.0,0.0,0.0,0.0,0.0,0.0,0.185,0.139,0.149
name732,40,bachelor degree,0,1,HighSkilled,Engineering,4199.0,5384.870835645484,-1185.8708356454836,0.2824174412111178,1916.198313563484,0.9253531540213152,auto loans,36,0.7387637888089943,54241,house,51829.59987042008,1,0.2371479557545057,0.22008125,0.58,Engineering_auto loans,0.4559354250539501,68983.13928828543,7862.964233240065,6416.178814323893,18116.26959338511,14532.176601295896,14388.636647207242,11177.502844282797,0.25,0.204,0.576
name733,36,bachelor degree,0,1,HighSkilled,Engineering,4241.0,3470.66568141304,770.3343185869603,0.0,2979.099960152767,0.2319678467355875,auto loans,36,0.5208124596948377,61028,house,66152.84961709502,0,0.07379994290865312,0.053704824,0.03,Engineering_auto loans,0.6048929681475116,107247.5985654996,4800.625548500361,3632.90582048676,2140.8195013582695,20683.18945198703,17732.792402149822,12915.573899749268,0.074,0.056,0.033
name734,47,post graduate degree,1,1,HighSkilled,Engineering,6556.0,4462.547229000728,2093.452770999272,0.0,3295.7612159208807,0.9916423069024386,mortgages,24,0.1833905498660172,39728,car,56029.6551131997,0,0.433948695668641,0.38888904,0.18,Engineering_mortgages,0.572894416083534,79098.26918210114,19893.26600723483,16630.589122221372,8020.747342324749,19676.380205152152,20415.507210309454,19935.53729084856,0.439,0.367,0.177
name735,45,high school or lower,0,0,LowSkilled,Agriculture,1554.0,1499.6941757229845,54.30582427701552,0.0,1328.933124042944,0.8342131004620272,auto loans,60,0.8202234876228626,0,none,2328.266982775382,0,0.32163746098132434,0.30245724,0.06,Agriculture_auto loans,1.0,79735.98744257663,24877.62808208391,23761.324257887834,5501.783133537788,37100.87522183829,37235.63717352734,23037.50946847479,0.312,0.298,0.069
name736,48,ausbildung,0,1,MediumSkilled,Teacher,1866.0,3368.0566657641134,-1502.0566657641134,0.8049606997664059,1697.283957405113,0.7414721577972918,auto loans,12,1.714544814131418,13637,liquid assets,13698.130046375509,0,0.6090827387941503,0.6060111,0.21,Teacher_auto loans,0.36773733077962606,20367.407488861354,4561.322343496598,4478.933926783195,1520.4407811655328,2516.2517309960394,2531.98942282453,3400.574548203012,0.609,0.598,0.203
name737,35,high school or lower,0,0,LowSkilled,Cleaning Services,1127.0,917.4755231833708,209.5244768166292,0.0,538.2263502041387,0.3278639802461097,auto loans,36,0.2916609346827946,0,none,2161.765709597136,0,0.20902935372884598,0.10980509,0.22,Cleaning Services_auto loans,1.0,19376.148607348994,4398.385733868222,2073.2479009863423,4456.514179690269,8790.172869797107,7302.926717613427,8863.731384320563,0.227,0.107,0.23
name738,39,bachelor degree,0,1,HighSkilled,Doctor,5105.0,6144.662145216936,-1039.6621452169356,0.2036556601796152,3582.9051252181343,0.2098332289588557,auto loans,12,0.9054979961674966,40785,car,58889.67416269155,0,0.09254602016808636,0.07156083,0.07,Doctor_auto loans,0.19069235437354784,42994.86150261761,655.9033092719013,606.7105610765087,606.7105610765087,2886.581542093757,2577.0772929121,2550.7382732793167,0.08,0.074,0.074
name739,39,ausbildung,0,0,MediumSkilled,Electrician,2610.0,1957.970308199712,652.0296918002884,0.0,598.823102063006,0.2926316166969542,auto loans,36,0.0,18858,liquid assets,28423.010558392547,0,0.1927978967536809,0.097880624,0.08,Electrician_auto loans,0.16894553949036603,21557.631674268217,713.8448798153939,338.71211134097774,269.51286278744465,1626.8577489371512,1312.144323657274,1204.2722516726064,0.196,0.093,0.074
name740,56,high school or lower,0,0,LowSkilled,Manufacturing,2579.0,1602.8093421971928,976.1906578028072,0.0,2166.899455773211,0.589045912136217,auto loans,24,0.4616939891316027,14889,liquid assets,22325.27563433676,0,0.3242008027801684,0.23802593,0.24,Manufacturing_auto loans,0.7285542518510265,52005.586938557055,11783.44525155322,8449.222800952952,8297.667235016575,17617.48124278822,17513.70625004426,17529.649910822292,0.311,0.223,0.219
name741,55,ausbildung,0,1,MediumSkilled,Teacher,3466.0,4536.580538727391,-1070.5805387273913,0.3088807093847061,1299.9006091515478,0.6383766973642335,mortgages,36,0.6839241626886725,0,none,5162.535480566407,0,0.5214188529814902,0.38218012,0.51,Teacher_mortgages,1.0,46796.42192945572,24942.4928883999,17829.436755122628,23678.989496304595,18301.998224049443,21177.658032448366,18600.275269072197,0.533,0.381,0.506
name742,34,bachelor degree,0,0,Unemployed_HighSkilled,Engineering,1500.0,1511.6225031502552,-11.62250315025517,0.0077483354335034,1098.570906203515,0.4123025929245388,auto loans,12,0.7401289395691801,51777,house,63845.28266401336,0,0.07527297418468124,0.10933611,0.15,Engineering_auto loans,0.0,13182.850874442182,0.0,0.0,0.0,0.0,0.0,0.0,0.075,0.1,0.157
name743,34,ausbildung,1,1,MediumSkilled,IT Support,1261.0,1902.650771145712,-641.650771145712,0.5088428002741571,630.6196869516695,0.253762934404587,simple loans,48,1.0089377145895173,20366,car,23627.88132425917,0,0.4720189003599945,0.552346,0.28,IT Support_simple loans,0.42808427723795045,30269.744973680135,6025.4708831442495,6958.447019889166,3667.1145374834887,5405.18313024493,4831.336086475391,6055.106501381908,0.465,0.537,0.283
name744,36,bachelor degree,1,0,HighSkilled,Finance,5842.0,2520.554786808743,3321.445213191257,0.0,1464.1023488816145,0.7328496391205699,auto loans,36,0.0,29382,car,48558.84276831398,0,0.2552575939998939,0.32661062,0.21,Finance_auto loans,0.5256973057641559,52707.68455973812,7231.863106957666,9309.984689416766,5569.365840990387,12891.907314954959,12874.885415657225,12580.228156037763,0.261,0.336,0.201
name745,54,ausbildung,3,0,MediumSkilled,Teacher,1782.0,3722.7558708871193,-1940.7558708871195,1.0890885919680804,369.4563487814564,0.4288601358158837,simple loans,48,1.2964153870194028,31497,car,29016.930773135937,1,0.9859333123274069,0.9164191,0.89,Teacher_simple loans,0.0,17733.90474150991,0.0,0.0,0.0,0.0,0.0,0.0,0.99,0.899,0.881
name746,42,high school or lower,1,1,LowSkilled,Cleaning Services,1613.0,835.0485381035402,777.9514618964598,0.0,836.0311938948677,0.8027733556948984,simple loans,24,0.0360072734026087,8386,liquid assets,8089.930457436645,1,0.5942708852171968,0.7462755,0.74,Cleaning Services_simple loans,0.6073295468865524,20064.748653476825,7116.574189535447,9127.250116373372,8822.602248670657,4216.101166550134,2825.6819491365063,2888.440045874817,0.584,0.749,0.724
name747,36,high school or lower,0,1,LowSkilled,Transportation,1226.0,954.6500449114034,271.34995508859663,0.0,317.93590901916826,0.6361776619472457,mortgages,12,0.0379983311016081,5017,liquid assets,7100.855606382124,0,0.22575346049892345,0.14154565,0.12,Transportation_mortgages,0.0,3815.230908230019,0.0,0.0,0.0,0.0,0.0,0.0,0.244,0.158,0.125
name748,55,ausbildung,0,0,MediumSkilled,Nursing,4415.0,2704.811811481949,1710.1881885180514,0.0,1654.4075437958616,0.7293723691679662,auto loans,12,0.0,28806,car,41519.13339899518,0,0.2661723943713065,0.36894026,0.16,Nursing_auto loans,0.0,19852.890525550338,0.0,0.0,0.0,0.0,0.0,0.0,0.292,0.354,0.156
name749,35,bachelor degree,0,0,HighSkilled,Engineering,2848.0,1544.7422669533748,1303.2577330466252,0.0,1586.5027685605403,0.8003041391030268,auto loans,24,0.0994540152787624,0,none,8664.25837012838,0,0.11099263912919458,0.060675517,0.14,Engineering_auto loans,1.0,38076.06644545297,4112.215176108921,2513.020385399896,4759.508305681621,14409.501749227906,11061.67727213587,15622.113496330658,0.108,0.066,0.125
name750,49,ausbildung,0,0,MediumSkilled,Teacher,3476.0,3773.9489647571486,-297.9489647571486,0.0857160427954972,856.8322571008995,0.9975941778870973,simple loans,48,0.3322155413860897,30181,car,33285.94230969887,0,0.4760762722028953,0.44731203,0.2,Teacher_simple loans,0.3770790111017617,41127.94834084318,7645.6836418816765,6839.2423652531825,2993.1378151788304,6438.342215926025,6645.977527634702,6978.648488993775,0.493,0.441,0.193
name751,37,high school or lower,0,0,LowSkilled,Construction,1168.0,795.9171409626658,372.0828590373342,0.0,861.3190721320883,0.3207600536092855,auto loans,36,0.4188666208003032,0,none,2182.806454084939,0,0.23848177562672732,0.16334784,0.12,Construction_auto loans,1.0,31007.486596755178,6759.632078092629,4930.190368884073,3410.8235256430694,14335.92276889737,13311.251583979523,12076.054365132853,0.218,0.159,0.11
name752,58,high school or lower,2,0,LowSkilled,Construction,2775.0,2122.215223539584,652.7847764604167,0.0,588.2447182986314,0.8686375534751565,auto loans,36,0.0,19884,liquid assets,22204.990844386142,1,0.841182265890636,0.77073395,0.91,Construction_auto loans,0.11096343459767155,21176.80985875073,1929.2281272697753,1792.936737036344,2110.1666970624337,352.9716462493934,496.98654419961207,204.5359717022516,0.821,0.763,0.898
name753,48,post graduate degree,1,0,HighSkilled,Consultant,5803.0,5335.75747791358,467.2425220864197,0.0,2672.085279971407,0.8730212037298046,mortgages,48,0.3799487778536942,0,none,12753.7386043652,0,0.4622848852317615,0.5652751,0.33,Consultant_mortgages,1.0,128260.09343862755,57332.26176706651,74134.33400752672,43223.651488817486,54095.24630365057,46790.61378399225,59535.52905863328,0.447,0.578,0.337
name754,53,high school or lower,1,1,Unemployed_LowSkilled,Cleaning Services,1000.0,896.8046291716348,103.19537082836518,0.0,721.4888061716375,0.4213537017293025,mortgages,36,0.6182934353432723,22691,car,23444.79820769774,1,0.8032037439825839,0.8561284,0.81,Cleaning Services_mortgages,0.25745981557470704,25973.59702217895,5242.731479327291,5677.396716771517,5389.8489443084145,1228.4647957607158,914.4906033193179,1188.8913337345298,0.784,0.849,0.806
name755,41,high school or lower,0,1,LowSkilled,Manufacturing,1498.0,1087.9778752232298,410.02212477677017,0.0,1219.2159570763465,0.8497497914706608,simple loans,12,0.5401827985978479,0,none,2838.5134297042573,0,0.3917527615105349,0.35923666,0.16,Manufacturing_simple loans,1.0,14630.591484916158,5735.191862087134,5267.012934569817,2136.066356797759,6578.310193447785,6709.545391173563,6245.44868747988,0.392,0.36,0.146
name756,38,high school or lower,1,0,LowSkilled,Cleaning Services,1305.0,714.8102747480459,590.1897252519541,0.0,993.864602673378,0.4832699871038611,auto loans,36,0.3093294079857654,0,none,2066.178905455947,0,0.4587272799139109,0.33084896,0.24,Cleaning Services_auto loans,1.0,35779.12569624161,15778.59443204255,10912.63333735369,8086.082407350604,15149.270244420677,16603.381742253656,16553.547042507773,0.441,0.305,0.226
name757,49,bachelor degree,0,0,HighSkilled,Doctor,5521.0,8713.64022109166,-3192.6402210916604,0.5782720922100454,3842.800613329905,0.4275978783011144,auto loans,48,1.27430553059619,59233,house,68275.20061920378,0,0.2397886042016348,0.1916616,0.24,Doctor_auto loans,0.7773468162337709,184454.42943983543,36993.34637404039,29250.55294691565,32118.254216221107,66332.1130612718,63968.73519900407,66338.4402798496,0.258,0.204,0.224
name758,35,post graduate degree,0,3,HighSkilled,Engineering,2259.0,2763.7500026255275,-504.7500026255275,0.2234395761954526,640.2034986941857,0.9503945223521412,auto loans,48,0.5068408593712763,79964,house,80470.04033418362,0,0.3906425538667276,0.46719643,0.07,Engineering_auto loans,0.0,30729.76793732091,0.0,0.0,0.0,0.0,0.0,0.0,0.388,0.453,0.071
name759,58,post graduate degree,0,4,HighSkilled,Engineering,5613.0,6158.92367458326,-545.9236745832604,0.0972605869558632,1280.649427370867,0.2724001911210503,auto loans,36,0.3254183327906872,49607,car,60237.72234923863,0,0.22935325971340453,0.28808305,0.2,Engineering_auto loans,0.0824898930828894,46103.37938535121,821.4615726316218,1064.8575941521026,768.2186929240168,1749.9934056936202,1777.5483943778183,1711.3365265617583,0.216,0.28,0.202
name760,42,bachelor degree,1,0,HighSkilled,Finance,4224.0,4148.623035794397,75.37696420560314,0.0,885.2154769703435,0.4051370952802884,auto loans,48,0.191723132756804,70939,house,82352.9392231876,0,0.3009272626009775,0.3402687,0.14,Finance_auto loans,0.0,42490.34289457649,0.0,0.0,0.0,0.0,0.0,0.0,0.293,0.306,0.131
name761,55,ausbildung,0,0,MediumSkilled,Electrician,2516.0,2163.796346809596,352.2036531904041,0.0,1231.0323007479997,0.7829380079754744,simple loans,48,0.3492959648480109,49703,car,52506.3082471772,0,0.39587815107311186,0.36410382,0.32,Electrician_simple loans,0.28449236496384467,59089.550435903984,6387.999860301067,6068.599867286013,5446.610407204068,7536.145537513882,7689.650771133045,7825.116512209138,0.38,0.361,0.324
name762,47,ausbildung,2,0,MediumSkilled,Electrician,2664.0,4016.5586068969815,-1352.5586068969817,0.5077171947811492,1940.2534343770467,0.202199135890876,auto loans,24,1.2360405560337944,18341,liquid assets,20839.11448031817,1,0.7883166401891977,0.7554396,0.91,Electrician_auto loans,0.6262580436220827,46566.08242504912,23563.206012353978,22250.89874681446,26479.44438021957,5731.800928839629,6541.151013821428,2538.3545902187952,0.808,0.763,0.908
name763,60,post graduate degree,0,0,HighSkilled,Finance,8509.0,9447.94325597204,-938.943255972039,0.1103470743885343,4277.449794478201,0.2045268796401046,mortgages,12,0.613044194435332,79230,house,80391.43825267862,0,0.16571661225473938,0.113141544,0.33,Finance_mortgages,0.0,51329.3975337384,0.0,0.0,0.0,0.0,0.0,0.0,0.174,0.112,0.296
name764,57,high school or lower,1,0,LowSkilled,Agriculture,1934.0,1351.5280997188293,582.4719002811707,0.0,1799.5615119271076,0.6138966806320361,simple loans,48,0.6293121052977957,0,none,3819.6083463663495,1,0.5309002183261071,0.513857,0.48,Agriculture_simple loans,1.0,86378.95257250116,45953.60276857062,45003.43429027311,40338.97085135805,33312.28912931157,34149.238730560384,35692.27415940546,0.532,0.521,0.467
name765,56,ausbildung,0,0,MediumSkilled,Teacher,5063.0,4060.376885072428,1002.6231149275718,0.0,3968.895929395893,0.9251206641139246,mortgages,36,0.5858725685301838,18063,liquid assets,27695.246897978843,1,0.3933585578022396,0.46331248,0.68,Teacher_mortgages,0.8802159461796809,142880.25345825215,49300.06717535403,57726.35416705995,82502.15323222512,56483.170968283855,52982.66321695428,35779.98675047342,0.392,0.459,0.656
name766,38,high school or lower,0,1,Unemployed_LowSkilled,Transportation,600.0,466.5440036431766,133.4559963568234,0.0,304.8416751651054,0.8343407993973224,mortgages,12,0.2856427980138034,21396,car,22219.993119457977,1,0.5259632211354661,0.6374917,0.69,Transportation_mortgages,0.0,3658.1001019812647,0.0,0.0,0.0,0.0,0.0,0.0,0.532,0.652,0.688
name767,54,high school or lower,1,1,LowSkilled,Cleaning Services,2359.0,1696.9417340669136,662.0582659330864,0.0,1224.0176248466423,0.6296438563475588,auto loans,60,0.2382193128077812,19461,liquid assets,22747.850323783856,1,0.6245210579665689,0.6952778,0.88,Cleaning Services_auto loans,0.748929291587943,73441.05749079854,35091.37754411391,38006.491979596714,48566.90653832693,17888.10036723692,15000.664977160284,6322.676766026,0.638,0.691,0.883
name768,59,high school or lower,0,1,LowSkilled,Transportation,1766.0,1687.6751783813304,78.3248216186696,0.0,868.4758471898313,0.9713356602191638,auto loans,36,0.4474241367900122,11422,liquid assets,13295.13415825928,0,0.30104532683918483,0.26143754,0.13,Transportation_auto loans,0.6553270939092731,31265.130498833925,6023.732810485535,4958.310680739794,2684.0442114748475,9569.5519381292,9548.297808894537,8204.884187843843,0.294,0.242,0.131
name769,55,high school or lower,0,0,LowSkilled,Manufacturing,2205.0,1743.786667314169,461.21333268583066,0.0,467.8311947555428,0.8945595072000736,simple loans,24,0.0030012979907991,21117,car,23430.92160549262,0,0.4614713948109193,0.29872623,0.17,Manufacturing_simple loans,0.0,11227.948674133027,0.0,0.0,0.0,0.0,0.0,0.0,0.46,0.29,0.152
name770,34,ausbildung,0,0,MediumSkilled,IT Support,2085.0,1670.6151996106337,414.3848003893663,0.0,2060.573905054794,0.5073382930306986,simple loans,48,0.7895391389282627,42861,car,49842.52728559016,0,0.1382135956418154,0.22165738,0.1,IT Support_simple loans,0.6310113143065498,98907.54744263011,9236.943662978494,13418.53302392146,6615.648839700813,25502.14629055456,28582.66281863769,22680.219674112897,0.148,0.215,0.106
name771,45,high school or lower,0,1,LowSkilled,Agriculture,853.0,1822.6122102451095,-969.6122102451096,1.1367083355745715,343.3265949210758,0.7482067944985173,simple loans,12,1.5392014128560207,22626,car,23355.57963422255,1,0.7330688473890002,0.8424139,0.88,Agriculture_simple loans,0.0,4119.9191390529095,0.0,0.0,0.0,0.0,0.0,0.0,0.745,0.836,0.867
name772,52,post graduate degree,0,0,HighSkilled,Engineering,7989.0,13321.903041923357,-5332.903041923357,0.667530735001046,6316.840297467204,0.4509541066158381,simple loans,24,1.458222974013088,0,none,14243.62785279846,0,0.39131140477143345,0.36461776,0.33,Engineering_simple loans,1.0,151604.1671392129,55790.333507230345,53364.666833002935,44571.62513892859,68186.50943496005,69329.16156959855,70371.33730489107,0.368,0.352,0.294
name773,51,post graduate degree,2,1,HighSkilled,Consultant,7978.0,6306.670977059523,1671.3290229404774,0.0,4005.5394767348175,0.7414643991210718,mortgages,48,0.2925809042108725,34273,car,47544.10893329663,0,0.6953672104913824,0.39033613,0.16,Consultant_mortgages,0.8483734509116572,192265.89488327125,111569.48402256132,61004.36699479229,23651.42570653712,44474.325016497336,73412.9839948945,69629.14835846428,0.684,0.374,0.145
name774,53,high school or lower,1,0,LowSkilled,Cleaning Services,2614.0,1392.8887318753016,1221.1112681246984,0.0,2281.185895864101,0.9647106604904636,auto loans,48,0.4055373480257852,16244,liquid assets,22799.398105037333,1,0.6218276602237649,0.7896666,0.74,Cleaning Services_auto loans,0.8596012172326862,109496.92300147685,54403.49183468526,74828.33219476607,69369.15827363847,30789.476909977573,18390.836351672653,22310.235796799636,0.578,0.795,0.737
name775,54,ausbildung,1,0,MediumSkilled,Teacher,3593.0,3709.5080950914025,-116.50809509140254,0.0324264111025334,2389.229484659062,0.5398017499844486,auto loans,36,0.697394260993728,42313,car,46741.53982856501,1,0.549134324709399,0.6696724,0.88,Teacher_auto loans,0.5811557536356513,86012.26144772624,27992.451549193614,33041.09013217317,43688.21902499146,18735.23808749204,14612.22019153346,5746.11283243225,0.56,0.661,0.874
name776,45,bachelor degree,0,0,HighSkilled,Doctor,5552.0,4996.35087388619,555.6491261138099,0.0,4394.068231277552,0.6049522024392294,simple loans,36,0.6913579079905875,69328,house,71326.4234833662,0,0.09290534112461399,0.10269287,0.26,Doctor_simple loans,0.6961156518029167,158186.45632599187,11782.419292238474,10461.026474417336,28740.293787609735,38831.588433229124,40440.78428167268,51299.09929487784,0.107,0.095,0.261
name777,58,high school or lower,0,1,LowSkilled,Agriculture,2238.0,2129.553457555244,108.44654244475625,0.0,628.9379920351313,0.4480066991494115,simple loans,48,0.2325699059831881,0,none,3602.2539342137143,0,0.305788936745382,0.25125223,0.15,Agriculture_simple loans,1.0,30189.023617686304,8603.871731040595,7818.957116980753,4558.542566270632,14091.74822491178,14028.638494800925,12651.081941387756,0.285,0.259,0.151
name778,47,high school or lower,0,0,LowSkilled,Construction,2332.0,1268.313163831551,1063.686836168449,0.0,785.3694200691587,0.2115504768537201,auto loans,36,0.0,0,none,5058.383615640692,0,0.22425956415139564,0.15508325,0.15,Construction_auto loans,1.0,28273.299122489712,5909.11951660035,4269.268167495947,4014.8084753935386,12970.204756397055,11963.818808844593,11848.274011168474,0.209,0.151,0.142
name779,44,ausbildung,0,1,MediumSkilled,Teacher,3061.0,1639.7673716433037,1421.2326283566963,0.0,968.2738900581772,0.5946701226164262,auto loans,36,0.0,10909,liquid assets,22564.62172626629,0,0.27596756571457465,0.25500092,0.15,Teacher_auto loans,0.7033287996344452,34857.860042094384,6889.146858006118,6300.749973336556,3530.3813080173695,11452.514261013233,11406.01739549197,10273.956543887289,0.281,0.257,0.144
name780,44,post graduate degree,1,1,HighSkilled,Engineering,5692.0,5200.767802503485,491.23219749651525,0.0,1823.6314055014564,0.7575639833501104,auto loans,36,0.2340827842594766,51131,house,53816.36170487697,1,0.3091527943878188,0.40686467,0.86,Engineering_auto loans,0.4605639490036989,65650.73059805243,9554.68967759257,12215.489334643666,25096.178583550103,14106.459653139531,13442.091819737348,4028.7829455019632,0.316,0.404,0.83
name781,49,high school or lower,2,0,LowSkilled,Construction,1612.0,2130.1157116664745,-518.1157116664745,0.3214117318030238,778.6544994169482,0.3978581491873498,auto loans,12,0.8044480217639097,15547,liquid assets,17758.682392817464,1,0.8050782451548013,0.7694706,0.86,Construction_auto loans,0.0,9343.853993003378,0.0,0.0,0.0,0.0,0.0,0.0,0.795,0.797,0.849
name782,41,high school or lower,1,0,LowSkilled,Manufacturing,1786.0,2611.466598983459,-825.4665989834589,0.4621873454554641,1111.830788449863,0.5526273276319533,auto loans,12,1.0847129828853983,9912,liquid assets,12581.30986999445,0,0.6981536726614506,0.77045614,0.76,Manufacturing_auto loans,0.2981891556545847,13341.969461398356,2721.246536189123,3031.564123649286,3039.5209848662134,1076.1185085506952,842.3581073739987,877.2558310652421,0.684,0.762,0.764
name783,52,bachelor degree,0,0,HighSkilled,Consultant,9602.0,9504.551907130042,97.44809286995768,0.0,7703.529984440996,0.3602734187841285,auto loans,60,0.7921351688784669,21079,car,47603.19920184844,0,0.11255226717205183,0.06976483,0.09,Consultant_auto loans,0.9611566351296031,462211.79906645976,54199.468375966084,37761.924688173094,40427.472313220605,169007.98663975365,137996.26952938252,154592.32542879222,0.122,0.085,0.091
name784,41,high school or lower,1,2,LowSkilled,Agriculture,1527.0,1291.4152073873909,235.58479261260916,0.0,361.4189995028416,0.797452473944259,mortgages,60,0.0824061603734332,6409,liquid assets,8980.697554138556,0,0.7202558505197452,0.69962,0.52,Agriculture_mortgages,0.7221322907590139,21685.139970170494,10867.720622649815,11165.251878889507,7547.898184606933,3962.061653256298,4217.7846274187405,6136.994152915805,0.694,0.713,0.482
name785,32,high school or lower,0,0,Unemployed_LowSkilled,Transportation,500.0,499.1752332942468,0.824766705753234,0.0,120.184394607861,0.4016773880151157,mortgages,60,0.2387192558042155,0,none,784.3799645154595,1,0.46373169176996953,0.4950884,0.81,Transportation_mortgages,1.0,7211.06367647166,3208.9233360298886,3771.386302794678,5761.6398775008565,3036.469338870035,2923.949721551821,1282.035171605434,0.445,0.523,0.799
name786,38,ausbildung,0,1,Unemployed_MediumSkilled,Nursing,1150.0,1571.73907171226,-421.73907171226006,0.3667296275758783,555.8442690070476,0.349694764174535,auto loans,24,0.8500724701907023,0,none,2141.6785392148854,0,0.5761580170465429,0.51178914,0.25,Nursing_auto loans,1.0,13340.262456169143,7537.248287735565,6883.575427383278,2868.1564280763655,4774.098524321027,5289.241240817,6196.51117324914,0.565,0.516,0.215
name787,34,ausbildung,3,1,MediumSkilled,Nursing,1546.0,2330.0879881695178,-784.0879881695178,0.5071720492687696,1136.18342045766,0.3759602386833175,auto loans,12,1.24209017375626,17151,liquid assets,17714.77853913526,1,0.9316754811919565,0.96159095,0.89,Nursing_auto loans,0.0,13634.201045491922,0.0,0.0,0.0,0.0,0.0,0.0,0.942,0.961,0.874
name788,39,bachelor degree,0,1,Unemployed_HighSkilled,Finance,2250.0,2043.0217597280885,206.97824027191157,0.0,1999.8798719273875,0.541787698878178,auto loans,24,0.796845169624656,60114,house,76191.54441632105,0,0.14893006004695056,0.11276261,0.05,Finance_auto loans,0.13110315003919623,47997.1169262573,1082.3225941550963,667.0127615141873,327.2138075352617,2631.370920529169,2395.5387442305973,1658.1302200775488,0.172,0.106,0.052
name789,38,post graduate degree,1,1,HighSkilled,Engineering,5334.0,3782.2583957130937,1551.7416042869063,0.0,2742.233102407277,0.4548957462476105,auto loans,48,0.2231892572404144,30881,car,43785.78699666739,1,0.2890721632316662,0.39600888,0.81,Engineering_auto loans,0.8002472915284747,131627.18891554928,28650.929986559655,40975.043252837146,84162.10683551898,49232.77678226854,47216.78165491301,18727.095648739356,0.272,0.389,0.799
name790,56,bachelor degree,1,0,HighSkilled,Consultant,7896.0,13092.073409683571,-5196.073409683571,0.658064008318588,3280.272681406983,0.6284677744520923,simple loans,36,1.0734987450722586,51812,house,59344.00941602451,1,0.6623514799150775,0.83335924,0.83,Consultant_simple loans,0.6960662003373818,118089.81653065138,56141.459315572836,68717.80378890027,67731.42383020793,24479.08514560765,12921.001705223367,13166.398080586829,0.683,0.836,0.824
name791,46,ausbildung,3,0,MediumSkilled,Teacher,3097.0,3936.49280818176,-839.4928081817602,0.2710664540464191,1492.8641455138484,0.6220258360746955,auto loans,12,0.7531020192753014,43636,car,56448.73272730512,1,0.9260009338268284,0.91801596,0.9,Teacher_auto loans,0.0,17914.36974616618,0.0,0.0,0.0,0.0,0.0,0.0,0.931,0.921,0.884
name792,47,bachelor degree,0,0,HighSkilled,Finance,8093.0,3532.0976902944435,4560.902309705556,0.0,3257.377188747112,0.9194539757299556,simple loans,36,0.0,43407,car,70075.92411567764,1,0.13568293740315382,0.13108289,0.26,Finance_simple loans,0.6850835325728442,117265.57879489604,10604.44664004087,9479.732602460777,20244.85267644166,32631.02691424255,32261.15375567703,37425.975064683975,0.132,0.118,0.252
name793,43,ausbildung,0,0,MediumSkilled,Nursing,2184.0,1824.080254284965,359.91974571503533,0.0,1616.3127276185585,0.5112053648375032,auto loans,24,0.5752715118605874,21285,car,28235.568763970383,0,0.24726995170600433,0.24085577,0.11,Nursing_auto loans,0.5333486076003372,38791.5054628454,4820.629134101767,4655.113970699131,1944.80316998097,9600.7717438829,9575.791188607924,7803.141091268568,0.233,0.225,0.094
name794,57,high school or lower,0,2,LowSkilled,Cleaning Services,1389.0,3546.680645332741,-2157.680645332741,1.5534057921761992,440.3942845167786,0.9552004166477296,mortgages,12,1.8704643123466664,7154,liquid assets,7944.248012776029,1,0.9207432713159198,0.8339371,0.86,Cleaning Services_mortgages,0.0,5284.731414201344,0.0,0.0,0.0,0.0,0.0,0.0,0.917,0.821,0.861
name795,57,ausbildung,0,0,MediumSkilled,Electrician,3895.0,2208.065218581485,1686.9347814185148,0.0,2237.3632019107554,0.9884862038268588,auto loans,36,0.1413166676488422,23106,car,33509.8312681512,0,0.32630826728887685,0.3238772,0.44,Electrician_auto loans,0.7564060722608174,80545.07526878719,21506.448760477368,20714.426568165174,27233.3784587348,28311.70776215006,28331.177352289087,26300.51661936235,0.353,0.34,0.447
name796,57,high school or lower,1,0,LowSkilled,Agriculture,1480.0,2611.24256125965,-1131.2425612596498,0.7643530819321959,1422.5299131797185,0.2184695612478366,auto loans,24,1.7255219421887622,19583,liquid assets,17279.698227442004,1,0.6754906387177694,0.8302256,0.91,Agriculture_auto loans,0.45642942184865676,34140.717916313246,10346.99788498718,12684.422105993319,14195.956435577289,4486.727824060637,2492.912443471692,1356.3618040871524,0.664,0.814,0.911
name797,59,post graduate degree,1,1,HighSkilled,Finance,11140.0,13974.901833361144,-2834.901833361144,0.2544795182550398,6034.120918560923,0.3723753109452345,auto loans,48,0.7961420782694855,37725,car,52201.69580262299,1,0.5444146873952,0.25502005,0.43,Finance_auto loans,0.8890468807104452,289637.8040909243,138020.85023689258,68495.42194592058,113043.19636939524,97247.94810562325,119800.11670070082,112224.64145566332,0.536,0.266,0.439
name798,31,post graduate degree,1,0,HighSkilled,Finance,2752.0,3768.744784556767,-1016.7447845567668,0.3694566804348716,2665.8824433259965,0.4297853587286289,simple loans,48,1.33816396362019,30380,car,36403.80938320206,0,0.5409801376360788,0.60353994,0.3,Finance_simple loans,0.7979991113928999,127962.35727964784,55856.27452829217,62902.12999895425,30123.584983265428,38774.29054355186,34691.955854184744,47698.48015619931,0.547,0.616,0.295
name799,54,post graduate degree,0,0,HighSkilled,Engineering,5698.0,4082.903078940335,1615.0969210596654,0.0,3162.6217584883657,0.9016064123624614,auto loans,36,0.2715908805596174,36359,car,45109.58694535112,0,0.17518867869488663,0.17066866,0.22,Engineering_auto loans,0.7285169318445043,113854.38330558117,14017.678974478295,12524.67174642735,17501.36250659716,36253.83639148236,36018.24855170625,37943.60012309537,0.169,0.151,0.211
name800,41,high school or lower,0,3,LowSkilled,Transportation,1236.0,1134.1708234508478,101.82917654915218,0.0,827.6330653607646,0.9432531956584954,auto loans,24,0.5872199747666768,10696,liquid assets,13000.554157466628,0,0.29509991669295477,0.2997965,0.17,Transportation_auto loans,0.49188961557498834,19863.19356865835,2589.182141873418,2960.4610905194177,1543.738786475472,4565.687201910551,4563.996371821819,4238.533923765787,0.265,0.303,0.158
name801,39,bachelor degree,0,1,HighSkilled,Engineering,3551.0,5384.768637869332,-1833.7686378693325,0.5164090785326196,2474.0437237551505,0.6893237271569295,simple loans,48,1.213126545092786,55755,house,53902.57746533504,0,0.31772205400993236,0.22876847,0.12,Engineering_simple loans,0.6749304709678575,118754.09874024722,26369.599971606993,19075.880830524206,9057.035856509394,37329.60643165713,36869.26537162193,31215.201194592002,0.329,0.238,0.113
name802,60,ausbildung,0,0,MediumSkilled,Artist,4980.0,4489.049881015994,490.9501189840057,0.0,3480.2702665786524,0.4710139042426592,auto loans,60,0.6002650898784431,0,none,10677.99699227321,0,0.11384791828284324,0.06980334,0.1,Artist_auto loans,1.0,208816.21599471915,22969.783759419108,15034.767551619778,19837.54051949832,79778.80653413896,64879.66476596489,75883.07104766014,0.11,0.072,0.095
name803,52,high school or lower,1,0,LowSkilled,Agriculture,1962.0,1866.9302061962053,95.06979380379448,0.0,1633.8054294261422,0.8617832101530928,auto loans,12,0.7842689274323892,0,none,3203.552048629247,1,0.4773276290001365,0.7105889,0.78,Agriculture_auto loans,1.0,19605.665153113707,9685.19858563817,13723.965607179594,15351.235814888032,8127.187896051447,5111.417174000385,3992.670410040489,0.494,0.7,0.783
name804,57,bachelor degree,1,1,HighSkilled,Consultant,9133.0,10972.591918124936,-1839.5919181249371,0.2014225247043619,6597.1376884835045,0.4872472621195866,auto loans,24,0.9237632329583316,15212,liquid assets,39715.74293760464,0,0.3701551304872546,0.3018084,0.16,Consultant_auto loans,0.9086982336345726,158331.3045236041,54672.64316486953,44313.61603889425,20861.929628700214,65591.56433958466,67192.89196674859,61416.94844041132,0.38,0.308,0.145
name805,41,high school or lower,0,0,Unemployed_LowSkilled,Manufacturing,750.0,1074.5148938268155,-324.5148938268155,0.4326865251024206,722.1234379331322,0.4583430475490062,auto loans,48,1.3955177756799304,0,none,1030.0980789392047,1,0.7106447631490858,0.7422231,0.87,Manufacturing_auto loans,1.0,34661.925020790346,24713.952539823516,25753.810290447225,30121.21284306681,9035.218915283276,8152.847324985416,4302.605207049599,0.713,0.743,0.869
name806,58,bachelor degree,0,0,HighSkilled,Doctor,12609.0,9464.06010476095,3144.9398952390493,0.0,10600.075727872723,0.4629351872323416,auto loans,48,0.5912551219473133,68065,house,90001.48193305635,0,0.05737255300998125,0.15617085,0.07,Doctor_auto loans,0.9071813750655883,508803.6349378907,21694.12751552229,69698.15435838012,28617.785233242168,130435.09763986112,195705.12467069746,143601.9688229404,0.047,0.151,0.062
name807,46,high school or lower,1,1,LowSkilled,Agriculture,2193.0,1984.9191939617665,208.0808060382335,0.0,1071.3826971253543,0.2677024746174054,auto loans,12,0.3936625130356229,14304,liquid assets,16717.466920469284,0,0.3756424132183474,0.2836704,0.22,Agriculture_auto loans,0.0,12856.592365504252,0.0,0.0,0.0,0.0,0.0,0.0,0.374,0.282,0.218
name808,32,bachelor degree,3,0,HighSkilled,Finance,3126.0,1525.6126304529546,1600.3873695470454,0.0,2101.060836853437,0.6749109419189108,auto loans,36,0.1601642569758131,12120,liquid assets,23791.476335350628,1,0.7777846109064566,0.7875154,0.86,Finance_auto loans,0.8481149868213514,75638.19012672374,49844.45879769585,50293.50797605347,55874.54776421246,13184.811689529452,12652.55061626111,8547.522099042291,0.777,0.784,0.871
name809,46,ausbildung,0,1,MediumSkilled,Teacher,2272.0,3095.703612779454,-823.703612779454,0.362545604216309,1982.4245075254205,0.7114249422431043,auto loans,12,1.235091602246864,0,none,3761.5097730136977,0,0.40062695064297843,0.30296883,0.17,Teacher_auto loans,1.0,23789.094090305047,10324.46683519239,7279.462791633344,3972.778713080943,10627.078187434798,11108.507869220624,10319.932067344325,0.434,0.306,0.167
name810,52,ausbildung,0,0,MediumSkilled,IT Support,2918.0,2299.3702059235197,618.6297940764807,0.0,1466.5919424724907,0.2481035707125791,simple loans,24,0.2905970350911617,46731,car,54384.35842296995,0,0.10831660877022055,0.10370698,0.05,IT Support_simple loans,0.0,35198.20661933978,0.0,0.0,0.0,0.0,0.0,0.0,0.099,0.09,0.062
name811,49,bachelor degree,0,0,HighSkilled,Finance,6903.0,3069.940631508893,3833.059368491107,0.0,1797.8622701777756,0.4246480451237017,auto loans,24,0.0,31102,car,55157.34262921567,0,0.07269125391342156,0.119912334,0.05,Finance_auto loans,0.38566049232900146,43148.69448426661,1281.3375003780068,1963.6081174623998,698.9113638425491,5268.655470228416,6479.143168243744,4384.935083254041,0.077,0.118,0.042
name812,36,high school or lower,1,1,LowSkilled,Agriculture,739.0,1616.8299581901658,-877.8299581901658,1.1878619190665305,454.6359286387278,0.440823699316849,auto loans,24,1.8030661526777996,0,none,493.3226758456288,1,0.8262205952610523,0.84494334,0.85,Agriculture_auto loans,1.0,10911.262287329468,9034.525173908798,9121.815272207434,9383.685567103343,1784.2945450703228,1602.1889640311133,1552.5555266987642,0.828,0.836,0.86
name813,48,ausbildung,0,1,MediumSkilled,Nursing,3219.0,3381.8600406764813,-162.86004067648128,0.0505933646090342,1457.2850093620357,0.5877941669292917,mortgages,36,0.5033069431620121,35229,car,48670.166707906224,1,0.430576442328857,0.36225677,0.77,Nursing_mortgages,0.42833726872273387,52462.26033703329,9415.575806286271,8629.071860653767,16898.59906044696,9788.345932087925,10289.290055051171,4766.567615803377,0.419,0.384,0.752
name814,32,ausbildung,2,0,MediumSkilled,Artist,1219.0,1362.2428193925896,-143.24281939258958,0.1175084654574155,246.04346338420063,0.3238215393561401,auto loans,36,0.3193488784058985,22652,car,27008.39385833081,1,0.48905347551007905,0.6987573,0.84,Artist_auto loans,0.0,8857.564681831223,0.0,0.0,0.0,0.0,0.0,0.0,0.488,0.694,0.827
name815,35,bachelor degree,1,0,HighSkilled,Engineering,4004.0,2267.397095981056,1736.6029040189442,0.0,2345.241353730275,0.3129575580612254,auto loans,36,0.1520076048230097,47948,car,52889.861069463775,1,0.20721821875247776,0.22647518,0.75,Engineering_auto loans,0.5158930458885284,84428.6887342899,8885.459371867488,9930.807533263664,32275.12448310691,19729.37316868823,20008.590439890417,9966.032281785861,0.204,0.228,0.741
name816,46,post graduate degree,1,1,HighSkilled,Doctor,8033.0,7187.200914036963,845.7990859630372,0.0,4694.848951797962,0.7128739605948846,auto loans,12,0.4791547200093272,11852,liquid assets,26813.280120650244,0,0.21854010649311525,0.1919924,0.29,Doctor_auto loans,0.8004436137394844,56338.18742157555,9244.58617790795,8027.006534963976,13438.471614714972,20608.251085754608,20125.887563902565,21077.144459670755,0.205,0.178,0.298
name817,40,bachelor degree,0,3,HighSkilled,Consultant,4175.0,3893.998550420608,281.00144957939165,0.0,1483.875270634838,0.3869118938752992,auto loans,48,0.2881134900731608,45072,car,56299.15040834952,0,0.18405693700255576,0.152996,0.2,Consultant_auto loans,0.46078320234634734,71226.01299047223,6038.834065524668,5087.061305197411,5841.915563387995,14512.90974786189,13833.534380229736,14768.527367358565,0.184,0.155,0.178
name818,39,ausbildung,0,0,MediumSkilled,Teacher,1717.0,1793.949552536959,-76.94955253695866,0.0448162798700982,908.3744698612352,0.7802623355197351,simple loans,12,0.5738637288283015,0,none,3424.883749813462,0,0.286773982038279,0.23077424,0.09,Teacher_simple loans,1.0,10900.493638334821,3357.3520406071248,2180.0987276669644,806.6365292367767,5094.871771260202,5019.918729632408,3793.1402403854618,0.308,0.2,0.074
name819,48,high school or lower,0,0,LowSkilled,Construction,1908.0,1174.175292514904,733.824707485096,0.0,1881.8155032607,0.7061064736310803,auto loans,12,0.6016723248299811,12285,liquid assets,18430.46080616964,1,0.2776369920174947,0.20158988,0.65,Construction_auto loans,0.4848451778008687,22581.7860391284,2912.3462378758345,2255.426033843691,7258.968254555181,5115.278637187744,4934.26528684449,3360.4507675684067,0.266,0.206,0.663
name820,31,ausbildung,1,0,MediumSkilled,Artist,2293.0,2173.560533866735,119.43946613326489,0.0,717.9556289507481,0.9089331282107288,auto loans,36,0.2610188237320031,41342,car,41409.67246859918,0,0.34997474229069225,0.43070233,0.17,Artist_auto loans,0.0,25846.40264222693,0.0,0.0,0.0,0.0,0.0,0.0,0.359,0.416,0.156
name821,47,bachelor degree,1,1,HighSkilled,Engineering,7159.0,7664.370265216939,-505.3702652169386,0.0705922985356807,3442.7592575537924,0.9451986880056426,auto loans,24,0.5514917618062203,0,none,14925.161640066368,0,0.32976818306193495,0.27689654,0.16,Engineering_auto loans,1.0,82626.22218129101,27101.400875463452,21978.57510022341,13715.952882094309,38356.093302740686,38600.92882244723,35271.153008789115,0.328,0.266,0.166
name822,37,bachelor degree,0,0,HighSkilled,Consultant,4648.0,5326.521340636719,-678.5213406367193,0.1459813555586745,1970.0368354263364,0.7406121162932091,simple loans,36,0.569827490547129,14809,liquid assets,31529.58701380655,0,0.18747538621848564,0.13705607,0.06,Consultant_simple loans,0.8019383481260329,70921.32607534812,10863.03543623653,7223.065447131097,3639.9699891054347,25253.34269728043,23176.765646907308,16432.32360054386,0.191,0.127,0.064
name823,52,high school or lower,3,1,LowSkilled,Transportation,2367.0,1607.3709639284227,759.6290360715773,0.0,1462.8209447791453,0.7387818782087836,simple loans,60,0.297081499242741,6931,liquid assets,9573.816088379654,1,0.8950174295433849,0.9136993,0.82,Transportation_simple loans,0.9256840260220239,87769.25668674872,72390.71961165825,73446.92539723801,67759.6634748855,8210.100486906913,6789.110762974553,13732.185115331265,0.891,0.904,0.834
name824,36,bachelor degree,0,1,HighSkilled,Doctor,4350.0,3228.326423141837,1121.6735768581625,0.0,3064.7104128917435,0.9831533791731972,auto loans,24,0.4466751347203634,50741,house,58682.259493543424,0,0.10650800825119952,0.105738685,0.08,Doctor_auto loans,0.5224544235694938,73553.04990940185,4572.945838771175,5379.936280907265,2536.2556752848536,14315.498770075093,14275.353627106208,12706.501688089958,0.119,0.14,0.066
name825,57,bachelor degree,1,2,HighSkilled,Research,6726.0,6938.402719787912,-212.40271978791225,0.0315793517377211,3539.116958400908,0.527517263069603,mortgages,24,0.5577638534327714,41564,car,56888.48364531586,1,0.3484393811881441,0.34378767,0.69,Research_mortgages,0.5830998551747979,84938.8070016218,18127.177018459875,15502.203297207489,33976.07495809693,22829.793975778506,22874.884899548866,13710.28099079467,0.366,0.313,0.686
name826,55,ausbildung,1,0,MediumSkilled,Electrician,3631.0,3940.418870583919,-309.4188705839188,0.0852158828377633,3532.0436116507226,0.7126754812310048,auto loans,48,1.0579626775639333,44852,car,56047.73899235916,1,0.6095242524536482,0.5212462,0.84,Electrician_auto loans,0.7748853976935746,169538.09335923468,82370.61574634435,65160.80607685295,107462.78098964861,44095.429864342295,51392.44989309879,19872.49321844727,0.627,0.496,0.818
name827,60,high school or lower,1,0,LowSkilled,Manufacturing,2688.0,1457.9266757930795,1230.0733242069205,0.0,984.0955446820976,0.5366628765876738,simple loans,36,0.0,24373,car,27885.41383661804,0,0.6338051229369103,0.5490255,0.2,Manufacturing_simple loans,0.41511283545360145,35427.43960855551,9206.196952889211,8059.098930005252,2735.387593030979,4686.062623697605,5513.011604079959,6617.711763295299,0.626,0.548,0.186
name828,46,ausbildung,0,1,MediumSkilled,Nursing,2694.0,1372.218210437688,1321.781789562312,0.0,631.3173029103281,0.8408671021316074,simple loans,12,0.0,48952,car,66936.55291802663,1,0.3819986163176254,0.52024585,0.77,Nursing_simple loans,0.0,7575.807634923936,0.0,0.0,0.0,0.0,0.0,0.0,0.364,0.518,0.767
name829,58,ausbildung,1,0,MediumSkilled,Nursing,3321.0,4480.072775676695,-1159.0727756766946,0.3490131814744639,3035.2857826522763,0.9534245550055984,mortgages,48,1.2629805957027918,17306,liquid assets,22261.358305412938,1,0.8327519992692546,0.8547833,0.92,Nursing_mortgages,0.8876242134637232,145693.71756730927,106819.37022785048,110699.00837171914,117811.67830214504,20398.263930761786,17842.51942171294,10037.272490221929,0.826,0.856,0.911
name830,58,ausbildung,1,0,MediumSkilled,Nursing,3935.0,2108.4704431163505,1826.529556883649,0.0,1559.4670142418531,0.4600885112142033,simple loans,24,0.0,16451,liquid assets,25480.878110409456,1,0.4779265515763665,0.52350086,0.38,Nursing_simple loans,0.5827945678410904,37427.20834180448,10077.316654509903,11342.434329751406,8005.141151959165,9035.477767405448,8504.954562882202,9884.979183477999,0.462,0.52,0.367
name831,38,bachelor degree,1,0,HighSkilled,Finance,3796.0,2722.795857166428,1073.204142833572,0.0,2653.079168397985,0.7910354607390533,auto loans,24,0.4161946853436284,22011,car,29537.58035889719,1,0.3292145475835409,0.43959677,0.7,Finance_auto loans,0.7062941150061425,63673.90004155164,15290.650298804683,18843.477868232825,31075.998107276566,20880.40019929744,19421.77507542314,12099.656891421739,0.34,0.419,0.691
name832,37,bachelor degree,1,1,HighSkilled,Consultant,4023.0,4865.416979089139,-842.4169790891392,0.209400193658747,2383.584466162163,0.694607532179338,auto loans,24,0.8018894967067617,61125,house,64650.275137926656,1,0.38362954638616686,0.41974932,0.1,Consultant_auto loans,0.2594827780123808,57206.027187891916,5403.208302770816,6130.563266605349,1291.42616027764,6711.272555809303,6528.979986758868,5394.249180431344,0.364,0.413,0.087
name833,44,ausbildung,1,0,Unemployed_MediumSkilled,Teacher,1300.0,1338.1914953806236,-38.19149538062357,0.0293780733697104,568.3483288877328,0.6812653818008592,auto loans,24,0.4665690955910433,22309,car,21945.27755611084,1,0.7365497200308958,0.8473327,0.89,Teacher_auto loans,0.0,13640.359893305587,0.0,0.0,0.0,0.0,0.0,0.0,0.741,0.833,0.881
name834,33,high school or lower,0,0,LowSkilled,Agriculture,836.0,537.8095287513089,298.1904712486911,0.0,646.7732756530136,0.5649362874293474,simple loans,48,0.4169650770386632,0,none,1641.0368290521872,0,0.2659485516306479,0.221738,0.26,Agriculture_simple loans,1.0,31045.11723134465,8226.956066306333,6115.888094574897,7450.828135522716,14481.444014946654,14218.465112844344,14462.798919381838,0.265,0.197,0.24
name835,60,high school or lower,0,0,Unemployed_LowSkilled,Cleaning Services,1100.0,732.6495878502345,367.3504121497655,0.0,632.494688790572,0.4816972797201133,auto loans,12,0.2410402514916423,18494,liquid assets,20516.152917218697,1,0.4873155958734683,0.6342279,0.72,Cleaning Services_auto loans,0.0,7589.936265486864,0.0,0.0,0.0,0.0,0.0,0.0,0.468,0.624,0.718
name836,36,bachelor degree,1,1,HighSkilled,Doctor,3832.0,3444.438759251604,387.5612407483964,0.0,1220.0693630557128,0.8011398411451796,simple loans,36,0.2172515976793623,40451,car,42947.41153268453,0,0.32601131309530706,0.16023153,0.16,Doctor_simple loans,0.2168428886930577,43922.49707000566,3028.7214035606203,1495.3121394937652,1342.923641201407,4426.308732458594,4067.308304988987,4065.687243524372,0.318,0.157,0.141
name837,40,high school or lower,0,0,LowSkilled,Manufacturing,1062.0,681.9795681273414,380.0204318726586,0.0,638.1263143093734,0.3620942526425836,auto loans,48,0.2430375540835355,0,none,2127.9692700214023,0,0.31999736952077457,0.3303311,0.09,Manufacturing_auto loans,1.0,30630.06308684992,9893.510377052526,10291.701197181574,2756.705677816493,14257.969610863864,14216.309054264226,10658.61131753518,0.323,0.336,0.09
name838,60,high school or lower,1,0,LowSkilled,Construction,1967.0,2728.1241801877663,-761.1241801877663,0.3869467108224536,1246.557375722688,0.6875136188753721,auto loans,12,1.0206820314745573,0,none,2436.0540813290518,1,0.6942252000875262,0.6903366,0.9,Construction_auto loans,1.0,14958.688508672256,10366.371136509873,10545.87539861394,13462.81965780503,4091.9004718857523,4136.971287861501,1442.1376780446572,0.693,0.705,0.9
name839,58,bachelor degree,0,0,HighSkilled,Research,7454.0,5585.240181410205,1868.759818589795,0.0,6327.971178675235,0.805005675908105,auto loans,60,0.5982306627428817,29268,car,48354.39545630019,0,0.13372967998793764,0.12962276,0.05,Research_auto loans,0.9344580810512851,379678.2707205141,52509.427384605566,42930.0048211978,20223.225411638632,143426.08800198248,141939.49083992964,93490.16444744142,0.148,0.121,0.057
name840,51,ausbildung,0,0,MediumSkilled,Teacher,4271.0,6530.849088671372,-2259.849088671372,0.529114747991424,2114.952593922528,0.5550443488121526,auto loans,60,1.0243038357747365,30464,car,39286.85202823333,0,0.5811349306436349,0.5239371,0.19,Teacher_auto loans,0.7958694373301023,126897.1556353517,58980.2436269099,52617.64885208914,18784.803620899384,35816.98658879969,39353.68706133225,44973.241236027534,0.584,0.521,0.186
name841,50,bachelor degree,2,0,HighSkilled,Consultant,7962.0,3034.771237702817,4927.228762297184,0.0,4571.706961809315,0.4241033327998205,mortgages,12,0.0,79283,house,95136.17627703988,1,0.36377388501845537,0.43647546,0.75,Consultant_mortgages,0.0,54860.48354171177,0.0,0.0,0.0,0.0,0.0,0.0,0.353,0.438,0.742
name842,52,ausbildung,0,0,MediumSkilled,Teacher,2460.0,4603.302690525293,-2143.3026905252927,0.8712612563110946,821.8057189381379,0.6633529193787343,simple loans,36,1.2053286217331018,14668,liquid assets,17481.500979563516,0,0.7026696896857665,0.63184047,0.23,Teacher_simple loans,0.5311130512067551,29585.005881772966,10779.106162273032,10323.429662701723,3346.865324437544,4194.64688364509,5028.8262480273415,7233.042893477736,0.686,0.657,0.213
name843,58,ausbildung,0,0,Unemployed_MediumSkilled,Artist,2000.0,1835.698446443468,164.30155355653187,0.0,1330.9957461907245,0.8750287844556193,auto loans,48,0.5833470963170962,45334,car,51404.46457799053,0,0.3778123410200979,0.46278423,0.16,Artist_auto loans,0.3966514562956504,63887.79581715478,10009.768963905473,11859.675633184208,4003.90758556219,11499.977655205474,10682.039764251824,10817.545197357385,0.395,0.468,0.158
name844,49,high school or lower,2,0,Unemployed_LowSkilled,Transportation,900.0,978.2752358115254,-78.27523581152536,0.0869724842350281,895.753701919837,0.5879379675613521,simple loans,12,1.0822543752570692,0,none,1277.2562434772951,1,0.8127321712486761,0.8363165,0.89,Transportation_simple loans,1.0,10749.044423038044,9039.946359774995,8717.475027083854,9706.387114003353,1885.3682451698178,1661.3540691050487,1136.303582701025,0.841,0.811,0.903
name845,44,post graduate degree,0,0,HighSkilled,Finance,5905.0,5730.555971629204,174.44402837079633,0.0,4195.166215104014,0.5870884471528235,mortgages,24,0.680901301732975,34611,car,48618.80121524731,1,0.20544240095937763,0.16537294,0.7,Finance_mortgages,0.7072838719701284,100683.98916249632,14313.64450175002,12106.067489042305,48424.26995616922,32206.576575809715,30671.503996151227,19159.32416991553,0.201,0.17,0.68
name846,54,bachelor degree,0,1,Unemployed_HighSkilled,Consultant,4000.0,3468.30021692694,531.6997830730606,0.0,2141.968180977617,0.926101521164704,auto loans,60,0.4025670994761391,65247,house,81635.11039199238,1,0.2569139789732077,0.2144165,0.14,Consultant_auto loans,0.6485156314547328,128518.09085865703,21503.265638412144,18836.193931322265,10418.248855819837,38796.77980214633,37973.40587681028,34195.7730936927,0.258,0.226,0.125
name847,53,high school or lower,0,1,LowSkilled,Construction,2111.0,2687.6643471686807,-576.6643471686807,0.2731711734574518,708.3648207307892,0.6760667878502624,auto loans,12,0.6087300653242397,17022,liquid assets,19956.32887206508,0,0.4515456612613285,0.38672853,0.26,Construction_auto loans,0.0,8500.37784876947,0.0,0.0,0.0,0.0,0.0,0.0,0.431,0.385,0.267
name848,51,high school or lower,2,0,LowSkilled,Manufacturing,2499.0,2455.786834668296,43.21316533170421,0.0,911.3332215745426,0.8913986019761573,auto loans,36,0.3473869772880505,17878,liquid assets,23225.22960039614,1,0.8566855142020351,0.9062799,0.86,Manufacturing_auto loans,0.4839816059087134,32807.99597668353,13560.210458843387,13988.929056488318,13385.547326469525,2163.421238397574,1437.5326420779204,2115.6943464000137,0.854,0.881,0.843
name849,58,bachelor degree,1,2,HighSkilled,Engineering,11053.0,12446.749442576547,-1393.7494425765472,0.1260969368114129,7755.621575077867,0.8608309000973453,auto loans,24,0.8277726425092207,21799,car,38434.049772468,0,0.4058693892375368,0.35086593,0.25,Engineering_auto loans,0.900452832615004,186134.9178018688,66204.25702338522,58661.99989413879,42571.851351746445,74570.58807867311,77173.92125135122,77852.34232159719,0.395,0.35,0.254
name850,56,bachelor degree,1,0,HighSkilled,Doctor,9603.0,6394.87641554672,3208.1235844532803,0.0,4679.886265587799,0.8770176687955014,simple loans,24,0.1532607186436029,27070,car,52541.19005955368,0,0.18992613394608218,0.13024631,0.05,Doctor_simple loans,0.7949805614758602,112317.27037410717,18036.589426419632,10089.77527319514,4285.922239941298,39758.25753572872,35779.50574892003,23528.454816295914,0.202,0.113,0.048
name851,46,high school or lower,0,1,LowSkilled,Manufacturing,1536.0,1292.944763173329,243.05523682667103,0.0,1013.93411180607,0.4872734210253525,auto loans,24,0.5018742675647129,12650,liquid assets,13742.618707352583,0,0.3306770911559422,0.25781852,0.14,Manufacturing_auto loans,0.5083580886789212,24334.418683345677,4082.2975284228187,2968.943657034777,1768.995595649888,5740.920986318138,5759.806043722928,5075.495263414908,0.33,0.24,0.143
name852,44,ausbildung,1,0,MediumSkilled,Electrician,2556.0,1992.4985918350828,563.5014081649172,0.0,2228.779874080038,0.8683585505215979,auto loans,12,0.6515173966804072,30680,car,39884.22717858909,0,0.49110966124341165,0.49138746,0.15,Electrician_auto loans,0.02458292092618926,26745.358488960457,325.45212127396627,333.9993487013634,101.25177106301173,267.9593894582114,267.8647191110997,275.52468158640573,0.495,0.508,0.154
name853,55,post graduate degree,0,0,HighSkilled,Consultant,10810.0,5167.37583700932,5642.62416299068,0.0,9235.599037838463,0.3653637592037981,auto loans,12,0.3323751040562243,79071,house,109442.18256575213,0,0.057095904800372424,0.13813373,0.11,Consultant_auto loans,0.5043729898562578,110827.18845406156,3745.1821066618436,8384.736059690693,5310.332837804106,15757.997223166027,22836.408139144376,21082.387745596116,0.067,0.15,0.095
name854,55,high school or lower,0,0,LowSkilled,Manufacturing,1903.0,1259.7779816271718,643.2220183728282,0.0,1562.9476598442864,0.4495288284646775,auto loans,12,0.4833030170632991,0,none,3351.0659470249693,0,0.26894040899333266,0.3970781,0.19,Manufacturing_auto loans,1.0,18755.371918131437,4988.928930222963,7745.9686021882835,3526.00992060871,8753.294627700343,8400.631311093808,8351.916697927083,0.266,0.413,0.188
name855,50,bachelor degree,1,0,HighSkilled,Doctor,7513.0,7771.542518498665,-258.54251849866523,0.034412687142109,5364.954932780956,0.8613639833854598,auto loans,12,0.7485022562597659,25113,car,37530.529939659566,0,0.2375322964829774,0.118906856,0.29,Doctor_auto loans,0.6683626754644657,64379.45919337148,11703.841104870908,5464.661104112519,12521.38882910821,19884.923835681835,16702.822797552217,20111.185456269504,0.272,0.127,0.291
name856,42,ausbildung,1,1,Unemployed_MediumSkilled,Electrician,1300.0,1697.7061744783014,-397.70617447830136,0.3059278265217703,576.3951464575965,0.4343906009404329,simple loans,60,0.7493087084122292,44395,car,42195.61411501324,1,0.8560645116505609,0.8797835,0.87,Electrician_simple loans,0.0,34583.70878745579,0.0,0.0,0.0,0.0,0.0,0.0,0.842,0.878,0.877
name857,33,bachelor degree,0,0,HighSkilled,Consultant,3074.0,3286.662730968418,-212.66273096841812,0.0691811096188738,2874.650389347364,0.9142646125395648,auto loans,36,1.0043308784371443,0,none,8910.808780526871,0,0.16518916663248692,0.1447628,0.05,Consultant_auto loans,1.0,103487.4140165051,18317.272280921403,14591.725376327218,5277.85811484176,44559.51358772175,42905.062456927895,27269.54499044946,0.177,0.141,0.051
name858,58,ausbildung,0,0,MediumSkilled,Artist,4149.0,3673.292343396559,475.70765660344114,0.0,1779.3057860204508,0.7678240805382146,auto loans,24,0.3141957410019305,0,none,8482.366140745065,0,0.11577451326122652,0.071136184,0.13,Artist_auto loans,1.0,42703.33886449082,4996.290647145426,3544.3771257527383,5038.993986009917,16416.27922471309,13385.630050717578,17100.779946116505,0.117,0.083,0.118
name859,33,bachelor degree,0,1,HighSkilled,Finance,2732.0,3301.4209528527854,-569.4209528527854,0.208426410268223,2142.682890522949,0.750585251223968,simple loans,48,0.9927173658037096,53812,house,66146.65064777758,0,0.26065142069053937,0.2245471,0.07,Finance_simple loans,0.6376064468804175,102848.77874510156,17836.95607181,14295.79567520066,4852.7012842424265,30554.786565063016,30088.53641946587,20401.772589134034,0.272,0.218,0.074
name860,34,bachelor degree,0,1,HighSkilled,Consultant,2538.0,3265.0601016051974,-727.0601016051974,0.2864697011840809,1624.6292718087286,0.7278792924438262,mortgages,36,0.926591557688702,34451,car,36092.11964436174,0,0.31870825435546796,0.29142672,0.29,Consultant_mortgages,0.4993013718357991,58486.65378511423,9373.991736546743,8643.930074821918,7797.058547221122,13597.685546001585,13648.408356238397,13648.90125556855,0.321,0.296,0.267
name861,43,ausbildung,2,0,MediumSkilled,Artist,3511.0,1738.5990991428982,1772.4009008571018,0.0,1032.2424220228431,0.3285936003669286,simple loans,24,0.0,0,none,8124.887658214019,1,0.3643674037090752,0.37778115,0.71,Artist_simple loans,1.0,24773.818128548235,8968.12216253446,9414.05088884833,17415.994144369408,11330.694931264847,11242.720258417374,6470.362760376295,0.362,0.38,0.703
name862,55,ausbildung,2,1,MediumSkilled,Teacher,2633.0,4166.928898059748,-1533.9288980597476,0.5825783889326804,1701.0611009524075,0.9532345353359408,simple loans,48,1.228632737946128,0,none,3529.833828817083,1,0.9449808596335372,0.8110094,0.81,Teacher_simple loans,1.0,81650.93284571556,77894.98993481265,66627.16120210389,65320.746276572456,4393.003678606557,14444.492680052623,14516.494708561477,0.954,0.816,0.8
name863,38,post graduate degree,1,0,HighSkilled,Engineering,3132.0,3314.248122904408,-182.24812290440784,0.0581890558443192,1740.3232374635347,0.7509548146978549,mortgages,60,0.6138478162094325,26555,car,42433.85465090371,1,0.4894577936888508,0.5227442,0.43,Engineering_mortgages,0.7838026452539338,104419.39424781209,40840.254516197005,42968.20364930548,35602.225880853104,33425.93146198029,31947.49815619206,35669.43351612384,0.499,0.525,0.435
name864,59,bachelor degree,0,0,HighSkilled,Engineering,14022.0,20395.697275459795,-6373.697275459796,0.454549798563671,3790.564147495858,0.9358260100096072,mortgages,48,0.7248795765907612,22869,car,58290.07250141008,1,0.41882696161457766,0.62122136,0.79,Engineering_mortgages,0.8931693085824445,181947.0790798012,66791.42374314385,102055.99540314927,129520.1088157802,71535.2177559027,53228.68459620068,31706.256963574724,0.411,0.628,0.797
name865,55,ausbildung,1,0,MediumSkilled,Artist,3953.0,2417.907780968014,1535.092219031986,0.0,1705.7694205825646,0.2088759278237011,auto loans,24,0.0431766257400906,44494,car,54846.059227278885,0,0.19170657273194114,0.13851127,0.18,Artist_auto loans,0.07289035961475196,40938.46609398155,638.5801763526621,441.6348883186635,495.34723960066316,1331.3338843123188,1220.1437905699065,1312.7681590290777,0.214,0.148,0.166
name866,53,high school or lower,0,0,LowSkilled,Agriculture,2071.0,2051.4099958490315,19.590004150968525,0.0,833.7010908639755,0.748762414539601,simple loans,60,0.3931004764427847,0,none,2963.0091646011674,0,0.3561882962106506,0.29326218,0.11,Agriculture_simple loans,1.0,50022.065451838534,17757.83323540268,14656.465177388689,5702.5154615095935,22974.847818990253,23377.250648232242,18866.14984986451,0.355,0.293,0.114
name867,55,high school or lower,2,0,LowSkilled,Agriculture,2339.0,3047.878180630973,-708.878180630973,0.3030689100602706,835.9396834568812,0.7032505504075067,auto loans,12,0.66046082261131,21752,car,25430.1097774612,1,0.815719756479236,0.9309613,0.9,Agriculture_auto loans,0.0,10031.276201482575,0.0,0.0,0.0,0.0,0.0,0.0,0.811,0.917,0.913
name868,57,bachelor degree,0,0,HighSkilled,Research,8101.0,8154.272583594738,-53.272583594737625,0.0065760503141263,2303.5057907073246,0.8457175880832406,auto loans,12,0.2909243765340158,47343,car,69104.85145173586,0,0.10542126593571108,0.15320627,0.12,Research_auto loans,0.0,27642.069488487898,0.0,0.0,0.0,0.0,0.0,0.0,0.111,0.144,0.117
name869,54,post graduate degree,0,1,HighSkilled,Doctor,9579.0,7263.6445084308925,2315.3554915691075,0.0,3214.9350300635124,0.2959335809090592,simple loans,36,0.0939116336250553,67312,house,87859.11031794832,0,0.06513946122081371,0.12157604,0.08,Doctor_simple loans,0.596124764878668,115737.66108228645,5312.544622021942,9038.22526603733,5174.556450021372,20745.696753230146,26995.47214542698,22813.334475333322,0.077,0.131,0.075
name870,49,high school or lower,0,0,LowSkilled,Agriculture,1609.0,1602.4609339846247,6.539066015375283,0.0,352.70573960361565,0.3422689510950907,simple loans,24,0.2151439860710008,6697,liquid assets,9197.822380049658,0,0.2121861367532482,0.16628295,0.11,Agriculture_simple loans,0.2541382166804604,8464.937750486775,484.0344414494588,329.14342018563195,251.6979095537186,978.4473928129262,927.905495866795,811.3633873278192,0.225,0.153,0.117
name871,47,bachelor degree,0,0,HighSkilled,Engineering,6106.0,5839.742999663759,266.2570003362407,0.0,2388.401607242295,0.3125354498938197,auto loans,48,0.3475507053563796,57043,house,73789.8383266047,0,0.0762096241054713,0.05927531,0.08,Engineering_auto loans,0.6546426089229312,114643.27714763017,5553.727679507546,3827.5690764173632,6679.483290218535,24281.03028806199,21554.26031641481,24815.8847359051,0.074,0.051,0.089
name872,44,high school or lower,0,1,LowSkilled,Agriculture,1478.0,2079.0692040384306,-601.0692040384306,0.4066774046268137,1163.8457148876498,0.7901242230195764,mortgages,48,1.1941237611137214,11090,liquid assets,10509.743738971929,1,0.5609101359983589,0.6601946,0.84,Agriculture_mortgages,0.8130626357760045,55864.594314607195,26298.998879695202,29614.762123594603,38063.145183393055,16694.587873082408,13599.612368224945,6870.814739550598,0.579,0.652,0.838
name873,46,bachelor degree,1,0,HighSkilled,Doctor,7950.0,4166.786582148858,3783.2134178511424,0.0,4802.21232574282,0.2612713935684148,simple loans,12,0.1281759632568148,68646,house,97577.16544002232,1,0.09273765362569233,0.1446388,0.75,Doctor_simple loans,0.17223160427913017,57626.54790891384,923.0354899740956,1409.3660169496945,7463.6848221561295,3497.385629143485,4113.789949802495,2270.9523545705233,0.093,0.142,0.752
name874,56,high school or lower,0,0,LowSkilled,Transportation,2196.0,1645.0079162146037,550.9920837853963,0.0,1090.7243635711147,0.438254345332393,auto loans,12,0.2457797266783781,0,none,4017.394463372431,0,0.1376412976739324,0.13525131,0.36,Transportation_auto loans,1.0,13088.692362853377,1793.1508537109128,1989.4812391537132,4541.776249910122,5341.063322006205,5310.819505608408,6000.097050466064,0.137,0.152,0.347
name875,60,high school or lower,0,0,LowSkilled,Construction,2230.0,1862.8638776628216,367.1361223371785,0.0,667.8864013852176,0.7415784233608314,auto loans,24,0.1348655959856677,8815,liquid assets,11616.906468040392,0,0.34941288782950936,0.25802493,0.15,Construction_auto loans,0.4811592189343063,16029.273633245222,2576.0193490064853,1897.3076642383091,1118.3317533111986,3553.599751936981,3591.232737865308,3232.0737012798472,0.334,0.246,0.145
name876,35,ausbildung,0,1,MediumSkilled,Artist,2105.0,1251.8206168578356,853.1793831421644,0.0,1898.2233446507785,0.2064035100081378,mortgages,36,0.4964579389589614,45889,car,50648.42697199977,0,0.12208987008107648,0.08629723,0.23,Artist_mortgages,0.42737718605382896,68336.04040742802,3709.0686112341923,2424.0369663971496,6220.721371597503,11444.301402985659,9982.41312717333,13443.846748359965,0.127,0.083,0.213
name877,52,post graduate degree,0,0,HighSkilled,Engineering,10236.0,4590.452223127981,5645.547776872019,0.0,5148.643818724733,0.5454956928215914,auto loans,24,0.0,23123,car,55197.32815756215,0,0.05385386304986826,0.084936835,0.11,Engineering_auto loans,0.8405896242507739,123567.4516493936,5297.345405331061,7894.083349120797,11425.646952674837,28432.185918976127,35259.97979489179,39175.06942254067,0.051,0.076,0.11
name878,47,ausbildung,0,1,MediumSkilled,IT Support,2752.0,1869.176250662431,882.8237493375693,0.0,690.681127720455,0.6063087913343339,auto loans,24,0.0,29120,car,27085.46481720546,1,0.1412192545787153,0.13100752,0.72,IT Support_auto loans,0.0,16576.34706529092,0.0,0.0,0.0,0.0,0.0,0.0,0.142,0.133,0.696
name879,58,ausbildung,0,0,MediumSkilled,Nursing,3543.0,4164.855960734028,-621.8559607340276,0.1755167825949838,1744.7975170829825,0.4506868057946921,mortgages,24,0.6679800953477307,24541,car,29653.95903792236,0,0.39475714949072455,0.2854143,0.13,Nursing_mortgages,0.5014478428813007,41875.14040999158,8294.288537432038,6068.4794615641995,2456.789262986198,9421.137374204543,9814.35499359043,8408.840783574586,0.395,0.289,0.117
name880,39,ausbildung,1,1,MediumSkilled,Nursing,1833.0,2697.7246686800463,-864.7246686800463,0.4717537745117546,1186.8798468987982,0.9945720843964464,auto loans,12,1.1192605104085347,0,none,2698.2563986562627,1,0.7640946421867486,0.71778446,0.86,Nursing_auto loans,1.0,14242.558162785579,11180.40815778668,10012.518388438262,11792.838158786459,3091.7525752705074,3631.6934911557264,1897.7210193767937,0.785,0.703,0.828
name881,45,bachelor degree,0,1,HighSkilled,Engineering,5694.0,4502.897200272396,1191.1027997276042,0.0,1184.0742771205048,0.2559735300985941,auto loans,24,0.0,26097,car,41056.25423013288,0,0.07154429740310703,0.07102401,0.06,Engineering_auto loans,0.217286080948738,28417.782650892113,493.9830897172309,475.45872385283474,358.1377400449924,1940.6765038831281,1934.105864761645,1784.0344854985897,0.08,0.077,0.058
name882,55,bachelor degree,0,0,HighSkilled,Engineering,4000.0,5158.160907874475,-1158.160907874475,0.2895402269686187,1071.3439165232778,0.8203450455542103,mortgages,12,0.5573762060994382,51990,house,53573.19512250656,0,0.2286256239427676,0.29930288,0.14,Engineering_mortgages,0.0,12856.126998279335,0.0,0.0,0.0,0.0,0.0,0.0,0.22,0.3,0.147
name883,37,high school or lower,0,0,LowSkilled,Agriculture,1390.0,455.3704550791713,934.6295449208288,0.0,1304.273596532744,0.8382838446579999,simple loans,48,0.2659309723826729,0,none,2931.910539569748,1,0.32664640949186086,0.27514893,0.79,Agriculture_simple loans,1.0,62605.13263357172,20534.483503811523,16402.54474999579,47642.505934148074,29089.688200549313,29242.555550544934,12214.509617171185,0.328,0.262,0.761
name884,57,bachelor degree,0,0,HighSkilled,Engineering,7431.0,6581.137133864186,849.8628661358143,0.0,6618.536310434469,0.4477400037861574,auto loans,12,0.776298404561789,38962,car,60590.93683025285,0,0.08215416086152305,0.06298803,0.2,Engineering_auto loans,0.581778558456304,79422.43572521363,3465.470262397743,3465.470262397743,9287.460303225953,15458.932405635542,13670.597766511004,20792.314325229323,0.075,0.075,0.201
name885,34,bachelor degree,1,0,HighSkilled,Engineering,2820.0,3160.2966963492395,-340.2966963492395,0.1206725873578863,1810.0517368737944,0.9953039694190268,simple loans,24,0.7625349053982389,41017,car,50930.904156134864,1,0.41320491749167054,0.5595766,0.81,Engineering_simple loans,0.19733166420417955,43441.241684971064,3548.9456619516054,4637.631891584103,6960.73400363455,3791.4342283113315,3157.878426239718,1524.0514135358146,0.414,0.541,0.812
name886,55,high school or lower,0,0,LowSkilled,Agriculture,2099.0,1714.5545364080062,384.44546359199376,0.0,1949.1765892682224,0.4828557996757756,auto loans,12,0.7454650431997277,0,none,3717.138428047642,1,0.1832458025926395,0.16838886,0.72,Agriculture_auto loans,1.0,23390.11907121867,4584.4633379588595,3906.149884893518,16443.253707066724,10332.743283053782,10122.045485664228,5922.787230633978,0.196,0.167,0.703
name887,41,ausbildung,1,0,MediumSkilled,Artist,2286.0,2663.5084267973007,-377.5084267973007,0.16513929431203,2103.8952518557594,0.990702722376087,simple loans,12,1.085478424607638,15199,liquid assets,15816.413550779427,1,0.3648434750077438,0.44603357,0.84,Artist_simple loans,0.43119708102757776,25246.74302226911,3777.553698139565,4746.436346941932,9046.533496120976,4977.747117018562,4671.283479868654,1646.7541158675185,0.347,0.436,0.831
name888,39,ausbildung,1,0,MediumSkilled,Nursing,2122.0,2724.347720365584,-602.3477203655839,0.2838584921609726,1178.25069931412,0.48917947580399,mortgages,12,0.8391132986238001,42660,car,43686.76517095071,0,0.6674514311902212,0.730641,0.66,Nursing_mortgages,0.0,14139.008391769441,0.0,0.0,0.0,0.0,0.0,0.0,0.673,0.74,0.653
name889,42,high school or lower,2,0,LowSkilled,Agriculture,1646.0,1977.7924598598088,-331.7924598598088,0.2015750059901633,986.0339885962852,0.7390454349036886,simple loans,48,0.8006236017351727,24146,car,28672.836519572025,1,0.8371646655417189,0.89455867,0.89,Agriculture_simple loans,0.5667461479016699,47329.63145262169,21780.995681591798,24087.849904026396,23980.55435879688,4125.555694895475,2722.0449163800067,2835.6081632440664,0.812,0.898,0.894
name890,54,ausbildung,0,0,MediumSkilled,Teacher,4516.0,2078.438368558057,2437.561631441943,0.0,2130.980417413169,0.8866234860855962,auto loans,36,0.0,12193,liquid assets,26237.82364405153,0,0.2916239075503808,0.3883071,0.35,Teacher_auto loans,0.8494132034595528,76715.29502687408,18701.77655239596,25348.40097171439,22350.903684570785,30455.14767295353,29369.26118338709,30015.99449062269,0.287,0.389,0.343
name891,41,high school or lower,0,0,Unemployed_LowSkilled,Manufacturing,750.0,825.6696489951205,-75.6696489951205,0.1008928653268273,451.1994943488676,0.9595921444077248,auto loans,12,0.7024921911253175,0,none,1199.0289709017188,1,0.6650744135924478,0.7794675,0.76,Manufacturing_auto loans,1.0,5414.393932186411,3735.931813208623,4250.299236766333,4142.011358122604,1601.4294970572046,1105.0866543512157,1193.8900325646377,0.69,0.785,0.765
name892,58,high school or lower,0,0,LowSkilled,Agriculture,2306.0,991.072512406522,1314.927487593478,0.0,1464.2592751921018,0.833313909921974,auto loans,60,0.0647579304417275,0,none,5627.268604092636,0,0.3580730595700492,0.35643587,0.1,Agriculture_auto loans,1.0,87855.55651152611,30573.733666011085,29343.755874849725,8521.988981618033,40313.945235960666,40346.66272328431,31926.397118815974,0.348,0.334,0.097
name893,56,ausbildung,1,1,MediumSkilled,Teacher,4491.0,3573.494720021424,917.5052799785758,0.0,3112.137952619179,0.5295265468310171,auto loans,24,0.4886734964686268,20937,car,31110.692215530824,1,0.4852285517484012,0.541165,0.49,Teacher_auto loans,0.7615399501816297,74691.3108628603,29236.534416900668,30772.305680045258,26961.317730760533,23353.577375562723,21592.148850502508,23214.585270789736,0.514,0.541,0.474
name894,35,ausbildung,1,0,MediumSkilled,Nursing,1556.0,1915.630406293357,-359.63040629335705,0.2311249397772217,878.5267359473793,0.4276868322745761,auto loans,48,0.7957308112086995,0,none,2900.426959207694,1,0.5845880648659988,0.39667,0.89,Nursing_auto loans,1.0,42169.28332547421,25006.385012006205,15939.98909702925,37066.800043091826,14860.020458445493,18893.51219922654,4457.801627461127,0.593,0.378,0.879
name895,56,high school or lower,0,0,LowSkilled,Construction,2347.0,1418.8433423924482,928.1566576075518,0.0,905.6763026366248,0.6947477030576756,simple loans,36,0.0,24125,car,25391.170835141813,1,0.39241588192730015,0.35039273,0.69,Construction_simple loans,0.371569268743986,32604.34689491849,5063.975253453207,4009.9899734282576,8468.226560200459,5444.577799214942,5579.434885954922,3353.6100173288746,0.418,0.331,0.699
name896,52,ausbildung,2,1,MediumSkilled,Electrician,4226.0,2944.802729993425,1281.1972700065749,0.0,1558.9481166809592,0.7381011022182757,mortgages,60,0.0657242893219082,0,none,8976.14007358552,0,0.8270350803232799,0.9194965,0.66,Electrician_mortgages,1.0,93536.88700085755,76887.3211147049,85305.64094478209,62482.64051657284,15228.443491834129,7304.402182280478,28019.369280463274,0.822,0.912,0.668
name897,57,ausbildung,0,1,MediumSkilled,Nursing,4267.0,2554.609207304088,1712.3907926959118,0.0,2848.198523945713,0.6759927066078513,auto loans,24,0.2661841413756272,37387,car,45962.58677719492,1,0.323315861293106,0.3427694,0.68,Nursing_auto loans,0.5344971375425658,68356.76457469711,12568.554278915253,13701.1856238175,23931.40422293457,16992.758960827436,16881.697233393366,10394.548114518218,0.344,0.375,0.655
name898,47,post graduate degree,1,1,HighSkilled,Engineering,5455.0,6439.604583109148,-984.6045831091478,0.1804957989201004,2943.829713649166,0.6424178798751068,auto loans,36,0.7201529416605525,54531,house,62787.61404297687,0,0.39689519697605585,0.4205633,0.17,Engineering_auto loans,0.6434011196536271,105977.86969136998,26319.904086922386,27479.070847227256,12478.089243281856,30545.10793066783,29969.872862499622,29579.84759902094,0.386,0.403,0.183
name899,58,ausbildung,1,0,Unemployed_MediumSkilled,Artist,2000.0,2073.8985783155827,-73.89857831558265,0.0369492891577913,1477.9417977350083,0.3594533499772736,auto loans,36,0.7759201880252956,16872,liquid assets,18111.37711595227,1,0.4357601145704918,0.6754399,0.84,Artist_auto loans,0.6994580570533948,53205.9047184603,16932.960925854743,25343.6184406749,31000.343848872526,16131.554326451193,10716.747457064737,5629.490561830726,0.455,0.681,0.833
name900,51,bachelor degree,1,0,HighSkilled,Research,5439.0,6090.973996449096,-651.9739964490964,0.1198701960744799,3750.044485996824,0.9428193342008844,simple loans,36,0.8093433503301932,59577,house,80511.60243309467,0,0.36206119737259895,0.2715619,0.41,Research_simple loans,0.6944062700814836,135001.60149588567,33654.79911937274,24842.679015692975,40404.50813495725,42928.90355012809,43769.18705338344,41571.74611262556,0.359,0.265,0.431
name901,40,high school or lower,0,0,LowSkilled,Cleaning Services,1138.0,1265.6629914318703,-127.66299143187052,0.1121818905376718,1112.4614247560369,0.8745795103641845,mortgages,24,1.0897402602705688,24160,car,27296.64120229982,0,0.3895353131032053,0.38228726,0.17,Cleaning Services_mortgages,0.23171648578310283,26699.074194144887,2350.913945453241,2517.9525678933396,989.858503348733,2785.9807238793355,2799.550098381073,2683.8118740630075,0.38,0.407,0.16
name902,60,ausbildung,0,0,MediumSkilled,Nursing,4401.0,2242.7695379216966,2158.2304620783034,0.0,2594.243068339425,0.7576225881565533,auto loans,24,0.099071257955265,47563,car,44469.59173216203,1,0.32687836465964343,0.38113183,0.77,Nursing_auto loans,0.35008844115431914,62261.8336401462,7411.030416046033,9024.01938895017,16217.078322171317,10127.42763824879,9870.942875239165,4623.518240943678,0.34,0.414,0.744
name903,33,bachelor degree,0,0,HighSkilled,Consultant,2007.0,1997.228063094708,9.77193690529225,0.0,1249.8736655268108,0.4187597453332814,mortgages,36,0.6178882554168005,42408,car,42184.93441098292,0,0.15703169704532915,0.11298578,0.09,Consultant_mortgages,0.1973280172465995,44995.45195896519,1393.981541267824,1047.7058717809123,879.007468697545,3770.426972235326,3382.615773198702,3089.655832668466,0.157,0.118,0.099
name904,54,bachelor degree,1,1,HighSkilled,Consultant,9118.0,11525.996818389824,-2407.996818389824,0.2640926539142162,3341.57667643078,0.2302297288506202,auto loans,24,0.6305739739877827,76964,house,110730.12110508975,1,0.3226444725382257,0.37910417,0.8,Consultant_auto loans,0.33324359568216605,80197.84023433871,8365.05541008373,10476.363325088889,21460.50956644484,12431.961066225309,12118.346750714378,4983.833183706307,0.313,0.392,0.803
name905,60,bachelor degree,1,1,HighSkilled,Engineering,7572.0,8648.979585219166,-1076.9795852191655,0.1422318522476446,6358.775967291675,0.5615125747449121,auto loans,24,0.982006808308352,78676,house,105049.00737305048,0,0.3390064833600723,0.2588552,0.26,Engineering_auto loans,0.6422812677715131,152610.6232150002,32934.36537012083,24700.774027590618,29699.7401998411,45356.18035995895,45650.40383104767,45663.48629994014,0.336,0.252,0.303
name906,32,high school or lower,1,0,LowSkilled,Agriculture,830.0,1276.377136217988,-446.377136217988,0.5378037785758891,303.4267771335631,0.6113267188328491,simple loans,60,0.9033782088572904,0,none,1096.0160825534815,0,0.7397817072013064,0.59610355,0.39,Agriculture_simple loans,1.0,18205.606628013786,13271.88723182205,11014.39200994834,7464.298717485652,4318.5443588637645,6276.481796588435,8195.778960652962,0.729,0.605,0.41
name907,52,high school or lower,1,1,LowSkilled,Transportation,2180.0,2609.11005055357,-429.1100505535701,0.1968394727309954,1177.8983455713662,0.2492065003193891,simple loans,12,0.7371598147362093,0,none,2938.7076115487657,1,0.379196349121438,0.44392726,0.81,Transportation_simple loans,1.0,14134.780146856396,5017.84695213402,6219.303264616814,11519.845819687962,6408.888646591835,6078.091137141028,2512.983674004496,0.355,0.44,0.815
name908,55,high school or lower,0,2,LowSkilled,Cleaning Services,2135.0,2656.048347938431,-521.0483479384311,0.2440507484489138,1942.406895468505,0.5892035250361438,auto loans,36,1.1538432053428274,12980,liquid assets,17215.26916619608,0,0.42064392000646766,0.44731113,0.16,Cleaning Services_auto loans,0.82432087544285,69926.64823686618,25593.046175780608,24036.712286712864,10202.633272777402,25333.57102518969,24701.815280573206,24605.98588613479,0.444,0.417,0.177
name909,38,high school or lower,0,0,Unemployed_LowSkilled,Transportation,600.0,655.0482448912678,-55.04824489126781,0.0917470748187797,580.551030342716,0.4495339627217224,simple loans,12,1.059332125389973,24245,car,27863.556637042817,0,0.3332354700440339,0.40382105,0.12,Transportation_simple loans,0.0,6966.612364112592,0.0,0.0,0.0,0.0,0.0,0.0,0.337,0.41,0.114
name910,43,high school or lower,2,0,LowSkilled,Transportation,1256.0,1846.0810287357872,-590.0810287357872,0.4698097362546076,738.9669417778609,0.6712615052167401,simple loans,24,1.058159212192395,13683,liquid assets,12030.389745407632,1,0.7972644746340133,0.9297312,0.89,Transportation_simple loans,0.27195578159469097,17735.206602668663,3930.901458298245,4485.568535236035,4239.585744594058,910.8534973700779,329.8258475390343,509.86953850996565,0.815,0.93,0.879
name911,53,bachelor degree,0,1,HighSkilled,Finance,9519.0,6310.869335232323,3208.130664767677,0.0,7442.8004867046175,0.4587196973191864,mortgages,24,0.4448649881223805,12870,liquid assets,45599.01340444263,0,0.11577529632575435,0.12485782,0.05,Finance_mortgages,0.9314889949472577,178627.2116809108,20965.049516739215,20632.27095298145,9983.35691273296,63964.54620911486,65715.94094109978,43844.558792445125,0.126,0.124,0.06
name912,38,ausbildung,0,1,MediumSkilled,Nursing,2861.0,2565.091002988426,295.9089970115738,0.0,2564.617025410251,0.8623646478775713,auto loans,60,0.7929772905972307,10923,liquid assets,18000.982845744133,1,0.39641457037201105,0.49121583,0.73,Nursing_auto loans,0.9328876502460094,153877.02152461506,51534.44032026603,70195.93681506989,98905.93142246045,64328.12527260379,58496.72622671356,35193.85669568161,0.359,0.489,0.689
name913,48,ausbildung,1,0,MediumSkilled,IT Support,2654.0,1772.7027504863563,881.2972495136437,0.0,1968.8417432578408,0.6075538970364582,simple loans,24,0.4097756193459672,0,none,5649.864981016321,0,0.2680651908270982,0.24487884,0.15,IT Support_simple loans,1.0,47252.20183818818,13750.390734912758,10442.736606239587,7465.847890433733,22049.82317375973,21906.89608391931,19801.6168040524,0.291,0.221,0.158
name914,55,high school or lower,0,0,LowSkilled,Manufacturing,1877.0,2603.4484420654,-726.4484420653998,0.3870263410044751,1821.9209652851,0.7441654245150966,auto loans,48,1.3576821562868937,0,none,2113.028079934265,1,0.5605084164097396,0.6383981,0.86,Manufacturing_auto loans,1.0,87452.2063336848,49148.13995953086,52646.228212878246,75296.3496533026,32164.882938958566,27577.91815672056,11652.393358936533,0.562,0.602,0.861
name915,60,post graduate degree,1,0,HighSkilled,Finance,12329.0,10705.346916788842,1623.6530832111584,0.0,11165.752349040871,0.9194406955602408,auto loans,12,0.7739556546216005,46475,car,61732.03349796104,0,0.39114165519333205,0.20802978,0.08,Finance_auto loans,0.7048486346178037,133989.02818849045,36171.279708238355,18699.512747339933,7366.474718649064,42481.921713802025,42808.47741958654,31227.84407554501,0.383,0.198,0.078
name916,44,post graduate degree,0,0,HighSkilled,Research,3992.0,3649.924700953088,342.0752990469123,0.0,3227.251962709386,0.3834823076136699,simple loans,36,0.7227396452060305,14775,liquid assets,24553.542366224687,0,0.10277892611332849,0.078070715,0.09,Research_simple loans,0.8792973088844376,116181.0706575379,9807.139466158635,8070.458519026376,9500.666357841175,37530.42948649224,33412.717224819804,35548.710554621095,0.096,0.079,0.093
name917,30,high school or lower,0,0,Unemployed_LowSkilled,Construction,500.0,486.656077278845,13.343922721154968,0.0,390.6706338112557,0.7768891994678598,mortgages,36,0.7546534221802014,0,none,770.6963645332577,1,0.6309449293830576,0.74986863,0.84,Construction_mortgages,1.0,14064.142817205206,8916.666546108101,10294.95254219421,11349.763253484602,4510.090802005258,3219.525348282271,2127.4573074580767,0.634,0.732,0.807
name918,37,bachelor degree,2,1,HighSkilled,Finance,4732.0,3380.680336109853,1351.3196638901468,0.0,1822.7018978572808,0.9390130155011904,mortgages,48,0.0996158567132574,33864,car,44541.33124222401,0,0.751569702742663,0.8168867,0.46,Finance_mortgages,0.6710760304876584,87489.69109714948,44562.58606904047,47380.77333032367,27477.325797511126,13357.646122636643,10084.193081114683,24824.927439072177,0.759,0.807,0.468
name919,41,high school or lower,0,0,Unemployed_LowSkilled,Cleaning Services,750.0,565.3797860491575,184.62021395084253,0.0,724.0828575239292,0.450864128965433,mortgages,48,0.7192835247641155,0,none,1156.4519623212357,0,0.5446337718850631,0.3609594,0.38,Cleaning Services_mortgages,1.0,34755.9771611486,18663.9597355368,12755.443618141535,12963.979481108427,13121.348963333094,15924.896326176302,15750.789679766982,0.537,0.367,0.373
name920,60,high school or lower,1,0,LowSkilled,Transportation,2320.0,2389.7344857795297,-69.73448577952968,0.0300579680084179,2277.41425609518,0.9889985505458488,simple loans,36,1.0117020439115127,20323,car,24737.31866384057,1,0.5279120216627037,0.62579286,0.67,Transportation_simple loans,0.7897515257077881,81986.91321942648,33540.1321180131,41180.54831478056,41892.79050261481,25082.82248140495,21000.08875922476,18911.755422495567,0.518,0.636,0.647
name921,59,high school or lower,0,0,LowSkilled,Construction,2672.0,2484.081066900814,187.91893309918575,0.0,2613.401140616426,0.525465881515658,auto loans,24,0.9077403471247156,12121,liquid assets,16827.39627795244,0,0.26973008550055344,0.19832371,0.09,Construction_auto loans,0.8170055485985942,62721.62737479422,13528.394241737853,10761.222692291474,3894.537736257867,23918.958170933234,23021.363724272192,17831.794807254657,0.264,0.21,0.076
name922,38,ausbildung,0,0,MediumSkilled,IT Support,2774.0,2489.988891039459,284.01110896054115,0.0,1891.8658190774715,0.8285717792240067,auto loans,24,0.5796159733658726,42041,car,51056.62462528526,1,0.1470256389759369,0.12704828,0.26,IT Support_auto loans,0.2122564324892782,45404.77965785932,1522.718134605957,1262.506807806205,2698.4878334789114,4014.5468269226185,3829.305099787692,4489.7429477020705,0.158,0.131,0.28
name923,33,ausbildung,0,0,MediumSkilled,Teacher,1589.0,2514.5188093578518,-925.5188093578512,0.5824536245172129,829.2263992672493,0.5596772416367184,auto loans,12,1.1043078720107615,0,none,1866.7374628105224,0,0.40934030881780703,0.28780574,0.28,Teacher_auto loans,1.0,9950.716791206993,4109.646034768488,2915.560019823649,2776.249984746751,4415.011138712436,4650.960146912177,4649.841110102397,0.413,0.293,0.279
name924,30,bachelor degree,1,0,HighSkilled,Finance,1958.0,4367.362633509823,-2409.362633509824,1.230522284734333,1081.9244198534475,0.4421021248770768,simple loans,24,1.7830883827187287,26180,car,29499.58162133049,0,0.7812369787189372,0.87585264,0.57,Finance_simple loans,0.14304146869575202,25966.18607648274,2863.680113854411,3257.3897014919826,2065.1182144008467,752.4905244300537,441.1301528539124,1343.8760726234086,0.771,0.877,0.556
name925,43,ausbildung,0,3,MediumSkilled,Electrician,2692.0,2365.4794879763863,326.5205120236137,0.0,1977.4938510673535,0.3623004129153997,auto loans,60,0.6132887589315528,12897,liquid assets,20443.414591755405,1,0.30840652305607336,0.44636953,0.7,Electrician_auto loans,0.8969523159474326,118649.63106404121,33523.264331298065,49593.1465980473,72154.83560831774,49656.70139960176,45650.18646627475,28632.66446692063,0.315,0.466,0.678
name926,39,high school or lower,0,0,Unemployed_LowSkilled,Transportation,600.0,711.3914001608626,-111.39140016086264,0.1856523336014377,312.6660452112765,0.7271506197054566,auto loans,12,0.7067624089535652,10829,liquid assets,13373.92333255192,0,0.43614321108219345,0.51332295,0.2,Transportation_auto loans,0.0,3751.9925425353185,0.0,0.0,0.0,0.0,0.0,0.0,0.422,0.51,0.219
name927,45,high school or lower,1,0,LowSkilled,Agriculture,1143.0,1667.1224990520586,-524.1224990520586,0.4585498679370591,942.0926242969726,0.8655654945810829,mortgages,24,1.2827778856946903,14018,liquid assets,17262.616289957852,1,0.7441923997425629,0.8751969,0.91,Agriculture_mortgages,0.41386277014930384,22610.222983127343,6896.499254390527,8215.910916356694,8449.849154293957,2185.86457052625,1117.0015065733162,814.4988511763762,0.737,0.878,0.903
name928,32,high school or lower,0,1,LowSkilled,Transportation,1330.0,1160.276971443766,169.72302855623388,0.0,602.556381729414,0.2423333477516835,simple loans,60,0.3254386114084061,20268,car,19952.56765980156,1,0.19285883468146137,0.24987671,0.6,Transportation_simple loans,0.5237207584470857,36153.38290376485,3919.3953627610385,4790.3721100412695,11512.040485790876,8458.222792849712,8794.54038846104,6478.07677496547,0.207,0.253,0.608
name929,39,bachelor degree,1,1,HighSkilled,Engineering,4793.0,3306.4529729971514,1486.5470270028486,0.0,1990.1720875110127,0.5587192264951109,auto loans,36,0.1050751221590161,30056,car,37597.23133500645,1,0.2548260994362863,0.2983294,0.75,Engineering_auto loans,0.6430390057277856,71646.19515039645,11978.537504359356,12623.535677671014,35106.32914739165,21433.00155416945,21523.718046711045,10541.514745531305,0.26,0.274,0.762
name930,49,high school or lower,2,3,LowSkilled,Construction,1952.0,1650.815110689418,301.1848893105821,0.0,1571.5151811901274,0.4188550009801909,auto loans,48,0.6507839610038654,0,none,3349.192637092488,1,0.8195044475004194,0.8351104,0.88,Construction_auto loans,1.0,75432.72869712612,63966.95393516295,63740.65574907157,66607.09943956237,12782.438986828827,11739.86491416209,8671.237064410572,0.848,0.845,0.883
name931,33,ausbildung,0,0,MediumSkilled,Teacher,1903.0,1191.9902654654236,711.0097345345764,0.0,1769.1039019088146,0.7796777001290218,mortgages,12,0.5560137505907715,0,none,4577.932397356716,0,0.2874211200033312,0.19885495,0.14,Teacher_mortgages,1.0,21229.246822905774,5753.125889007465,4245.849364581155,2972.0945552068088,9922.539958822277,9542.262454768803,8710.083111766815,0.271,0.2,0.14
name932,53,ausbildung,0,0,MediumSkilled,Electrician,2856.0,5897.949160742294,-3041.949160742294,1.065108249559627,2169.420544779537,0.5053735458923396,auto loans,12,1.8247092806448988,27006,car,34580.74375704598,0,0.650699758122188,0.5891333,0.22,Electrician_auto loans,0.1177420924095576,26033.046537354443,2029.1527156705174,1787.0030713533406,692.7318938693911,939.219486142452,1070.9644258405908,1402.1867979638484,0.662,0.583,0.226
name933,35,bachelor degree,1,1,HighSkilled,Finance,3279.0,3293.4166655448107,-14.416665544810712,0.004396665307963,1315.1924566714458,0.366466374694032,simple loans,12,0.4054922605112097,25934,car,32972.34256310927,1,0.2830816506753822,0.28457052,0.67,Finance_simple loans,0.0,15782.309480057349,0.0,0.0,0.0,0.0,0.0,0.0,0.255,0.286,0.668
name934,33,bachelor degree,0,0,HighSkilled,Consultant,3330.0,2155.051013658801,1174.948986341199,0.0,2923.1989303214937,0.5340632949327017,auto loans,24,0.5249999831772656,68280,house,67750.57770370424,0,0.0959408559138873,0.0778635,0.01,Consultant_auto loans,0.3248948099826777,70156.77432771584,2416.1186176052893,1686.7243179508623,136.76143118520505,8145.29887825179,7446.199273092373,2285.3919339772087,0.106,0.074,0.006
name935,35,post graduate degree,0,2,HighSkilled,Engineering,3670.0,3074.830383619052,595.1696163809484,0.0,3399.563061256889,0.9989504110640514,simple loans,36,0.764139903235951,51735,house,60722.57232889118,1,0.21112614790111925,0.37195006,0.78,Engineering_simple loans,0.7074328069261154,122384.270205248,17488.886854570355,32293.835627498724,66492.40150648532,39344.7903280833,39429.327153135695,17631.638737700552,0.202,0.373,0.768
name936,42,post graduate degree,0,0,HighSkilled,Doctor,7188.0,5504.144878557676,1683.8551214423242,0.0,6653.73992179853,0.572615243328555,auto loans,12,0.6914141347184483,26093,car,37620.19778306266,0,0.07547551307071705,0.057848286,0.13,Doctor_auto loans,0.7218291983640307,79844.87906158237,3861.502458115164,3112.2557125107287,7780.639281276823,18564.663335141235,16353.751771324602,23079.989064129382,0.067,0.054,0.135
name937,41,bachelor degree,1,0,HighSkilled,Engineering,5413.0,5361.16869287613,51.83130712386992,0.0,5135.338170710012,0.5405699357085774,simple loans,36,0.9391292931066214,44420,car,59857.73105211684,0,0.2762402571321582,0.18598568,0.11,Engineering_simple loans,0.7953234483937647,184872.17414556042,39110.82456423092,29994.767710913937,15585.516555670967,68686.05746360015,65170.46944514622,55454.52568589868,0.266,0.204,0.106
name938,34,bachelor degree,2,2,HighSkilled,Finance,3969.0,3178.753911791024,790.2460882089758,0.0,3539.324151553439,0.6856024046936937,auto loans,36,0.692637456121054,0,none,10382.118911257265,1,0.6121417435680317,0.62877434,0.76,Finance_auto loans,1.0,127415.66945592381,79634.79340995238,79762.2090794083,96198.83043922248,42537.83412677156,41056.024951407206,28095.53565204843,0.625,0.626,0.755
name939,34,ausbildung,0,2,MediumSkilled,Electrician,1108.0,1791.6394741011816,-683.6394741011816,0.6170031354703804,615.2068100677792,0.2680305368304986,auto loans,48,1.1722439387806505,40430,car,47646.07644687774,1,0.5090748499015612,0.67581165,0.75,Electrician_auto loans,0.0,29529.9268832534,0.0,0.0,0.0,0.0,0.0,0.0,0.514,0.677,0.737
name940,55,ausbildung,0,0,MediumSkilled,Artist,4333.0,3113.536922059782,1219.4630779402182,0.0,2013.4105984765567,0.9857110416628346,auto loans,24,0.1832327534124944,27314,car,47380.66429346669,0,0.1449501985471844,0.1660197,0.14,Artist_auto loans,0.5194811920056328,48321.854363437364,3715.1395866868725,4493.310716330744,2987.1730460522826,10411.34508100119,10822.864922756537,10299.144065514418,0.148,0.179,0.119
name941,53,ausbildung,0,1,MediumSkilled,IT Support,3030.0,2769.4543817905355,260.54561820946446,0.0,2140.100035501464,0.4041573810195318,simple loans,24,0.6203149892052804,11562,liquid assets,18276.630354734592,1,0.11551438958875229,0.13146867,0.71,IT Support_simple loans,0.7866309773391084,51362.400852035134,4646.374391782737,5373.632992235687,28767.117973472246,15519.240177274027,16240.87867619298,10552.419451493424,0.115,0.133,0.712
name942,33,ausbildung,1,0,MediumSkilled,Teacher,2023.0,1003.2344916579698,1019.7655083420302,0.0,428.2590627864333,0.2999001722157416,auto loans,12,0.0,36108,car,39628.63451946788,1,0.38756599818892057,0.47132552,0.77,Teacher_auto loans,0.0,5139.108753437199,0.0,0.0,0.0,0.0,0.0,0.0,0.403,0.433,0.762
name943,31,ausbildung,0,0,MediumSkilled,Teacher,2184.0,1231.9581895902431,952.0418104097567,0.0,1248.5644669404485,0.3794008817622605,mortgages,60,0.1357704471294375,48027,car,50009.21972235745,0,0.3561575375975323,0.35532713,0.1,Teacher_mortgages,0.45393648397472025,74913.8680164269,12582.27100387954,12446.246452486246,3944.711990405477,15619.058882542406,15625.363036862422,12357.709683169835,0.37,0.366,0.116
name944,54,bachelor degree,0,1,HighSkilled,Doctor,8521.0,8844.757001580076,-323.75700158007567,0.037995188543607,4340.17312552875,0.9930816106161326,auto loans,36,0.5473453969145435,78100,house,97574.56358085448,0,0.15073695875022708,0.17570941,0.11,Doctor_auto loans,0.6538328884527821,156246.232519035,15323.838827667849,17367.017338023565,10828.846104885279,42873.02665657267,44684.37232325069,38529.90834965318,0.15,0.17,0.106
name945,48,ausbildung,0,3,Unemployed_MediumSkilled,IT Support,1500.0,1426.0774511766276,73.92254882337238,0.0,1343.184490452618,0.2563931614588388,mortgages,48,0.8461746277528305,43873,car,43012.29220214048,0,0.3863629617551871,0.34084585,0.14,IT Support_mortgages,0.42017492024463243,64472.85554172567,11377.748312779082,9725.265819732598,3575.8637554448546,12225.657357578619,12526.423058086213,11114.623215856904,0.42,0.359,0.132
name946,33,bachelor degree,0,1,HighSkilled,Research,2837.0,3090.156478510444,-253.15647851044375,0.0892338662356164,1127.6016312091251,0.5599369640212253,mortgages,24,0.4866965490728124,64429,house,82534.19025725106,0,0.13665020149519866,0.1917999,0.1,Research_mortgages,0.0,27062.439149019003,0.0,0.0,0.0,0.0,0.0,0.0,0.121,0.187,0.087
name947,35,high school or lower,0,1,LowSkilled,Transportation,966.0,958.8276638914168,7.172336108583068,0.0,247.40081897122,0.4379922605847535,auto loans,24,0.2486837296714668,18557,liquid assets,19503.87361721865,0,0.17340188745692672,0.09503446,0.2,Transportation_auto loans,0.0,5937.61965530928,0.0,0.0,0.0,0.0,0.0,0.0,0.167,0.094,0.195
name948,34,high school or lower,1,0,LowSkilled,Manufacturing,1024.0,1286.9552202141715,-262.95522021417173,0.2567922072404021,489.0662085806592,0.7809822715231305,auto loans,36,0.734395926557452,6939,liquid assets,9086.00477250194,1,0.7142964073185538,0.7239478,0.82,Manufacturing_auto loans,0.6293124458056263,17606.38350890373,8121.578624282778,7933.220047730517,9041.211674508522,2856.0549490259614,2770.535961021729,1872.711760600832,0.733,0.716,0.816
name949,58,ausbildung,0,0,MediumSkilled,Teacher,3361.0,2783.121241649447,577.8787583505532,0.0,894.5195821603406,0.7255522617936339,auto loans,24,0.0942103016393298,16731,liquid assets,20078.22077025865,0,0.2958544250966535,0.34366634,0.2,Teacher_auto loans,0.26188992772073294,21468.469971848175,1754.181327351038,1934.0973609255032,938.9368002167414,2627.172206587092,2596.8761886103057,2530.0075000953652,0.312,0.344,0.167
name950,34,ausbildung,1,2,MediumSkilled,Nursing,1343.0,1618.7721722488634,-275.7721722488634,0.2053404112054083,852.433833586419,0.9061177203568908,mortgages,12,0.8400640400858395,38582,car,41696.422062475984,1,0.768532958479439,0.8551006,0.88,Nursing_mortgages,0.0,10229.206003037028,0.0,0.0,0.0,0.0,0.0,0.0,0.754,0.851,0.887
name951,59,high school or lower,1,0,Unemployed_LowSkilled,Agriculture,1100.0,994.2515087529988,105.74849124700108,0.0,713.0418678312955,0.5196332328082252,auto loans,24,0.552084887803904,11663,liquid assets,13079.839045597248,0,0.7087044686540367,0.60984087,0.34,Agriculture_auto loans,0.3557729307637088,17113.004827951092,4322.724156087697,3689.536392379077,2057.8602320530167,1596.3761121612706,2042.2392123113086,2816.1859824195058,0.71,0.606,0.338
name952,45,bachelor degree,0,1,HighSkilled,Finance,6842.0,5323.851073219287,1518.1489267807128,0.0,3011.822423332765,0.4616544745145647,mortgages,12,0.218309485026608,61341,house,88699.27981703854,0,0.1155611863494987,0.12762323,0.07,Finance_mortgages,0.0,36141.86907999318,0.0,0.0,0.0,0.0,0.0,0.0,0.135,0.147,0.064
name953,35,high school or lower,0,0,LowSkilled,Cleaning Services,1121.0,644.011060220752,476.988939779248,0.0,499.4948605468965,0.4232413968338972,auto loans,12,0.020076646536707,10609,liquid assets,12029.405095987637,1,0.20410247980677637,0.097764604,0.22,Cleaning Services_auto loans,0.0,5993.938326562758,0.0,0.0,0.0,0.0,0.0,0.0,0.21,0.096,0.211
name954,34,ausbildung,0,0,MediumSkilled,IT Support,1756.0,1879.700800163189,-123.70080016318911,0.0704446470177614,1506.1835392204518,0.3833588765325909,auto loans,48,0.9281801477127796,45180,car,42978.620609115766,1,0.13073398310303902,0.21792577,0.71,IT Support_auto loans,0.46782483006371794,72296.80988258169,4498.358292063204,7846.760329012507,23641.74771542992,13569.9979136506,15449.716470630448,8833.607283850866,0.133,0.232,0.699
name955,50,ausbildung,2,0,MediumSkilled,Teacher,2358.0,2514.6334070448,-156.63340704480015,0.0664263812743003,1289.4621547811955,0.2154076600239325,simple loans,36,0.613272078806614,31797,car,35072.47635554589,1,0.7293115425731074,0.81901544,0.88,Teacher_simple loans,0.41648820398553005,46420.637572123036,14152.230314242574,15718.255799834988,16878.27467805159,4750.760243024661,3284.4988304089893,2222.4656030044534,0.732,0.813,0.873
name956,55,ausbildung,0,0,MediumSkilled,Nursing,3526.0,3540.506949283701,-14.506949283701031,0.0041142794338346,2200.811862728524,0.8263940283369164,simple loans,24,0.628281001705112,46105,car,56021.35463184992,0,0.38660528355138024,0.3874564,0.13,Nursing_simple loans,0.25724086542939595,52819.484705484574,5013.724754197056,5339.820673169223,1712.0035746038727,6130.958868698477,6127.42723892657,5441.118793783872,0.369,0.393,0.126
name957,33,bachelor degree,1,0,HighSkilled,Consultant,3272.0,1906.5172378059535,1365.4827621940462,0.0,1624.7005077684832,0.5589737468584621,auto loans,12,0.0792230273760504,33574,car,35141.59663571528,0,0.24053549392784054,0.19946155,0.17,Consultant_auto loans,0.0,19496.406093221798,0.0,0.0,0.0,0.0,0.0,0.0,0.249,0.213,0.167
name958,50,high school or lower,0,1,LowSkilled,Transportation,2017.0,2661.7056753743427,-644.7056753743427,0.3196359322629364,998.8419824693292,0.2190754223934605,mortgages,60,0.8148476241168428,15545,liquid assets,17353.558053283654,1,0.34633824626088966,0.34269273,0.8,Transportation_mortgages,0.7542463161815418,59930.51894815975,15052.390256784694,15097.592629928193,36613.92224623304,20854.931558009004,20886.412443682562,8429.46960348449,0.333,0.334,0.81
name959,30,high school or lower,0,0,LowSkilled,Construction,856.0,935.8491982247684,-79.84919822476854,0.093281773627066,537.8355121824812,0.3681411802745961,auto loans,48,0.7215942878589366,15602,liquid assets,15886.836864796638,1,0.29408619082106846,0.42361623,0.65,Construction_auto loans,0.42784471463521967,25816.1045847591,2938.0455171497592,4760.517360494534,7002.709992003561,5161.680718554705,4841.70573358694,3390.1042344669722,0.266,0.431,0.634
name960,34,bachelor degree,0,1,HighSkilled,Engineering,3035.0,2646.4017099536327,388.5982900463673,0.0,2174.0043999424024,0.6609757886588303,mortgages,12,0.5882721943644267,71969,house,80458.06166829103,0,0.13142051979678043,0.1293083,0.06,Engineering_mortgages,0.0,26088.05279930883,0.0,0.0,0.0,0.0,0.0,0.0,0.138,0.113,0.054
name961,45,ausbildung,1,0,MediumSkilled,Nursing,1916.0,2849.2672600490373,-933.2672600490372,0.4870914718418775,1458.446967577666,0.7404938918672616,simple loans,24,1.2482850874878408,33704,car,34589.01949608109,1,0.7654641458388936,0.86533594,0.89,Nursing_simple loans,0.18163087573985373,35002.727221863985,4838.115334927274,5492.945662782082,5543.806270770805,1372.7917388667365,816.2416658772969,672.0724280391897,0.761,0.864,0.872
name962,54,bachelor degree,0,0,HighSkilled,Engineering,8747.0,6842.983898607082,1904.0161013929185,0.0,1931.7448482602683,0.8498385763647736,mortgages,48,0.0031700865287927,39376,car,62402.132356304406,0,0.15042854960622135,0.15397526,0.09,Engineering_mortgages,0.6387549422570115,92723.75271649288,9476.44084996429,9121.07431809063,5330.497978104913,24841.083962107994,25010.627400026337,20610.000746445126,0.16,0.154,0.09
name963,36,high school or lower,1,1,LowSkilled,Construction,1179.0,912.3516172661596,266.6483827338405,0.0,828.6720002885456,0.4942620078414773,simple loans,36,0.4766951802838889,0,none,2238.5281210526105,1,0.5631256150533451,0.55876726,0.6,Construction_simple loans,1.0,29832.192010387644,17779.986438191034,15572.40422942235,16914.852869889794,10923.419036447964,11004.60965662338,10206.63366429082,0.596,0.522,0.567
name964,47,high school or lower,0,1,LowSkilled,Manufacturing,1725.0,1899.9815803593983,-174.98158035939832,0.1014385973097961,773.2730748052977,0.5202948372856377,mortgages,60,0.5497128435737368,13687,liquid assets,15928.973299551384,1,0.5385612530982754,0.4944504,0.41,Manufacturing_mortgages,0.7209405002509495,46396.38448831786,17393.4969742785,17794.88536599262,13045.122730708876,12749.249227218583,13574.137375731318,14833.009489179703,0.52,0.532,0.39
name965,34,post graduate degree,2,0,HighSkilled,Consultant,3175.0,3362.559333887908,-187.559333887908,0.0590738059489474,1847.7024392134572,0.7353671855537173,simple loans,24,0.6410273301106663,52007,house,61000.79020146051,1,0.5984686395146246,0.6296347,0.78,Consultant_simple loans,0.18732317972764764,44344.85854112297,5009.012403617021,5374.5124795028405,6504.239986786281,2850.626664333747,2671.56452852057,1691.6740025489044,0.603,0.647,0.783
name966,56,ausbildung,1,1,MediumSkilled,Nursing,3795.0,3251.280342085886,543.7196579141141,0.0,1122.5787718396425,0.5136091531166117,mortgages,48,0.1525320458301787,24465,car,32146.581049078308,0,0.6535396877339521,0.6256382,0.15,Nursing_mortgages,0.6138486697557529,53883.781048302844,21665.099193231672,21102.798908827186,4564.555249871712,10066.161495806293,10731.280685782556,13861.109146538036,0.655,0.638,0.138
name967,59,bachelor degree,1,0,HighSkilled,Doctor,5038.0,17216.393566364615,-12178.393566364615,2.417307178714692,1453.3097998886035,0.6228160910084434,auto loans,24,2.7057767698001625,52031,house,52874.98558647428,1,0.9795745721998209,0.92456037,0.93,Doctor_auto loans,0.0,34879.435197326486,0.0,0.0,0.0,0.0,0.0,0.0,0.986,0.927,0.91
name968,53,post graduate degree,1,1,HighSkilled,Finance,8163.0,6962.85481704873,1200.1451829512698,0.0,3793.668517046148,0.2494214523496868,simple loans,48,0.317716934226985,0,none,19682.60273750209,0,0.29935957822107995,0.3162732,0.08,Finance_simple loans,1.0,182096.0888182151,51169.00095791845,56449.78753364668,13293.014483729701,85064.29315163117,84837.57645182367,60211.23289962544,0.281,0.31,0.073
name969,41,high school or lower,0,1,LowSkilled,Agriculture,1634.0,1249.8941416979949,384.1058583020051,0.0,732.8463547584582,0.9083791723936312,auto loans,24,0.213427476411538,6505,liquid assets,10426.02944363304,1,0.3179404187577685,0.3202668,0.59,Agriculture_auto loans,0.6516577341875407,17588.312514202997,3530.160443405871,3564.5451230494346,6487.242892752346,5337.86450768505,5334.87829020061,3998.050698233348,0.308,0.311,0.566
name970,35,bachelor degree,0,0,HighSkilled,Engineering,3062.0,3275.2853609100703,-213.28536091007027,0.0696555718190954,2741.3235672501687,0.9732711718565444,mortgages,12,0.9649278014893008,16072,liquid assets,18407.819012270225,0,0.171331990288421,0.16012727,0.05,Engineering_mortgages,0.5378849900247225,32895.882807002024,3061.0968760212786,2689.518642515806,884.7100797749362,7691.144676396434,7554.8869371383125,4662.526656638454,0.173,0.152,0.05
name971,58,high school or lower,0,0,LowSkilled,Agriculture,2895.0,1882.0510248033308,1012.9489751966692,0.0,2350.39603012823,0.4219101276594836,auto loans,12,0.4619851657794683,0,none,4541.577365238145,0,0.17458026530943163,0.13300155,0.07,Agriculture_auto loans,1.0,28204.75236153876,5274.288691607749,4174.303349507736,1861.5136558615584,12317.317241799588,11381.282378279802,8774.822791097524,0.187,0.148,0.066
name972,30,ausbildung,0,1,MediumSkilled,Teacher,1545.0,1198.7249406610197,346.2750593389803,0.0,402.0949253836143,0.5737315043366968,auto loans,24,0.0361293631356854,12020,liquid assets,16646.7883780327,1,0.2738705629554065,0.2289829,0.25,Teacher_auto loans,0.0,9650.278209206743,0.0,0.0,0.0,0.0,0.0,0.0,0.264,0.219,0.242
name973,60,post graduate degree,0,0,HighSkilled,Consultant,8550.0,7235.354721362724,1314.6452786372756,0.0,5102.677968769519,0.8794147973398917,simple loans,60,0.4430447590797945,64500,house,89512.25387147354,0,0.20854301661701732,0.20919096,0.14,Consultant_simple loans,0.8541015331928048,306160.6781261711,59620.245446727844,52821.445527364136,47591.599435545904,118580.12698654867,118644.42875523058,107286.88234086541,0.228,0.202,0.182
name974,39,bachelor degree,1,1,HighSkilled,Doctor,5849.0,3596.348411481053,2252.651588518947,0.0,4200.677593952234,0.8540109472982087,simple loans,12,0.3330528304724375,38182,car,45580.09048503856,1,0.24285231739999116,0.1421393,0.38,Doctor_simple loans,0.3556700901991094,50408.13112742681,4446.308807125386,2223.154403562693,6095.745945252545,8305.15034659104,7391.085132192125,8124.951376733484,0.248,0.124,0.34
name975,55,bachelor degree,0,0,HighSkilled,Engineering,6486.0,3376.318857466841,3109.681142533159,0.0,2892.621317116107,0.5717969175107368,simple loans,36,0.0,45039,car,70757.13889734958,1,0.10250981976363854,0.09971951,0.61,Engineering_simple loans,0.6315173200545358,104134.36741617986,6510.503006987788,7825.756139712592,37287.42631274823,24134.71959364415,23871.02841834244,22051.860695515094,0.099,0.119,0.567
name976,54,bachelor degree,1,1,HighSkilled,Engineering,6095.0,8027.0286411187935,-1932.0286411187933,0.316985831192583,2992.2494998864145,0.5847831350206603,mortgages,24,0.8079209419204608,29433,car,41708.169863085765,1,0.501199051736653,0.55427516,0.73,Engineering_mortgages,0.651218440572369,71813.98799727394,23242.996857609178,24926.594215504414,33905.78012427899,18811.539917758775,17381.340107977732,11465.671132081836,0.497,0.533,0.725
name977,40,ausbildung,0,3,MediumSkilled,Artist,2060.0,1918.797085534422,141.20291446557803,0.0,618.775116179442,0.6259614179778873,simple loans,48,0.2318311658805164,42511,car,40688.51920636647,0,0.23145593389155467,0.23578182,0.08,Artist_simple loans,0.0,29701.205576613214,0.0,0.0,0.0,0.0,0.0,0.0,0.251,0.231,0.08
name978,47,ausbildung,0,3,MediumSkilled,Electrician,2369.0,2443.279579790681,-74.27957979068151,0.031354824732242,759.1902788661649,0.2582883767370407,auto loans,24,0.3518234945786603,13073,liquid assets,18336.73307515079,0,0.256313858962739,0.17414708,0.25,Electrician_auto loans,0.31952781333637165,18220.566692787957,1472.9603917733034,1053.777987790387,1379.8087464437665,2709.6247179694615,2540.9638884847845,2704.2909246890713,0.253,0.181,0.237
name979,52,high school or lower,0,0,LowSkilled,Agriculture,2298.0,2715.74831593907,-417.7483159390699,0.1817877789116927,599.970916517906,0.3465712407945445,auto loans,36,0.4428717286583881,11457,liquid assets,14485.948854024926,1,0.2752622982187942,0.23456638,0.7,Agriculture_auto loans,0.4980268354858732,21598.952994644613,2818.296850949517,2441.8068136089328,7282.393007987874,5024.536658593783,4963.790364829334,2894.0861865359275,0.262,0.227,0.677
name980,41,high school or lower,0,2,LowSkilled,Construction,1578.0,1635.0549381745027,-57.054938174502695,0.036156488070027,1311.9992499559787,0.485985283990881,simple loans,12,0.8675882054058818,0,none,2675.004921529431,1,0.3004198428106402,0.27889386,0.21,Construction_simple loans,1.0,15743.990999471745,4786.1732638394105,3951.741740867408,3526.653983881671,7353.878176208334,7356.405791043345,7148.150060074425,0.304,0.251,0.224
name981,33,ausbildung,0,0,MediumSkilled,Electrician,1765.0,1388.644703288099,376.355296711901,0.0,986.24787092277,0.9797341734329053,auto loans,12,0.3455482006860447,45216,car,44858.36258434095,0,0.30832479677144203,0.28242308,0.18,Electrician_auto loans,0.0,11834.97445107324,0.0,0.0,0.0,0.0,0.0,0.0,0.33,0.282,0.187
name982,53,ausbildung,1,0,MediumSkilled,Electrician,4237.0,2075.2925916085965,2161.7074083914035,0.0,3137.710937109549,0.5155536064417277,mortgages,48,0.2303524967472611,40854,car,48326.63939217093,0,0.5528504378309873,0.52096206,0.6,Electrician_mortgages,0.7690501010070129,150610.12498125836,65789.58367916483,60461.55401500713,67874.46485209612,43149.695352570496,45329.61661014484,39628.365890923254,0.568,0.522,0.586
name983,38,bachelor degree,0,1,HighSkilled,Engineering,4310.0,7425.83094719198,-3115.83094719198,0.7229306141976752,2413.519240225826,0.3717391783049217,simple loans,48,1.2829118764310454,39795,car,38958.91703794074,0,0.399353446759453,0.3549,0.12,Engineering_simple loans,0.7076930312296115,115848.92353083965,33532.05962601499,29104.843929670715,9756.271627129057,36659.73543699549,37678.97981793767,31929.74253252913,0.409,0.355,0.119
name984,44,high school or lower,0,0,LowSkilled,Agriculture,1634.0,752.8072609935573,881.1927390064427,0.0,1446.4185566715007,0.3875461375194743,auto loans,12,0.3459154330875508,0,none,3678.270820752008,0,0.1677667188635388,0.121680655,0.13,Agriculture_auto loans,1.0,17357.02268005801,2950.6938556098617,1943.9865401664972,2586.196379328643,7504.023112559399,6793.393938721238,6950.712362640089,0.17,0.112,0.149
name985,31,ausbildung,0,0,MediumSkilled,Teacher,1584.0,1704.8495010593922,-120.8495010593922,0.0762938769314344,595.6928587724814,0.7867701010179518,simple loans,48,0.4523626009039606,0,none,3454.389622512245,0,0.36798458500671205,0.27064347,0.12,Teacher_simple loans,1.0,28593.257221079104,11036.997287336535,8663.756937986967,3831.4964676246,13051.530703143548,13348.210559814162,11135.818041895487,0.386,0.303,0.134
name986,34,ausbildung,0,0,MediumSkilled,Teacher,1515.0,2074.126851966973,-559.1268519669729,0.3690606283610382,968.6476947051018,0.840211865610863,simple loans,12,1.0084320440079702,13865,liquid assets,16485.306100080117,0,0.4220000795641592,0.50403064,0.3,Teacher_simple loans,0.0,11623.772336461221,0.0,0.0,0.0,0.0,0.0,0.0,0.438,0.488,0.295
name987,45,bachelor degree,0,0,HighSkilled,Finance,6740.0,4344.194900339224,2395.805099660776,0.0,4430.41369201466,0.547999608810618,simple loans,48,0.3018707110317335,40267,car,64309.96225993772,0,0.1456441724861772,0.08336863,0.24,Finance_simple loans,0.8387215643860498,212659.8572167037,27824.535667797605,13020.455793264264,41380.0786854426,74085.20798484878,60058.59847168023,82521.03582994717,0.156,0.073,0.232
name988,32,ausbildung,1,0,MediumSkilled,Electrician,2046.0,929.0086892608998,1116.9913107391003,0.0,1872.3976021803403,0.6464010259823897,auto loans,12,0.3692112861394136,0,none,4874.790568073447,0,0.38828352980612213,0.34944603,0.2,Electrician_auto loans,1.0,22468.771226164085,8672.945693299336,7909.007471609757,4448.816702780489,10126.943327967747,10352.34570095204,10110.7003911967,0.386,0.352,0.198
name989,40,high school or lower,0,1,LowSkilled,Manufacturing,1056.0,1474.3396862046911,-418.33968620469113,0.3961550058756545,315.6350711528156,0.4583674183047672,auto loans,48,0.695051853558245,20246,car,19069.363787572016,0,0.5523275059076741,0.529006,0.21,Manufacturing_auto loans,0.0,15150.48341533515,0.0,0.0,0.0,0.0,0.0,0.0,0.56,0.55,0.216
name990,53,ausbildung,0,1,MediumSkilled,Teacher,4204.0,2910.1161420713925,1293.8838579286075,0.0,3371.523567368009,0.307134994308661,auto loans,48,0.4942054494384876,0,none,10340.57531546892,0,0.2324539619041667,0.16853629,0.14,Teacher_auto loans,1.0,161833.13123366443,36736.12079004183,24922.302209984322,24274.969685049666,74596.00478162152,70048.93985761891,66398.02321021513,0.227,0.154,0.15
name991,30,ausbildung,0,0,MediumSkilled,IT Support,1696.0,1312.5350841467734,383.46491585322656,0.0,1554.178461187798,0.5338604442147152,auto loans,36,0.6902792130510444,42702,car,48579.70296357448,0,0.11876834552151017,0.15438567,0.09,IT Support_auto loans,0.35010579495969946,55950.42460276072,2507.3366891369305,3016.6394541178693,1390.788319755641,7600.645809129279,8278.176713455434,6816.405527779993,0.128,0.154,0.071
name992,45,high school or lower,1,1,LowSkilled,Manufacturing,1668.0,1544.676518628117,123.32348137188296,0.0,645.9655367448062,0.371683904898383,auto loans,48,0.3133345655712969,9100,liquid assets,12627.287128403836,1,0.6046654784898838,0.532009,0.82,Manufacturing_auto loans,0.7226002884853919,31006.345763750694,12860.58158202057,12300.45172217647,18036.18148698007,7594.75012811579,8626.160828612616,3786.894235091224,0.574,0.549,0.805
name993,54,ausbildung,0,1,MediumSkilled,Teacher,2445.0,4467.676960899361,-2022.676960899361,0.8272707406541353,1605.6345812466404,0.2624938952711713,simple loans,24,1.4839720008777102,11423,liquid assets,14169.192215725468,0,0.5794237581625161,0.6829086,0.43,Teacher_simple loans,0.7195241104853327,38535.22994991937,16331.218933665394,19381.191909392375,12504.889200480633,9864.132019784562,7826.635524440658,12084.025247024709,0.589,0.699,0.451
name994,58,bachelor degree,0,0,HighSkilled,Finance,7515.0,8820.766259723781,-1305.766259723781,0.173754658645879,2565.554669511995,0.6646840022124608,auto loans,36,0.5151458322336363,76556,house,84368.7589888878,0,0.21490358586793748,0.14904301,0.18,Finance_auto loans,0.4253619122457657,92359.96810243183,9271.593384693964,5028.660818817066,8132.287417930723,17905.949917244376,16432.15086676571,17283.38281123738,0.236,0.128,0.207
name995,53,bachelor degree,0,1,HighSkilled,Research,8945.0,5097.70547935483,3847.2945206451705,0.0,8916.972858974845,0.6881972688675752,auto loans,24,0.5667611334074538,39900,car,74428.86593548532,0,0.08603922435245166,0.12469693,0.09,Research_auto loans,0.8411886129463149,214007.34861539627,16741.910661015638,25382.89680863661,16381.86957153143,61452.06217495755,71067.72254067099,62643.32561563671,0.093,0.141,0.091
name996,36,ausbildung,0,2,MediumSkilled,Electrician,2723.0,2928.41751998239,-205.41751998238988,0.0754379434382629,1089.8901220724606,0.7577251163547722,auto loans,48,0.4756913852570145,17164,liquid assets,24201.93704720161,0,0.382694706136578,0.531764,0.23,Electrician_auto loans,0.6891727662359041,52314.72585947811,13448.098857122668,19144.61258212369,8292.393397153388,16310.683028747619,13886.154628263921,16596.421960499807,0.373,0.531,0.23
name997,58,ausbildung,1,1,MediumSkilled,Teacher,6080.0,3296.689243937132,2783.310756062868,0.0,2339.2933055691333,0.4226700203076798,auto loans,60,0.0,37648,car,51301.27032700637,1,0.50183726009824,0.58975285,0.77,Teacher_auto loans,0.771559694160498,140357.598334148,52955.89589981685,63460.439667265186,84577.82146780565,43523.614301436915,37793.21175971558,22970.918310261528,0.489,0.586,0.781
name998,32,bachelor degree,0,0,HighSkilled,Engineering,3719.0,2069.582726235865,1649.4172737641352,0.0,2600.082122926048,0.4295529482043915,auto loans,24,0.255623783049721,56144,house,73729.83831735363,0,0.06593067983400189,0.06555347,0.09,Engineering_auto loans,0.37556142958243643,62401.97095022516,1476.4537253861783,1195.2244443602397,2109.2196076945406,7087.672233030258,7068.266498295752,8155.1513324944335,0.063,0.051,0.09
name999,45,bachelor degree,0,0,HighSkilled,Finance,6328.0,8757.30733346677,-2429.3073334667697,0.3838981247577069,1484.580404373066,0.8113888358384751,auto loans,36,0.6185031191276605,70549,house,86991.86619864398,0,0.31729610234272015,0.24817257,0.1,Finance_auto loans,0.08553723481389912,53444.89455743037,1426.3168905532561,1179.4543518036544,402.29450759194407,2129.362427815178,2122.0901839781586,1661.2772143079462,0.312,0.258,0.088
