name,age,educational level,number of not paid past credits,dependents,profession,working sector,monthly income,monthly expenditure,savings (debt),debt-to-income ratio before credit,credit: monthly amount,credit-to-income ratio,type of credit,requested_loan_duration,debt-to-income ratio after credit,collateral,estimated seizable assets,y-categorical-default,PD_LR,PD_NN,PD_RF
name0,47,high school or lower,0,1,LowSkilled,Manufacturing,1810.0,1648.9827980862651,161.01720191373488,0.0,1774.9327401245164,0.864299545253844,mortgages,60,0.8916660432103766,10171,13404.16085129531,1,0.4140485194972213,0.49468136,0.52
name1,35,high school or lower,0,0,LowSkilled,Construction,1050.0,792.6679501478579,257.33204985214206,0.0,540.5997887778856,0.4820455458159989,simple loans,36,0.2697787989768986,15442,14568.745319565058,0,0.1401364464116819,0.10618932,0.07
name2,33,high school or lower,0,0,LowSkilled,Manufacturing,967.0,654.1348376854947,312.86516231450526,0.0,303.5565298101628,0.8439495245779516,simple loans,24,0.0,24978,25229.340980180245,1,0.4672821797737295,0.7297103,0.88
name3,38,high school or lower,1,0,LowSkilled,Agriculture,1527.0,666.4033905606146,860.5966094393854,0.0,926.159264587919,0.8925123395435485,mortgages,12,0.0429355960370226,24062,26568.20837418381,0,0.5880965502697929,0.66427684,0.52
name4,59,bachelor degree,1,0,HighSkilled,Engineering,13540.0,2864.746601917439,10675.25339808256,0.0,10928.281023374931,0.8245899119294686,auto loans,24,0.0186874169344439,65608,117097.75248204566,0,0.40733748570414624,0.43594742,0.15
name5,32,post graduate degree,1,0,HighSkilled,Engineering,2477.0,4541.563964205669,-2064.563964205669,0.8334937279796808,1579.2915087231052,0.7405946109210659,auto loans,36,1.4710760891920769,48335,45475.55731862321,0,0.6499403305690011,0.7400919,0.26
name6,36,high school or lower,1,1,LowSkilled,Cleaning Services,1308.0,1712.768911357733,-404.768911357733,0.3094563542490314,1263.377258982512,0.790506657564866,simple loans,48,1.2753411088228173,0,1539.361630831973,1,0.7599807514605035,0.78700036,0.85
name7,42,bachelor degree,1,0,HighSkilled,Research,5559.0,5312.640443107085,246.35955689291492,0.0,3114.3100663118257,0.6036756949663493,simple loans,48,0.5159112267348284,76108,82934.18287370919,0,0.5343624312552925,0.44826007,0.38
name8,60,post graduate degree,1,0,HighSkilled,Finance,4500.0,7418.980836748458,-2918.9808367484584,0.648662408166324,3443.8753323054657,0.4972225021335716,auto loans,24,1.4139680375675387,79001,98989.61730735996,1,0.5150874713041718,0.5725358,0.82
name9,35,ausbildung,0,1,MediumSkilled,Artist,1703.0,1269.7755735340415,433.22442646595846,0.0,1234.425371190016,0.8833446682084737,simple loans,36,0.4704644419988594,0,3561.622759949444,1,0.5587495172044603,0.46794185,0.39
name10,42,ausbildung,0,0,Unemployed_MediumSkilled,Nursing,1300.0,1301.6635126557494,-1.6635126557494004,0.0012796251198072,318.95979094794,0.760925921979789,auto loans,60,0.2466333104643764,46820,49686.38252810077,0,0.35475020135245144,0.3583928,0.23
name11,41,high school or lower,0,1,LowSkilled,Construction,1679.0,1407.0348204487743,271.9651795512257,0.0,1465.447978926002,0.94731706133038,auto loans,24,0.7108295410213081,12980,15034.408193688612,1,0.3132978453184836,0.22872484,0.39
name12,60,bachelor degree,0,0,HighSkilled,Consultant,6665.0,14129.40217551368,-7464.40217551368,1.1199403114049031,2258.4777386803376,0.6320127019444383,simple loans,48,1.4587966863006778,63828,54511.32659392855,0,0.41546137091222624,0.25746354,0.24
name13,40,ausbildung,1,1,MediumSkilled,Teacher,2423.0,2986.0795241278074,-563.0795241278074,0.2323894032718974,1203.078139569932,0.676907946097731,auto loans,36,0.7289136044976225,0,3716.432352898185,1,0.6329406380208465,0.75228345,0.76
name14,35,high school or lower,1,1,Unemployed_LowSkilled,Agriculture,500.0,459.97298976051405,40.027010239485946,0.0,268.5310983942982,0.6954762054310528,auto loans,48,0.4570081763096245,21417,23311.86689413362,1,0.6549029130103325,0.73640835,0.77
name15,44,post graduate degree,0,0,HighSkilled,Engineering,6647.0,5347.203563544179,1299.796436455821,0.0,6551.889350212471,0.3249298514802284,auto loans,24,0.7901448644135174,32386,52665.50412310246,0,0.06383095845416717,0.047917504,0.04
name16,50,bachelor degree,0,0,HighSkilled,Finance,7285.0,6673.533523564314,611.4664764356858,0.0,6235.591312363301,0.9255691754691648,simple loans,36,0.7720143906558153,49739,75369.17410056724,0,0.25395597132978714,0.20478208,0.06
name17,37,bachelor degree,1,0,HighSkilled,Finance,4468.0,4327.014211816151,140.98578818384885,0.0,3575.555036793449,0.6912532868571089,auto loans,36,0.7687039500021486,72798,83718.11884045607,1,0.3613071379670646,0.52195954,0.68
name18,49,bachelor degree,0,1,HighSkilled,Consultant,3500.0,6146.737065564063,-2646.7370655640634,0.756210590161161,2507.547061052595,0.8584020427570667,simple loans,36,1.4726526076047597,76840,102595.2545960351,0,0.29350199056341947,0.15856019,0.17
name19,60,high school or lower,3,0,LowSkilled,Cleaning Services,2435.0,1491.3539696591142,943.6460303408858,0.0,652.7679526042231,0.9865698657384738,simple loans,12,0.0,0,4109.010375967099,1,0.9302062593071369,0.9025276,0.52
name20,36,high school or lower,1,2,LowSkilled,Agriculture,1106.0,839.8345989142217,266.1654010857783,0.0,446.1225638422746,0.7030144554507314,simple loans,24,0.1627099120763981,11577,16655.201011991227,1,0.5151223934264444,0.4237161,0.79
name21,43,ausbildung,1,2,MediumSkilled,IT Support,2921.0,2304.452226105704,616.5477738942964,0.0,2812.744974425314,0.796569366404821,auto loans,48,0.7518648409897356,10468,16951.696913657543,1,0.4845261296620622,0.56274337,0.77
name22,52,bachelor degree,2,0,HighSkilled,Doctor,6565.0,7699.040453040245,-1134.0404530402448,0.1727403584219717,5723.261596214687,0.6880454594098508,auto loans,48,1.044524303009129,20802,29590.885774166047,1,0.48516561054928453,0.47284088,0.7
name23,34,post graduate degree,1,0,HighSkilled,Finance,3561.0,2249.7663339930223,1311.2336660069775,0.0,3538.205923810805,0.612385929457932,simple loans,48,0.625378336928904,55705,60441.05958796222,0,0.38339301689690103,0.27777427,0.17
name24,31,ausbildung,0,0,MediumSkilled,Artist,1702.0,2567.6740239790665,-865.6740239790665,0.5086216357103799,554.3581652839979,0.9009434419808054,simple loans,60,0.8343314860535044,24661,29875.74615616463,1,0.7724524965362244,0.6632129,0.8
name25,45,high school or lower,0,0,Unemployed_LowSkilled,Agriculture,750.0,480.2560455486088,269.74395445139123,0.0,234.38881284732835,0.3430072311680986,mortgages,36,0.0,19586,19880.671464566734,0,0.21394375464658702,0.13693626,0.18
name26,45,high school or lower,1,1,LowSkilled,Construction,1174.0,2349.264142809276,-1175.2641428092757,1.0010767826314102,544.1471326225493,0.3153011844722694,simple loans,36,1.4645751920202936,23397,22610.84707741721,1,0.6657333410179583,0.6235391,0.78
name27,48,high school or lower,0,0,Unemployed_LowSkilled,Agriculture,900.0,707.6246852681436,192.3753147318564,0.0,846.2337510139636,0.834124492216607,mortgages,48,0.7265093736467857,0,1748.3988487968224,0,0.39320567228593056,0.40901476,0.36
name28,47,high school or lower,1,0,Unemployed_LowSkilled,Transportation,900.0,692.3414772802997,207.65852271970027,0.0,642.6586648552887,0.4066933311201139,auto loans,12,0.4833334912617649,23206,26468.597026618063,1,0.6257295304269413,0.6838316,0.79
name29,40,ausbildung,0,0,MediumSkilled,Electrician,2058.0,1401.6019617830875,656.3980382169123,0.0,1476.8703630248942,0.4634721288841277,mortgages,48,0.3986745990320612,26385,30365.423949950346,0,0.13617207085301516,0.1776607,0.19
name30,36,high school or lower,0,1,Unemployed_LowSkilled,Construction,600.0,489.020488304632,110.979511695368,0.0,518.7607094286191,0.6051009066747461,auto loans,48,0.6796353295554185,0,939.8751853832472,0,0.3045156434495212,0.44339734,0.53
name31,49,high school or lower,0,1,LowSkilled,Manufacturing,1569.0,1201.4013282364167,367.5986717635833,0.0,442.9199586147132,0.9139418038320004,mortgages,48,0.0480059189618418,0,2939.107818034451,1,0.4395851565169606,0.48999795,0.68
name32,58,bachelor degree,1,0,HighSkilled,Research,4500.0,5306.746678051752,-806.7466780517516,0.1792770395670559,4004.7493510722215,0.7179836380626232,auto loans,12,1.0692213398053274,0,10325.381496505195,1,0.5505661467594993,0.6069067,0.75
name33,56,high school or lower,0,0,LowSkilled,Manufacturing,1628.0,1788.3420455942585,-160.34204559425825,0.0984901999964731,1250.7882489226588,0.5616948973975018,auto loans,24,0.8667876501946665,17158,23332.772122081424,0,0.25958625068451696,0.32968125,0.13
name34,32,post graduate degree,0,0,HighSkilled,Finance,3527.0,3833.677609472888,-306.67760947288843,0.0869514061448507,2756.248992686513,0.7436856534391563,auto loans,48,0.8684226260729803,11229,21651.82880866585,1,0.2489339232126688,0.23661907,0.58
name35,45,ausbildung,1,1,MediumSkilled,IT Support,3190.0,1575.3913996928618,1614.6086003071382,0.0,2667.3820489884315,0.4468626899316715,mortgages,48,0.3300230246649822,0,7452.026720189499,1,0.2890202831846882,0.49650636,0.63
name36,47,high school or lower,1,0,LowSkilled,Cleaning Services,2278.0,2682.165177157665,-404.16517715766486,0.1774210610876491,1714.3981650425535,0.3810253133801369,simple loans,24,0.9300102467955303,0,3507.849354043673,0,0.4678125956531016,0.5510037,0.25
name37,49,bachelor degree,0,1,HighSkilled,Finance,9322.0,7183.637653224194,2138.362346775806,0.0,6028.887440994896,0.3137454306184563,auto loans,48,0.4173487550117024,32301,66593.71155396139,0,0.1135434857020514,0.08195783,0.07
name38,51,bachelor degree,1,0,HighSkilled,Doctor,4000.0,4500.60358687581,-500.6035868758099,0.1251508967189525,2984.1146340963487,0.5208400568707696,auto loans,36,0.8711795552430397,26731,33605.52438191285,0,0.14234281219993142,0.10875846,0.11
name39,42,bachelor degree,1,0,HighSkilled,Doctor,5597.0,5419.69298458202,177.30701541798044,0.0,5570.406586922106,0.885702286261617,auto loans,48,0.9635696929612516,21560,35165.75571358727,0,0.28556934201493445,0.2696005,0.14
name40,39,bachelor degree,0,0,HighSkilled,Finance,4627.0,2607.7229425487285,2019.2770574512715,0.0,2090.3039474255943,0.3318684334300203,auto loans,48,0.0153505273339794,19195,32527.45415892181,0,0.08323180046430821,0.056971066,0.12
name41,47,high school or lower,0,1,LowSkilled,Manufacturing,1536.0,1266.0230448447164,269.9769551552836,0.0,1171.147878039443,0.3443249029620304,auto loans,24,0.5866998195860412,0,2782.875736856301,0,0.19921169073506867,0.21291842,0.16
name42,59,ausbildung,0,1,Unemployed_MediumSkilled,IT Support,2000.0,2179.569025776673,-179.56902577667324,0.0897845128883366,613.6067413933264,0.5066787439840248,auto loans,48,0.3965878835849998,30014,35152.97935219808,0,0.09144852139930167,0.12903431,0.09
name43,57,ausbildung,1,1,MediumSkilled,Nursing,5025.0,2790.2711328833784,2234.7288671166216,0.0,3379.5958885379446,0.6936216976501093,simple loans,48,0.2278342331186712,17974,32171.878462152257,1,0.6757520404887221,0.7833377,0.67
name44,53,ausbildung,1,0,MediumSkilled,Artist,2855.0,4823.7450024291165,-1968.7450024291163,0.6895779343009165,2690.7393744937326,0.9013823099061836,auto loans,12,1.6320435645964446,44971,38987.23989727315,1,0.9205395858264808,0.9199666,0.82
name45,30,bachelor degree,2,2,HighSkilled,Consultant,3976.0,3028.396298737864,947.6037012621364,0.0,2706.3113868998075,0.9602123135428122,simple loans,48,0.4423309068505209,21841,32928.19436145364,0,0.6107378984765272,0.5990482,0.18
name46,54,ausbildung,0,1,MediumSkilled,Nursing,3292.0,2279.0267932111983,1012.9732067888016,0.0,1313.730851238315,0.590530757956974,auto loans,24,0.0913601593103017,31498,39299.61583480983,0,0.3703594031227199,0.34687945,0.15
name47,57,post graduate degree,1,0,Unemployed_HighSkilled,Finance,4500.0,2560.209228983692,1939.790771016308,0.0,2201.001665783284,0.3247643116977253,auto loans,12,0.0580468655037724,49452,62956.52474901182,1,0.20920973521346123,0.2542222,0.17
name48,56,high school or lower,3,0,LowSkilled,Construction,2560.0,1949.322557065284,610.6774429347163,0.0,2099.909723480692,0.6989690856435089,auto loans,48,0.5817313595882717,23564,28648.32367750889,0,0.7852011264865504,0.66553867,0.25
name49,41,ausbildung,1,0,MediumSkilled,Electrician,2714.0,3240.1723897071693,-526.1723897071693,0.1938733934072105,2227.2904307354133,0.4553391064346804,auto loans,60,1.0145404644224696,49266,57933.30468385528,0,0.37925557444059693,0.5234339,0.16
name50,44,ausbildung,1,0,MediumSkilled,Electrician,2745.0,1998.5243716179684,746.4756283820316,0.0,1827.9667761961791,0.3108704412413696,auto loans,24,0.3939858461982322,42650,54104.99651353643,0,0.23900642465394045,0.23904544,0.31
name51,39,bachelor degree,0,0,HighSkilled,Research,3286.0,5056.569584764743,-1770.569584764743,0.5388221499588384,2354.7228037562386,0.5780296683829778,auto loans,36,1.2554146039321308,31254,33087.094481619686,1,0.4805023889031212,0.39396995,0.68
name52,52,bachelor degree,2,0,HighSkilled,Consultant,4000.0,8552.589827679541,-4552.5898276795415,1.1381474569198853,2153.3595510321275,0.5407690840357491,auto loans,48,1.6764873446779172,58460,52989.622692260535,1,0.7826378099293554,0.7769378,0.79
name53,58,high school or lower,0,0,LowSkilled,Transportation,1543.0,2814.7672178000053,-1271.7672178000053,0.824217250680496,1241.5804877191208,0.5849303458534184,mortgages,24,1.6288708396105809,0,1595.5547770197938,1,0.626910750187749,0.42793855,0.82
name54,41,bachelor degree,2,0,HighSkilled,Research,5381.0,6352.218601977608,-971.2186019776082,0.1804903553201279,3499.2444053901654,0.6325991492403534,auto loans,36,0.8307866581244701,20640,30756.267582589164,0,0.8133367404550503,0.7214977,0.34
name55,50,high school or lower,0,0,LowSkilled,Manufacturing,1744.0,2145.9788942229984,-401.9788942229984,0.2304924852196092,999.6226169291716,0.6779493287943101,simple loans,36,0.8036705912569783,0,2512.181906626397,1,0.39709837973777207,0.5397561,0.67
name56,56,bachelor degree,2,2,HighSkilled,Consultant,9198.0,8882.558465979437,315.44153402056327,0.0,4302.620614680469,0.4688619770024405,mortgages,36,0.4334832659991199,29401,56413.32189533504,0,0.36583804826082,0.32498318,0.23
name57,55,ausbildung,0,0,MediumSkilled,Nursing,3760.0,3312.601070686433,447.3989293135669,0.0,3742.336934327639,0.8007708268583096,auto loans,48,0.8763132992058701,33092,45815.67763438885,0,0.434348846700391,0.42771545,0.16
name58,53,bachelor degree,1,0,HighSkilled,Consultant,10252.0,6212.20229120002,4039.79770879998,0.0,3713.348665725318,0.8116639630040717,auto loans,24,0.0,32099,61708.75052352225,0,0.3183149284671111,0.3063449,0.1
name59,43,ausbildung,1,1,MediumSkilled,Nursing,2075.0,2067.5064640481933,7.493535951806734,0.0,1265.474836254057,0.8409637899002574,simple loans,36,0.6062560483384338,0,4005.491690003989,1,0.7221193551930367,0.71715534,0.63
name60,59,bachelor degree,0,1,HighSkilled,Consultant,4500.0,8336.84620866751,-3836.84620866751,0.8526324908150023,2172.90386409604,0.7776636625247167,mortgages,60,1.3355000161696775,56898,57599.81141612594,1,0.30837047340916723,0.45453182,0.78
name61,60,post graduate degree,0,3,HighSkilled,Doctor,11784.0,8283.714707594561,3500.2852924054387,0.0,6277.622832091013,0.3587489623406384,simple loans,24,0.2356871639244377,48555,81472.81836246591,0,0.11979825973965753,0.33714995,0.24
name62,57,ausbildung,1,1,MediumSkilled,Electrician,5423.0,4459.814545882273,963.1854541177272,0.0,4428.959295317032,0.2423785071547583,mortgages,12,0.6390879294116365,0,11036.027686823629,0,0.24265000728095606,0.26924676,0.1
name63,35,ausbildung,0,1,MediumSkilled,Teacher,1406.0,2307.302832056449,-901.302832056449,0.6410404210927803,967.2790984295584,0.606037646889334,simple loans,24,1.3290056404594648,44934,53528.70741711063,0,0.5504412908133239,0.526506,0.61
name64,57,bachelor degree,1,0,HighSkilled,Doctor,5551.0,3976.251096223784,1574.7489037762157,0.0,4314.849444662896,0.2624598220605576,mortgages,36,0.4936228681114538,27164,53783.85580175027,0,0.06790743405226957,0.07155439,0.22
name65,30,ausbildung,1,0,MediumSkilled,Nursing,1430.0,2323.0522322789334,-893.0522322789334,0.6245120505447087,921.0534867726506,0.8228508860772193,mortgages,24,1.2686053979381706,17672,21090.66593847217,1,0.907953259621173,0.8908915,0.85
name66,45,ausbildung,0,0,MediumSkilled,Teacher,2487.0,1791.0647044949733,695.9352955050267,0.0,2291.973057242948,0.9653418565842308,simple loans,48,0.6417522162195098,45674,49700.73927833576,1,0.3876539084946269,0.35307613,0.76
name67,47,high school or lower,3,0,LowSkilled,Agriculture,1764.0,1597.9432636013962,166.0567363986038,0.0,1088.3393242241063,0.4126569356448962,mortgages,48,0.5228359341414414,12778,17427.027186903582,0,0.7284711847577424,0.5661991,0.33
name68,41,ausbildung,1,2,MediumSkilled,Teacher,2675.0,2705.447692902219,-30.44769290221893,0.0113823151036332,1967.659195875852,0.4168060114826865,auto loans,12,0.7469558462721759,30046,32813.62516147432,0,0.44134540924034715,0.45648313,0.1
name69,54,ausbildung,1,0,MediumSkilled,Teacher,1841.0,3161.4447798784063,-1320.4447798784065,0.7172432264412854,1052.3612370057429,0.5789009766068627,simple loans,36,1.2888680156893804,11712,15268.20703538034,0,0.6912454727799845,0.62794036,0.22
name70,39,bachelor degree,0,1,HighSkilled,Consultant,3540.0,5792.14181126822,-2252.1418112682195,0.6361982517706835,2489.9187053275896,0.9447857351188362,auto loans,24,1.339565117682432,0,6149.117240498504,0,0.3507234870226504,0.2855531,0.13
name71,31,bachelor degree,0,0,HighSkilled,Engineering,1713.0,4292.882804063193,-2579.8828040631934,1.5060611815897218,813.1097407869657,0.4021792433802032,auto loans,60,1.9807311995622645,16946,18520.174451509774,0,0.43738906772324176,0.66459686,0.51
name72,35,bachelor degree,0,0,HighSkilled,Doctor,3036.0,2362.565410066109,673.434589933891,0.0,1317.2217830724437,0.966803680715566,auto loans,12,0.2120511176345694,72654,83303.18964044606,0,0.14655418844971851,0.1639952,0.07
name73,53,bachelor degree,1,1,HighSkilled,Finance,5227.0,5396.927837579047,-169.92783757904726,0.0325096303001812,1879.0370774628532,0.3340564182330086,simple loans,48,0.3919963487740388,48311,58106.29287334719,0,0.18671860783369928,0.12116996,0.15
name74,44,high school or lower,1,0,LowSkilled,Agriculture,867.0,1176.3564394714138,-309.3564394714137,0.3568125022738336,177.16550037810725,0.8439895125379506,simple loans,24,0.5611556399648454,16353,18978.792150569072,1,0.6602422384852933,0.76013446,0.83
name75,57,ausbildung,1,1,MediumSkilled,Electrician,3568.0,3982.6140426682928,-414.6140426682928,0.1162034872949251,2605.319055209208,0.485186446581798,mortgages,36,0.8463938054589407,40692,48552.87349509259,0,0.34091247612879394,0.3053288,0.09
name76,36,high school or lower,0,0,Unemployed_LowSkilled,Construction,600.0,353.3391229723157,246.66087702768425,0.0,268.4389197451895,0.7323353409782893,auto loans,36,0.0362967378625087,14714,13138.269252034646,0,0.3697468652551034,0.41227967,0.26
name77,37,bachelor degree,0,1,HighSkilled,Finance,4371.0,3026.656133352613,1344.3438666473871,0.0,2828.34786501497,0.2498757386601306,auto loans,48,0.3395113242662051,66706,84000.33293147896,0,0.07990410433396973,0.08739345,0.04
name78,46,high school or lower,0,1,LowSkilled,Construction,1752.0,2675.5949904385525,-923.5949904385524,0.5271660904329637,1435.5483238513034,0.4398525966290698,auto loans,24,1.3465429876083652,19798,21210.51951362271,0,0.2856115815123229,0.29888844,0.17
name79,48,bachelor degree,0,1,Unemployed_HighSkilled,Engineering,3500.0,2650.946561810906,849.0534381890939,0.0,1344.074194142103,0.5846356169239078,auto loans,36,0.1414345017008596,58082,76405.75990405286,0,0.0594923210765819,0.17398775,0.09
name80,55,bachelor degree,0,0,HighSkilled,Engineering,9425.0,5018.206708762882,4406.793291237118,0.0,4330.022344366067,0.6437699734196396,simple loans,24,0.0,76045,86531.35864942506,0,0.11425432473575581,0.07528118,0.06
name81,44,ausbildung,1,0,MediumSkilled,IT Support,2515.0,2921.3039684329938,-406.30396843299377,0.1615522737308126,2007.1248888385485,0.918626297858392,auto loans,36,0.9596138597501164,0,5244.302277832673,0,0.5551917935684545,0.5570101,0.27
name82,43,high school or lower,1,1,Unemployed_LowSkilled,Transportation,750.0,731.5843152710972,18.41568472890276,0.0,536.2124200459172,0.5580511783029447,auto loans,48,0.6903956470893525,20198,20402.1500945693,1,0.7165976113474114,0.6944656,0.85
name83,57,bachelor degree,1,1,HighSkilled,Doctor,12421.0,8444.081687209791,3976.918312790209,0.0,11875.854854837991,0.2652373537970967,auto loans,60,0.6359340264107385,48578,81328.1557696034,0,0.17933536540705153,0.2394264,0.12
name84,43,high school or lower,0,1,LowSkilled,Cleaning Services,1606.0,1604.3824907055737,1.617509294426327,0.0,730.551513409055,0.2373332290222703,simple loans,48,0.4538816962108522,8725,11801.204506983162,0,0.1564102060661911,0.08067329,0.12
name85,53,ausbildung,0,0,MediumSkilled,Teacher,3540.0,2029.1538878561817,1510.8461121438183,0.0,3105.184676769082,0.4678205387778354,mortgages,12,0.450378125600357,39885,48180.58695908824,0,0.18757014285558374,0.13656609,0.29
name86,60,post graduate degree,0,0,HighSkilled,Doctor,7305.0,5202.341550411574,2102.6584495884263,0.0,5286.209871234643,0.8108877651441319,simple loans,48,0.4358044382814807,46918,74834.16721392248,0,0.12229231730006349,0.13015574,0.06
name87,31,ausbildung,1,1,MediumSkilled,IT Support,1647.0,1258.9589740117003,388.0410259882997,0.0,697.8071052237896,0.7692978867737541,auto loans,36,0.1880789794993867,0,3491.3420390023857,1,0.4782465427058519,0.5371843,0.55
name88,46,high school or lower,0,0,LowSkilled,Transportation,1670.0,1570.2186701888954,99.78132981110456,0.0,1209.0292058582436,0.2968444437567534,auto loans,24,0.6642202850581671,18903,22623.673563841803,0,0.19561800279842406,0.1490739,0.14
name89,36,bachelor degree,2,0,HighSkilled,Engineering,3945.0,7270.725858856843,-3325.725858856843,0.8430230313959044,3068.21798114957,0.5436428410476284,simple loans,24,1.6207715690764035,45418,56897.8915687997,1,0.7127039735257003,0.8489362,0.65
name90,54,ausbildung,1,0,MediumSkilled,Nursing,2576.0,4508.116649700784,-1932.1166497007844,0.750045283268938,1078.1611844806052,0.9999231914768494,auto loans,12,1.168586115753645,25176,28435.376525041476,1,0.9313515359198928,0.91524965,0.9
name91,46,ausbildung,0,0,MediumSkilled,IT Support,3613.0,2317.127256814849,1295.8727431851512,0.0,3586.2231998670227,0.4906036301724452,auto loans,48,0.6339193071358625,0,6880.443313059261,0,0.13430451590389753,0.12246326,0.22
name92,46,bachelor degree,0,0,HighSkilled,Finance,7592.0,7220.295152688785,371.7048473112154,0.0,2065.551792752909,0.4678184672585279,simple loans,12,0.2231094501372093,77865,101803.60752724984,0,0.13227964885390428,0.14012907,0.13
name93,50,ausbildung,0,0,MediumSkilled,Nursing,1995.0,2061.607683147125,-66.6076831471255,0.0333873098481832,898.7919126125136,0.3648566414343142,auto loans,48,0.4839095718093429,45753,38060.10666625985,0,0.2525260365602394,0.22616874,0.12
name94,52,ausbildung,1,0,MediumSkilled,Teacher,3189.0,4934.34985379865,-1745.3498537986495,0.5473031840071024,2860.629035376787,0.2276967195146075,mortgages,48,1.444333298581197,46757,52672.14366663412,1,0.48883010752986844,0.49078497,0.74
name95,50,ausbildung,1,1,MediumSkilled,IT Support,2002.0,2173.8951336781865,-171.89513367818654,0.0858617051339593,616.8382379567882,0.4696124248826847,mortgages,36,0.393972713104383,0,4328.972375502145,0,0.2792035409531542,0.40314138,0.38
name96,43,post graduate degree,0,0,HighSkilled,Doctor,3826.0,3901.112063441607,-75.11206344160655,0.0196320082178793,1276.6545391766597,0.3110108255685471,simple loans,48,0.3533106645630596,0,8597.8547829531,0,0.044349937830560134,0.028705198,0.07
name97,59,ausbildung,0,1,MediumSkilled,Teacher,4202.0,3548.6787233021246,653.3212766978754,0.0,2121.876895312935,0.8728349103533573,mortgages,12,0.3494896760150071,17668,24743.417643148863,0,0.35667478621783305,0.40268663,0.18
name98,34,high school or lower,1,0,Unemployed_LowSkilled,Agriculture,500.0,528.4387197191564,-28.43871971915644,0.0568774394383128,280.7695074570249,0.5284316021379181,mortgages,12,0.6184164543523626,24570,26204.98812246555,1,0.5924714320814802,0.7257051,0.86
name99,46,bachelor degree,0,0,HighSkilled,Consultant,9905.0,9717.55375013616,187.4462498638386,0.0,2369.10542497254,0.7479549222622556,simple loans,48,0.2202583720453004,28501,51505.94611959944,0,0.13355123957755272,0.12314694,0.08
name100,52,high school or lower,1,1,LowSkilled,Agriculture,2350.0,1633.54480654776,716.4551934522399,0.0,901.6765108289492,0.8337676078836674,mortgages,48,0.0788175818624295,7941,12170.064079385182,0,0.50632717741693,0.5893513,0.41
name101,39,ausbildung,0,0,MediumSkilled,Teacher,2575.0,1707.8765627208495,867.1234372791505,0.0,757.5428424354549,0.2197816562308932,simple loans,12,0.0,0,6264.331324545228,0,0.1335113488632831,0.050671592,0.11
name102,36,ausbildung,0,0,MediumSkilled,Teacher,2953.0,1994.8856304774213,958.1143695225784,0.0,1519.2744489037125,0.8455810634964291,simple loans,12,0.1900305043620501,26848,36189.995419188286,0,0.3954898497541774,0.43304357,0.37
name103,31,high school or lower,0,0,LowSkilled,Agriculture,1115.0,1514.5057074995314,-399.50570749953135,0.3583010829592209,467.3712588599848,0.5556200823517272,auto loans,12,0.7774681312641402,5950,7485.221817789576,0,0.3545523745515358,0.28282082,0.23
name104,53,ausbildung,1,0,MediumSkilled,IT Support,2661.0,1720.23268708951,940.76731291049,0.0,1984.6967158076604,0.7003040032040266,auto loans,12,0.3923071788414771,10231,14297.296934242824,0,0.35141360703444846,0.256358,0.19
name105,41,bachelor degree,1,1,HighSkilled,Engineering,7064.0,7638.524930478522,-574.524930478522,0.0813313887993377,2642.882976882608,0.8734614307962488,mortgages,48,0.4554654455494238,49735,61455.58160823022,1,0.37794086302162366,0.4325636,0.4
name106,60,bachelor degree,1,0,HighSkilled,Engineering,8627.0,2411.508068086543,6215.491931913457,0.0,5089.196339209509,0.6136417017378921,simple loans,24,0.0,26736,52577.83131414459,0,0.18407054734593836,0.21373548,0.11
name107,49,bachelor degree,0,1,HighSkilled,Doctor,8899.0,6205.042198658317,2693.957801341683,0.0,3572.8477522037574,0.2253908384219105,auto loans,12,0.0987627768133581,64631,72755.78768825335,0,0.06221021618671691,0.072760805,0.0
name108,57,high school or lower,0,1,LowSkilled,Cleaning Services,1681.0,1734.9842848296532,-53.984284829653234,0.0321143871681458,870.6313555577659,0.5434801324085963,auto loans,60,0.5500390484160732,24810,25841.52572110796,0,0.2245838271845322,0.08989522,0.11
name109,60,high school or lower,2,1,Unemployed_LowSkilled,Manufacturing,1100.0,1585.7735915043577,-485.7735915043575,0.4416123559130522,449.9407553960012,0.6014209800067198,auto loans,12,0.8506494062730533,12164,11709.757774270793,1,0.9251603666419621,0.9168785,0.85
name110,49,bachelor degree,0,0,Unemployed_HighSkilled,Consultant,3500.0,2521.608075983567,978.3919240164332,0.0,1877.5939618569196,0.8009399070450969,auto loans,12,0.2569148679544246,69585,78697.86840333567,0,0.09321971058215636,0.078898005,0.04
name111,36,bachelor degree,0,1,HighSkilled,Engineering,4396.0,4955.252178148048,-559.2521781480482,0.1272184208708026,3624.747711425087,0.9413636207953486,auto loans,48,0.9517743151895212,52100,58559.0867536695,1,0.1921967412971167,0.14669372,0.18
name112,54,bachelor degree,1,0,Unemployed_HighSkilled,Finance,4000.0,3546.0903859500936,453.9096140499064,0.0,2760.051279687001,0.5215554022132667,auto loans,48,0.5765354164092737,50090,58911.28005078395,1,0.21490290930616657,0.45321894,0.47
name113,32,ausbildung,0,0,Unemployed_MediumSkilled,Electrician,900.0,604.0181053891268,295.9818946108732,0.0,497.1819566727272,0.7963242769635972,auto loans,12,0.2235556245131711,0,2050.7881782941067,0,0.20847691636576873,0.35360837,0.43
name114,53,high school or lower,0,0,LowSkilled,Agriculture,1638.0,1728.9323838982366,-90.9323838982366,0.0555142758841493,377.3497931803814,0.9517007257426524,auto loans,48,0.2858865549930512,0,2273.963587994578,0,0.30264032935891605,0.34528664,0.27
name115,32,ausbildung,0,0,MediumSkilled,Teacher,1667.0,1845.9931025255084,-178.99310252550845,0.1073743866379774,506.8678479347176,0.2659281867525767,simple loans,36,0.4114342834194518,0,3695.200860767832,0,0.16863677642376726,0.088629186,0.15
name116,37,bachelor degree,0,1,HighSkilled,Engineering,5398.0,4113.934581573921,1284.0654184260793,0.0,2324.485891912709,0.2168795247956964,auto loans,60,0.1927418439211985,35335,50076.53032022375,0,0.03957631374857461,0.034461334,0.03
name117,32,high school or lower,0,1,Unemployed_LowSkilled,Transportation,500.0,397.6276586409343,102.37234135906569,0.0,290.7736079981621,0.8405233006047611,simple loans,60,0.3768025332781928,16497,17612.25273989511,1,0.673299208074057,0.77481043,0.81
name118,56,ausbildung,0,0,MediumSkilled,IT Support,4626.0,3560.498482700662,1065.501517299338,0.0,1409.8213130193096,0.8907059878076243,mortgages,12,0.0744314301167253,44888,57304.93253656,1,0.26358720109843103,0.21540628,0.68
name119,60,ausbildung,0,0,MediumSkilled,IT Support,4476.0,2358.1403319562705,2117.859668043729,0.0,3039.40394340285,0.5029947195158051,mortgages,24,0.2058856736727257,28140,40450.90532145117,0,0.12331145587800213,0.0641299,0.04
name120,55,ausbildung,0,1,Unemployed_MediumSkilled,Nursing,1750.0,1450.5237443440717,299.4762556559283,0.0,1356.808637190854,0.8794550647497713,auto loans,60,0.6041899323056719,27074,34818.59366809949,0,0.36784791171780584,0.33272135,0.25
name121,38,post graduate degree,0,1,HighSkilled,Consultant,4085.0,4081.7734684694487,3.226531530551256,0.0,3812.4002114672953,0.9851058447026232,simple loans,12,0.9324782570224588,36380,43378.14572003349,0,0.20897381654917094,0.19536981,0.11
name122,55,ausbildung,0,1,MediumSkilled,Teacher,1774.0,2173.851319573193,-399.8513195731935,0.2253953323411462,971.509238170662,0.8730874549845405,auto loans,48,0.7730330088747778,38512,43222.72922679917,1,0.3937187751245848,0.56121,0.79
name123,34,ausbildung,1,0,Unemployed_MediumSkilled,Nursing,900.0,732.4340288490552,167.56597115094485,0.0,739.5484386457238,0.7782538007847071,auto loans,48,0.6355360749941988,11527,14148.932642321375,0,0.6204106960905519,0.5065271,0.21
name124,48,high school or lower,0,0,LowSkilled,Construction,1729.0,1818.4620820948444,-89.46208209484439,0.0517420949073709,797.4890757071051,0.4712614779129728,auto loans,48,0.5129850536737707,0,2819.6477056337053,0,0.11881509884116485,0.0905918,0.09
name125,59,bachelor degree,0,0,HighSkilled,Consultant,4808.0,7821.294520377588,-3013.294520377588,0.6267251498289492,2681.6712423320346,0.2244226873677099,simple loans,12,1.1844770721109863,0,7735.038300483218,1,0.07417173712283832,0.082544796,0.32
name126,51,high school or lower,0,1,LowSkilled,Cleaning Services,1746.0,1646.8185004868574,99.18149951314264,0.0,1640.8632754150035,0.3792653842057294,mortgages,24,0.8829792530938494,21099,26185.78423955143,0,0.18166207718795932,0.1972971,0.24
name127,38,high school or lower,0,1,LowSkilled,Construction,1422.0,1712.09698506537,-290.09698506537006,0.2040063186113713,1370.2124689840584,0.5345236370935933,simple loans,12,1.1675875204285713,6832,10028.448544371407,0,0.22039097045948133,0.14361264,0.24
name128,54,ausbildung,0,1,MediumSkilled,Teacher,2423.0,3554.7618252122998,-1131.7618252122993,0.4670911371078412,1948.1230579277085,0.5950033473296616,mortgages,24,1.2711039550722276,11642,16628.89121263858,1,0.39115991042023374,0.41367856,0.61
name129,37,high school or lower,2,1,Unemployed_LowSkilled,Agriculture,600.0,710.7755131077841,-110.77551310778416,0.1846258551796402,230.53756330462843,0.5509824921307225,auto loans,36,0.5688551273540209,11001,12982.592498649115,1,0.8416303805030536,0.853205,0.89
name130,57,ausbildung,1,0,Unemployed_MediumSkilled,Nursing,2000.0,1626.8209492867811,373.1790507132189,0.0,1492.3354110828302,0.4019674428397091,auto loans,48,0.5595781801848057,47579,50081.75564425279,1,0.3578644123468504,0.48444045,0.73
name131,50,high school or lower,1,0,LowSkilled,Cleaning Services,2082.0,1223.0556509995172,858.9443490004828,0.0,1920.0027474777316,0.3398603453318838,auto loans,36,0.5096341971552587,10171,15098.579939107096,1,0.34896778943238604,0.2911025,0.74
name132,37,post graduate degree,0,1,HighSkilled,Doctor,4653.0,4085.9602191772624,567.0397808227376,0.0,995.1169549048028,0.8047224148152627,auto loans,48,0.0920002523279744,69068,69102.06089806496,0,0.17758579246522094,0.29379553,0.14
name133,44,bachelor degree,0,0,HighSkilled,Engineering,6153.0,3363.580913242548,2789.419086757452,0.0,2128.0227789579344,0.5819392584297676,auto loans,24,0.0,43247,67785.0252446638,0,0.07234758583353343,0.051401056,0.04
name134,36,ausbildung,0,1,MediumSkilled,Teacher,2228.0,2461.880032982617,-233.8800329826172,0.1049730848216414,808.6768912580704,0.4387197745397062,simple loans,24,0.4679339875407036,36667,42034.99096794434,0,0.25255741175187785,0.2311591,0.21
name135,31,ausbildung,1,2,MediumSkilled,Electrician,1753.0,1790.3747954408288,-37.37479544082885,0.0213204765777688,366.2927319081145,0.978085625446584,auto loans,60,0.2302724057894714,13359,18805.46957901832,0,0.640529727989454,0.73840314,0.61
name136,50,ausbildung,1,0,MediumSkilled,Electrician,3640.0,2484.7959512622137,1155.2040487377865,0.0,3208.8487461004347,0.7618927470945546,mortgages,24,0.5641881036710573,16103,23359.04316576068,0,0.447427111580793,0.37603113,0.16
name137,51,ausbildung,0,0,MediumSkilled,Teacher,4122.0,3774.685597118557,347.3144028814432,0.0,3928.226552581696,0.9063536911205204,auto loans,60,0.8687317199660972,43390,49891.37139258644,0,0.3721530761843715,0.4267427,0.46
name138,55,ausbildung,0,1,MediumSkilled,Electrician,3672.0,2659.8276389447788,1012.1723610552212,0.0,2640.1308331595355,0.412989522522534,auto loans,24,0.4433438104859243,0,9419.143920116883,0,0.1231513944784153,0.08021481,0.09
name139,32,high school or lower,0,0,LowSkilled,Manufacturing,911.0,607.7527030552544,303.2472969447456,0.0,795.23078826871,0.3259328209464713,auto loans,60,0.5400477402019367,5719,8094.229144288322,1,0.2044118034391938,0.19811274,0.23
name140,52,post graduate degree,0,0,HighSkilled,Finance,11499.0,4278.2089191717305,7220.791080828269,0.0,6799.819561288267,0.8866392825438834,simple loans,48,0.0,39892,63986.39445111228,1,0.43086592520201134,0.36916876,0.74
name141,40,ausbildung,0,0,MediumSkilled,Teacher,2152.0,2675.985312674259,-523.9853126742591,0.2434875988263286,1343.5969807731906,0.7649669440856623,auto loans,60,0.8678356382190752,0,4114.558395618506,0,0.39370928880277467,0.37076095,0.19
name142,48,ausbildung,1,0,MediumSkilled,Teacher,1985.0,1595.0706897068058,389.9293102931943,0.0,1678.03342931307,0.6546028728082378,simple loans,24,0.6489189516472925,27680,28810.43429182707,0,0.4432829564712926,0.34287837,0.31
name143,59,bachelor degree,0,1,HighSkilled,Consultant,12006.0,11681.32956174785,324.6704382521493,0.0,3982.12276333518,0.3818019254839893,auto loans,36,0.3046353760688847,54497,72808.84914305064,0,0.08221025291361939,0.046547182,0.18
name144,35,bachelor degree,0,0,HighSkilled,Engineering,3706.0,1858.9772181226997,1847.0227818773003,0.0,2454.844162259433,0.8892262359593316,mortgages,48,0.1640100864495771,36526,48798.98287615043,0,0.12026990051211613,0.084714755,0.06
name145,57,bachelor degree,0,0,HighSkilled,Doctor,8133.0,10542.936213850617,-2409.936213850615,0.2963157769397043,6663.006215292084,0.8562370403794123,auto loans,36,1.1155714286416696,0,17082.703789057698,0,0.2004331350371983,0.14974588,0.11
name146,31,bachelor degree,1,0,HighSkilled,Consultant,3209.0,1718.3408137366064,1490.6591862633936,0.0,1966.260683035485,0.7558039264533682,auto loans,60,0.1482086309666847,67184,77417.44542010341,0,0.22775373546485933,0.16564524,0.04
name147,42,high school or lower,0,0,Unemployed_LowSkilled,Transportation,750.0,497.4080742704343,252.59192572956567,0.0,610.9688423957039,0.9046804059276442,mortgages,24,0.4778358888881842,22105,20146.05506196824,1,0.6636666742940077,0.6108862,0.49
name148,49,high school or lower,0,0,LowSkilled,Agriculture,2266.0,1779.731473456695,486.2685265433049,0.0,654.1750677133892,0.3482177310805379,auto loans,24,0.0740982088129233,11569,19266.42968270617,0,0.1180750014497921,0.10198191,0.2
name149,31,high school or lower,0,0,LowSkilled,Manufacturing,1326.0,1033.003394465475,292.9966055345253,0.0,603.609989104794,0.3319513540765689,mortgages,36,0.2342484038991467,0,2255.8411762277524,0,0.22940200764704416,0.19285898,0.11
name150,36,high school or lower,0,0,LowSkilled,Construction,1493.0,812.7552848359934,680.2447151640066,0.0,516.212976150184,0.805367051422124,auto loans,24,0.0,14250,15281.599276700896,0,0.260752876686702,0.18264437,0.23
name151,30,bachelor degree,0,0,HighSkilled,Finance,3577.0,3485.561410913136,91.43858908686434,0.0,2125.842689471393,0.2626258427714545,auto loans,36,0.5687459044966532,16114,24443.641024805707,0,0.07646328228969311,0.06844162,0.1
name152,55,bachelor degree,0,1,HighSkilled,Finance,8596.0,5491.305919221489,3104.6940807785118,0.0,7617.805218652036,0.3630768672029078,simple loans,12,0.5250245623398703,15879,38587.161922817264,0,0.11889509261463169,0.1185742,0.27
name153,38,ausbildung,0,0,MediumSkilled,Electrician,2356.0,1199.302319722921,1156.697680277079,0.0,1315.0088056090842,0.959992179241483,auto loans,48,0.0671948749286949,37304,39128.03581038895,1,0.34473562756600945,0.5844896,0.8
name154,54,ausbildung,3,0,Unemployed_MediumSkilled,Nursing,1750.0,2010.6767154836143,-260.67671548361454,0.148958123133494,1372.4703658161168,0.5399701200543343,auto loans,24,0.9332269035998464,38816,38301.01414336625,1,0.8842815724148546,0.81590015,0.83
name155,53,ausbildung,0,0,MediumSkilled,Teacher,3323.0,2531.947758509869,791.0522414901311,0.0,1977.1093086440824,0.7662942701875648,mortgages,36,0.3569235832542736,30413,30972.984266136395,0,0.2921508752577483,0.248809,0.07
name156,38,post graduate degree,0,0,HighSkilled,Consultant,4063.0,3604.584355861202,458.4156441387981,0.0,3880.48009071245,0.9993426570707564,mortgages,60,0.8422506636902909,55924,79923.46544415894,1,0.16861153704806103,0.21508166,0.67
name157,53,high school or lower,0,0,LowSkilled,Construction,1202.0,1593.510668538997,-391.5106685389969,0.3257160303984999,600.1908423200013,0.3408403530142994,auto loans,12,0.8250428542920117,6715,6945.860151325094,1,0.13979194550522978,0.14123473,0.74
name158,35,post graduate degree,1,0,HighSkilled,Research,3628.0,1332.6342440559454,2295.3657559440544,0.0,2068.043835095485,0.5998408013330564,simple loans,48,0.0,62990,86555.89178788674,0,0.5578478591177304,0.5447798,0.13
name159,39,post graduate degree,1,1,HighSkilled,Engineering,5449.0,4158.759589784873,1290.2404102151268,0.0,4993.13722976349,0.6652449977889682,mortgages,36,0.6795552981369725,26039,37210.34724012134,1,0.28587084188622847,0.42848614,0.76
name160,49,bachelor degree,0,0,HighSkilled,Finance,8192.0,6192.252748942608,1999.747251057392,0.0,6506.586732274696,0.4471317150368566,mortgages,60,0.5501513038595343,39739,55879.11173320739,0,0.13029220539535089,0.11672601,0.24
name161,34,bachelor degree,0,0,HighSkilled,Engineering,2760.0,2030.9676686195648,729.0323313804352,0.0,659.9315935519686,0.3675488414224465,auto loans,12,0.0,70802,77500.41191569997,0,0.04501933724879948,0.031104151,0.03
name162,36,high school or lower,0,2,Unemployed_LowSkilled,Agriculture,600.0,514.0409554107008,85.9590445892992,0.0,253.01431775444448,0.8242672362639428,auto loans,48,0.2784254552752421,13856,13212.053762451433,1,0.5140833655768207,0.6441539,0.72
name163,51,bachelor degree,0,1,HighSkilled,Engineering,9014.0,8338.403894314855,675.5961056851447,0.0,8425.524559788995,0.6957223679086306,mortgages,12,0.8597657481810351,25742,48998.085176057495,0,0.1266241493450817,0.11846243,0.08
name164,44,post graduate degree,0,1,HighSkilled,Consultant,6080.0,6946.493963208736,-866.4939632087362,0.1425154544751211,5884.009008165958,0.6646469113240011,auto loans,24,1.110280093976101,18329,36343.32106471764,0,0.15697089547072518,0.09911244,0.21
name165,30,high school or lower,1,1,LowSkilled,Construction,850.0,733.1578225372239,116.84217746277614,0.0,567.0078288930393,0.3436711606779055,mortgages,36,0.5296066487414861,14891,13962.936868080536,0,0.2774776127812535,0.3245684,0.36
name166,44,bachelor degree,0,1,HighSkilled,Consultant,6335.0,3367.322591752734,2967.677408247266,0.0,3998.3473835641385,0.8500930788831031,auto loans,24,0.1626945501684092,39791,67353.26300170169,0,0.1378566209255362,0.07324788,0.08
name167,48,ausbildung,1,1,MediumSkilled,Teacher,3322.0,2161.90623666788,1160.09376333212,0.0,1794.033528024306,0.3361850615742015,auto loans,12,0.1908307539711577,37615,48232.60212533069,0,0.3551872468413281,0.29731888,0.15
name168,59,post graduate degree,0,0,Unemployed_HighSkilled,Research,4500.0,5419.375342709785,-919.3753427097854,0.2043056317132856,2134.390871952639,0.834823891605575,mortgages,24,0.6786147143694277,19174,25337.58766723272,0,0.4764618549232375,0.26499054,0.13
name169,45,ausbildung,0,2,MediumSkilled,IT Support,2703.0,2266.740588748417,436.2594112515831,0.0,1253.1680927012603,0.3510733962606692,auto loans,36,0.3022229676099435,18556,24884.120761725637,0,0.11752823967903338,0.08388914,0.12
name170,47,high school or lower,1,0,LowSkilled,Manufacturing,1772.0,1523.6921982230022,248.30780177699785,0.0,1656.8122216598322,0.4404963159985168,auto loans,48,0.7948670541099516,0,2909.5888654442865,0,0.4156577428149885,0.35037756,0.17
name171,32,ausbildung,0,1,MediumSkilled,Nursing,2141.0,2083.9134972714164,57.08650272858358,0.0,1015.5541580980918,0.5867819894707096,auto loans,36,0.4476728890095788,26321,34593.92812451472,0,0.426566330750567,0.4197026,0.18
name172,35,high school or lower,2,1,LowSkilled,Transportation,733.0,819.8164400977946,-86.81644009779461,0.1184398909928985,609.4332179448375,0.5082711611753679,auto loans,36,0.949863107834423,0,999.2763203160592,0,0.8020053150585409,0.6778676,0.29
name173,45,high school or lower,1,0,LowSkilled,Agriculture,1602.0,1067.1310198613353,534.8689801386647,0.0,584.0044896553974,0.918991616694377,mortgages,24,0.0306713542551389,0,3598.2684442032287,1,0.5491569384995489,0.6312248,0.73
name174,42,post graduate degree,1,0,HighSkilled,Finance,5353.0,3442.616386679608,1910.383613320392,0.0,2785.2193532802544,0.6190083378338986,auto loans,48,0.1634290565962754,50406,65964.2258547022,0,0.38772162423317796,0.3239162,0.12
name175,49,high school or lower,3,0,LowSkilled,Manufacturing,2295.0,1901.5764615272176,393.4235384727822,0.0,2083.0216234409763,0.237926033694131,mortgages,24,0.7362083158902807,20637,24153.56349755557,0,0.7859247908619555,0.48117295,0.17
name176,35,bachelor degree,1,0,HighSkilled,Finance,3723.0,2837.433975218621,885.5660247813789,0.0,1569.3789513020852,0.8505184823697541,auto loans,12,0.1836725561430852,20467,30440.113986539243,0,0.43046566616952725,0.4212823,0.11
name177,37,high school or lower,0,1,LowSkilled,Agriculture,1125.0,831.02180915503,293.97819084497,0.0,482.88808142940616,0.6709877327948148,auto loans,36,0.167919902741721,0,1883.997096397001,1,0.24716460351245162,0.26212445,0.69
name178,55,ausbildung,0,0,MediumSkilled,Electrician,3439.0,3605.8836908124654,-166.88369081246535,0.0485268074476491,1491.156708523528,0.7638214426466441,mortgages,12,0.4821286418540254,30669,39931.4985287428,0,0.2246949921062274,0.18430546,0.11
name179,35,ausbildung,2,1,MediumSkilled,Electrician,1741.0,1481.5611592407,259.4388407593001,0.0,971.169339843888,0.2855609700490604,mortgages,24,0.4088055709848293,0,4066.990465392085,1,0.4785886064911537,0.650399,0.73
name180,55,high school or lower,0,0,LowSkilled,Agriculture,1363.0,2288.2316610000425,-925.2316610000424,0.678820000733707,671.3855621905872,0.346079783915967,auto loans,48,1.1713992833386866,0,1745.1691417521813,0,0.2731810697946507,0.22581683,0.26
name181,57,ausbildung,1,1,MediumSkilled,Teacher,4485.0,3070.122559281254,1414.877440718746,0.0,1058.6734993481648,0.8101665026864968,auto loans,36,0.0,41172,54533.06810856081,0,0.5725707007126399,0.6438222,0.14
name182,40,high school or lower,0,0,LowSkilled,Cleaning Services,1137.0,1516.4711056678475,-379.4711056678477,0.3337476742901035,749.545375723773,0.4254206232528497,mortgages,24,0.992978435700634,23963,21686.174046051587,1,0.3473199724187972,0.3898913,0.41
name183,54,high school or lower,0,1,LowSkilled,Agriculture,1884.0,1687.4286940490554,196.57130595094463,0.0,1428.963159038493,0.527161993127718,auto loans,24,0.6541358031250255,0,2992.2980085050635,0,0.15417083154201872,0.20409243,0.14
name184,45,ausbildung,0,2,MediumSkilled,Teacher,2690.0,3094.1518130966856,-404.1518130966856,0.1502423097013701,756.6775831272389,0.944377767963454,mortgages,48,0.4315350915330574,0,5487.0289671021,1,0.490260219948179,0.7136871,0.78
name185,30,high school or lower,0,0,Unemployed_LowSkilled,Manufacturing,500.0,337.3509524114229,162.6490475885771,0.0,140.38511714889086,0.6914912784370573,auto loans,60,0.0,10251,10781.796087506817,0,0.5641480752995015,0.6288566,0.47
name186,52,high school or lower,0,0,LowSkilled,Agriculture,1476.0,1413.5363799047054,62.46362009529457,0.0,1067.200210192679,0.821609327320836,auto loans,36,0.6807158469494474,6786,9716.767598576484,1,0.22777975956671134,0.24944097,0.38
name187,36,high school or lower,0,0,LowSkilled,Agriculture,1489.0,810.6817266857397,678.3182733142603,0.0,464.4889038003218,0.374389383194756,mortgages,12,0.0,10524,13140.509316042111,0,0.15270505257847117,0.113449015,0.15
name188,57,post graduate degree,0,0,Unemployed_HighSkilled,Engineering,4500.0,3608.690992014126,891.3090079858739,0.0,3084.09531356842,0.6700737041553824,simple loans,12,0.4872858456850102,23747,36244.02045361552,0,0.08238110892264358,0.072966926,0.09
name189,43,high school or lower,1,0,Unemployed_LowSkilled,Manufacturing,750.0,878.6723573609497,-128.67235736094972,0.1715631431479329,487.8726117318122,0.2846538510844965,simple loans,12,0.8220599587903492,12032,13333.139012532742,1,0.6192446666984056,0.66084194,0.77
name190,59,high school or lower,0,1,LowSkilled,Agriculture,2110.0,1451.647238637239,658.3527613627609,0.0,850.1672303025387,0.6969515727888452,auto loans,36,0.0909073312510794,0,3336.900073165339,0,0.1977499544931145,0.19076696,0.06
name191,60,high school or lower,0,0,LowSkilled,Agriculture,2893.0,1683.4972898663752,1209.5027101336248,0.0,2406.734206620227,0.3619263157410524,mortgages,24,0.4138373648415492,11114,19450.239346317685,0,0.10520921032218884,0.07762401,0.1
name192,38,high school or lower,0,0,LowSkilled,Cleaning Services,1112.0,769.244495686795,342.75550431320505,0.0,713.3604166586109,0.3749487890061749,auto loans,12,0.3332777988717678,0,1954.227119339802,1,0.20553523754490366,0.2784182,0.63
name193,30,bachelor degree,0,1,HighSkilled,Engineering,3384.0,3264.815088466889,119.18491153311106,0.0,2980.2237247710023,0.9628548028704782,auto loans,12,0.8454606422097787,69153,88404.60254604796,0,0.15961585890517907,0.18205132,0.07
name194,53,ausbildung,0,1,MediumSkilled,Artist,3536.0,2588.7909040895547,947.2090959104452,0.0,1806.1870581278083,0.7671834632804074,auto loans,24,0.2429236318488017,0,8213.81661140515,0,0.4690676634038012,0.43126196,0.16
name195,45,ausbildung,0,1,MediumSkilled,IT Support,3480.0,1898.53706959612,1581.46293040388,0.0,1053.3522925585446,0.7321465709801167,mortgages,12,0.0,14179,24377.76400926046,0,0.23447002867374125,0.1614717,0.25
name196,46,bachelor degree,0,0,HighSkilled,Engineering,6257.0,6582.181302090681,-325.1813020906812,0.0519708010373471,5853.141163087926,0.4464809914276941,mortgages,24,0.9874256776695872,74330,84139.25350723676,0,0.06714960154089938,0.07169261,0.17
name197,47,ausbildung,0,0,MediumSkilled,Electrician,2702.0,3089.2595034896785,-387.25950348967854,0.1433232803440705,1760.780594177528,0.3015735259317369,auto loans,24,0.7949815313350135,0,5202.700940932333,0,0.12036136197785904,0.12755606,0.26
name198,31,bachelor degree,0,0,HighSkilled,Doctor,2950.0,3079.6357323515217,-129.6357323515217,0.0439443160513632,2614.219983356801,0.6016768649130664,auto loans,24,0.9301205815960418,58334,54878.179129967866,0,0.08734844489469998,0.07558478,0.06
name199,37,ausbildung,1,0,MediumSkilled,Nursing,2486.0,1425.6190830464168,1060.3809169535832,0.0,1991.428789472621,0.2497753113949967,auto loans,24,0.37451644107765,17704,22740.516469371043,1,0.4707609094713124,0.5487543,0.63
name200,44,ausbildung,0,0,MediumSkilled,Teacher,2810.0,1907.7573048846768,902.2426951153234,0.0,651.6897457478626,0.6535923135528511,auto loans,24,0.0,11076,14574.739253565844,0,0.26786518749863314,0.20095614,0.1
name201,34,ausbildung,1,1,MediumSkilled,IT Support,1896.0,2157.3943989832587,-261.3943989832587,0.1378662441894824,955.9838995623712,0.568067546594942,mortgages,36,0.6420771616801846,32012,31834.654632301408,0,0.4396150510768031,0.4534266,0.2
name202,57,bachelor degree,0,1,HighSkilled,Engineering,8225.0,3854.9120518016703,4370.08794819833,0.0,3804.271617998365,0.755323258792042,mortgages,60,0.0,51379,73202.98814402925,0,0.10922262083621907,0.09976232,0.26
name203,36,high school or lower,1,0,LowSkilled,Agriculture,732.0,1685.0945982930868,-953.0945982930868,1.30204180094684,560.1463489482338,0.6137529083680031,simple loans,24,2.0672690536083613,0,469.347842023168,1,0.8952821121398451,0.8239794,0.92
name204,48,ausbildung,0,0,MediumSkilled,IT Support,3254.0,1407.8865227330157,1846.1134772669843,0.0,2008.188160263724,0.9793836720580852,simple loans,60,0.0498078312835708,22546,26164.9015408526,0,0.2938365414719974,0.22397748,0.13
name205,49,high school or lower,1,0,LowSkilled,Agriculture,2135.0,1321.6105770802435,813.3894229197563,0.0,934.1760204250814,0.436831679382194,auto loans,12,0.0565745187378572,0,4210.383175961699,1,0.3084958711374848,0.3495464,0.58
name206,33,ausbildung,3,1,MediumSkilled,IT Support,1295.0,1605.130031463758,-310.1300314637581,0.2394826497789637,1153.0174867682836,0.374446558206763,auto loans,60,1.129843643422426,44238,41323.52335318101,1,0.8059573357999174,0.8016994,0.79
name207,40,ausbildung,1,1,MediumSkilled,Electrician,2878.0,3027.589268188161,-149.589268188161,0.0519768131300072,1715.3853970595085,0.5489123438876158,mortgages,24,0.6480106550547843,34232,38556.45985825615,1,0.41663615253583963,0.33695006,0.47
name208,60,high school or lower,0,0,LowSkilled,Transportation,2530.0,1423.3916503103835,1106.6083496896165,0.0,1088.130222676082,0.3333297784375152,auto loans,12,0.0,0,5237.049907076337,1,0.18727158399171667,0.20520495,0.63
name209,56,bachelor degree,0,3,HighSkilled,Engineering,6032.0,10006.367240356163,-3974.367240356165,0.6588805106691255,5910.555720695183,0.2476858046417115,simple loans,60,1.6387471752406078,18008,30175.905880299164,0,0.12283534939507493,0.21451025,0.18
name210,49,high school or lower,1,2,LowSkilled,Manufacturing,2044.0,1692.5939116181444,351.4060883818556,0.0,612.9619703741156,0.6666312032393539,mortgages,60,0.1279627602701858,8017,12019.284188852229,1,0.587791751615388,0.6485053,0.79
name211,34,bachelor degree,2,1,HighSkilled,Doctor,2608.0,3032.187938352527,-424.187938352527,0.1626487493683002,663.6300533147106,0.3205230308773367,simple loans,60,0.4171081256392782,16085,20544.9342512371,1,0.28272303877650323,0.40482372,0.81
name212,38,high school or lower,2,0,LowSkilled,Agriculture,1256.0,731.7238989733052,524.2761010266948,0.0,424.78433063003496,0.7099950396303711,mortgages,24,0.0,6603,7721.844665055525,0,0.7054689028966304,0.65331525,0.3
name213,46,bachelor degree,1,1,HighSkilled,Finance,10743.0,6777.350994049162,3965.649005950838,0.0,8958.19578314047,0.6883911748654297,auto loans,12,0.4647255680154177,10444,37048.814277502046,0,0.5376170015549172,0.52999383,0.54
name214,39,ausbildung,2,0,MediumSkilled,IT Support,2753.0,1709.4343632648984,1043.5656367351016,0.0,2627.224424781497,0.8376906758633017,auto loans,60,0.5752483792395189,0,6677.561537624398,1,0.698280504711733,0.78707117,0.88
name215,59,bachelor degree,0,0,HighSkilled,Doctor,7747.0,6611.594018873785,1135.405981126215,0.0,6437.432185748396,0.7766325010336782,simple loans,12,0.6843973415027986,14217,34086.61354790022,0,0.10205819979940157,0.12070372,0.04
name216,49,high school or lower,1,1,LowSkilled,Agriculture,1154.0,1699.6831584033964,-545.6831584033964,0.4728623556355255,1097.8483610034648,0.5278052735310963,mortgages,12,1.424204089607332,5077,5683.686923904869,1,0.557961026948789,0.45120937,0.85
name217,46,ausbildung,0,1,MediumSkilled,Teacher,2597.0,1716.0887423768504,880.9112576231496,0.0,1722.5821141051154,0.4107724244636668,mortgages,60,0.324093514240264,42587,47594.33876608147,0,0.17630317384814645,0.21926063,0.1
name218,34,bachelor degree,0,0,HighSkilled,Engineering,3136.0,2745.727169898221,390.2728301017792,0.0,2174.1648598729957,0.7120345033415867,auto loans,36,0.5688431217382705,28710,33120.88895149955,0,0.08410344914344198,0.038103413,0.03
name219,41,ausbildung,0,0,MediumSkilled,Teacher,1600.0,2984.550714960465,-1384.5507149604657,0.865344196850291,1257.943827715528,0.2133386710595314,mortgages,36,1.6515590891724958,0,1967.905051342432,0,0.3957362706105539,0.29292268,0.37
name220,40,high school or lower,0,2,LowSkilled,Agriculture,1016.0,1012.1950600832088,3.804939916791113,0.0,210.91004516949133,0.4535288669257341,auto loans,24,0.2038436075321852,12325,14387.05090985136,1,0.17951352123556333,0.1939466,0.45
name221,57,bachelor degree,0,0,HighSkilled,Research,11635.0,7917.053528685317,3717.946471314682,0.0,10089.321186487672,0.5109810607914582,simple loans,24,0.5476041869508371,0,28449.669594894945,1,0.346561844493213,0.4836207,0.6
name222,40,ausbildung,2,0,MediumSkilled,Teacher,2830.0,2149.526268999994,680.473731000006,0.0,1560.158721629018,0.6672160671247864,auto loans,24,0.3108427528724424,20833,26554.25459254493,1,0.7433812402113809,0.803635,0.74
name223,36,high school or lower,1,2,LowSkilled,Cleaning Services,1167.0,1437.686964986411,-270.6869649864111,0.231951126809264,397.5673260271544,0.2407254095372473,simple loans,24,0.572625784930219,5686,7674.811551967269,0,0.5057804593001136,0.46136037,0.24
name224,46,ausbildung,1,0,MediumSkilled,Electrician,2299.0,1413.1601559508968,885.8398440491032,0.0,1194.331934185221,0.9802267988360904,simple loans,24,0.1341853371622956,12843,21781.820854801743,1,0.5345726557106003,0.68782854,0.67
name225,53,ausbildung,1,1,MediumSkilled,Teacher,3542.0,2535.9823188336904,1006.0176811663096,0.0,1884.2189737092267,0.591686355613673,simple loans,24,0.2479393824231838,23359,30479.80407529237,0,0.4572726333295798,0.33644095,0.04
name226,40,ausbildung,1,0,MediumSkilled,IT Support,2688.0,3186.036074736259,-498.0360747362588,0.1852812778036677,2069.3262812867265,0.3019879600530507,simple loans,24,0.955119924115694,36849,43659.712544711285,1,0.2929819030917718,0.26379168,0.21
name227,33,bachelor degree,0,0,HighSkilled,Engineering,2185.0,4004.716217185746,-1819.7162171857456,0.8328220673618973,629.9770547725088,0.4141628174843846,auto loans,24,1.1211410855644186,32886,32371.41909925607,0,0.19529876348238442,0.22918802,0.16
name228,33,high school or lower,1,0,LowSkilled,Agriculture,1260.0,629.8513849099776,630.1486150900224,0.0,1205.2858272031333,0.9494418486503046,auto loans,36,0.4564581048516753,10669,14713.953313127002,0,0.6086768565847072,0.6951698,0.33
name229,38,ausbildung,2,0,MediumSkilled,Nursing,2155.0,2054.2360100160254,100.76398998397462,0.0,1954.493668685782,0.8862634646084012,auto loans,36,0.8601993868685881,47559,57391.689280655104,1,0.887785951343475,0.8837388,0.63
name230,51,high school or lower,0,1,LowSkilled,Construction,2525.0,2628.72662566529,-103.72662566529016,0.0410798517486297,1970.305039477648,0.7214850624505594,auto loans,12,0.8213986792645297,0,3927.9477489733354,0,0.2150459721595304,0.20796287,0.1
name231,48,post graduate degree,2,0,HighSkilled,Doctor,6660.0,4728.050129810753,1931.9498701892471,0.0,5186.702925048326,0.940603952281127,mortgages,48,0.4887016598887505,49924,74082.45827160297,1,0.6178630622645402,0.62795615,0.71
name232,32,ausbildung,2,1,MediumSkilled,Nursing,2475.0,1569.163340013609,905.8366599863908,0.0,583.5235061501536,0.957599299369729,mortgages,24,0.0,35367,45480.52230693828,1,0.9277141943782536,0.93276244,0.58
name233,38,bachelor degree,0,1,HighSkilled,Finance,4903.0,8098.840993276731,-3195.840993276731,0.6518133781922764,2429.091140287777,0.9119708427743078,auto loans,48,1.1472429397439337,10508,18321.05977110668,0,0.5609885180481812,0.50639385,0.11
name234,42,ausbildung,0,0,MediumSkilled,Nursing,2241.0,2322.69233626377,-81.6923362637699,0.0364535190824497,1533.4448676692982,0.2831323679069402,simple loans,60,0.7207216438791022,21801,32214.24441986305,0,0.2185307232211581,0.20745416,0.19
name235,47,bachelor degree,0,0,HighSkilled,Research,5694.0,4225.118051954756,1468.881948045244,0.0,4534.10891764628,0.3179188737837911,mortgages,60,0.5383257761856404,57390,85444.01539445684,0,0.15334033504270292,0.14321497,0.08
name236,36,bachelor degree,0,0,HighSkilled,Research,4199.0,4108.13360517189,90.86639482811006,0.0,3267.7208797061435,0.6391861619478039,simple loans,48,0.7565740616523061,42153,55015.913273570615,0,0.28408941148217637,0.22493938,0.08
name237,31,high school or lower,1,0,LowSkilled,Cleaning Services,909.0,1240.080312106461,-331.0803121064609,0.3642247657936864,580.2454100404588,0.558170506264837,auto loans,24,1.0025585502166334,21178,22478.786066582405,1,0.6971339017057987,0.7491065,0.86
name238,54,ausbildung,1,1,Unemployed_MediumSkilled,Teacher,1750.0,1901.0730397564769,-151.07303975647665,0.0863274512894152,1695.7883301828565,0.5781023407855683,auto loans,24,1.0553493542510477,22919,25569.52308972483,1,0.35788460247529014,0.3997346,0.71
name239,45,bachelor degree,1,0,HighSkilled,Engineering,4618.0,3865.156406091092,752.8435939089081,0.0,3584.466488733686,0.6831736648001346,auto loans,12,0.6131708304081374,75221,92800.36877148577,0,0.18566554177379221,0.19639845,0.15
name240,36,high school or lower,1,0,Unemployed_LowSkilled,Agriculture,600.0,690.0380041960794,-90.03800419607944,0.150063340326799,161.27229341838154,0.3626885358463027,mortgages,48,0.4188504960241016,19281,18324.292944575383,1,0.5367237778890702,0.6587192,0.78
name241,51,post graduate degree,0,1,HighSkilled,Finance,5107.0,13233.257543106802,-8126.257543106802,1.591199832212023,3261.6825882288217,0.8792861593425629,auto loans,60,2.229868833235877,24775,24146.84839560008,1,0.8938430817712234,0.8867739,0.87
name242,59,ausbildung,1,0,MediumSkilled,Teacher,3225.0,4569.937221664067,-1344.9372216640668,0.4170347974152145,1141.2479526123727,0.3566182267700775,mortgages,48,0.7709101315585858,26674,28573.197775076296,0,0.4612640945677745,0.5090121,0.24
name243,51,high school or lower,0,0,LowSkilled,Agriculture,2296.0,1274.4261490892557,1021.5738509107445,0.0,1345.6666281667874,0.6716399546016225,simple loans,12,0.1411553907909595,16817,17824.557819500496,0,0.21712063050552766,0.17787138,0.1
name244,36,ausbildung,2,0,MediumSkilled,Teacher,2220.0,2666.0530540067703,-446.0530540067703,0.2009247991021487,1842.7892773166132,0.8055011391061268,simple loans,24,1.0310100591546771,34967,39179.679682064896,1,0.8487203903476881,0.90891546,0.7
name245,36,ausbildung,2,0,MediumSkilled,Nursing,1150.0,2660.63271113637,-1510.6327111363698,1.3135936618577129,996.7278859039676,0.6279562660452169,mortgages,24,2.1803135626437715,0,650.0632133894304,1,0.9826440839900653,0.9446887,0.97
name246,30,ausbildung,1,0,MediumSkilled,Artist,1904.0,2137.0023210766403,-233.00232107664036,0.1223751686326892,1333.5487205664876,0.789793921186314,auto loans,12,0.822768404224332,34753,38226.36938435695,1,0.7981077763849916,0.8502138,0.79
name247,40,high school or lower,1,0,LowSkilled,Agriculture,1122.0,1568.3027792345922,-446.3027792345922,0.3977743130433085,403.3433681098832,0.9064439479574982,mortgages,36,0.757260380877429,14579,13988.10095998869,1,0.7288399495009841,0.79653794,0.85
name248,56,ausbildung,1,1,MediumSkilled,Nursing,3370.0,3277.089295625492,92.910704374508,0.0,851.7189232832872,0.9750039727286096,mortgages,24,0.2251656435931095,49488,49747.59794594781,1,0.7817261654402807,0.7968027,0.75
name249,43,bachelor degree,0,2,HighSkilled,Finance,5248.0,4878.983169346679,369.0168306533215,0.0,3437.8294267244714,0.403461181989069,simple loans,24,0.5847584977269722,65281,79293.19792687496,0,0.1200781248059463,0.06732745,0.08
name250,52,bachelor degree,2,1,HighSkilled,Finance,5187.0,7331.9457585798755,-2144.9457585798755,0.4135233774011713,1121.946094228027,0.3052850003469716,mortgages,12,0.6298229907090616,17301,22977.427006813865,0,0.5698084283592031,0.5211585,0.6
name251,57,high school or lower,0,0,Unemployed_LowSkilled,Transportation,1100.0,1117.2661796096208,-17.26617960962085,0.0156965269178371,882.6390950538703,0.7050237623732432,auto loans,48,0.8180957042395374,13484,17981.921428453825,0,0.46936043038411507,0.3367381,0.05
name252,34,high school or lower,2,0,LowSkilled,Construction,1200.0,615.0594230014719,584.9405769985281,0.0,963.4730863930586,0.7744353537294564,auto loans,24,0.3154437578287754,21908,27382.5295847406,1,0.693901301057604,0.6300523,0.6
name253,49,high school or lower,0,0,Unemployed_LowSkilled,Manufacturing,900.0,952.8194252280264,-52.81942522802649,0.0586882502533627,384.97923779251215,0.2798044708222099,auto loans,48,0.4864429589117096,23208,28179.962127260445,0,0.29089645017623006,0.34065118,0.24
name254,37,bachelor degree,1,0,HighSkilled,Doctor,3846.0,2555.859222353828,1290.1407776461724,0.0,1197.4662240658283,0.5148808192566394,auto loans,60,0.0,51892,72535.07619265406,0,0.13481525952694093,0.22919752,0.07
name255,53,post graduate degree,0,2,HighSkilled,Finance,7042.0,6792.3488943330585,249.65110566694148,0.0,4166.371325832046,0.3797130066588104,auto loans,48,0.5561942942580381,22777,29207.933661849995,0,0.14920345714999106,0.077623464,0.23
name256,37,high school or lower,0,0,LowSkilled,Agriculture,1483.0,628.7959717519938,854.2040282480062,0.0,768.3934769474031,0.7269751642343252,mortgages,36,0.0,0,2894.625671358716,0,0.2602234097561748,0.2140527,0.19
name257,53,bachelor degree,1,2,HighSkilled,Engineering,6059.0,7011.112431294594,-952.112431294594,0.1571401933148364,2174.074007228944,0.9271944069605694,simple loans,24,0.515957491091523,15467,32489.90415605988,1,0.3620636988597339,0.4588994,0.66
name258,32,ausbildung,1,1,MediumSkilled,IT Support,1754.0,1481.6572650123553,272.3427349876447,0.0,417.2246119172892,0.7005260095392194,auto loans,12,0.0826008420351451,48080,54946.362753548696,1,0.46184234178292594,0.55566317,0.63
name259,55,high school or lower,0,1,Unemployed_LowSkilled,Agriculture,1000.0,1075.7279599027013,-75.72795990270129,0.0757279599027012,505.63868778077216,0.4260003950298409,mortgages,60,0.5813666476834735,20633,19987.43175996125,0,0.24161300939325733,0.15221298,0.13
name260,47,high school or lower,0,1,LowSkilled,Transportation,2177.0,2293.047439200604,-116.047439200604,0.0533061273314671,1643.244697485418,0.3882483659162195,simple loans,60,0.8081268427588526,24673,29281.691322199666,1,0.2581150271776755,0.29789078,0.13
name261,30,bachelor degree,1,1,HighSkilled,Consultant,2661.0,2263.909930275197,397.090069724803,0.0,2602.637794787233,0.2694135972179873,auto loans,24,0.8288416854800563,55047,66341.91214994728,0,0.0993268003111053,0.060106356,0.07
name262,57,high school or lower,1,1,LowSkilled,Construction,1946.0,1698.0058765788851,247.9941234211149,0.0,993.0471562775988,0.8368919579838294,mortgages,36,0.3828638401112455,22509,23205.20138132704,1,0.4179302120766145,0.45263287,0.52
name263,57,bachelor degree,1,0,HighSkilled,Finance,11005.0,5122.911681050869,5882.088318949131,0.0,8846.814615740368,0.6423486695041922,mortgages,48,0.2693981187452283,17521,47634.24044215707,0,0.4184863878247505,0.30650914,0.23
name264,38,ausbildung,0,1,MediumSkilled,IT Support,2065.0,1838.851966393573,226.14803360642668,0.0,1869.9421333356388,0.714779791351944,mortgages,48,0.7960261984160834,19038,25674.52400299274,0,0.20516107769919514,0.16420273,0.08
name265,32,high school or lower,0,0,LowSkilled,Manufacturing,901.0,1079.9010641920822,-178.90106419208223,0.1985583398358293,763.0815664337417,0.2972977705483801,mortgages,36,1.0454857165658424,0,1160.0591204720615,1,0.2645191150523282,0.24240589,0.64
name266,31,ausbildung,2,0,MediumSkilled,Nursing,1969.0,1785.3220753331875,183.6779246668125,0.0,1273.7279708466538,0.8708844757548584,auto loans,60,0.5536059147688376,30242,32031.135615353312,0,0.8976239982172672,0.9036008,0.72
name267,47,bachelor degree,1,0,HighSkilled,Engineering,6841.0,7590.400897479213,-749.4008974792132,0.109545519292386,6417.379565426279,0.7329918337366828,simple loans,24,1.047621760401329,20183,33764.965572854344,0,0.2746720146994423,0.24756609,0.22
name268,31,bachelor degree,0,0,HighSkilled,Doctor,3005.0,3397.7218224296894,-392.7218224296894,0.1306894583792643,1302.820832195555,0.4529659592692769,simple loans,24,0.564240484068301,25813,31977.56696214305,0,0.06885882989170244,0.06242272,0.17
name269,60,high school or lower,0,1,LowSkilled,Agriculture,2498.0,1714.4642253001566,783.5357746998434,0.0,1628.2577980430017,0.6024558884272798,mortgages,60,0.3381593368067087,13190,17764.44122308037,0,0.16384605922484688,0.11869034,0.13
name270,44,bachelor degree,0,1,HighSkilled,Engineering,6219.0,8267.669306324946,-2048.669306324946,0.329421017257589,3334.1051284162622,0.772815925388484,auto loans,48,0.8655369729443975,14562,26864.71318421457,1,0.19493098461321132,0.2562766,0.61
name271,44,ausbildung,0,0,MediumSkilled,Artist,2773.0,2865.028654428472,-92.02865442847131,0.0331873979186697,2606.451008086383,0.4407438856270113,simple loans,24,0.9731264560096842,40563,44738.50527372132,1,0.32148180630352996,0.45244953,0.62
name272,44,bachelor degree,1,0,HighSkilled,Research,6383.0,6442.376093155105,-59.37609315510508,0.0093022235868878,1659.7928076481369,0.6231783663603375,auto loans,48,0.2693355633406301,68124,87887.10709070628,0,0.5360541211718014,0.4935554,0.29
name273,33,bachelor degree,1,0,HighSkilled,Doctor,3222.0,3365.257318975689,-143.2573189756895,0.0444622343189601,1052.5334211312402,0.872344407052366,auto loans,12,0.371133066451561,52308,67304.75899354187,0,0.2871070913270374,0.25900882,0.1
name274,42,high school or lower,0,0,LowSkilled,Agriculture,1697.0,1224.1051582019438,472.8948417980562,0.0,1011.3360281122408,0.5480520280787482,simple loans,36,0.317290033184552,21394,27080.488743489677,0,0.17708082831529184,0.12901872,0.16
name275,41,bachelor degree,2,1,HighSkilled,Finance,5073.0,5755.1309785934845,-682.1309785934845,0.1344630354018302,5064.606475385947,0.4819837831014351,auto loans,12,1.1328084868873314,20486,31974.37439520269,1,0.5793704665940073,0.69514745,0.8
name276,34,high school or lower,0,0,Unemployed_LowSkilled,Construction,500.0,415.4442620593037,84.55573794069636,0.0,332.6143235718494,0.6279711098871388,auto loans,60,0.4961171712623061,8043,8602.637840389867,1,0.299748324482283,0.4081761,0.72
name277,49,post graduate degree,0,2,HighSkilled,Engineering,6300.0,3262.1380653534816,3037.8619346465184,0.0,2398.314389884635,0.7593216082166349,auto loans,48,0.0,53809,82934.88328247517,0,0.140071191163169,0.2228603,0.03
name278,53,bachelor degree,0,1,HighSkilled,Doctor,11097.0,10899.395798991867,197.60420100813096,0.0,8588.135553321119,0.3641192964965829,mortgages,12,0.7561080789684589,15733,45197.05099930717,0,0.08144700888112194,0.07326113,0.05
name279,45,ausbildung,0,0,MediumSkilled,Electrician,2726.0,2052.5307627769776,673.4692372230224,0.0,2114.954491360235,0.3793359366852005,simple loans,24,0.5287913624861381,34411,47430.06268602743,1,0.11233986540669823,0.12068023,0.35
name280,32,bachelor degree,0,0,Unemployed_HighSkilled,Finance,1500.0,1650.7809073715223,-150.78090737152252,0.1005206049143483,599.0937201922843,0.9685644387942228,mortgages,36,0.4999164183758712,73761,75886.87690091957,0,0.2864608652583672,0.3163352,0.15
name281,36,ausbildung,0,1,MediumSkilled,Electrician,2557.0,2771.028280876485,-214.0282808764855,0.0837028865375383,2453.316263347032,0.8022697691119953,simple loans,24,1.0431539085739217,39608,50505.03207921427,1,0.32139477666683364,0.48298943,0.73
name282,32,bachelor degree,2,1,HighSkilled,Engineering,2860.0,2288.00146603182,571.9985339681798,0.0,2143.329217334504,0.5061300841240638,auto loans,12,0.5494163228553581,35444,42319.86967005364,1,0.33159564542041553,0.32480946,0.71
name283,40,ausbildung,1,1,Unemployed_MediumSkilled,IT Support,1150.0,1059.2531694246336,90.7468305753664,0.0,1066.811070696969,0.4213467542140133,simple loans,24,0.8487515131492196,10867,11488.108844226615,0,0.20249434745450903,0.22120486,0.22
name284,49,ausbildung,1,1,Unemployed_MediumSkilled,Teacher,1500.0,1492.7807372518855,7.219262748114488,0.0,669.7056571022615,0.6372524947947006,auto loans,24,0.441657596236098,48666,59195.04737985211,1,0.3654271398101223,0.62265325,0.74
name285,44,bachelor degree,0,0,HighSkilled,Consultant,5548.0,4533.19770533094,1014.8022946690598,0.0,3565.653373665817,0.6471143527460695,simple loans,60,0.4597784929698553,32565,41004.58325677272,0,0.0782652540216792,0.09680712,0.09
name286,56,high school or lower,1,0,LowSkilled,Agriculture,2303.0,977.9413945318462,1325.058605468154,0.0,1777.5236460253216,0.4999422683710532,mortgages,36,0.1964676685007241,10516,15403.056858529251,0,0.3011539536806553,0.19603252,0.17
name287,59,high school or lower,0,0,LowSkilled,Construction,2133.0,1452.1414053751423,680.8585946248577,0.0,926.3502468401496,0.2281868541576081,simple loans,24,0.1150921951314074,12689,18085.4575022399,0,0.06112354719255177,0.030535482,0.04
name288,40,high school or lower,1,0,LowSkilled,Construction,1010.0,848.5183607458621,161.48163925413792,0.0,506.4586219965939,0.7694801183367064,mortgages,36,0.3415613690519365,23700,26999.118079430235,0,0.41124448701606103,0.34066042,0.25
name289,31,ausbildung,0,0,MediumSkilled,Electrician,1798.0,1500.8177851485302,297.1822148514698,0.0,590.4072854792772,0.2085635506755762,simple loans,24,0.1630840214837638,38250,40678.07322173529,0,0.10371374347077088,0.11629941,0.11
name290,51,ausbildung,1,0,MediumSkilled,Teacher,2355.0,3617.921058366565,-1262.9210583665654,0.5362722116206222,2350.686661253444,0.5588743422823628,mortgages,12,1.5344406452738892,29086,23128.12173465551,0,0.6625851094176051,0.49821413,0.26
name291,49,ausbildung,0,1,MediumSkilled,Electrician,2850.0,4584.609735788557,-1734.6097357885574,0.6086349950135289,1776.0967507939597,0.2090019708828603,auto loans,36,1.2318268373973744,24463,26644.36373443537,0,0.2399781663883417,0.18681413,0.08
name292,50,high school or lower,0,0,LowSkilled,Transportation,2059.0,2455.23452033124,-396.23452033123976,0.1924402721375618,1674.645218009966,0.4202070770031456,auto loans,24,1.0057696640802358,16577,18859.961007141286,0,0.30850374575571154,0.24945034,0.17
name293,52,high school or lower,0,0,LowSkilled,Construction,1913.0,1216.1893454035917,696.8106545964083,0.0,550.0181316838325,0.5911509854320826,auto loans,36,0.0,11394,16649.603644269628,0,0.13618666732053086,0.06377278,0.06
name294,32,high school or lower,0,0,LowSkilled,Construction,850.0,502.5103243354194,347.4896756645806,0.0,570.0531962228838,0.318352006882972,simple loans,24,0.2618394359509449,19587,18727.205367744147,0,0.11017097451480574,0.08862874,0.1
name295,55,ausbildung,0,0,MediumSkilled,IT Support,4111.0,3610.725406958552,500.2745930414476,0.0,3139.5356734186093,0.3590484681474918,simple loans,36,0.6419997763019124,41921,47321.226452745526,0,0.0983304560751102,0.053443573,0.17
name296,31,bachelor degree,2,0,HighSkilled,Consultant,2671.0,2311.615995535119,359.38400446488095,0.0,2037.66398206112,0.3354686783859836,simple loans,24,0.6283339489315757,0,5907.043597258518,1,0.2234641512750215,0.28669387,0.8
name297,45,bachelor degree,0,0,HighSkilled,Engineering,5568.0,4928.290244309849,639.7097556901508,0.0,1211.9847127738385,0.5231580802984888,auto loans,12,0.1027792667176163,71108,74881.08045035558,0,0.0697645608477865,0.06074484,0.03
name298,41,high school or lower,0,0,Unemployed_LowSkilled,Agriculture,750.0,615.3124841716192,134.6875158283808,0.0,561.3047831513553,0.8865929427403576,mortgages,48,0.5688230230972994,0,1345.472548607875,0,0.45545853386375185,0.46981212,0.54
name299,31,bachelor degree,0,4,HighSkilled,Doctor,3373.0,3327.398763042996,45.6012369570044,0.0,2487.3612711464643,0.8511560112713881,auto loans,36,0.723913440317065,20095,33645.56562801465,0,0.16468473189172977,0.20805675,0.03
name300,31,high school or lower,2,0,Unemployed_LowSkilled,Cleaning Services,500.0,452.99630427311183,47.00369572688817,0.0,216.7961824107795,0.4607784062105588,auto loans,24,0.3395849733677826,0,896.5781996388837,1,0.8360057863379707,0.8377262,0.84
name301,51,bachelor degree,0,1,HighSkilled,Finance,9008.0,10510.03579164863,-1502.03579164863,0.1667446482736045,7918.507810717733,0.6978428514010488,auto loans,12,1.0457974691792145,76196,83480.25843537651,0,0.33984820120669074,0.36751506,0.32
name302,38,bachelor degree,3,0,HighSkilled,Finance,4945.0,4882.451121021357,62.54887897864319,0.0,1689.3951867799624,0.8129656558581762,auto loans,24,0.3289881310012779,0,11967.595234745277,1,0.8333528955191668,0.8996139,0.78
name303,38,bachelor degree,1,1,HighSkilled,Finance,4201.0,4892.903573622452,-691.9035736224523,0.164699731878708,3702.112526803762,0.946692250899904,simple loans,36,1.045945275035995,36010,46177.41969574656,1,0.5691808750586914,0.6148774,0.72
name304,32,ausbildung,1,1,MediumSkilled,Nursing,1444.0,1845.6203397239292,-401.6203397239294,0.2781304291716963,1324.727133350364,0.820441558787129,auto loans,36,1.1955314910486796,33535,42003.21864727628,0,0.8334261586047258,0.8230351,0.37
name305,46,high school or lower,1,0,LowSkilled,Manufacturing,1489.0,1368.4571250512608,120.54287494873915,0.0,597.3223247467286,0.844535341425829,simple loans,48,0.3202011079905906,0,1926.528151588749,1,0.6262594544969576,0.7103459,0.8
name306,39,ausbildung,2,0,MediumSkilled,Artist,1907.0,1658.4107803126012,248.5892196873988,0.0,1387.3904817623777,0.6331198611917044,mortgages,12,0.5971689890272569,23099,25756.66098921707,1,0.8305637837508589,0.8876644,0.86
name307,58,post graduate degree,0,0,HighSkilled,Finance,7689.0,8081.212019806976,-392.21201980697606,0.05100949665847,6569.173258004373,0.2618592629164279,mortgages,60,0.905369394955306,46516,49619.85257840295,0,0.11165772945456581,0.08351412,0.06
name308,41,high school or lower,0,0,Unemployed_LowSkilled,Agriculture,750.0,701.8875900087489,48.11240999125107,0.0,366.7403443292234,0.6449068380453984,simple loans,12,0.4248372457839631,0,1290.750046800412,1,0.35130682818498404,0.2487441,0.8
name309,52,ausbildung,0,0,MediumSkilled,Electrician,2627.0,3860.603586854974,-1233.603586854974,0.4695864434164347,1381.6234030466958,0.413957312731779,auto loans,24,0.9955184582800416,48764,51125.05561760388,1,0.24319454351479364,0.29516613,0.62
name310,33,ausbildung,0,2,MediumSkilled,Nursing,1565.0,2326.5018065443464,-761.5018065443464,0.4865826239899977,1212.6596375491297,0.609630076191622,auto loans,36,1.2614450122003042,38753,44978.18831707547,1,0.6744482523080589,0.61562043,0.77
name311,53,high school or lower,0,1,LowSkilled,Construction,1429.0,1478.9149440476874,-49.91494404768741,0.0349299818388295,992.5442826843248,0.5713496477216735,auto loans,12,0.7295026079300295,24035,24345.342373351887,0,0.14690327141361553,0.14328945,0.07
name312,54,ausbildung,0,1,MediumSkilled,IT Support,2672.0,2788.570377214295,-116.57037721429516,0.0436266381790026,1949.215228169,0.4286667502193308,simple loans,24,0.7731233553081193,11673,17672.298969693886,0,0.10943288516630373,0.06547043,0.12
name313,39,bachelor degree,2,0,HighSkilled,Engineering,4221.0,4055.6507457053503,165.34925429464965,0.0,918.9361766097808,0.4310730741586909,auto loans,24,0.1785327937254516,40430,49810.29003973679,0,0.27255140025417735,0.23808368,0.23
name314,48,post graduate degree,0,0,HighSkilled,Finance,9121.0,7029.230347306701,2091.7696526932987,0.0,8044.218971973256,0.3258448661278856,mortgages,24,0.6526092883762699,68394,100306.67131208658,0,0.15423996352539363,0.16367677,0.08
name315,39,high school or lower,0,0,LowSkilled,Transportation,1442.0,1132.7868023558826,309.2131976441174,0.0,1423.157631066242,0.4543796769373094,auto loans,36,0.772499607088852,0,2939.1482557027944,0,0.2676797242439018,0.20854065,0.06
name316,46,post graduate degree,1,1,HighSkilled,Finance,5508.0,5723.795663616158,-215.795663616158,0.039178588165606,4025.240153198769,0.886543959779235,auto loans,36,0.7699774540332112,63576,74664.91435208298,0,0.5657306953523459,0.53922516,0.22
name317,52,ausbildung,1,0,MediumSkilled,Nursing,3452.0,3223.458877822357,228.54112217764305,0.0,1658.4594893768674,0.5374841396519288,auto loans,12,0.4142289592118263,0,7249.899753998988,0,0.5633587122691505,0.6943515,0.54
name318,59,high school or lower,0,0,LowSkilled,Agriculture,2337.0,2674.855971099862,-337.855971099862,0.1445682375266846,1636.6412693545872,0.9954747993828978,auto loans,24,0.8448854259539791,23228,25563.786520422876,0,0.36618901210449367,0.40535608,0.35
name319,43,high school or lower,1,1,Unemployed_LowSkilled,Agriculture,750.0,599.3893584207462,150.61064157925375,0.0,723.4982816907286,0.960075557046728,auto loans,60,0.7638501868152998,0,1322.035153481541,1,0.7293001380041066,0.778831,0.8
name320,30,high school or lower,0,0,LowSkilled,Manufacturing,1032.0,1193.54638044038,-161.54638044038006,0.1565371903492055,360.069067869559,0.2300125997854946,auto loans,48,0.5054413258817239,17059,19562.116277993064,0,0.24068723698126748,0.21723224,0.22
name321,51,bachelor degree,0,0,HighSkilled,Finance,7162.0,4574.083012563356,2587.9169874366444,0.0,2113.3637213130078,0.2052232881177293,auto loans,36,0.0,0,20287.348108174047,0,0.06506705589617515,0.034319516,0.1
name322,53,high school or lower,0,1,LowSkilled,Construction,1939.0,1700.0639032720223,238.93609672797768,0.0,687.0060972771845,0.9822027959256168,simple loans,12,0.231083032774217,14313,14580.320464067225,1,0.29321827395803707,0.15465154,0.49
name323,37,bachelor degree,0,0,HighSkilled,Engineering,5244.0,8413.031774400746,-3169.031774400746,0.6043157464532315,2600.5361468802166,0.833556349648358,auto loans,24,1.100222715728635,54843,64457.64588698079,0,0.3276299738505519,0.34282264,0.08
name324,40,post graduate degree,0,0,HighSkilled,Doctor,4924.0,3355.751844166454,1568.2481558335462,0.0,1938.3443371313583,0.4089682049988212,simple loans,48,0.0751616940084915,26164,43725.08582270348,0,0.06385226347158249,0.04851793,0.11
name325,33,high school or lower,1,2,LowSkilled,Construction,1030.0,851.865699269002,178.134300730998,0.0,826.1768674721069,0.5600159852621491,auto loans,24,0.6291675405253484,0,1496.4447825052866,1,0.39067038324156844,0.4707833,0.65
name326,60,post graduate degree,1,0,HighSkilled,Engineering,4500.0,4228.783945646724,271.2160543532764,0.0,3727.3580688355937,0.5892360921052595,auto loans,60,0.7680315587738483,15791,24992.410716580907,0,0.13752590283207022,0.12650932,0.27
name327,51,high school or lower,0,0,LowSkilled,Manufacturing,2208.0,1360.1503477156125,847.8496522843875,0.0,658.8158168929607,0.3544598001051329,auto loans,60,0.0,0,4393.88643184306,0,0.1807788882738004,0.17280228,0.14
name328,31,bachelor degree,2,1,HighSkilled,Consultant,3287.0,2986.904319093681,300.0956809063191,0.0,959.9583417855936,0.2552114388468291,auto loans,12,0.2007492123149602,63833,79508.70983423738,0,0.2366774935533456,0.107834585,0.16
name329,32,bachelor degree,0,0,HighSkilled,Doctor,3148.0,2776.072308653178,371.927691346822,0.0,662.4788242514779,0.8436132675139791,simple loans,12,0.0922970561958881,66000,68481.34885890994,0,0.12890642400559563,0.13142975,0.05
name330,37,post graduate degree,0,0,HighSkilled,Engineering,4573.0,3696.9674642376335,876.0325357623656,0.0,3214.666564838455,0.9171855152574588,auto loans,36,0.5114003999729039,62843,73847.2868679948,0,0.18075895774393877,0.16569164,0.08
name331,55,bachelor degree,1,0,HighSkilled,Finance,7440.0,6975.373306781872,464.6266932181279,0.0,7293.873981096093,0.7336294570034105,auto loans,48,0.9179095817040276,32230,43097.441777999,0,0.37993935035721843,0.35883337,0.09
name332,48,bachelor degree,0,1,HighSkilled,Engineering,8445.0,6108.117741690352,2336.882258309648,0.0,3902.187103701586,0.4699347261643496,auto loans,24,0.1853528532139653,63786,99563.7437086553,0,0.07424133965992002,0.10093783,0.02
name333,43,high school or lower,2,1,LowSkilled,Transportation,1493.0,1302.6632863390284,190.33671366097155,0.0,359.6978124321506,0.5547536653086841,simple loans,12,0.1134367707777488,0,2353.726592211768,1,0.7826419887969293,0.8143792,0.82
name334,49,bachelor degree,0,1,HighSkilled,Engineering,8587.0,5224.866880296167,3362.133119703833,0.0,1741.882676922565,0.8604843106099368,simple loans,48,0.0,61065,76630.8103374662,0,0.1619937085643273,0.08766002,0.03
name335,46,post graduate degree,0,0,HighSkilled,Engineering,8527.0,4315.80749329938,4211.1925067006205,0.0,4534.050590104238,0.9383308312827376,auto loans,48,0.0378630331187542,72355,103097.47941869091,0,0.22466387053845407,0.22621903,0.26
name336,55,bachelor degree,0,0,HighSkilled,Doctor,6721.0,3732.448925935315,2988.551074064685,0.0,3270.635131020032,0.6157048999182094,simple loans,48,0.0419705485724366,43797,57318.25025952379,0,0.07260528422365399,0.056743868,0.16
name337,51,high school or lower,2,1,LowSkilled,Transportation,2214.0,2516.4858310041363,-302.48583100413634,0.1366241332448673,643.2234330707,0.7425360566200263,auto loans,24,0.4271496224366921,24615,30905.80693266881,1,0.8634426078846887,0.8920126,0.77
name338,55,bachelor degree,0,1,HighSkilled,Finance,7101.0,7660.701282374782,-559.7012823747818,0.0788200651140377,2494.868502944352,0.546731592217695,auto loans,24,0.4301605105364221,75017,87657.22456781678,0,0.16330084044703616,0.23173197,0.38
name339,36,ausbildung,1,0,MediumSkilled,Nursing,2238.0,3398.64794364218,-1160.6479436421796,0.5186094475612956,924.7211050383158,0.5198603915385364,mortgages,48,0.9318002898483,20998,23221.035692731144,1,0.8018387271599993,0.8244433,0.82
name340,46,bachelor degree,0,0,HighSkilled,Engineering,6510.0,6587.920545040015,-77.92054504001499,0.0119693617572987,5498.960053227667,0.6823144245696903,auto loans,24,0.8566636863698437,67516,81301.75791566604,0,0.09878475508761385,0.0922675,0.04
name341,33,post graduate degree,0,0,HighSkilled,Engineering,2189.0,2556.0337904036087,-367.0337904036087,0.167671900595527,1656.931904574148,0.2316567847036641,auto loans,24,0.9246074440282124,17686,20796.800665361254,0,0.052927769756925876,0.04060356,0.08
name342,49,post graduate degree,0,0,HighSkilled,Engineering,7917.0,5875.641021193495,2041.3589788065049,0.0,5421.724072139071,0.6865575487773492,mortgages,48,0.4269755075574796,27085,49171.64482280459,0,0.12583477423824924,0.13270096,0.09
name343,48,ausbildung,3,0,MediumSkilled,Nursing,2845.0,3196.647227271113,-351.6472272711135,0.1236018373536427,2029.1857083796551,0.3275810116082481,simple loans,12,0.8368481320389344,0,5256.564971871036,1,0.881700378253729,0.8440875,0.84
name344,50,high school or lower,1,1,LowSkilled,Manufacturing,1792.0,1769.2099325381605,22.7900674618395,0.0,794.7591530308823,0.6115090679675397,auto loans,48,0.4307863200720105,18784,23770.39979653939,1,0.522237367670836,0.56500435,0.78
name345,57,bachelor degree,1,0,HighSkilled,Engineering,12364.0,6164.011478251942,6199.988521748058,0.0,7756.476581145661,0.4253398058961642,auto loans,48,0.1258887139596896,72406,92467.46692694943,1,0.22559530589957227,0.276409,0.66
name346,47,post graduate degree,1,1,HighSkilled,Research,5535.0,5172.798413195932,362.201586804068,0.0,1342.6622729617468,0.3882663710261189,mortgages,36,0.1771383353491741,69431,79729.1612782629,1,0.49066362318714907,0.48396885,0.63
name347,47,bachelor degree,3,2,HighSkilled,Consultant,4196.0,6273.942289731049,-2077.9422897310487,0.4952198021284673,2623.7613739416533,0.5647800547923729,mortgages,60,1.1205204155559347,79410,105463.1343328082,1,0.7582965801383569,0.7161872,0.81
name348,37,bachelor degree,0,0,HighSkilled,Engineering,4473.0,4429.453834648938,43.54616535106197,0.0,3262.3635803122534,0.7931160909780304,auto loans,36,0.719610421408717,63370,69095.81221385636,0,0.11201609903734676,0.07200018,0.03
name349,41,high school or lower,0,0,LowSkilled,Agriculture,1577.0,1073.667050084609,503.3329499153911,0.0,1559.1728248579032,0.4318741252745287,auto loans,60,0.6695243341423666,16508,16404.32400910511,0,0.14273580366543542,0.07588672,0.04
name350,33,bachelor degree,0,0,Unemployed_HighSkilled,Research,1500.0,2020.0431814680207,-520.0431814680207,0.3466954543120138,1308.5656216462046,0.424210267892096,mortgages,60,1.2190725354094836,61039,57038.026150231846,0,0.31089254682432416,0.36408523,0.15
name351,42,bachelor degree,0,0,HighSkilled,Doctor,7332.0,4408.087352807147,2923.912647192853,0.0,2039.7652783789028,0.9213257755459536,mortgages,36,0.0,74057,92029.5104072924,0,0.1762400170539644,0.14311355,0.13
name352,51,bachelor degree,2,1,HighSkilled,Consultant,11976.0,8650.074500814451,3325.9254991855487,0.0,10799.15135563339,0.4191684299654555,auto loans,24,0.6240168550808151,24846,63790.94719456218,1,0.44843282000552576,0.47293836,0.71
name353,51,high school or lower,1,0,LowSkilled,Agriculture,2321.0,1194.6988739405367,1126.3011260594633,0.0,522.0453488697674,0.4470135061582318,simple loans,24,0.0,0,5363.994482445726,0,0.29759080993546516,0.22557229,0.17
name354,49,bachelor degree,0,1,Unemployed_HighSkilled,Consultant,3500.0,3568.334988295552,-68.3349882955522,0.0195242823701577,3133.362478372861,0.7291235459460595,auto loans,12,0.9147707047624036,44169,61021.14042797135,0,0.0818057892079134,0.07292103,0.02
name355,40,ausbildung,0,0,MediumSkilled,Teacher,1842.0,1425.6493209470004,416.3506790529996,0.0,1430.4344256851966,0.473459915426872,mortgages,36,0.5505340644040158,35158,33305.36706230569,0,0.1945231102401627,0.15487885,0.09
name356,42,post graduate degree,0,0,HighSkilled,Finance,5915.0,7881.442069139317,-1966.442069139317,0.3324500539542379,1823.3075711609763,0.3592712729020595,mortgages,48,0.6407015452747749,40511,60774.69847888273,0,0.2004995068855188,0.20805956,0.1
name357,44,bachelor degree,1,3,HighSkilled,Finance,7572.0,5111.95470768208,2460.04529231792,0.0,4956.142502443345,0.7764071057426973,auto loans,24,0.3296483373118627,24316,42241.354632754206,0,0.5405173993450315,0.40276656,0.16
name358,42,post graduate degree,1,1,HighSkilled,Consultant,6082.0,4866.469914116793,1215.530085883207,0.0,3989.729094719994,0.723047896374061,auto loans,36,0.4561326880691856,44415,64833.883411931565,1,0.30821192371078654,0.2475555,0.81
name359,44,high school or lower,2,1,LowSkilled,Agriculture,1467.0,1222.9807557881202,244.01924421187985,0.0,1037.407719327913,0.462161057795215,mortgages,24,0.5408237730852304,19903,24849.576422078902,1,0.5730727874639627,0.5437223,0.8
name360,48,high school or lower,1,1,LowSkilled,Transportation,2092.0,1913.1367210292228,178.86327897077717,0.0,818.9564052317256,0.4299850589032072,auto loans,48,0.3059718576773176,0,3498.8934866564164,0,0.4810766961514137,0.39583194,0.13
name361,60,bachelor degree,0,0,HighSkilled,Engineering,11602.0,4409.866201129772,7192.133798870228,0.0,6332.523916505394,0.8239478270520391,auto loans,12,0.0,54471,84791.56952500327,0,0.17027565449514032,0.22603284,0.26
name362,37,post graduate degree,0,0,HighSkilled,Consultant,4643.0,4779.252792151501,-136.25279215150113,0.0293458522833299,4616.751311482413,0.7705489087694395,auto loans,24,1.0236924625530723,35270,43825.72000122851,0,0.1479475549239731,0.09081357,0.11
name363,45,bachelor degree,0,1,HighSkilled,Consultant,5934.0,4500.662653454638,1433.3373465453624,0.0,5324.9448893415465,0.9387224510930188,simple loans,24,0.6558152246033341,62261,66915.25091015435,0,0.1756610784266222,0.11688214,0.05
name364,51,ausbildung,2,1,Unemployed_MediumSkilled,Artist,1750.0,1614.488157865419,135.511842134581,0.0,948.4825746356742,0.2594831910109244,auto loans,12,0.4645547042863389,45161,56641.56559270445,1,0.5802711074282495,0.82421523,0.81
name365,42,high school or lower,3,0,LowSkilled,Manufacturing,1445.0,1233.2330419437326,211.7669580562674,0.0,444.822317082376,0.8980226900814784,auto loans,60,0.1612839854851962,10578,9440.675985743568,1,0.9382337042222578,0.9393243,0.81
name366,59,ausbildung,1,2,MediumSkilled,IT Support,3282.0,5329.706334388487,-2047.7063343884877,0.6239202725132503,1392.145525179653,0.299183599464956,auto loans,12,1.0480962399659173,38248,50627.41123977672,0,0.4676350163606049,0.42653897,0.23
name367,34,ausbildung,1,0,MediumSkilled,Nursing,2465.0,2397.7387671631286,67.26123283687139,0.0,583.6063138326709,0.8474675451065661,simple loans,24,0.2094706210936306,39999,44981.27797753561,1,0.7680977183815204,0.8662353,0.79
name368,35,bachelor degree,1,0,HighSkilled,Doctor,3185.0,2694.8116508359,490.18834916410015,0.0,1476.0036367124476,0.2485243898195837,auto loans,24,0.3095181436572519,25368,35358.32707994735,0,0.08562970358225554,0.065382086,0.1
name369,54,high school or lower,0,0,LowSkilled,Transportation,2725.0,1147.295996907592,1577.704003092408,0.0,1820.605975949262,0.7038967827680844,mortgages,48,0.0891383386630656,5384,10105.943171569295,0,0.3567946484755998,0.40129247,0.14
name370,47,bachelor degree,1,1,HighSkilled,Finance,6064.0,10321.69030553478,-4257.690305534781,0.7021257100156302,1614.631944468272,0.2976500389531413,auto loans,12,0.9683908723619812,11324,20268.83358890022,0,0.5101976946724922,0.44669783,0.17
name371,38,post graduate degree,0,0,HighSkilled,Doctor,4469.0,3100.661205466302,1368.338794533698,0.0,2354.329490617678,0.5570178391021027,simple loans,60,0.2206289317708614,12255,23327.95799013077,0,0.08461391501470955,0.06702913,0.11
name372,54,high school or lower,0,1,LowSkilled,Manufacturing,1595.0,1484.1475775435094,110.85242245649056,0.0,513.0673225566371,0.6155354430214357,mortgages,24,0.2521723511599665,24325,27836.78714981763,1,0.28404163223522944,0.32169563,0.69
name373,30,ausbildung,1,1,MediumSkilled,Teacher,1502.0,1819.917462506595,-317.91746250659503,0.2116627579937383,405.753568394917,0.3058204474986288,simple loans,48,0.4818049473378908,28596,31184.097386208083,1,0.4576241411033753,0.3611473,0.42
name374,50,high school or lower,0,2,LowSkilled,Agriculture,1890.0,1734.3555998966615,155.6444001033385,0.0,1421.0595435488435,0.6391010679094833,mortgages,24,0.6695318219288388,17337,18664.715555668878,0,0.22302441905158357,0.22328967,0.14
name375,32,ausbildung,1,0,MediumSkilled,Artist,1873.0,1015.7213739019928,857.2786260980072,0.0,1419.528917908376,0.5706705516450041,mortgages,24,0.3001870217887713,23359,28880.4996216149,0,0.6478747722670856,0.67643255,0.18
name376,32,ausbildung,1,0,MediumSkilled,IT Support,1614.0,1057.744542437321,556.2554575626791,0.0,1560.3730451898684,0.6843268479740169,auto loans,60,0.6221298560267592,0,4063.946367681184,1,0.38336493605337885,0.53016984,0.77
name377,32,high school or lower,0,1,LowSkilled,Construction,973.0,978.5282788346432,-5.528278834643174,0.0056816843110412,894.9442479382542,0.3014440320648796,auto loans,36,0.9254599452958864,23392,22988.120347729004,0,0.11243823926574827,0.09591559,0.15
name378,32,post graduate degree,0,0,HighSkilled,Finance,3558.0,1874.2110045604304,1683.7889954395696,0.0,2810.475001247936,0.258795736306633,auto loans,12,0.3166627335043189,51912,70617.45721330881,0,0.10195164549527092,0.055826284,0.16
name379,58,post graduate degree,0,0,HighSkilled,Engineering,5767.0,6784.847023529833,-1017.8470235298328,0.1764950621692097,2771.7641442177314,0.7118280707024435,auto loans,24,0.6571200221514764,0,15124.16286991148,0,0.11838843435493986,0.13752624,0.21
name380,50,bachelor degree,0,0,HighSkilled,Consultant,8422.0,7303.644525123347,1118.3554748766528,0.0,3650.9014051998174,0.453229207852922,simple loans,24,0.3007059998008983,62585,85331.89656628444,0,0.06697190428069687,0.042029344,0.05
name381,43,post graduate degree,1,0,HighSkilled,Consultant,6414.0,5118.288934564354,1295.7110654356457,0.0,1535.943563061226,0.5719385060163201,mortgages,36,0.0374543962621734,10253,24716.743028717192,1,0.22398588114405127,0.2935471,0.83
name382,58,ausbildung,0,0,MediumSkilled,IT Support,4426.0,2476.2624407187286,1949.7375592812716,0.0,2748.5092891280124,0.3487450026518284,simple loans,24,0.1804726005076233,47661,43451.60499328853,0,0.10834546351337886,0.042997237,0.07
name383,44,bachelor degree,1,1,HighSkilled,Finance,7130.0,7037.671608101919,92.32839189808055,0.0,3785.061969839831,0.5292690838179236,auto loans,24,0.5179149478179172,70742,100965.48515186136,1,0.3254696066699017,0.4972799,0.78
name384,44,high school or lower,0,4,LowSkilled,Construction,1150.0,1574.7283710553452,-424.7283710553452,0.3693290183089958,662.1281617996912,0.6030874204793604,auto loans,60,0.9450926372652488,0,1535.0021446698445,1,0.3342421799879964,0.44915012,0.68
name385,41,ausbildung,0,1,MediumSkilled,Teacher,2096.0,3078.5203460820358,-982.5203460820352,0.4687597071002077,1933.002809065516,0.5887641897040323,auto loans,24,1.3909938717307018,0,3605.986845716985,0,0.4446446002589871,0.42927212,0.17
name386,44,bachelor degree,0,2,HighSkilled,Doctor,5889.0,4528.619661049591,1360.3803389504092,0.0,2176.697560726794,0.9274373469789744,simple loans,24,0.1386172901641,35937,46158.4441111353,1,0.17854041297438145,0.22451206,0.58
name387,33,high school or lower,1,0,LowSkilled,Cleaning Services,964.0,563.0002772600434,400.9997227399566,0.0,536.8046784171752,0.6204007234977618,auto loans,24,0.1408765100386085,21338,19685.24015141077,1,0.5717692171317793,0.56531173,0.79
name388,51,bachelor degree,0,0,HighSkilled,Doctor,10773.0,5870.5069676064495,4902.493032393551,0.0,7389.943253017741,0.9405940300386312,simple loans,24,0.2308967066392082,23763,61645.79483282628,0,0.2065299118413049,0.28730303,0.19
name389,46,high school or lower,0,0,LowSkilled,Construction,2023.0,2137.469920960617,-114.46992096061696,0.0565842417007498,1379.103417262572,0.994721967287398,auto loans,24,0.7382962620974736,6761,11484.437318104145,0,0.3157261346890934,0.28072232,0.24
name390,52,post graduate degree,0,1,HighSkilled,Finance,7685.0,7752.518217741843,-67.51821774184282,0.0087857147354382,7132.805466873142,0.3360120736893126,auto loans,12,0.9369321645562764,25781,46688.615891534166,0,0.13947659759558237,0.10865223,0.04
name391,50,high school or lower,2,0,LowSkilled,Agriculture,1487.0,1498.602489154776,-11.602489154776094,0.0078026154369711,1137.9097375450344,0.5318581823643327,auto loans,24,0.7730411746468128,14556,14451.039554044402,1,0.5606411885990743,0.5608667,0.81
name392,36,bachelor degree,1,2,HighSkilled,Consultant,3543.0,3649.733031658154,-106.73303165815378,0.0301250442162443,2412.724373384485,0.9715842909811064,auto loans,60,0.7111084970484444,56562,68565.4105549571,0,0.34489485077384247,0.2959366,0.11
name393,40,bachelor degree,0,0,HighSkilled,Engineering,5411.0,2552.0008050397246,2858.9991949602754,0.0,1581.2466267745351,0.6594164615447398,auto loans,24,0.0,72879,104139.6456742574,0,0.08150720131945922,0.07594424,0.01
name394,39,post graduate degree,0,0,HighSkilled,Engineering,4805.0,4525.605887551914,279.39411244808616,0.0,3347.938109155192,0.4840588126393924,simple loans,36,0.6386147755894079,45490,57214.93153242056,0,0.07587194635376962,0.04548505,0.15
name395,40,high school or lower,0,0,LowSkilled,Construction,755.0,1025.086177686101,-270.0861776861011,0.3577300366703326,394.98105615109824,0.2845813976249191,auto loans,60,0.8808837534267542,0,893.4423741387137,0,0.14574958342426816,0.11708306,0.45
name396,45,ausbildung,0,0,MediumSkilled,IT Support,2139.0,2473.3952310165737,-334.3952310165737,0.1563325063191087,2126.7587640257293,0.6404204233914838,simple loans,48,1.1506096283507727,0,4251.496699716469,0,0.18554423370876608,0.19070251,0.08
name397,35,post graduate degree,0,0,HighSkilled,Research,2726.0,3669.097892745072,-943.0978927450724,0.3459640105447807,1831.3680033700548,0.4300235892071664,auto loans,24,1.0177791255007804,50728,43676.20387089985,0,0.41560570157165355,0.30652264,0.2
name398,41,post graduate degree,1,0,HighSkilled,Consultant,6145.0,4784.080843625517,1360.9191563744826,0.0,5255.922315791389,0.7426650464301099,auto loans,24,0.6338491715894071,0,17148.029509928307,1,0.3025856621806791,0.42213148,0.8
name399,51,bachelor degree,0,0,Unemployed_HighSkilled,Doctor,4000.0,3661.942004269456,338.05799573054446,0.0,3273.4823122429607,0.5946963975049535,simple loans,36,0.733856079128104,35580,45268.36330523117,0,0.0577066729983068,0.05670424,0.08
name400,60,high school or lower,3,0,LowSkilled,Manufacturing,1608.0,1387.6993582965624,220.3006417034376,0.0,1224.759082719996,0.2349191922310092,simple loans,24,0.624663209587412,14357,17937.95250148937,1,0.720412459489133,0.44095883,0.44
name401,54,high school or lower,0,2,LowSkilled,Agriculture,2338.0,3153.466483911093,-815.4664839110928,0.3487880598422125,712.6562215202539,0.668342202421783,auto loans,12,0.6536025258474537,0,2724.2494918677344,0,0.37521093226980057,0.357243,0.21
name402,32,ausbildung,1,0,MediumSkilled,Teacher,1440.0,1642.9749521906506,-202.97495219065055,0.140954827910174,498.2667451235136,0.8781388738418758,simple loans,12,0.486973400912614,47698,58148.02561434197,1,0.684637819474986,0.7910491,0.61
name403,53,bachelor degree,0,0,HighSkilled,Doctor,6970.0,8045.900879359345,-1075.9008793593448,0.154361675661312,5302.378825963514,0.7929223334909713,simple loans,24,0.915104692298832,17235,34510.47454896802,0,0.13571937334361892,0.13427167,0.11
name404,34,high school or lower,0,0,Unemployed_LowSkilled,Construction,500.0,326.4347396616177,173.56526033838225,0.0,438.6276488180105,0.3707929038025491,mortgages,12,0.5301247769592565,0,1012.1721104136744,0,0.21106825065389967,0.24155864,0.26
name405,59,ausbildung,0,1,MediumSkilled,Nursing,3148.0,2045.1891608310905,1102.8108391689095,0.0,683.4143790830618,0.7979997876098694,mortgages,12,0.0,35739,39840.70212714608,1,0.45691560549479454,0.4292775,0.69
name406,55,high school or lower,0,0,Unemployed_LowSkilled,Manufacturing,1000.0,601.7236218319022,398.2763781680978,0.0,692.2254736025857,0.9735627653184796,auto loans,48,0.2939490954344878,13811,17264.02238039801,0,0.5915181614263111,0.45674694,0.31
name407,31,high school or lower,0,0,LowSkilled,Manufacturing,803.0,1033.2698196914823,-230.26981969148235,0.2867619174240128,387.1392949424014,0.4415497400282775,auto loans,24,0.7688781004157954,10975,10053.819663199514,1,0.39198103138651463,0.41788012,0.79
name408,53,bachelor degree,0,0,HighSkilled,Doctor,7486.0,5104.676476898927,2381.323523101073,0.0,2504.373126738205,0.5749759610427511,auto loans,24,0.0164372967722591,28335,49756.8012452808,0,0.0733104402176361,0.067782745,0.03
name409,42,high school or lower,0,2,LowSkilled,Transportation,1529.0,1652.4031698009137,-123.4031698009137,0.0807084171359801,819.5087282837306,0.4137221988383129,auto loans,24,0.6166853486492114,19269,20046.914655541743,1,0.331799868361152,0.31919938,0.61
name410,41,ausbildung,0,0,Unemployed_MediumSkilled,Nursing,1300.0,1353.9214045187632,-53.92140451876321,0.0414780034759717,450.1183627805793,0.39562467515954,mortgages,36,0.3877228979225711,0,2981.183748430277,0,0.21415819081592996,0.19395782,0.08
name411,30,bachelor degree,3,1,HighSkilled,Consultant,2620.0,2152.062114835526,467.9378851644742,0.0,774.450211684663,0.2704707573457461,auto loans,24,0.1169894376031255,74639,77709.28858410008,0,0.4699429060921966,0.28210416,0.07
name412,39,high school or lower,3,1,LowSkilled,Transportation,1411.0,1470.7916358302805,-59.791635830280256,0.042375362034217,419.45561526238106,0.9708872064216484,mortgages,48,0.3396507803633319,9094,10988.054129020493,1,0.9621106804838183,0.94459635,0.86
name413,32,bachelor degree,1,0,HighSkilled,Research,2744.0,2324.4390781009542,419.56092189904575,0.0,795.8255818568141,0.303568283332746,mortgages,24,0.1371226894889826,67750,65676.7495540023,0,0.3696429154364732,0.19415659,0.18
name414,40,bachelor degree,0,0,HighSkilled,Finance,3962.0,5340.296957906527,-1378.2969579065266,0.3478790908396079,2747.087981980537,0.787026841133984,auto loans,60,1.0412379959331306,31673,47954.79834938431,1,0.2780344419425112,0.30816653,0.7
name415,49,high school or lower,0,1,Unemployed_LowSkilled,Construction,900.0,959.6820378423818,-59.68203784238176,0.0663133753804241,888.5356661823597,0.966878743382448,auto loans,12,1.0535752266941572,17016,17029.449087353594,1,0.47684069606744584,0.64176965,0.72
name416,39,high school or lower,0,0,Unemployed_LowSkilled,Agriculture,600.0,507.95483504091055,92.04516495908943,0.0,247.2631532182025,0.4181059531942862,auto loans,24,0.2586966470985218,7013,9224.18570097855,0,0.2572877421215247,0.27966952,0.27
name417,48,ausbildung,1,0,MediumSkilled,Teacher,2587.0,2101.878779930116,485.1212200698847,0.0,1892.9292477998813,0.3378694239991506,auto loans,48,0.5441855538190942,29614,35609.44185328762,1,0.29411941366386407,0.24317677,0.71
name418,51,high school or lower,0,1,Unemployed_LowSkilled,Manufacturing,1000.0,965.5638992712376,34.43610072876254,0.0,744.0325529374913,0.6009496169004882,mortgages,36,0.7095964522087288,23107,22678.344844335064,0,0.44643861209782687,0.37448213,0.12
name419,57,ausbildung,2,1,Unemployed_MediumSkilled,Artist,2000.0,1853.7926479312707,146.20735206872928,0.0,734.5392137199373,0.5998362660858434,auto loans,12,0.294165930825604,35048,39590.51169420347,1,0.7313244356874485,0.88314694,0.91
name420,58,ausbildung,3,4,MediumSkilled,Nursing,6070.0,3910.054331649188,2159.9456683508124,0.0,5783.3537166133865,0.9988920335962066,simple loans,60,0.5969370754963055,0,12292.942993318376,1,0.9773592403943189,0.9344042,0.82
name421,50,bachelor degree,0,1,HighSkilled,Doctor,7827.0,7971.92745860938,-144.92745860937976,0.0185163483594454,3085.3894969171847,0.9505895316554686,mortgages,12,0.4127145720616538,25111,39759.24600146568,0,0.18754108649000312,0.11280462,0.04
name422,33,post graduate degree,0,0,HighSkilled,Finance,3202.0,3584.21610481836,-382.2161048183602,0.119367927800862,1377.2482765016332,0.3161580184465167,auto loans,24,0.5494891884197356,46739,53270.13779689349,0,0.1324133257400691,0.078569256,0.18
name423,46,ausbildung,0,1,MediumSkilled,Nursing,2287.0,3960.926397230376,-1673.926397230376,0.7319310875515418,1668.2131769582404,0.2250201692567857,simple loans,24,1.461364046431402,0,2880.364245185245,1,0.5256809819348596,0.6258256,0.47
name424,44,ausbildung,0,1,MediumSkilled,Electrician,3361.0,2175.9442097278743,1185.0557902721257,0.0,1870.724825208613,0.5863314677540961,mortgages,36,0.2040074486570923,0,9457.60804911238,0,0.19373346691751883,0.14390203,0.13
name425,59,bachelor degree,0,1,HighSkilled,Consultant,7226.0,6693.627974009619,532.3720259903812,0.0,3041.091171554161,0.4921569953531381,auto loans,12,0.3471795108723748,27520,42392.27505646677,0,0.05992668512040172,0.019172238,0.11
name426,59,ausbildung,1,0,MediumSkilled,Nursing,3523.0,3760.756759056194,-237.7567590561939,0.0674870164791921,2532.2092330796045,0.3075749747042661,mortgages,36,0.7862520556729488,15541,22336.22669766562,0,0.42928326284932716,0.41081208,0.4
name427,58,ausbildung,1,0,MediumSkilled,IT Support,3837.0,3647.2520686103167,189.74793138968332,0.0,2863.8842380155675,0.5069781421866564,mortgages,12,0.6969341429830295,21956,29318.0580206632,0,0.2654289114119992,0.13926102,0.11
name428,50,ausbildung,1,2,MediumSkilled,IT Support,3557.0,2796.532747683391,760.4672523166091,0.0,2488.63371924128,0.4802771969552792,mortgages,24,0.4858494424865536,22364,32961.882194219936,0,0.3188147133597856,0.28207213,0.09
name429,43,bachelor degree,1,0,HighSkilled,Finance,5952.0,5313.837219160017,638.1627808399826,0.0,3857.598425055359,0.2691192965565401,auto loans,60,0.5408998058157554,21931,43976.90694358992,1,0.1711173846319058,0.16373932,0.64
name430,56,ausbildung,1,0,MediumSkilled,Teacher,6022.0,2537.72343082654,3484.27656917346,0.0,5089.425644679642,0.4127104234348681,simple loans,12,0.266547505065789,39542,50438.095722096215,1,0.42503389458154645,0.28006527,0.68
name431,44,ausbildung,2,1,MediumSkilled,Teacher,1759.0,2406.6298281164686,-647.6298281164686,0.3681806868200504,1152.863461335098,0.9147710114562608,mortgages,12,1.023589135560868,42481,47534.26847594963,1,0.900196256204269,0.9359118,0.89
name432,44,bachelor degree,0,0,HighSkilled,Research,5227.0,6654.953599705643,-1427.9535997056428,0.2731879854037962,3931.230925969685,0.5818806907050067,mortgages,12,1.0252887938923527,10087,21166.779994961544,0,0.3810306853520192,0.4427103,0.34
name433,35,post graduate degree,2,1,Unemployed_HighSkilled,Consultant,1500.0,2038.614053404638,-538.6140534046381,0.359076035603092,330.0377938414006,0.761847605604734,auto loans,36,0.5791012314973591,46939,45239.636685073936,1,0.6780393113100366,0.7893646,0.87
name434,46,high school or lower,0,1,LowSkilled,Cleaning Services,2076.0,1173.2262942806303,902.7737057193696,0.0,577.1853459027434,0.7526005628291383,mortgages,36,0.0,17834,24631.50841397936,0,0.36891177781597095,0.29178345,0.16
name435,37,post graduate degree,1,0,Unemployed_HighSkilled,Research,2250.0,1418.6320674652263,831.3679325347737,0.0,2090.4661494564966,0.3449748155528912,simple loans,12,0.5595992075207658,21663,27113.367767474563,0,0.41764968616878545,0.20338714,0.19
name436,50,ausbildung,0,0,MediumSkilled,Nursing,3563.0,2736.492480998505,826.507519001495,0.0,2055.19661454891,0.6470005193591097,simple loans,24,0.3448467851662686,30105,34719.8582066354,0,0.4015255739832303,0.41669685,0.27
name437,37,bachelor degree,0,1,HighSkilled,Engineering,5920.0,3991.2898190535534,1928.7101809464464,0.0,1904.7264775785168,0.8604421042350499,auto loans,24,0.0,52818,68568.15075482115,0,0.1594320820791925,0.098229446,0.01
name438,50,ausbildung,1,0,MediumSkilled,Teacher,3167.0,2349.4769952605066,817.5230047394934,0.0,3146.2345122046827,0.5878835929345262,auto loans,48,0.7353051807594535,36462,48538.37445391581,1,0.41525391924729177,0.45187983,0.62
name439,50,ausbildung,0,0,MediumSkilled,Teacher,2585.0,1920.698966191192,664.3010338088081,0.0,1364.295459509889,0.6417192936399757,mortgages,60,0.2707908803485806,34680,41997.56711428632,1,0.2176178052126809,0.27393165,0.59
name440,35,high school or lower,0,2,LowSkilled,Manufacturing,1185.0,1376.7929365543746,-191.7929365543746,0.1618505793707802,585.5438996934181,0.604001927282019,mortgages,60,0.6559804525297829,0,1792.134738417753,0,0.429676564251349,0.3466454,0.22
name441,30,ausbildung,0,1,MediumSkilled,Teacher,1555.0,1658.70349409827,-103.70349409826986,0.0666903499024243,853.5865704649146,0.4811962783319671,auto loans,24,0.6156206202978678,49143,52201.94670171796,1,0.2702434739158621,0.36091214,0.74
name442,32,high school or lower,0,0,LowSkilled,Transportation,927.0,1047.7161589845075,-120.7161589845075,0.1302223937265453,338.07352867368286,0.2533622582524357,auto loans,12,0.4949187569128267,15884,16259.078151669944,1,0.272142340893135,0.18375003,0.39
name443,42,high school or lower,0,1,LowSkilled,Construction,1365.0,1967.5857690596267,-602.5857690596267,0.4414547758678584,368.6379293551087,0.6647524003363279,mortgages,24,0.7115191929778282,15180,15515.389259042076,1,0.36692655685332237,0.29464185,0.4
name444,54,bachelor degree,1,0,HighSkilled,Research,7442.0,7042.508635067295,399.49136493270544,0.0,3851.680958597848,0.3569650411522314,auto loans,24,0.4638792789122739,12582,31296.25463044658,1,0.3783616258538245,0.49999025,0.78
name445,45,bachelor degree,1,0,HighSkilled,Doctor,7329.0,8437.732258378683,-1108.732258378683,0.1512801553252398,4753.813057748168,0.2647083364556007,mortgages,36,0.7999106721417452,59882,80885.43318625625,1,0.14544537867479407,0.23383796,0.74
name446,43,post graduate degree,0,2,HighSkilled,Doctor,6513.0,5045.316857940343,1467.6831420596573,0.0,4798.569678095436,0.9353832664593684,mortgages,24,0.5114212399870687,37533,60240.12905961249,0,0.23712368669273115,0.2506602,0.16
name447,48,high school or lower,1,0,Unemployed_LowSkilled,Construction,900.0,770.3451837303285,129.65481626967153,0.0,483.3523206784223,0.6685147008095372,mortgages,60,0.3929972271208342,0,1553.1706616233237,1,0.48975704030620426,0.65147686,0.83
name448,59,ausbildung,2,2,MediumSkilled,Electrician,4832.0,3333.924725777739,1498.0752742222612,0.0,3915.9032176986334,0.5218830867568884,auto loans,12,0.5003782995605077,43549,53113.21357285128,0,0.6245216023138279,0.51092637,0.12
name449,56,bachelor degree,1,0,HighSkilled,Research,10640.0,5352.753859132851,5287.246140867149,0.0,7868.40347770815,0.8286011927955874,auto loans,12,0.2425899752670113,63095,106563.50946088084,1,0.7117594692511227,0.7849329,0.74
name450,55,post graduate degree,0,0,HighSkilled,Consultant,9005.0,4350.841703470822,4654.158296529178,0.0,1879.4704515366775,0.4257431064518083,auto loans,48,0.0,73624,107640.58343457233,1,0.07346636979778595,0.12548603,0.68
name451,49,bachelor degree,1,0,HighSkilled,Doctor,5869.0,10874.034789568082,-5005.0347895680825,0.8527917515024847,4630.092604364308,0.3005051207076248,simple loans,24,1.6416983121370576,67273,63769.059719178505,1,0.40495771115224055,0.398755,0.73
name452,31,bachelor degree,0,2,HighSkilled,Doctor,3617.0,3054.573957706016,562.4260422939838,0.0,1586.476399483481,0.920764534809634,auto loans,24,0.2831214700551554,19732,23841.71928362174,0,0.1775421432201997,0.17438896,0.1
name453,50,high school or lower,1,0,LowSkilled,Cleaning Services,1313.0,1215.5047574113512,97.4952425886488,0.0,1040.338760218117,0.701924194001559,auto loans,36,0.7180834102280793,0,2373.440924067008,1,0.5010268363065313,0.45931956,0.79
name454,30,bachelor degree,1,1,HighSkilled,Consultant,2886.0,1772.246063910024,1113.753936089976,0.0,1932.0977917449936,0.8928782812226703,auto loans,48,0.2835564295408931,20878,28779.03893622488,0,0.2935166477106998,0.3656909,0.15
name455,48,high school or lower,0,0,LowSkilled,Construction,2297.0,1223.4058334599788,1073.5941665400212,0.0,2191.472247718409,0.8896727544264136,mortgages,36,0.4866687336431815,13032,19553.635354425303,1,0.24855374135618438,0.18506752,0.51
name456,58,bachelor degree,0,0,HighSkilled,Doctor,12730.0,5081.25194740887,7648.74805259113,0.0,12724.294366833505,0.2736438857260371,auto loans,48,0.3987074873717498,79773,122576.76608118352,0,0.07422205453817211,0.16015491,0.2
name457,31,high school or lower,1,0,LowSkilled,Construction,950.0,798.2248786492378,151.77512135076222,0.0,677.9407848219923,0.7597853271123197,mortgages,48,0.5538585931276107,8770,10812.14658717347,0,0.43860283836470443,0.37123975,0.3
name458,31,high school or lower,0,1,Unemployed_LowSkilled,Cleaning Services,500.0,423.4652718927405,76.53472810725953,0.0,164.7690777137755,0.8268258930113022,auto loans,36,0.1764686992130319,12173,11710.529104210043,0,0.6367272930864311,0.64927816,0.37
name459,47,high school or lower,1,1,LowSkilled,Construction,1951.0,1574.152138133663,376.8478618663371,0.0,1704.314177026654,0.6597185265315274,mortgages,48,0.6804030318607467,10407,13780.645226754315,1,0.3622304886748314,0.3816862,0.7
name460,48,high school or lower,0,0,LowSkilled,Agriculture,1853.0,1687.0630467681208,165.93695323187922,0.0,570.4664566274005,0.7455344664302178,auto loans,12,0.2183105792744313,15834,21720.76083851144,1,0.23601317395742,0.2873764,0.74
name461,59,ausbildung,0,0,MediumSkilled,Artist,4096.0,2886.390844174483,1209.609155825517,0.0,2834.0036344260566,0.2342518853478359,auto loans,60,0.3965806832520848,0,6411.790551096972,1,0.18788647001491984,0.26390123,0.7
name462,36,high school or lower,0,0,LowSkilled,Transportation,1248.0,729.3978999796185,518.6021000203815,0.0,899.699563604085,0.3656699055665971,mortgages,12,0.3053665573587368,12435,15578.611983317252,0,0.25722955752422405,0.18026371,0.12
name463,60,ausbildung,1,1,MediumSkilled,Teacher,3508.0,3807.1381923253366,-299.1381923253366,0.0852731449045999,2755.7613132042206,0.4552222109904271,auto loans,60,0.870837943423477,15441,24250.4010804804,0,0.3616459999115545,0.36392573,0.2
name464,55,high school or lower,0,1,LowSkilled,Construction,1669.0,1823.4803617921116,-154.48036179211135,0.092558634986286,1649.668872509328,0.8544377126920801,auto loans,36,1.0809761739373511,0,2741.5163318465816,0,0.23620373812716242,0.22615544,0.24
name465,30,ausbildung,0,0,MediumSkilled,Nursing,1947.0,1194.7710693712456,752.2289306287544,0.0,958.5933223098344,0.3282491722200192,auto loans,48,0.1059909561792911,46201,47994.975258269485,1,0.30216741680743336,0.28040746,0.3
name466,30,ausbildung,2,0,MediumSkilled,Artist,1921.0,1258.181803926242,662.8181960737581,0.0,1391.1399177885885,0.2751320906519961,auto loans,24,0.3791367629957471,27564,33088.185644956466,1,0.7350377938126177,0.7126272,0.52
name467,34,ausbildung,0,1,MediumSkilled,Electrician,1869.0,1707.51482969915,161.4851703008501,0.0,1043.3814833788474,0.8330531022028446,auto loans,36,0.4718546351407155,10059,13207.6976861144,0,0.2977342663385891,0.22766909,0.19
name468,46,high school or lower,0,0,LowSkilled,Construction,1995.0,2335.198791931751,-340.1987919317512,0.1705257102414793,885.7411337145836,0.623410704559071,auto loans,12,0.6145062283941528,0,2846.868774578684,1,0.2150538518491555,0.20652401,0.61
name469,58,high school or lower,0,0,Unemployed_LowSkilled,Agriculture,1100.0,731.5000677578382,368.4999322421618,0.0,411.6308378980422,0.5620660912595778,simple loans,48,0.0392099142326185,8063,7441.492620421995,0,0.24761060396505602,0.115344904,0.19
name470,45,ausbildung,1,0,MediumSkilled,Electrician,2982.0,3234.128124055856,-252.12812405585555,0.0845500080670206,1675.3976825984785,0.3122647928838777,mortgages,12,0.6463869237606754,28384,27371.37697360848,1,0.2866262796291599,0.30650705,0.66
name471,49,ausbildung,0,0,MediumSkilled,Teacher,3719.0,3010.8385694930025,708.1614305069975,0.0,3084.6826978316767,0.4402414247614022,simple loans,36,0.6390215830397094,39822,55276.29637759415,0,0.17438075387144222,0.117436945,0.13
name472,35,high school or lower,1,1,LowSkilled,Agriculture,895.0,758.2819324632272,136.71806753677276,0.0,412.3041919471538,0.9323878343709616,simple loans,24,0.3079174574417665,0,1675.843891948594,0,0.6058110717599706,0.5394985,0.4
name473,55,ausbildung,2,1,MediumSkilled,Teacher,4055.0,2855.445354203292,1199.5546457967084,0.0,3991.921224059295,0.3026017355715898,simple loans,12,0.6886230772534121,40903,51508.8491841196,0,0.5623467287057689,0.46063644,0.12
name474,41,ausbildung,0,1,MediumSkilled,Teacher,2170.0,1991.1992761362176,178.80072386378242,0.0,601.8961419834089,0.7910641226040493,auto loans,36,0.1949748470597357,39525,37650.77996489766,1,0.35573436859545293,0.48050803,0.72
name475,54,ausbildung,1,0,MediumSkilled,Teacher,3673.0,3508.270573535285,164.72942646471483,0.0,1938.930138836424,0.2754041064322761,simple loans,60,0.483038582186689,40789,48940.39394394251,0,0.26125215584429295,0.15558335,0.13
name476,57,ausbildung,1,1,Unemployed_MediumSkilled,Teacher,2000.0,1855.2318947752904,144.76810522470942,0.0,1263.3840280483332,0.4267044570716045,simple loans,12,0.5593079614118119,0,3609.983226548331,0,0.24909530064084348,0.23259902,0.39
name477,46,ausbildung,0,0,MediumSkilled,Teacher,3135.0,1592.2555527010988,1542.7444472989012,0.0,2433.774741380874,0.2737053952209639,auto loans,48,0.2842201894998318,0,7515.775172451113,0,0.1316385579768641,0.061685536,0.07
name478,43,ausbildung,0,0,MediumSkilled,Teacher,2261.0,1526.9836971258694,734.0163028741306,0.0,469.5633015227933,0.7313579622109986,auto loans,24,0.0,14204,19292.378348307506,0,0.28883527577408447,0.26161313,0.14
name479,45,ausbildung,2,2,MediumSkilled,Electrician,2822.0,2782.867875840797,39.13212415920316,0.0,2124.976699000049,0.8644606767764634,mortgages,48,0.7391369861236166,47352,46953.71195617043,1,0.7696131184273468,0.8044581,0.89
name480,54,high school or lower,0,1,Unemployed_LowSkilled,Transportation,1000.0,742.047484921048,257.95251507895205,0.0,812.1247899606152,0.3330674476504821,auto loans,36,0.5541722748816632,23119,22944.72784066462,0,0.335830343153151,0.15414643,0.12
name481,39,high school or lower,0,3,LowSkilled,Manufacturing,1302.0,1420.6809554093988,-118.68095540939883,0.0911528075341005,930.4049152774072,0.7401820500759596,mortgages,12,0.8057495166565332,22309,24761.8964477303,0,0.5015520098125773,0.33185956,0.09
name482,35,ausbildung,0,0,MediumSkilled,Teacher,1684.0,1138.821047770154,545.1789522298459,0.0,837.3243266543353,0.7561033863282272,mortgages,12,0.1734830014397205,44299,41012.92306010794,0,0.3460074488277138,0.32769117,0.12
name483,56,bachelor degree,0,0,HighSkilled,Engineering,8212.0,7783.744972086901,428.2550279130992,0.0,7303.715687957621,0.5706564101185988,simple loans,24,0.8372455747740529,0,23102.51283578245,0,0.06909075156390142,0.060634144,0.03
name484,35,high school or lower,0,0,LowSkilled,Construction,829.0,689.4980919830112,139.50190801698875,0.0,791.244926368409,0.5824879570420587,auto loans,48,0.7861797567568398,16317,20379.84518694677,0,0.15101938632377412,0.08772625,0.16
name485,60,post graduate degree,1,0,HighSkilled,Finance,8730.0,5269.705767183174,3460.2942328168256,0.0,3785.082554038158,0.6864308497065076,auto loans,48,0.0372037023163038,40235,63784.84603602042,0,0.4221445374552208,0.3429014,0.12
name486,47,high school or lower,0,0,LowSkilled,Cleaning Services,1089.0,1547.6459718991332,-458.6459718991332,0.4211625086309763,371.9879916360537,0.7995102948535129,auto loans,12,0.762749277810089,21182,24100.22755749816,0,0.5476839608679115,0.5524941,0.23
name487,55,ausbildung,0,1,Unemployed_MediumSkilled,Teacher,1750.0,1914.6515482495977,-164.65154824959768,0.0940865989997701,1728.8958636131013,0.4143360690314799,mortgages,36,1.082027092492971,33750,47545.73617105396,0,0.11611746432549426,0.12655455,0.15
name488,49,high school or lower,2,1,Unemployed_LowSkilled,Manufacturing,900.0,845.3571321673356,54.642867832664365,0.0,757.4117517794743,0.5805439823608525,mortgages,48,0.7808543154964556,0,1478.799049279592,1,0.8405989200154694,0.8377996,0.79
name489,30,post graduate degree,1,0,HighSkilled,Finance,2455.0,1241.7117840304077,1213.2882159695923,0.0,1311.2147680052724,0.7263729167857793,auto loans,36,0.0398886159004806,29675,30259.157658494627,1,0.4399029754698072,0.42652428,0.7
name490,45,high school or lower,0,0,LowSkilled,Agriculture,1606.0,1865.714072067543,-259.71407206754293,0.1617148643010852,1404.5916291695464,0.7670497053774727,auto loans,48,1.0363049198238414,13093,14479.828476366056,0,0.2957184832002046,0.24381307,0.14
name491,39,ausbildung,1,0,MediumSkilled,Teacher,2916.0,1208.074623372867,1707.925376627133,0.0,2877.8851431728654,0.956778079943358,auto loans,48,0.4012207704203472,34686,42808.20550852403,0,0.6696255820170783,0.7175847,0.34
name492,31,high school or lower,0,0,LowSkilled,Manufacturing,841.0,1055.3886610040854,-214.3886610040854,0.254921118910922,622.2341783300973,0.5239240529772365,auto loans,24,0.9947952905281602,0,1223.1623523817825,0,0.40693682046549934,0.4038937,0.6
name493,37,bachelor degree,0,0,Unemployed_HighSkilled,Research,2250.0,2390.125905626493,-140.12590562649257,0.0622781802784411,679.8531749750048,0.2843133412518667,simple loans,48,0.3644351469339988,32945,38974.99002660812,1,0.15440668971496838,0.27802324,0.72
name494,52,post graduate degree,1,0,HighSkilled,Finance,4877.0,3087.0507042591485,1789.9492957408515,0.0,4542.923297702016,0.4768106982875033,auto loans,12,0.5644810338243108,32656,46115.79988818166,1,0.2769370202346086,0.21774949,0.19
name495,38,ausbildung,0,0,MediumSkilled,Electrician,2707.0,2697.6635675565926,9.336432443407377,0.0,2111.415444230242,0.8472963487211705,mortgages,12,0.7765345444354764,27201,31307.68602065234,0,0.2958219722585404,0.2302416,0.13
name496,57,ausbildung,0,0,MediumSkilled,Nursing,3807.0,2129.1287045064223,1677.8712954935777,0.0,1658.3142819749544,0.489646595547219,auto loans,48,0.0,0,9654.549063138758,1,0.2823364684557239,0.26978076,0.69
name497,31,bachelor degree,1,0,HighSkilled,Finance,2258.0,1780.6181092729894,477.3818907270106,0.0,467.6818003797218,0.4552846340439673,auto loans,60,0.0,18968,27555.690540887303,0,0.21237566818183534,0.20590599,0.17
name498,54,post graduate degree,1,0,HighSkilled,Engineering,8706.0,5732.457560994101,2973.542439005899,0.0,8109.2399159360275,0.2525174324596813,simple loans,36,0.5899032250092039,39849,66291.2809363916,0,0.1390888494569056,0.09604332,0.08
name499,46,high school or lower,1,3,LowSkilled,Cleaning Services,1351.0,1729.548130508339,-378.548130508339,0.2801984681778971,822.3165483423545,0.3429745395751363,mortgages,24,0.8888709688014016,0,1915.3671116814403,1,0.5574981598927905,0.59240955,0.79
name500,43,bachelor degree,0,0,HighSkilled,Finance,4795.0,6379.409095312572,-1584.4090953125717,0.3304294255083569,1806.7554796379425,0.6209076252658059,auto loans,36,0.7072293169865514,34397,37198.35320537724,0,0.24318122429524167,0.13884845,0.15
name501,50,high school or lower,0,0,LowSkilled,Transportation,1998.0,1086.49884694921,911.50115305079,0.0,1783.2654046463783,0.9643766583223984,simple loans,36,0.4363184442420362,21161,25964.269371656817,1,0.4882381867825621,0.7289688,0.66
name502,30,post graduate degree,0,0,HighSkilled,Consultant,2907.0,3641.875288123163,-734.875288123163,0.252795076753754,1321.3702101481242,0.2641254239252409,auto loans,24,0.7073427926629814,64217,70112.80347519334,0,0.08180640001138914,0.04590787,0.32
name503,45,ausbildung,0,1,MediumSkilled,Electrician,2170.0,2487.377143752361,-317.3771437523605,0.1462567482729772,1439.3353320368192,0.672953288495095,mortgages,12,0.809544919718516,27030,22628.570916962923,0,0.26964866720814346,0.15539683,0.15
name504,56,high school or lower,0,0,LowSkilled,Agriculture,1813.0,2168.494132409768,-355.49413240976764,0.1960806025426186,1342.0231187382165,0.2438047638201732,simple loans,60,0.9363029515432896,24356,32382.908457283283,0,0.10131412089766059,0.07404747,0.19
name505,54,ausbildung,0,0,MediumSkilled,Artist,3329.0,2799.9647755877504,529.0352244122496,0.0,1017.4484479050262,0.5673470152992244,auto loans,48,0.1467146961528316,16128,20753.174249451688,1,0.3291374780408488,0.3145155,0.61
name506,42,bachelor degree,0,1,HighSkilled,Engineering,5080.0,4522.4386275829975,557.5613724170025,0.0,1635.9597567385224,0.2089206667484354,mortgages,12,0.2122831465199842,33338,44452.61932948357,0,0.03690267067326294,0.019589234,0.08
name507,52,high school or lower,0,1,LowSkilled,Agriculture,1748.0,2687.547837461132,-939.5478374611316,0.5374987628496176,1154.3089133512267,0.31698883640107,auto loans,48,1.1978585530963148,0,2333.4682940017165,0,0.24732645344267756,0.23041771,0.1
name508,48,post graduate degree,1,0,HighSkilled,Engineering,6155.0,4188.714754199375,1966.2852458006248,0.0,5129.024683429448,0.223283441703455,mortgages,24,0.5138488119624408,39661,60745.5187841108,0,0.11162349657489024,0.102884084,0.18
name509,44,ausbildung,0,3,MediumSkilled,Nursing,2546.0,3012.1654332577355,-466.16543325773546,0.1830971850973038,1775.1057382118431,0.5830005883018728,mortgages,48,0.8803107507735973,14459,19486.19651120394,1,0.5078620497334999,0.56546193,0.74
name510,51,bachelor degree,1,0,HighSkilled,Finance,8881.0,8891.827584239216,-10.827584239215868,0.0012191852538245,4846.792470675477,0.2138474332809894,auto loans,12,0.5469676900027803,0,21850.26210544104,1,0.19611462903978383,0.15207538,0.23
name511,58,post graduate degree,0,3,HighSkilled,Doctor,8390.0,10327.01314242518,-1937.0131424251813,0.2308716498718928,5333.637292434896,0.7424042760524223,simple loans,12,0.8665852723313561,0,15629.03469506924,0,0.25060605271795383,0.23163748,0.17
name512,44,ausbildung,0,0,MediumSkilled,Nursing,3149.0,2668.392305035617,480.607694964383,0.0,2733.368176135814,0.301283378906003,auto loans,24,0.7153891651862276,46551,55945.56377348575,1,0.2539248608016506,0.2907337,0.62
name513,53,bachelor degree,1,0,HighSkilled,Doctor,8460.0,4095.479118852848,4364.520881147153,0.0,1692.703134648934,0.65095723667827,mortgages,24,0.0,76079,96971.92018608184,1,0.22665728010081382,0.28483522,0.62
name514,45,post graduate degree,0,0,HighSkilled,Research,4749.0,7724.229873267162,-2975.2298732671625,0.6264960777568251,1950.37349510276,0.2647953505364051,mortgages,48,1.0371874854432348,67952,76648.12592424097,1,0.4406811159372049,0.49655697,0.73
name515,38,high school or lower,1,0,Unemployed_LowSkilled,Manufacturing,600.0,410.6303824409652,189.36961755903485,0.0,545.9144575031235,0.6765920057498139,auto loans,48,0.5942413999068143,24104,23990.96056028968,1,0.7395403517278576,0.7428256,0.83
name516,53,high school or lower,1,0,LowSkilled,Manufacturing,1711.0,1735.0672438306526,-24.06724383065261,0.0140661857572487,1104.2563323389177,0.7574749519392389,simple loans,12,0.6594527037811633,0,2429.3211992266342,1,0.5703651078354097,0.5696068,0.58
name517,52,high school or lower,1,0,LowSkilled,Agriculture,2396.0,2165.87958697628,230.12041302372015,0.0,1370.0839958471895,0.956985437064102,mortgages,48,0.4757777891583762,20957,24272.008300684956,1,0.5439748122318891,0.7098853,0.78
name518,49,high school or lower,1,0,LowSkilled,Construction,1558.0,1128.9991301836033,429.0008698163968,0.0,798.085161103938,0.7672083563866495,auto loans,36,0.2368962075016311,7388,9932.05185938961,1,0.3835107444180055,0.31699196,0.82
name519,50,high school or lower,1,1,LowSkilled,Construction,1992.0,1419.6004953215738,572.3995046784262,0.0,1791.1226932493864,0.7902014286146678,mortgages,12,0.6118088296038957,17437,21963.556868409574,0,0.4342457890428997,0.39417243,0.33
name520,51,bachelor degree,1,0,HighSkilled,Engineering,6851.0,8273.613806377933,-1422.6138063779326,0.2076505336998879,6088.097051264715,0.2278862143041377,mortgages,48,1.096294096867997,55589,77385.1311942353,0,0.11943640730678898,0.17306504,0.15
name521,37,post graduate degree,1,1,HighSkilled,Finance,5217.0,3356.0317109713583,1860.9682890286415,0.0,3097.22352391413,0.5946165376250035,auto loans,48,0.2369666925216577,19710,29120.4414837956,0,0.42481396760976414,0.325339,0.1
name522,31,bachelor degree,1,1,HighSkilled,Finance,4357.0,2279.500516455916,2077.4994835440843,0.0,3076.120237502272,0.9741935338364894,auto loans,48,0.2291991631760815,42593,48028.74048019305,0,0.5708510429800182,0.4926948,0.08
name523,32,ausbildung,0,0,MediumSkilled,Electrician,1894.0,1094.04562912723,799.9543708727701,0.0,530.020298770984,0.6718138768759996,auto loans,36,0.0,27881,32820.7592481307,0,0.22988714467900465,0.2498213,0.06
name524,36,ausbildung,1,1,MediumSkilled,Nursing,1412.0,2793.952291181336,-1381.9522911813356,0.9787197529612858,524.4923864857416,0.3391106053468199,simple loans,48,1.3501732844667684,0,1364.9111983334603,1,0.8695442742199994,0.87703747,0.86
name525,32,post graduate degree,1,0,HighSkilled,Engineering,2629.0,1610.99464276092,1018.00535723908,0.0,1760.2920844213684,0.906230978326544,auto loans,12,0.2823456550712394,54628,52753.63136571547,1,0.3646063729530234,0.4215744,0.34
name526,38,bachelor degree,1,2,HighSkilled,Engineering,4809.0,4387.322207850949,421.67779214905113,0.0,2990.688957482991,0.8899361155683978,auto loans,36,0.5342090175366896,38074,50520.92972236235,0,0.3270709495778386,0.34229842,0.13
name527,53,bachelor degree,0,4,Unemployed_HighSkilled,Consultant,4000.0,4391.493968540607,-391.4939685406071,0.0978734921351517,2282.836362285305,0.9642116265862868,auto loans,24,0.668582582706478,20953,25641.46627079887,0,0.1948173617363097,0.15665318,0.14
name528,31,high school or lower,0,0,LowSkilled,Manufacturing,894.0,733.0175826527618,160.9824173472382,0.0,795.116005046879,0.3066783453605995,auto loans,48,0.7093216864649226,0,1451.3738769447111,0,0.20169638185116512,0.20197205,0.24
name529,35,high school or lower,0,0,LowSkilled,Transportation,971.0,930.6348921681137,40.36510783188646,0.0,641.6003406496005,0.4168192189098796,auto loans,60,0.6191917948689125,0,1891.138653968438,0,0.24893211145318045,0.20180836,0.18
name530,31,bachelor degree,0,0,HighSkilled,Consultant,2626.0,2205.6006776393338,420.3993223606663,0.0,1559.0913739911668,0.5227955418701777,auto loans,24,0.4336222588082637,77645,85302.7009753234,0,0.062362491590217374,0.045256615,0.03
name531,35,high school or lower,0,0,LowSkilled,Cleaning Services,703.0,767.0570487770186,-64.05704877701862,0.0911195572930563,558.3275164149895,0.5139548992480778,auto loans,48,0.8853265507709931,0,1031.931309225206,0,0.27154478459924797,0.18434364,0.4
name532,45,bachelor degree,0,1,HighSkilled,Consultant,5743.0,4864.143081575507,878.8569184244934,0.0,5594.878652810002,0.6466562916749985,auto loans,60,0.82117738714705,52974,62585.02829284663,1,0.09030644926848755,0.039781336,0.08
name533,58,bachelor degree,0,0,HighSkilled,Consultant,10816.0,9477.17303701971,1338.8269629802908,0.0,2569.924348444451,0.6286857461563581,auto loans,48,0.1138218736560799,0,28444.902065081096,0,0.09034134801823958,0.07681463,0.09
name534,39,bachelor degree,0,0,HighSkilled,Engineering,4775.0,5530.9163057032565,-755.9163057032565,0.1583070797284307,3181.5593456311904,0.8803534426210206,simple loans,24,0.8246022306459575,68344,67511.17226972569,0,0.1808276800938265,0.1117667,0.11
name535,45,ausbildung,0,1,MediumSkilled,Nursing,2521.0,1832.5441746349252,688.4558253650746,0.0,1867.4525152544927,0.2135823163061594,auto loans,24,0.467670245890289,23416,25502.394734722453,1,0.22734984578144105,0.26822832,0.71
name536,58,high school or lower,0,1,LowSkilled,Manufacturing,2509.0,2321.9615829647805,187.03841703521948,0.0,2367.952242882217,0.7042689226696697,mortgages,36,0.8692362797317646,8720,12384.783713142862,0,0.3157638409328342,0.2923352,0.13
name537,36,ausbildung,1,0,MediumSkilled,Teacher,2693.0,1713.4740317068415,979.5259682931584,0.0,2465.72949742822,0.75952234330892,simple loans,60,0.5518765425677911,20496,19170.614311804115,1,0.5769945401880819,0.46293107,0.66
name538,36,bachelor degree,0,1,HighSkilled,Consultant,3472.0,4189.172219623468,-717.1722196234678,0.2065588190159757,2189.946438324352,0.6114614720987084,auto loans,24,0.8373037609296716,26301,31102.592170471074,0,0.11254566785341244,0.06271317,0.1
name539,56,bachelor degree,0,1,HighSkilled,Consultant,10891.0,11214.401255070385,-323.40125507038283,0.0296943581921203,6209.808122657763,0.8794917741218514,auto loans,24,0.5998723145467033,19668,49215.4455855721,0,0.1895297800636372,0.13494077,0.08
name540,59,post graduate degree,1,1,HighSkilled,Doctor,9002.0,5163.810599127852,3838.189400872148,0.0,2198.119145982511,0.255239462533972,simple loans,48,0.0,40112,64788.74450800005,0,0.13692295749418393,0.3525142,0.06
name541,35,bachelor degree,0,0,HighSkilled,Consultant,3944.0,3676.291168557692,267.7088314423081,0.0,2210.101404510964,0.5377914233922836,simple loans,36,0.4924930459099025,64106,81644.68452716449,0,0.06131399691381889,0.06974451,0.04
name542,56,ausbildung,1,2,MediumSkilled,Artist,4707.0,4699.447007010383,7.552992989617451,0.0,3197.860653938988,0.4805519980793749,mortgages,24,0.6777794053429723,0,9397.167242196663,1,0.6000857363968627,0.6710104,0.34
name543,32,high school or lower,0,0,LowSkilled,Agriculture,1279.0,866.3006085879841,412.6993914120159,0.0,1123.6403832468152,0.9740271516666358,auto loans,36,0.5558569130842841,18440,21077.67274612972,0,0.38713355268104116,0.3928762,0.3
name544,54,high school or lower,0,0,LowSkilled,Manufacturing,2287.0,1859.153871433263,427.846128566737,0.0,915.2496705374408,0.7630426696542986,auto loans,24,0.2131191700790134,0,3746.320124916897,1,0.344960513958701,0.39083272,0.8
name545,52,bachelor degree,0,1,HighSkilled,Doctor,5610.0,4857.779135572634,752.220864427366,0.0,1218.376214396891,0.7414361856234499,mortgages,12,0.0830936452708601,73254,76093.70618510728,0,0.10753271077896619,0.0934083,0.13
name546,55,ausbildung,0,3,MediumSkilled,Teacher,4139.0,3252.214316072598,886.7856839274018,0.0,3245.107209694491,0.6108445315063098,auto loans,36,0.5697805087622829,15145,24258.905582843567,1,0.2878097018934016,0.38939455,0.63
name547,42,high school or lower,0,0,LowSkilled,Transportation,1227.0,2391.2733604219743,-1164.2733604219743,0.9488780443536872,1194.6959682850445,0.9408013668019706,auto loans,12,1.922550390144269,0,942.5806397746012,1,0.8631634822899377,0.89430034,0.92
name548,45,bachelor degree,2,0,HighSkilled,Doctor,4684.0,5413.967391101784,-729.9673911017844,0.1558427393470931,3345.4757329691734,0.3969159956118387,auto loans,48,0.8700775243533214,58739,74270.116921805,0,0.3014628063645015,0.38947475,0.32
name549,56,ausbildung,1,1,MediumSkilled,Teacher,4914.0,5372.867685896558,-458.8676858965582,0.093379667459617,3512.9212229139625,0.4071587630178769,auto loans,24,0.8082598512027922,0,11478.850872628444,1,0.41677494878800314,0.4788884,0.74
name550,45,post graduate degree,2,0,HighSkilled,Research,5978.0,4449.243599586518,1528.756400413482,0.0,1730.9643994928294,0.9922119748856596,simple loans,48,0.0338253594980507,19003,33876.49108770841,1,0.8923215816872471,0.781335,0.84
name551,45,high school or lower,1,1,LowSkilled,Agriculture,1689.0,1778.8552289546012,-89.85522895460122,0.0532002539695685,1517.990746094067,0.2032429185621719,simple loans,24,0.95195143578962,7541,9854.757593157095,0,0.23928587071902324,0.20771246,0.11
name552,38,bachelor degree,0,0,Unemployed_HighSkilled,Consultant,2250.0,2335.4015059382805,-85.40150593828048,0.0379562248614579,760.3740491017138,0.3631725148507282,auto loans,60,0.3759002466844419,64198,56178.24442267703,0,0.04489462909847166,0.09428488,0.1
name553,57,ausbildung,2,0,MediumSkilled,Teacher,4980.0,2091.688226822542,2888.311773177458,0.0,1086.5429691869956,0.4764429023815011,mortgages,12,0.0,15614,20138.044882336355,0,0.6476943867749378,0.5502832,0.43
name554,36,ausbildung,0,1,MediumSkilled,Electrician,2613.0,2433.376892028924,179.62310797107602,0.0,1658.1646774920166,0.5202498544836531,simple loans,24,0.5658406312747573,15186,18690.693583180437,1,0.1895767225078325,0.1715229,0.7
name555,33,ausbildung,1,0,Unemployed_MediumSkilled,Artist,900.0,780.4226369341142,119.57736306588583,0.0,899.5856270740373,0.2596577370084628,mortgages,36,0.8666758488979461,0,1494.3281830481997,1,0.36180881640348006,0.38273025,0.42
name556,57,high school or lower,1,3,LowSkilled,Agriculture,2528.0,2110.03725979444,417.96274020555984,0.0,847.0041331310425,0.4019170155580182,simple loans,48,0.1697157408724219,0,5332.424223323621,0,0.3097362825629574,0.21045946,0.19
name557,36,bachelor degree,1,4,HighSkilled,Finance,3869.0,4789.875696066482,-920.8756960664824,0.2380138785387651,1730.221497187919,0.8166760384793218,auto loans,24,0.6852150925961235,63522,79744.92876195438,1,0.6198514111158351,0.66070604,0.7
name558,42,high school or lower,0,0,LowSkilled,Agriculture,1724.0,934.6368189797304,789.3631810202697,0.0,1471.5235927540516,0.2170286903831049,auto loans,12,0.39568469358108,0,3352.5483016693825,0,0.10222912282885434,0.13170974,0.22
name559,38,high school or lower,2,1,LowSkilled,Agriculture,1045.0,1742.8747213205886,-697.8747213205886,0.6678226998283144,677.0954380547859,0.8767168267888659,auto loans,24,1.3157609180625591,0,1130.9825902884031,1,0.9281625232101993,0.9125123,0.9
name560,45,post graduate degree,0,1,Unemployed_HighSkilled,Doctor,3000.0,2935.514495524399,64.48550447560092,0.0,2866.781707853901,0.4715925281005254,simple loans,48,0.9340987344594336,55366,65017.22006578374,0,0.06453600155591661,0.09489753,0.09
name561,54,bachelor degree,2,0,HighSkilled,Engineering,8563.0,9300.36844143449,-737.3684414344898,0.0861109939781022,3484.372025865277,0.3236861709580984,auto loans,24,0.4930211920237962,48838,62828.0984773808,1,0.30743069602657214,0.31038564,0.79
name562,42,ausbildung,1,1,MediumSkilled,Electrician,2121.0,1466.6160715485628,654.3839284514372,0.0,585.3310409677848,0.4017303730043158,mortgages,12,0.0,28107,31041.32949372224,0,0.30572547340432343,0.21972391,0.13
name563,54,ausbildung,0,3,MediumSkilled,Electrician,1750.0,5107.665771201966,-3357.665771201966,1.918666154972552,1715.5468410721328,0.6898941871038794,auto loans,36,2.8989786355852,49556,46549.46168536901,1,0.9210056541418731,0.85936683,0.88
name564,54,ausbildung,0,1,MediumSkilled,Teacher,2400.0,2971.181668281099,-571.1816682810991,0.2379923617837912,1727.6516262903333,0.8288206418378063,simple loans,36,0.95784720607143,0,4116.395138851088,0,0.3921653445523727,0.28637218,0.22
name565,49,ausbildung,0,0,MediumSkilled,Teacher,3134.0,1986.6520175381077,1147.3479824618926,0.0,1541.0731973233208,0.2244237865483474,simple loans,48,0.1256302536252164,43570,49974.358346059285,0,0.11768240273652858,0.063736565,0.03
name566,54,bachelor degree,1,0,HighSkilled,Consultant,7534.0,4964.001379868228,2569.9986201317724,0.0,1682.3251428518463,0.9187002386334736,auto loans,12,0.0,38885,57402.97308637293,1,0.3033650175703439,0.23327407,0.36
name567,46,high school or lower,0,0,LowSkilled,Manufacturing,2203.0,1347.846647745104,855.1533522548959,0.0,992.9408093376624,0.816790883476046,mortgages,24,0.0625453731651232,0,4270.239586801344,0,0.41136179341639767,0.4489879,0.25
name568,54,ausbildung,0,0,MediumSkilled,Nursing,3137.0,2876.380859437407,260.6191405625932,0.0,1253.0895185579343,0.559711376553232,mortgages,24,0.3163756385066437,19696,24056.34386553053,0,0.32124171452928857,0.3278722,0.21
name569,57,bachelor degree,0,0,HighSkilled,Engineering,10337.0,8876.942681215125,1460.057318784875,0.0,7453.18934875379,0.4872855957338622,simple loans,36,0.5797747924899792,55264,76299.53450110335,0,0.08040208328513923,0.07145755,0.09
name570,53,bachelor degree,0,1,HighSkilled,Doctor,8091.0,4522.845978858533,3568.1540211414667,0.0,5895.455045878069,0.2980421315576352,auto loans,24,0.2876407149594119,57099,79354.74447974312,0,0.05509647523220767,0.07996477,0.07
name571,30,ausbildung,0,1,MediumSkilled,Teacher,1626.0,1659.821106910989,-33.8211069109891,0.0208001887521458,1092.5498047079489,0.5519394271454773,simple loans,12,0.6927250378960258,35171,37981.42153806923,1,0.2808364444430148,0.38809514,0.63
name572,40,bachelor degree,2,0,HighSkilled,Finance,3781.0,4084.082820235579,-303.0828202355792,0.0801594340744721,2771.356873721754,0.4921019359655174,mortgages,36,0.813128720962003,52901,67499.81610305709,1,0.4796746707927289,0.714518,0.8
name573,52,high school or lower,1,1,LowSkilled,Construction,2312.0,1520.805813270393,791.194186729607,0.0,882.0034175116753,0.9407771180582432,simple loans,60,0.0392773489541817,14178,16821.732889471918,0,0.4990594887619609,0.4077527,0.3
name574,30,bachelor degree,0,1,Unemployed_HighSkilled,Finance,1500.0,1497.4222211684078,2.5777788315922407,0.0,1320.3830105950717,0.4996342798836655,mortgages,60,0.878536821175653,0,3431.41294448958,0,0.10493899253916893,0.11198027,0.11
name575,36,bachelor degree,1,1,HighSkilled,Research,4211.0,3220.267930713178,990.732069286822,0.0,3618.516756746931,0.8836605480573612,simple loans,36,0.6240286600475206,0,12171.715187834085,0,0.6655646618856229,0.33777976,0.23
name576,38,high school or lower,1,1,LowSkilled,Manufacturing,885.0,770.3818001368436,114.6181998631564,0.0,684.047417741934,0.2005907490199924,simple loans,24,0.6434228450607657,0,1679.639504822803,0,0.34833941528398704,0.28785336,0.23
name577,45,ausbildung,1,0,MediumSkilled,Electrician,1868.0,2353.3196631916576,-485.3196631916576,0.2598071002096668,1179.1916478323749,0.4746486545260313,auto loans,60,0.8910660123254991,35486,38830.90152714609,0,0.37896315443753,0.39955282,0.19
name578,43,ausbildung,1,0,MediumSkilled,Teacher,1855.0,2056.6144336233992,-201.61443362339924,0.108687026212075,677.1379894758752,0.8145872776263763,auto loans,24,0.4737209828028433,46044,52362.409568786046,1,0.6027262822092402,0.71209186,0.57
name579,57,post graduate degree,0,2,HighSkilled,Engineering,5178.0,13455.687595933194,-8277.687595933194,1.5986264186815746,4760.201455673916,0.4236177480051478,simple loans,60,2.517939175667653,69098,68483.10242464764,1,0.6131263017736692,0.7621331,0.84
name580,36,bachelor degree,0,0,HighSkilled,Consultant,4283.0,5795.691940668798,-1512.6919406687985,0.3531851367426566,4119.9727950462575,0.7355868889674566,simple loans,36,1.3151213485209097,38701,50598.33400370487,1,0.17000948573402272,0.17161559,0.74
name581,49,bachelor degree,0,0,HighSkilled,Consultant,7706.0,6472.213397037221,1233.7866029627794,0.0,4416.580895195336,0.9847681200353516,auto loans,24,0.4130280680291405,62696,88698.3208518685,0,0.17139272273718245,0.097344525,0.03
name582,55,ausbildung,0,1,MediumSkilled,Artist,3088.0,2788.9136614949057,299.0863385050943,0.0,1363.742145214687,0.619460271249423,simple loans,48,0.3447719581313448,20605,26498.25351183468,0,0.3588564835854136,0.28849962,0.16
name583,53,bachelor degree,0,0,HighSkilled,Engineering,9257.0,7659.611072391739,1597.388927608261,0.0,7693.0740114326545,0.632026295131083,auto loans,48,0.6584946617505016,61219,82696.80399163296,0,0.10130986511556411,0.12803458,0.04
name584,37,high school or lower,0,3,LowSkilled,Manufacturing,1031.0,1249.505477879446,-218.5054778794461,0.2119354780595985,639.5985988281132,0.6098780785815032,simple loans,60,0.8323026932178071,23729,28362.94201597436,0,0.4653987055714297,0.49304104,0.15
name585,52,ausbildung,0,1,MediumSkilled,Teacher,4591.0,4300.071556641854,290.92844335814607,0.0,3205.0499999560598,0.9052114539196836,auto loans,48,0.6347465817028781,11634,22658.496796496514,1,0.3939520445535069,0.45928636,0.81
name586,56,post graduate degree,1,2,HighSkilled,Finance,9697.0,10288.312617405958,-591.312617405958,0.0609789231108547,8686.760488634696,0.5132783511912252,auto loans,24,0.956798299065758,49393,81748.47947348333,1,0.46736099078205645,0.4227054,0.42
name587,51,bachelor degree,0,0,HighSkilled,Consultant,7550.0,8477.702977312552,-927.7029773125524,0.1228745665314638,6118.143956614407,0.7347046373913544,auto loans,24,0.9332247594605244,73075,81406.65404886044,0,0.1447258504228616,0.07709723,0.13
name588,33,bachelor degree,1,0,HighSkilled,Consultant,3128.0,2698.670929549421,429.32907045057846,0.0,1653.3376546245445,0.7700286860426482,mortgages,48,0.391307092127227,0,7335.22414870101,1,0.20857412894068866,0.27091664,0.72
name589,55,bachelor degree,1,0,HighSkilled,Consultant,9513.0,5183.013640899229,4329.986359100771,0.0,8435.883500810656,0.2020735243938787,mortgages,12,0.4316090761810034,66287,90473.80864259138,0,0.11959643438658965,0.071960285,0.14
name590,51,ausbildung,0,1,MediumSkilled,Electrician,3290.0,2669.335570884401,620.6644291155985,0.0,2285.566020167264,0.389554200042398,simple loans,24,0.506049115821175,0,7259.2996878830545,0,0.12014776889376755,0.08451907,0.15
name591,34,post graduate degree,1,3,HighSkilled,Research,2780.0,3462.79814632751,-682.79814632751,0.2456108440027014,685.0993810987597,0.6453447047974757,auto loans,48,0.4920494702972193,12278,17782.046224435882,1,0.7434165944644082,0.6966564,0.86
name592,60,bachelor degree,0,1,HighSkilled,Research,6776.0,13064.608074847562,-6288.6080748475615,0.9280708492986366,5902.564337771018,0.7568264725673747,auto loans,24,1.7991694823817266,65899,75316.12951392973,1,0.7729613551286669,0.800656,0.8
name593,30,high school or lower,0,2,LowSkilled,Manufacturing,1116.0,1009.862248653939,106.137751346061,0.0,947.2974654045514,0.927272899862568,mortgages,48,0.7537273423463176,13823,12083.671366501092,0,0.5576835734680606,0.46742532,0.45
name594,45,bachelor degree,1,1,HighSkilled,Doctor,7880.0,5972.979887378902,1907.0201126210975,0.0,5380.58484557427,0.3799323815112592,auto loans,24,0.4408077072275599,11139,29507.04311401235,1,0.16689289280961495,0.14109868,0.35
name595,60,ausbildung,0,0,MediumSkilled,Artist,4551.0,3644.17114573293,906.8288542670692,0.0,2875.57909499451,0.4247197754871529,auto loans,24,0.4325972842732236,15383,24923.214186426037,0,0.27640225436475263,0.32796147,0.17
name596,37,ausbildung,1,0,MediumSkilled,IT Support,1892.0,2812.75687070254,-920.7568707025398,0.4866579654876003,1807.3579777263928,0.4632744063934979,auto loans,12,1.441921167245736,30119,33770.62185920338,1,0.5127454234753205,0.52694565,0.85
name597,37,bachelor degree,0,1,HighSkilled,Engineering,5891.0,5057.572598422324,833.4274015776764,0.0,1765.2401426629206,0.998467535425457,auto loans,24,0.1581756477822516,50005,59075.17438217077,0,0.20565867992904113,0.15124613,0.17
name598,45,ausbildung,0,0,MediumSkilled,Electrician,2122.0,1255.1952234975713,866.8047765024287,0.0,805.24180044891,0.8935014958455856,auto loans,12,0.0,44272,52902.50721528369,1,0.28061717212117615,0.34890482,0.61
name599,54,bachelor degree,2,1,HighSkilled,Research,10459.0,8136.027573236786,2322.9724267632137,0.0,5216.743566055912,0.7404882520421752,mortgages,12,0.2766776115587244,79441,110826.66155289426,1,0.8634430127847232,0.830292,0.77
name600,44,ausbildung,1,0,MediumSkilled,Nursing,2772.0,2576.143236604312,195.85676339568863,0.0,783.7038389268683,0.9186381244042784,auto loans,36,0.2120660445639176,43012,45992.20821863244,1,0.7665207805532916,0.8176334,0.88
name601,59,high school or lower,1,0,LowSkilled,Manufacturing,2316.0,1370.9511381759694,945.0488618240306,0.0,1753.304713205466,0.8855340829372973,auto loans,24,0.348987846019618,14287,14648.07533075564,0,0.6351509099433141,0.63306326,0.28
name602,48,bachelor degree,2,0,HighSkilled,Consultant,6898.0,3138.4215948060028,3759.578405193997,0.0,1535.4398740835054,0.7728403224256917,mortgages,60,0.0,26621,48581.52003399541,0,0.4369021754884427,0.41945016,0.23
name603,39,bachelor degree,1,0,HighSkilled,Doctor,3595.0,5004.65870768868,-1409.65870768868,0.3921164694544311,2606.345035874709,0.5339446470396507,auto loans,24,1.117108134509983,61772,66527.98348694968,0,0.27740988066592714,0.2506156,0.13
name604,35,bachelor degree,0,0,HighSkilled,Finance,1995.0,2180.1411315077057,-185.1411315077057,0.0928025721843136,1636.2091166606945,0.5201129721949223,simple loans,36,0.9129575178788972,59722,57129.18653024284,0,0.1214742968570989,0.11384862,0.18
name605,35,ausbildung,0,0,MediumSkilled,Artist,1433.0,1692.2019529531676,-259.2019529531676,0.1808806370922314,567.8242104216796,0.504446169989437,auto loans,60,0.5771292137996142,0,1996.7480118538788,0,0.40600705965687356,0.37613785,0.2
name606,54,bachelor degree,1,1,HighSkilled,Consultant,10252.0,8726.016648578678,1525.9833514213224,0.0,3183.659563478233,0.9388806680296258,auto loans,60,0.1616929586477673,25956,54852.30002205445,1,0.3709783778177642,0.3145552,0.66
name607,60,ausbildung,0,0,Unemployed_MediumSkilled,Teacher,2000.0,1937.8518075592071,62.148192440792855,0.0,1751.792716080742,0.6512808271289049,auto loans,60,0.8448222618199746,24000,23511.48563529291,0,0.1395860791218614,0.15671538,0.05
name608,32,high school or lower,1,1,LowSkilled,Construction,979.0,944.2961473277776,34.703852672222524,0.0,405.6762661390405,0.8350993288238133,simple loans,12,0.3789299422541552,13814,15119.728636109428,0,0.5226393819284182,0.33956045,0.31
name609,45,bachelor degree,0,3,Unemployed_HighSkilled,Research,3000.0,3315.470618204761,-315.4706182047612,0.1051568727349204,1396.1690871692497,0.5070404748782198,auto loans,48,0.5705465684580036,33151,45334.08636284006,1,0.2813722053367994,0.48038745,0.76
name610,32,high school or lower,1,1,LowSkilled,Cleaning Services,1059.0,1278.2879524645598,-219.2879524645598,0.2070707766426438,1057.1952584745993,0.4882731452316069,simple loans,24,1.2053665825676667,0,1409.3276413132553,1,0.6002439960280574,0.7153324,0.8
name611,41,high school or lower,0,0,LowSkilled,Construction,1331.0,990.9396997462547,340.06030025374514,0.0,1222.504688217944,0.4311683657350313,simple loans,12,0.6629935296500368,16289,15300.21727187733,0,0.12028661290507998,0.091636635,0.09
name612,52,high school or lower,1,1,Unemployed_LowSkilled,Construction,1000.0,814.9600309393238,185.03996906067616,0.0,705.2113365746815,0.5537430848052224,auto loans,24,0.5201713675140053,9063,11717.74631420738,0,0.45657476819684983,0.4775865,0.27
name613,59,ausbildung,0,2,MediumSkilled,Teacher,3868.0,1965.2533283852667,1902.7466716147333,0.0,2988.6772184715333,0.9092570970886034,auto loans,48,0.2807472975327817,23913,29236.44450358474,1,0.38885475315725326,0.49423686,0.61
name614,32,ausbildung,0,1,MediumSkilled,Electrician,2065.0,1657.5192804789417,407.4807195210585,0.0,1790.8285362751735,0.366290671263965,mortgages,24,0.6699020904378282,14362,18932.402622578367,0,0.14562474103221298,0.15216258,0.22
name615,51,bachelor degree,1,0,HighSkilled,Finance,7438.0,12892.938676520847,-5454.938676520847,0.7333878295940908,7001.372922357494,0.408208456123093,mortgages,48,1.6746856142616753,70274,80845.8419641651,1,0.590221005366648,0.7230414,0.78
name616,37,ausbildung,0,3,MediumSkilled,Nursing,2208.0,3610.7590875725336,-1402.7590875725336,0.6353075577774157,1484.210854780183,0.6471838351727905,auto loans,12,1.307504502877136,0,3699.992840273372,1,0.7748628928604027,0.73870295,0.71
name617,58,bachelor degree,0,1,HighSkilled,Finance,4662.0,13539.076380817538,-8877.076380817538,1.9041347878201496,4409.334376028432,0.5383678145217217,auto loans,36,2.849937957281418,48193,50757.2315873363,1,0.8280922742331079,0.84221977,0.65
name618,50,ausbildung,1,1,MediumSkilled,Teacher,3655.0,2546.657016947509,1108.342983052491,0.0,1276.4998392548357,0.3579424367654003,auto loans,36,0.0460073477981791,28244,32649.921227940376,0,0.3629489892665847,0.3458651,0.26
name619,37,post graduate degree,0,1,HighSkilled,Research,4353.0,5631.798415311661,-1278.7984153116613,0.2937740444088356,4125.043546916812,0.9763529047059892,auto loans,60,1.2414063777230584,41689,61802.50826045403,0,0.6693689578575994,0.6628364,0.24
name620,57,post graduate degree,0,1,Unemployed_HighSkilled,Consultant,4500.0,5072.102075880142,-572.1020758801424,0.1271337946400316,969.2140989765488,0.863472019061126,simple loans,12,0.3425147055237091,67345,71269.86873110983,1,0.17676869279905336,0.09769226,0.27
name621,48,high school or lower,0,1,LowSkilled,Manufacturing,2143.0,1283.3924219586113,859.6075780413887,0.0,462.3428376103837,0.3733963125317988,mortgages,36,0.0,16969,20407.14766951583,1,0.22364987016362745,0.19542742,0.6
name622,59,high school or lower,0,0,LowSkilled,Manufacturing,1650.0,1528.0039771311262,121.99602286887377,0.0,1141.446951251098,0.3649015267977685,auto loans,24,0.6178490475043783,0,3053.2607011676687,0,0.15396683946644882,0.19536813,0.07
name623,35,ausbildung,0,0,MediumSkilled,Artist,1994.0,1123.8240822854314,870.1759177145686,0.0,1714.4298883368635,0.3979618248621852,auto loans,48,0.4233971768416724,0,5106.625465404738,0,0.2969987661061957,0.27225775,0.08
name624,52,ausbildung,0,0,MediumSkilled,Nursing,5004.0,4534.292118462908,469.7078815370924,0.0,4764.872530177579,0.9360988066947092,mortgages,12,0.8583462527259167,18278,32310.253761785872,0,0.5754577085487255,0.51129586,0.12
name625,50,bachelor degree,0,0,HighSkilled,Consultant,8044.0,3805.41444759797,4238.58555240203,0.0,4945.478636788869,0.7367745045226377,mortgages,12,0.0878783048715613,74841,94426.23305558466,0,0.1264174862784603,0.07658134,0.13
name626,37,high school or lower,0,0,LowSkilled,Cleaning Services,979.0,1282.7900483984497,-303.7900483984497,0.3103064845745145,246.3161847049379,0.6711002038217824,auto loans,60,0.5619062646612744,12953,13492.93647667611,1,0.45473012801666046,0.22364832,0.37
name627,35,bachelor degree,2,1,HighSkilled,Finance,3307.0,2384.570018833086,922.429981166914,0.0,1948.1626497250895,0.4313262127643044,simple loans,48,0.310170144710667,24475,27056.265751540428,1,0.46088229759252447,0.41815457,0.74
name628,32,high school or lower,1,0,Unemployed_LowSkilled,Cleaning Services,500.0,404.8544745652215,95.1455254347785,0.0,161.20341129724423,0.9291037973033118,auto loans,48,0.1321157717249314,13771,16358.95993224504,1,0.8309644863735396,0.7198129,0.85
name629,48,ausbildung,0,0,MediumSkilled,Nursing,3202.0,2381.057243536065,820.942756463935,0.0,749.9477093227086,0.498193176499359,simple loans,24,0.0,22103,33185.83507182019,0,0.31537374518830247,0.2916181,0.25
name630,31,post graduate degree,0,0,HighSkilled,Finance,3114.0,2239.3260358973444,874.6739641026556,0.0,3036.0306450403973,0.2540675415831679,mortgages,12,0.6940772899607391,0,7420.564688516942,0,0.09576579948573934,0.11368359,0.09
name631,34,ausbildung,0,3,MediumSkilled,Nursing,1809.0,2069.850768507815,-260.8507685078148,0.1441961130502016,449.78864688162594,0.4381106130722438,mortgages,24,0.3928354977277173,35319,37171.52851522036,0,0.47176742451487197,0.46992433,0.33
name632,36,high school or lower,0,0,LowSkilled,Transportation,1359.0,1653.7229983617433,-294.7229983617433,0.2168675484633872,1016.0204067912368,0.4083849649555158,simple loans,12,0.9644911001861516,0,1679.652879746028,1,0.3570107186191445,0.4779355,0.77
name633,43,high school or lower,1,0,LowSkilled,Construction,1634.0,2204.6488069448,-570.6488069447996,0.3492342759760095,1549.7618964763367,0.4558036555234639,mortgages,24,1.2976809690459832,6781,7704.171604438088,0,0.41593175829360385,0.42219073,0.22
name634,55,post graduate degree,0,0,HighSkilled,Finance,9597.0,3745.419246672823,5851.580753327177,0.0,6022.097429501222,0.6233101830434558,auto loans,24,0.0177677061763097,11922,46360.83676662277,0,0.22853028456239824,0.22348857,0.43
name635,58,post graduate degree,1,0,HighSkilled,Doctor,11847.0,19818.491989344315,-7971.491989344315,0.6728700927951646,5784.353117286089,0.4073025726973174,auto loans,48,1.161124766323154,61546,87514.48661519078,0,0.5253737488864388,0.4731352,0.21
name636,60,ausbildung,1,1,MediumSkilled,Electrician,2244.0,7032.171039022005,-4788.171039022005,2.133766060170234,1281.6774198724522,0.9923748049344816,auto loans,48,2.7049235556570665,48372,48266.7382619853,1,0.9852893764467614,0.9499071,0.88
name637,56,high school or lower,0,0,LowSkilled,Construction,2105.0,1518.292074408207,586.7079255917927,0.0,2065.215480023276,0.3740298005749242,auto loans,24,0.7023788857156691,18490,21245.971381947365,0,0.08688291710675798,0.052638076,0.22
name638,44,high school or lower,0,3,LowSkilled,Manufacturing,1520.0,1779.240206338279,-259.240206338279,0.1705527673278151,948.0824985305192,0.6304559175434119,simple loans,12,0.7942912532031566,23485,27318.433899825468,0,0.46119945486843805,0.47225976,0.26
name639,34,bachelor degree,1,2,HighSkilled,Doctor,2683.0,2617.6284385577146,65.37156144228538,0.0,2598.3116348777967,0.3710171385239095,mortgages,36,0.944070098186922,53109,64208.20720888992,0,0.12083961395249097,0.08307579,0.08
name640,37,high school or lower,2,0,LowSkilled,Manufacturing,1353.0,739.0373871385813,613.9626128614187,0.0,1216.822765279997,0.8591000999392906,auto loans,48,0.4455729138348693,15390,20553.244677937528,1,0.8484718387618069,0.89369327,0.75
name641,43,post graduate degree,1,0,HighSkilled,Doctor,5686.0,4757.337617692325,928.6623823076752,0.0,3975.128836443929,0.8967572771849011,mortgages,12,0.5357837590812968,26439,45598.60332282043,0,0.3612893089093827,0.309705,0.2
name642,42,bachelor degree,1,1,HighSkilled,Doctor,5507.0,4166.65229933401,1340.3477006659896,0.0,1870.7933744570755,0.9261081279478572,simple loans,48,0.0963220762286336,41065,52899.84806391359,0,0.32871568899020903,0.36341777,0.19
name643,58,ausbildung,0,1,MediumSkilled,Electrician,3772.0,4041.659769316933,-269.6597693169333,0.0714898646121244,2885.6240863577086,0.7516044945749314,mortgages,24,0.8365015524057905,17155,27060.195839813012,0,0.2346831034489658,0.1501811,0.13
name644,46,high school or lower,0,0,LowSkilled,Manufacturing,1822.0,1716.1746166942046,105.8253833057954,0.0,771.7625018369563,0.7614317050922413,mortgages,48,0.3654978696658402,6160,9611.325937947984,1,0.3543397825219493,0.4462072,0.75
name645,45,post graduate degree,1,0,HighSkilled,Finance,7832.0,5350.444012976686,2481.5559870233137,0.0,2671.956337281779,0.5766361482435094,simple loans,48,0.0243105656611931,65820,77580.0906579263,0,0.4358090465191857,0.35406566,0.19
name646,30,high school or lower,0,1,LowSkilled,Manufacturing,1261.0,1077.2166123810125,183.7833876189875,0.0,570.2004077614403,0.695940863593845,mortgages,48,0.3064369707711759,0,1639.0198497061451,0,0.4131518301316018,0.33277056,0.27
name647,35,high school or lower,1,1,Unemployed_LowSkilled,Agriculture,500.0,439.3944705731248,60.6055294268752,0.0,207.7327006425454,0.2073118733175555,simple loans,24,0.2942543424313404,16063,17379.014922025675,0,0.4145278314153337,0.30184534,0.24
name648,51,high school or lower,1,0,LowSkilled,Transportation,2213.0,2806.66383774962,-593.6638377496201,0.2682620143468686,599.3552443625673,0.9777472321863024,auto loans,48,0.5390958346643413,21325,30861.6787348688,1,0.8075005946891947,0.9086167,0.85
name649,50,ausbildung,0,0,MediumSkilled,Electrician,3048.0,1752.173545970881,1295.826454029119,0.0,668.6394195676875,0.6633592454802335,auto loans,36,0.0,28363,28447.843003690272,0,0.1937497364303563,0.13355063,0.08
name650,57,post graduate degree,0,0,HighSkilled,Finance,5007.0,5342.447579722293,-335.4475797222931,0.0669957219337513,3492.131226167286,0.496497015876768,simple loans,48,0.7644455374255201,16599,24737.486981381717,0,0.12108749769723244,0.053739734,0.12
name651,52,post graduate degree,0,1,HighSkilled,Engineering,9931.0,6331.26257885956,3599.7374211404403,0.0,2452.8960310622333,0.828402286719083,simple loans,48,0.0,52840,78422.18309652549,0,0.2010940913470858,0.20311844,0.05
name652,58,ausbildung,0,2,MediumSkilled,Teacher,3842.0,4121.384066859399,-279.3840668593993,0.0727183932481518,1951.0229821332773,0.5682893381113571,auto loans,36,0.5805328081709207,39872,38949.99276132139,0,0.272605032346779,0.24851854,0.15
name653,46,ausbildung,1,0,MediumSkilled,Nursing,2401.0,1721.0168050161185,679.9831949838815,0.0,1400.4615432077987,0.4734039820048015,mortgages,48,0.3000742808096281,0,5110.2474440444585,0,0.5154626311262763,0.5780092,0.22
name654,37,bachelor degree,0,0,HighSkilled,Engineering,4015.0,4175.757792812544,-160.7577928125438,0.040039300825042,1009.0480442469228,0.92186959788672,simple loans,24,0.2913588635266417,52213,62549.25889157391,0,0.13839713712757298,0.09486178,0.08
name655,49,high school or lower,0,3,LowSkilled,Transportation,1847.0,1733.9179639830077,113.08203601699232,0.0,1550.2198054401103,0.3150301975171516,auto loans,48,0.7780929991462469,22949,20464.161115084386,0,0.25019259123495136,0.19055045,0.2
name656,58,bachelor degree,0,2,HighSkilled,Finance,6766.0,7726.656375679495,-960.6563756794948,0.1419829109783468,3341.460374114797,0.8310485830751172,auto loans,12,0.6358434451366083,60717,79219.02296016163,1,0.28068149945195164,0.3311731,0.71
name657,56,ausbildung,0,0,MediumSkilled,IT Support,5041.0,4327.925821900754,713.0741780992457,0.0,2810.2079199598284,0.593177945567875,auto loans,60,0.4160154219124345,23751,27987.59794000857,0,0.1599748607981126,0.07399201,0.22
name658,45,post graduate degree,1,0,HighSkilled,Finance,4738.0,3604.681170872757,1133.3188291272431,0.0,1056.0712996700108,0.448321416225891,mortgages,24,0.0,55438,59863.69700100196,0,0.29807400954585256,0.2454052,0.18
name659,60,high school or lower,1,0,LowSkilled,Construction,2593.0,1465.542412856333,1127.457587143667,0.0,2500.444889544693,0.9406610614808908,simple loans,24,0.5294976098731301,23756,27364.34070916045,1,0.45589265398510165,0.3439621,0.46
name660,41,bachelor degree,1,0,HighSkilled,Doctor,6487.0,5483.792620985372,1003.2073790146278,0.0,5129.919808350558,0.4268456808957108,mortgages,48,0.6361511375575659,19209,40539.0112484532,1,0.1415050820721571,0.16753994,0.65
name661,49,high school or lower,1,0,LowSkilled,Manufacturing,1607.0,1423.312462768141,183.6875372318591,0.0,569.6867549439495,0.3754130581244108,simple loans,12,0.2401986420112572,0,2591.530325231739,0,0.3893358333179476,0.34310606,0.17
name662,40,bachelor degree,3,0,HighSkilled,Consultant,4548.0,4650.432000592378,-102.43200059237824,0.0225224275708835,1763.009887603342,0.9216734006135512,auto loans,12,0.4101675215909675,34985,40776.69367463954,1,0.762062165724785,0.8318939,0.46
name663,34,high school or lower,0,3,LowSkilled,Agriculture,1043.0,1050.0083346670956,-7.008334667095596,0.0067194004478385,634.2929374806055,0.6311904884515265,simple loans,12,0.6148621976488026,11411,11291.576829257525,0,0.28877163199583883,0.19345674,0.2
name664,39,post graduate degree,0,0,HighSkilled,Engineering,4495.0,5001.175589761686,-506.1755897616858,0.1126085850415318,2235.2559900317924,0.5222128360605696,auto loans,24,0.6098846673622866,0,11370.898001188862,0,0.09371621110476187,0.06698272,0.11
name665,48,ausbildung,1,0,MediumSkilled,Nursing,3323.0,1168.9131879002523,2154.0868120997475,0.0,2022.6409817081185,0.6305141069978561,auto loans,48,0.0,10753,18572.03070754795,0,0.6279796419807162,0.6756955,0.17
name666,41,bachelor degree,1,0,HighSkilled,Consultant,7084.0,6009.453067678821,1074.5469323211792,0.0,7046.48000224174,0.940354901961966,auto loans,24,0.8430170906155507,71169,77242.25892817567,0,0.4020972899944822,0.29823515,0.31
name667,45,bachelor degree,0,2,HighSkilled,Consultant,6406.0,4259.115722216327,2146.884277783673,0.0,1505.447535340385,0.675895802480432,auto loans,12,0.0,53167,81037.91755738325,0,0.10670532954445887,0.06265032,0.01
name668,59,high school or lower,0,1,Unemployed_LowSkilled,Agriculture,1100.0,939.2481070812424,160.75189291875756,0.0,440.3255545557169,0.6658033045448148,auto loans,24,0.2541578742154176,23912,24887.24417585458,0,0.31885824551809433,0.31212553,0.1
name669,50,high school or lower,1,1,LowSkilled,Cleaning Services,1615.0,1502.1440308625113,112.85596913748871,0.0,642.8922453618335,0.6611503866054951,mortgages,60,0.3281958366714209,22691,24513.543755941148,0,0.5174108739816519,0.40790337,0.5
name670,36,high school or lower,0,0,Unemployed_LowSkilled,Manufacturing,600.0,728.4696779102106,-128.46967791021063,0.214116129850351,226.94132390629355,0.4775615555666234,mortgages,24,0.5923516696941736,20650,22502.345486360824,1,0.5348067096317056,0.5578075,0.75
name671,57,bachelor degree,0,1,HighSkilled,Finance,10208.0,6284.776588844909,3923.2234111550906,0.0,3813.065836020324,0.8368205326626834,auto loans,12,0.0,55622,87325.4165166238,1,0.29031146900377697,0.3232675,0.72
name672,50,bachelor degree,1,0,HighSkilled,Doctor,7507.0,5369.191564496658,2137.8084355033416,0.0,7120.498413375527,0.9770016554374829,simple loans,24,0.6637391738207253,51109,72784.3293228327,1,0.3617301308261482,0.41637066,0.21
name673,50,post graduate degree,0,0,HighSkilled,Engineering,6133.0,5354.482669072742,778.5173309272577,0.0,1735.886517181936,0.3896446708942552,auto loans,24,0.1561012858722776,76134,93210.38565593612,0,0.06157317741973845,0.119140536,0.03
name674,49,bachelor degree,1,1,HighSkilled,Engineering,7815.0,8272.55576656399,-457.5557665639899,0.0585484026313486,5823.091116866416,0.4437901180980384,auto loans,12,0.8036656280781069,71435,88358.26715733286,1,0.19540877809903331,0.18655014,0.74
name675,56,ausbildung,0,1,MediumSkilled,Teacher,4222.0,3302.522769817109,919.4772301828912,0.0,3072.4162102681107,0.6062171125332677,auto loans,24,0.5099334391485598,15341,26550.33475509254,0,0.2443536182852866,0.2296097,0.34
name676,50,bachelor degree,0,0,HighSkilled,Consultant,8277.0,7614.502485889906,662.497514110094,0.0,6431.405148118201,0.6069735989247993,auto loans,36,0.6969805042899732,71227,102478.75096698209,0,0.08628135919211816,0.05675072,0.09
name677,50,high school or lower,0,1,LowSkilled,Construction,1918.0,1842.3918621199768,75.60813788002338,0.0,1820.5929454645357,0.2492589037475831,auto loans,24,0.909793955987754,0,3221.1116393493503,0,0.07834233706372515,0.11235101,0.07
name678,54,high school or lower,0,0,LowSkilled,Transportation,2616.0,1862.708926432851,753.2910735671489,0.0,849.0868769260328,0.3109224893546018,auto loans,48,0.0366191908864234,5326,10742.264732240128,0,0.1890214724094153,0.15632753,0.11
name679,57,ausbildung,0,1,MediumSkilled,Nursing,3853.0,4788.246523981664,-935.2465239816638,0.2427320332161079,2258.5080635286604,0.5676318594039955,auto loans,12,0.8289007494187189,0,7018.12554540116,0,0.4645009214505557,0.5633719,0.17
name680,35,high school or lower,0,0,LowSkilled,Manufacturing,1112.0,1182.6521873464335,-70.65218734643372,0.0635361397000303,1057.3865819327402,0.94442447904135,mortgages,24,1.0144233536683218,9247,13632.348463268012,0,0.5122250057089186,0.5975959,0.15
name681,59,bachelor degree,0,3,HighSkilled,Engineering,6653.0,7044.580254864661,-391.5802548646607,0.0588576965075395,2970.8354505664743,0.5835581387437594,simple loans,12,0.5053984225809612,54683,61436.998275065394,1,0.09534694553323839,0.14052217,0.73
name682,32,high school or lower,0,0,LowSkilled,Transportation,883.0,1047.1502762649584,-164.1502762649584,0.1859006526216969,441.8658828821786,0.2788930317011063,auto loans,24,0.6863150160216727,0,1309.6365708602025,0,0.291155042016457,0.22163676,0.26
name683,48,bachelor degree,0,0,HighSkilled,Engineering,5872.0,7487.795493853547,-1615.7954938535468,0.2751695323320073,3490.2697336229617,0.7263092661441757,auto loans,24,0.8695615169408224,0,14384.909744435408,0,0.1364501814956009,0.14803603,0.14
name684,55,ausbildung,1,3,MediumSkilled,Teacher,3888.0,3082.783247752279,805.2167522477212,0.0,3324.6006913198285,0.2550815286782126,auto loans,48,0.6479896962634021,27347,32648.49296920987,0,0.33378804676221896,0.31321234,0.21
name685,52,bachelor degree,0,1,HighSkilled,Consultant,7301.0,6215.799062220741,1085.2009377792592,0.0,7127.993059650045,0.2517918928243294,auto loans,12,0.8276663637680847,22402,36370.633259495226,0,0.045711587266283965,0.01914604,0.1
name686,57,bachelor degree,2,0,HighSkilled,Engineering,10483.0,7992.094550998748,2490.905449001252,0.0,2755.0494747468188,0.2538371070184492,simple loans,24,0.0251973696218226,48811,77495.37502995132,1,0.2582389230401424,0.35157797,0.26
name687,41,bachelor degree,1,0,HighSkilled,Doctor,6311.0,4777.200497486823,1533.7995025131768,0.0,4622.151045435591,0.9210708038090176,auto loans,36,0.4893600923660932,50478,58683.065537121394,0,0.3553521481919176,0.30757862,0.14
name688,53,high school or lower,0,0,LowSkilled,Manufacturing,1323.0,1305.0709580518746,17.92904194812536,0.0,851.7431213671474,0.4482727267953125,simple loans,48,0.6302449579886787,0,2005.4660903377064,0,0.18166125218237544,0.23820424,0.17
name689,51,high school or lower,1,0,LowSkilled,Agriculture,1547.0,1106.9973598447734,440.0026401552266,0.0,637.2698673541157,0.6965857200828975,auto loans,24,0.1275159839682541,14778,17965.963469416158,0,0.40439482211318917,0.46590778,0.42
name690,55,bachelor degree,0,2,HighSkilled,Consultant,7994.0,6427.456195118851,1566.5438048811493,0.0,4283.681871276827,0.8288062140760746,mortgages,48,0.3398971811853487,51984,71805.84138600653,0,0.14140293461536604,0.06629728,0.07
name691,40,ausbildung,2,1,MediumSkilled,Electrician,2408.0,1861.837625605414,546.1623743945861,0.0,523.0619162079255,0.9955212980478048,mortgages,48,0.0,25694,36068.8620359248,1,0.7958551517693995,0.890073,0.64
name692,43,high school or lower,0,0,LowSkilled,Manufacturing,1034.0,984.7145607144652,49.28543928553472,0.0,839.9987363046307,0.466742663662945,auto loans,48,0.7647130532099574,11073,13732.839622863965,0,0.21798326515533445,0.23769982,0.08
name693,49,high school or lower,0,0,LowSkilled,Agriculture,1546.0,1549.7792638208027,-3.7792638208027256,0.0024445432217352,1068.0663230092052,0.8637381923604674,auto loans,24,0.6933024494372626,19182,17954.529682758257,1,0.2725031763473765,0.28715262,0.64
name694,39,ausbildung,0,0,MediumSkilled,Electrician,2057.0,1222.4870222920567,834.5129777079433,0.0,594.3948521205607,0.8887051224663324,auto loans,24,0.0,20492,23884.254539777725,0,0.29925192120277,0.2836657,0.12
name695,33,ausbildung,0,0,MediumSkilled,Electrician,1789.0,2826.5319321520446,-1037.5319321520446,0.5799507725835912,577.3606093707128,0.3491011369046877,auto loans,36,0.9026788940876228,36282,40527.77012571511,0,0.30920372082266223,0.29772878,0.16
name696,47,bachelor degree,1,0,HighSkilled,Finance,7770.0,4702.099749677861,3067.900250322139,0.0,7470.6291757366,0.8384681201339134,mortgages,24,0.5666317793326204,40724,63963.8197696083,1,0.4882873953917557,0.60091704,0.7
name697,43,bachelor degree,0,1,HighSkilled,Finance,5274.0,3976.966478143423,1297.0335218565774,0.0,4160.369764209032,0.5321479762324496,mortgages,48,0.5429154801578412,53093,73467.67382246313,0,0.13000400284344177,0.11291077,0.11
name698,40,high school or lower,0,2,LowSkilled,Agriculture,1013.0,1803.9361901154,-790.9361901153998,0.7807859724732475,240.19812143304367,0.2770011108802757,simple loans,12,1.0179015908671702,6430,7824.02304613942,1,0.4141940338238741,0.3457144,0.78
name699,37,high school or lower,0,0,LowSkilled,Transportation,994.0,1047.5281982954752,-53.52819829547525,0.0538513061322688,742.3362898860424,0.6154136658942254,mortgages,48,0.8006684991765771,23615,28118.96502427724,0,0.35352614138923133,0.36511302,0.1
name700,30,post graduate degree,0,0,HighSkilled,Consultant,3664.0,2646.983263647816,1017.016736352184,0.0,3456.782898997213,0.876469243749439,simple loans,12,0.6658750443900189,70026,89226.82742854528,0,0.17142975474146752,0.15878806,0.05
name701,32,ausbildung,0,1,MediumSkilled,Teacher,1584.0,1307.7635685213215,276.23643147867847,0.0,685.7688671448469,0.9801590700363144,simple loans,36,0.2585432043347023,45207,46285.7560665686,0,0.4728291625741349,0.60436964,0.2
name702,45,high school or lower,3,3,Unemployed_LowSkilled,Cleaning Services,750.0,682.5141011005982,67.48589889940183,0.0,434.0241844012523,0.4532500781661173,simple loans,12,0.4887177140024673,7923,8888.701319938977,1,0.9341981818031533,0.76351327,0.91
name703,53,bachelor degree,1,1,HighSkilled,Finance,9745.0,6465.214051629811,3279.7859483701886,0.0,2537.0815508190826,0.3037530404163478,auto loans,48,0.0,48648,63173.02629546694,0,0.27012335609677995,0.16855708,0.09
name704,34,high school or lower,0,0,LowSkilled,Transportation,842.0,558.7700860092743,283.22991399072566,0.0,793.4350231772981,0.9278576357491948,auto loans,24,0.6059443101978296,10899,13191.990806142552,1,0.51848505950931,0.69294614,0.71
name705,42,high school or lower,1,0,LowSkilled,Agriculture,1527.0,903.3837281958158,623.6162718041842,0.0,932.6875581789031,0.2166769802033656,simple loans,36,0.2024042477895998,14338,17076.12835356501,0,0.222865818098806,0.15324016,0.17
name706,55,high school or lower,1,0,LowSkilled,Cleaning Services,2127.0,1270.190084320929,856.8099156790711,0.0,517.512448720308,0.5663121929339254,simple loans,24,0.0,22072,24078.32834413496,0,0.454916625248865,0.4104253,0.14
name707,40,ausbildung,0,0,MediumSkilled,Artist,2924.0,3440.0670930086944,-516.0670930086944,0.1764935338607026,1482.8058049316012,0.7818924150595539,simple loans,48,0.6836090622230833,29107,32009.916497058533,0,0.5804422992042686,0.4906277,0.26
name708,37,ausbildung,0,0,MediumSkilled,Teacher,2109.0,2166.265679701124,-57.265679701123645,0.0271530012807603,1713.5650882074597,0.4334921694366753,auto loans,36,0.8396542285009878,12368,18003.138445620876,0,0.18865833429026851,0.14653374,0.09
name709,52,ausbildung,1,0,MediumSkilled,Electrician,2839.0,1230.9558497876278,1608.0441502123722,0.0,1729.3015360061108,0.8471059078264237,simple loans,24,0.0427113017942017,34104,43286.70949859982,0,0.4622478155768352,0.5332551,0.18
name710,38,bachelor degree,0,0,HighSkilled,Engineering,4426.0,3546.4778619042777,879.5221380957223,0.0,3176.2569113943287,0.3078329281097182,simple loans,24,0.5189188371664271,36941,46430.416990258505,1,0.04084533956458699,0.028051931,0.47
name711,53,ausbildung,1,0,MediumSkilled,Teacher,4389.0,5295.428987138008,-906.428987138008,0.2065228952239708,1519.920934897132,0.9512443691694348,simple loans,60,0.5528252271668124,41800,47266.277813795336,0,0.717146650219232,0.62192166,0.19
name712,32,bachelor degree,0,1,HighSkilled,Engineering,4384.0,3022.786772571767,1361.213227428233,0.0,1736.5969226882253,0.4308288641997888,auto loans,48,0.085625842896896,0,12696.888481564669,0,0.059369725823655885,0.04536433,0.07
name713,36,bachelor degree,0,1,HighSkilled,Doctor,2787.0,4495.866836803775,-1708.8668368037752,0.6131563820609168,2544.032088331576,0.8520560853356729,mortgages,24,1.5259773681863478,60809,63738.11562920599,0,0.31472976464588065,0.25476214,0.17
name714,59,bachelor degree,1,0,HighSkilled,Finance,12991.0,7411.272879862094,5579.727120137906,0.0,10004.531988853008,0.7578988790820227,auto loans,24,0.3406054090304905,69963,123977.42708095784,0,0.5186881487074427,0.58823603,0.15
name715,49,bachelor degree,1,0,HighSkilled,Finance,5293.0,6556.781337067795,-1263.781337067795,0.2387646584295853,4342.14762590702,0.7537524202258521,auto loans,24,1.0591212852776903,36852,62911.99713556213,0,0.4368885562296411,0.65276414,0.15
name716,51,ausbildung,2,1,MediumSkilled,Nursing,3765.0,4890.349313178953,-1125.3493131789528,0.2988975599412889,2717.477506650742,0.7919219790841332,auto loans,60,1.0206711340849122,29342,37884.49269867072,1,0.920877390215508,0.9303443,0.65
name717,34,high school or lower,0,0,LowSkilled,Manufacturing,1312.0,1152.3805275221243,159.61947247787566,0.0,313.4036924630473,0.7765753719669224,mortgages,12,0.117213582305771,21237,26572.00756482346,1,0.4303880676954957,0.6058372,0.75
name718,33,bachelor degree,0,0,HighSkilled,Engineering,2653.0,2630.2833336664653,22.716666333534704,0.0,2353.35395998795,0.7498176607896463,auto loans,48,0.8784912527909594,34954,42368.51502031198,0,0.08188298212590733,0.052965194,0.08
name719,56,high school or lower,0,0,LowSkilled,Agriculture,2095.0,1899.8368840322623,195.16311596773744,0.0,1618.8716632399055,0.3297726745792183,auto loans,12,0.6795744855714407,0,2815.3934231941384,0,0.09843568939251524,0.1485159,0.12
name720,50,high school or lower,0,2,Unemployed_LowSkilled,Construction,900.0,1150.3126357644076,-250.3126357644076,0.2781251508493417,607.6811634620364,0.4995757061742589,auto loans,24,0.9533264435849376,6265,6521.891487271212,0,0.3562797296636688,0.36435065,0.22
name721,40,bachelor degree,0,1,HighSkilled,Engineering,4119.0,4056.489594458541,62.51040554145857,0.0,2900.6929612588297,0.939424304805666,mortgages,12,0.689046505393875,0,9613.541134785386,0,0.13678434336655973,0.20165421,0.1
name722,50,post graduate degree,1,0,HighSkilled,Doctor,6196.0,3871.912209718017,2324.087790281983,0.0,5321.607959920872,0.4158660966410084,simple loans,60,0.4837831132406211,64207,89377.02330335134,0,0.1508339187592833,0.2543268,0.25
name723,46,ausbildung,0,1,MediumSkilled,Electrician,3493.0,3655.0078029882857,-162.00780298828568,0.0463807051211811,3094.0654205413325,0.3120057781833019,auto loans,24,0.932170977248674,34428,43800.0080903114,0,0.12886556633813373,0.122288756,0.16
name724,59,ausbildung,1,1,MediumSkilled,Electrician,3237.0,3224.3702729854253,12.629727014574655,0.0,2453.1907931626547,0.6180357277055744,mortgages,60,0.7539576972962867,17893,25490.91179410254,0,0.31583543524651636,0.22252668,0.1
name725,33,ausbildung,1,0,MediumSkilled,Artist,1801.0,2097.154600436773,-296.15460043677285,0.1644389785878805,991.8796783369093,0.2942515118533595,auto loans,36,0.7151772786083743,34329,38985.67059321859,1,0.5696467713326359,0.5546239,0.67
name726,55,high school or lower,1,0,LowSkilled,Agriculture,1345.0,1481.686317646851,-136.68631764685097,0.1016255149790713,1314.9429615262295,0.8212623072212197,auto loans,48,1.0792782744781269,0,2054.4421301909983,0,0.4575339930851879,0.49593857,0.42
name727,38,bachelor degree,2,1,HighSkilled,Doctor,4040.0,5639.918301944793,-1599.9183019447928,0.3960193816695032,1474.842475526203,0.7684382653029911,mortgages,60,0.7610794003641079,17474,27626.778497724183,1,0.6312142964869998,0.7885612,0.84
name728,38,ausbildung,0,0,MediumSkilled,Nursing,2188.0,1541.3879403208025,646.6120596791977,0.0,1563.0257994625074,0.3357891732568542,auto loans,12,0.418836261326924,19786,25963.87357946695,1,0.27338386341721144,0.36071837,0.66
name729,58,bachelor degree,0,0,HighSkilled,Engineering,11554.0,7314.560315595905,4239.439684404095,0.0,6129.55487145528,0.3929727560539289,auto loans,12,0.1635896821058668,59008,92411.67440840516,0,0.07479391305071545,0.1057175,0.46
name730,47,bachelor degree,1,1,HighSkilled,Finance,6900.0,8534.621897311994,-1634.621897311994,0.236901724248115,6218.877638904986,0.2210656502751135,simple loans,36,1.138188338582171,52232,72461.56777562859,0,0.27454484555222436,0.23838551,0.35
name731,59,post graduate degree,0,1,HighSkilled,Consultant,5439.0,18242.42483041386,-12803.42483041386,2.3540034621095534,1861.991952055476,0.3620070405341546,auto loans,24,2.69634432477833,66480,78412.99182572462,1,0.8421178213500188,0.7855487,0.82
name732,40,ausbildung,0,0,MediumSkilled,Teacher,2478.0,1940.729493241433,537.2705067585671,0.0,1704.041139216244,0.5980688592808021,auto loans,24,0.4708517483687155,41919,47581.69172254652,1,0.2535247861585047,0.26444933,0.7
name733,39,ausbildung,0,0,MediumSkilled,IT Support,1685.0,1211.6590743888416,473.3409256111584,0.0,566.4318014710399,0.9871873799889944,mortgages,12,0.0552468105993362,36866,35562.98119701435,0,0.32200090495457234,0.2675659,0.36
name734,30,ausbildung,0,0,MediumSkilled,Teacher,1481.0,1523.4643955777706,-42.464395577770574,0.0286727856703379,494.4879689923687,0.8586448394511642,auto loans,60,0.3625606783052932,22345,27058.114515412177,1,0.3794788034638577,0.58013237,0.78
name735,54,ausbildung,1,0,MediumSkilled,IT Support,2438.0,3123.744337337468,-685.7443373374681,0.2812733130998638,978.2524948890646,0.8970777938139801,mortgages,36,0.6825253618648617,36762,43958.767393802205,0,0.556676609399728,0.54579484,0.67
name736,37,ausbildung,0,0,MediumSkilled,IT Support,2004.0,1287.2397331821255,716.7602668178745,0.0,827.3858736417488,0.5336674929566821,mortgages,24,0.0552023986147077,30802,33292.0820596462,0,0.15755390464658325,0.1173595,0.04
name737,32,post graduate degree,0,0,HighSkilled,Consultant,1828.0,2222.0504268431414,-394.0504268431414,0.2155636908332283,1807.6322986243383,0.2748381186018453,simple loans,12,1.2044216222469804,0,4426.927512688411,1,0.05997583938728487,0.13845317,0.76
name738,30,ausbildung,0,0,MediumSkilled,Electrician,2199.0,2016.6083814822712,182.39161851772883,0.0,1836.6262652545493,0.6979930980119209,auto loans,24,0.7522667788707689,42378,52649.00621134236,0,0.24545144712245373,0.26084745,0.18
name739,43,high school or lower,0,0,LowSkilled,Agriculture,1536.0,1527.596301616734,8.403698383266146,0.0,1230.816746947597,0.8973810568605048,auto loans,36,0.7958418284924029,0,2370.827700538853,0,0.2945440525115558,0.30920902,0.18
name740,52,post graduate degree,0,1,HighSkilled,Engineering,7068.0,11793.875381773112,-4725.875381773112,0.6686297936860657,1613.3362136107762,0.8971463396236892,auto loans,24,0.8968890202863453,44558,51052.92441478609,0,0.46461389864649705,0.523986,0.14
name741,40,bachelor degree,0,0,HighSkilled,Engineering,4972.0,3219.733971546877,1752.266028453123,0.0,4577.969145934271,0.9041958821808856,auto loans,36,0.5683232336044144,60031,58220.64048304232,0,0.15172761738182342,0.06496553,0.07
name742,54,bachelor degree,2,0,HighSkilled,Consultant,6157.0,5864.833014263706,292.166985736294,0.0,2981.639737374572,0.5926825639389036,mortgages,36,0.4368154542209319,76093,103809.3115623709,0,0.3076247192923365,0.3048035,0.21
name743,43,ausbildung,0,0,MediumSkilled,IT Support,2279.0,1752.8407065382607,526.1592934617393,0.0,2124.618760988137,0.6562591999078073,simple loans,12,0.7013863394148302,45784,42473.87646815422,0,0.18755768336008194,0.13711804,0.13
name744,35,bachelor degree,1,1,HighSkilled,Doctor,3488.0,3622.647388901239,-134.64738890123908,0.0386030358088414,2937.144030757668,0.8143863191000758,auto loans,24,0.8806741455444115,65841,80894.90526372023,0,0.2768378805611884,0.34358343,0.1
name745,39,high school or lower,0,0,LowSkilled,Construction,930.0,1164.654988526726,-234.6549885267259,0.2523171919642214,858.9243684196925,0.4373706739794753,simple loans,24,1.1758917816628156,0,1196.753519637094,0,0.16969464771207257,0.18043336,0.22
name746,36,post graduate degree,3,0,HighSkilled,Research,4383.0,4637.150064783244,-254.1500647832436,0.0579854129097065,991.0838953176344,0.2476034563006228,auto loans,36,0.284105398152151,17675,25703.67859171216,1,0.8425402989458809,0.8240377,0.75
name747,38,bachelor degree,0,0,HighSkilled,Finance,4916.0,4066.7485698746286,849.2514301253714,0.0,4723.480576182593,0.9158142909416548,auto loans,24,0.7880856684412574,43985,53531.56985690616,0,0.26625721023028515,0.2545574,0.17
name748,54,bachelor degree,0,0,Unemployed_HighSkilled,Finance,4000.0,3205.765090297333,794.2349097026668,0.0,3310.2846181552045,0.5482590965846237,simple loans,36,0.6290124271131344,58472,72361.73067596275,0,0.09687620742649433,0.15414198,0.04
name749,44,high school or lower,0,2,LowSkilled,Construction,1510.0,1207.661070473616,302.33892952638394,0.0,845.8587439433296,0.8151427593256977,mortgages,12,0.3599468969648647,23634,26591.006184018453,0,0.2691313964781744,0.19498897,0.25
name750,54,high school or lower,0,0,LowSkilled,Construction,1882.0,3449.183825770117,-1567.1838257701174,0.8327225429171718,1848.161814271312,0.7970005270709185,auto loans,24,1.8147426355161689,17364,22160.470660800453,1,0.5358355445739857,0.6264933,0.83
name751,53,post graduate degree,0,1,HighSkilled,Research,6573.0,12439.30372900177,-5866.303729001769,0.8924849732240635,3927.585948646229,0.3839753309255274,auto loans,12,1.4900182074620414,71320,81711.0466347007,0,0.688363937682494,0.64326864,0.63
name752,39,bachelor degree,0,0,HighSkilled,Consultant,4403.0,2743.6045478759497,1659.3954521240505,0.0,2614.4972566906126,0.4042412236624448,auto loans,36,0.2169206914754854,0,13229.126404163571,0,0.046291484241408526,0.039660454,0.06
name753,59,post graduate degree,1,0,HighSkilled,Consultant,6572.0,7330.860478755657,-758.8604787556569,0.115468727747361,4579.771191246903,0.5159913375953572,auto loans,60,0.8123298341452465,28451,43156.03569307864,0,0.18666020198775793,0.121597536,0.23
name754,57,high school or lower,1,1,Unemployed_LowSkilled,Agriculture,1100.0,1547.222716359904,-447.2227163599039,0.4065661057817308,865.8669511256736,0.4556768034720279,auto loans,48,1.193717879532343,16765,14903.69715071758,1,0.6323589396784899,0.61274076,0.82
name755,50,ausbildung,0,0,MediumSkilled,IT Support,1846.0,1496.4265675178067,349.5734324821933,0.0,463.81413395464887,0.5507515333280605,auto loans,24,0.0618855370923377,25833,29704.611815128308,0,0.12352919120298703,0.061587553,0.1
name756,50,high school or lower,1,1,LowSkilled,Manufacturing,1792.0,1569.3219231624455,222.6780768375545,0.0,1738.568419242417,0.5864565952063083,mortgages,36,0.8459209500027133,0,2935.930146924188,0,0.5060737331304066,0.3103019,0.32
name757,38,ausbildung,0,0,MediumSkilled,Electrician,2042.0,1681.8730336977542,360.1269663022458,0.0,1283.6511214068078,0.94818319955747,mortgages,60,0.45226452257814,34096,35799.0322080129,1,0.31221186809011997,0.52331513,0.73
name758,52,post graduate degree,1,0,HighSkilled,Doctor,5523.0,9222.7632409112,-3699.763240911201,0.669882897141264,1670.5117242368715,0.7987611674538111,auto loans,48,0.972347449782378,70242,77026.21544673834,0,0.5910864942546211,0.5368586,0.21
name759,55,ausbildung,0,0,MediumSkilled,Nursing,1750.0,2370.030741908954,-620.030741908954,0.3543032810908308,993.1690773305796,0.467982084727912,mortgages,36,0.9218284681368764,24809,28043.75715194118,0,0.382390944059503,0.3847139,0.19
name760,46,bachelor degree,0,1,HighSkilled,Engineering,10633.0,7923.131562679136,2709.8684373208644,0.0,7459.342657734532,0.791082375221672,simple loans,24,0.4466730198827863,36149,64521.97630905673,0,0.18938238291322407,0.18354265,0.1
name761,50,ausbildung,3,3,MediumSkilled,IT Support,3683.0,2758.869570639596,924.130429360404,0.0,1292.925657652234,0.2105319340289781,simple loans,36,0.1001344632885773,0,7518.231576310292,1,0.6754790049451979,0.7297115,0.73
name762,33,ausbildung,0,1,Unemployed_MediumSkilled,Electrician,900.0,925.6770169977556,-25.67701699775557,0.028530018886395,397.5873564080369,0.8702229840596907,auto loans,48,0.4702937482286583,34820,28159.746348916902,1,0.26423076689162234,0.5289662,0.71
name763,35,ausbildung,1,1,MediumSkilled,Artist,1721.0,1364.8131484150867,356.18685158491326,0.0,884.0847148946494,0.3375248329685602,auto loans,36,0.3067390257465056,47506,51122.47327547135,0,0.5379852172566528,0.36359695,0.15
name764,47,high school or lower,0,0,LowSkilled,Cleaning Services,2128.0,1432.3713830037832,695.6286169962168,0.0,1006.0896879276864,0.5886330263676947,auto loans,24,0.1458933604001267,0,4142.589441648095,0,0.2730510166454261,0.23666763,0.1
name765,51,bachelor degree,0,1,HighSkilled,Doctor,7604.0,13862.49691668465,-6258.4969166846495,0.8230532504845672,7013.321729489009,0.4227770146473737,auto loans,12,1.7453733095967463,0,10301.231409524327,0,0.26806034265352136,0.19417477,0.53
name766,57,ausbildung,2,1,MediumSkilled,Teacher,3383.0,4540.581193900317,-1157.581193900317,0.3421759367130703,2140.1160012508235,0.3222255622257374,auto loans,12,0.9747848640706888,43019,54482.86694261571,1,0.6900605000685526,0.6646064,0.48
name767,33,bachelor degree,0,0,HighSkilled,Engineering,2896.0,2729.93973331846,166.06026668154027,0.0,1814.9563684919808,0.5202059350163212,auto loans,24,0.5693702009013952,18799,20593.398015237413,0,0.058375199312226345,0.025671018,0.04
name768,35,high school or lower,0,1,LowSkilled,Transportation,927.0,1184.7177353316638,-257.7177353316638,0.2780126594732079,893.1321958358143,0.3658754033602781,auto loans,24,1.2414778113996527,20691,24573.297894531297,0,0.37537915842980923,0.28959608,0.18
name769,58,bachelor degree,0,0,HighSkilled,Finance,14477.0,7653.335688961903,6823.6643110380965,0.0,3350.695005839063,0.227455676451862,auto loans,12,0.0,39396,82936.8750696785,0,0.12972429806148345,0.15763323,0.14
name770,31,high school or lower,1,1,Unemployed_LowSkilled,Construction,500.0,361.3576638314177,138.6423361685823,0.0,219.33789382354337,0.6714228469373524,simple loans,12,0.1613911153099221,0,910.9950419697354,1,0.6225743184102261,0.4950518,0.51
name771,39,high school or lower,0,1,LowSkilled,Transportation,1276.0,731.4560466907507,544.5439533092493,0.0,999.7067333155392,0.8623275709727882,auto loans,60,0.3567106426381581,8982,12511.699610323582,1,0.48417351911888007,0.58737326,0.74
name772,37,ausbildung,0,0,MediumSkilled,Teacher,2022.0,2593.2866867003504,-571.2866867003504,0.2825354533631802,1453.3839360583731,0.5687247880790156,auto loans,36,1.001320782768904,35935,39031.57034771164,1,0.34855219763969064,0.35857,0.71
name773,47,bachelor degree,0,1,HighSkilled,Research,7356.0,5875.956067659436,1480.0439323405644,0.0,1931.145089461317,0.630566684004612,auto loans,12,0.0613242464818858,13607,35703.28439153691,0,0.3405907442152099,0.29380056,0.07
name774,31,high school or lower,0,0,LowSkilled,Agriculture,867.0,473.7370633389298,393.2629366610702,0.0,495.4420709458909,0.5697907208540847,mortgages,48,0.1178536727621922,17811,18794.188148819063,0,0.2086043507384707,0.107564084,0.23
name775,32,ausbildung,1,0,MediumSkilled,Electrician,1489.0,1002.1208715332274,486.8791284667726,0.0,412.7164571779401,0.4917133735317665,simple loans,24,0.0,0,3433.5641547208074,0,0.33706051912687185,0.32869378,0.09
name776,57,ausbildung,1,0,MediumSkilled,IT Support,2000.0,2432.598547393186,-432.598547393186,0.216299273696593,911.6806575883146,0.5185118633717064,auto loans,48,0.6721396024907503,42594,44699.42207247507,0,0.3112017000253108,0.20909056,0.48
name777,53,ausbildung,1,0,MediumSkilled,Electrician,4124.0,2662.4714687960504,1461.5285312039496,0.0,4092.7381521746825,0.4615273825418828,auto loans,24,0.6380236714284028,35506,44316.33138927468,0,0.30742482956596656,0.25823405,0.23
name778,58,bachelor degree,1,0,HighSkilled,Doctor,7114.0,5369.887307327216,1744.112692672784,0.0,1528.4916178124463,0.5844865640227016,auto loans,12,0.0,25589,41318.06212463712,0,0.16136406251854368,0.14090195,0.1
name779,46,ausbildung,0,0,MediumSkilled,Artist,3240.0,3118.822347173392,121.17765282660866,0.0,2116.074739269056,0.5748376669453258,auto loans,36,0.6157089772970517,18989,25462.71507087299,1,0.36678917549233175,0.37078983,0.33
name780,51,high school or lower,0,0,LowSkilled,Transportation,1831.0,1201.7887559096205,629.2112440903795,0.0,646.4261798613335,0.8642702824816685,simple loans,24,0.0094019310600513,21153,28836.284406567727,0,0.42932612570771084,0.65013725,0.3
name781,38,high school or lower,1,0,LowSkilled,Manufacturing,1228.0,1380.0011709625276,-152.00117096252757,0.1237794551812113,583.3999186119073,0.4746717524395386,auto loans,24,0.5988608221290186,0,2017.213331070868,0,0.5406488958928337,0.42841345,0.26
name782,45,high school or lower,0,0,LowSkilled,Construction,1381.0,1322.7831209042365,58.21687909576372,0.0,525.6301046192749,0.9583589592145146,auto loans,12,0.3384599750351276,0,1872.027781206633,0,0.2756567744666507,0.23047829,0.34
name783,50,high school or lower,1,0,LowSkilled,Agriculture,1248.0,1788.2384175286743,-540.2384175286743,0.4328833473787454,736.3385883931724,0.7665681877772295,simple loans,12,1.0228982419245567,0,1547.3594920890962,1,0.6346929750813081,0.5817613,0.84
name784,47,high school or lower,0,0,Unemployed_LowSkilled,Construction,900.0,595.5861067852468,304.4138932147532,0.0,528.137468926969,0.6928268353725434,simple loans,12,0.2485817507913508,13791,17126.52425197228,0,0.3016950188218026,0.16277562,0.23
name785,40,post graduate degree,1,1,HighSkilled,Doctor,5062.0,4216.922033467211,845.0779665327891,0.0,1340.9176773885893,0.7270414914109693,simple loans,24,0.0979533209908732,19157,37954.975062952464,0,0.2893969849719435,0.36358908,0.32
name786,57,ausbildung,2,0,MediumSkilled,IT Support,3395.0,3485.3755999600257,-90.37559996002574,0.0266202061737925,1773.2732928459643,0.9781285296911943,auto loans,12,0.5489392909590546,41987,50542.43296364066,0,0.7303025630555438,0.7020763,0.26
name787,57,high school or lower,1,0,LowSkilled,Construction,2167.0,2389.252965543543,-222.2529655435428,0.1025625129411826,2004.8190874026943,0.5584290269711599,mortgages,24,1.0277212980831734,21709,22274.625413150006,0,0.3086358408799389,0.26531568,0.12
name788,54,ausbildung,2,0,MediumSkilled,IT Support,1991.0,2348.4637680694414,-357.46376806944136,0.1795398131940941,709.7284036172679,0.2971068818173909,auto loans,36,0.5360081223941281,28270,31866.58911538699,0,0.42816589280659784,0.33306646,0.25
name789,44,ausbildung,0,0,Unemployed_MediumSkilled,Artist,1300.0,881.4018856438033,418.5981143561967,0.0,368.1761542915506,0.5967922076340788,simple loans,24,0.0,0,2784.6659324878474,1,0.2821869490996921,0.44497582,0.35
name790,33,ausbildung,1,1,MediumSkilled,Electrician,1456.0,1289.218752638534,166.78124736146606,0.0,1067.161637852046,0.5321652906943586,mortgages,12,0.6183931253369367,16389,18067.049554668374,0,0.37846514810874493,0.31852975,0.46
name791,48,ausbildung,0,2,MediumSkilled,Teacher,3265.0,4318.0163534886815,-1053.0163534886815,0.3225164941772378,1799.453990291894,0.2198453245334221,auto loans,36,0.873650947559135,29117,31254.727399711795,0,0.24392429141755972,0.18443826,0.09
name792,32,bachelor degree,0,1,HighSkilled,Finance,2894.0,3090.328473063954,-196.32847306395388,0.0678398317429004,1929.3382897845047,0.8705673008914816,auto loans,48,0.7345082110741048,46426,55561.42908491701,0,0.24977414309326015,0.254252,0.2
name793,46,bachelor degree,1,1,HighSkilled,Finance,6515.0,5349.172422477822,1165.8275775221782,0.0,2634.501007623257,0.9977448282446062,auto loans,60,0.225429536469851,54416,80863.0810988871,1,0.5214394273330568,0.5117564,0.33
name794,33,high school or lower,0,0,LowSkilled,Agriculture,1159.0,634.9060309938989,524.0939690061011,0.0,366.6114805451612,0.6045680651354979,mortgages,60,0.0,0,2221.035975820708,0,0.21180394734162533,0.11875856,0.18
name795,52,post graduate degree,0,1,Unemployed_HighSkilled,Consultant,4000.0,3505.375895093533,494.6241049064674,0.0,1047.0208679806606,0.6167265820733225,simple loans,48,0.1380991907685483,67469,78372.17683117259,0,0.08477250135442126,0.0861525,0.07
name796,51,post graduate degree,0,1,HighSkilled,Doctor,4798.0,10169.115663450808,-5371.115663450808,1.1194488669134657,4443.900801043923,0.7030545131543213,mortgages,48,2.045647449873849,57989,68891.20638170723,1,0.513610213253134,0.6657341,0.8
name797,39,high school or lower,1,2,LowSkilled,Transportation,1334.0,981.9860349995664,352.0139650004335,0.0,1056.5851227328235,0.3713719671711822,auto loans,12,0.5281642861562144,6518,7201.898648949541,0,0.5231809323830877,0.46670476,0.19
name798,49,post graduate degree,0,1,HighSkilled,Engineering,7541.0,6790.4531430634415,750.5468569365585,0.0,3608.347839374015,0.9101367605660248,auto loans,12,0.3789684368701043,59811,73085.21763616093,0,0.2206046047350117,0.29468116,0.11
name799,57,high school or lower,0,1,LowSkilled,Agriculture,2512.0,1547.7976290989227,964.2023709010772,0.0,1535.8738529216075,0.555331394543735,simple loans,48,0.2275762269190009,7058,13005.901638765365,0,0.16049623649654077,0.10333598,0.1
name800,55,high school or lower,1,1,LowSkilled,Manufacturing,1796.0,1481.8381386936446,314.1618613063554,0.0,799.4257857768598,0.9789494923117078,simple loans,36,0.2701914946940448,14241,16887.127083305295,1,0.6901539739020143,0.7451455,0.81
name801,37,high school or lower,0,2,LowSkilled,Agriculture,1154.0,1107.427274617238,46.57272538276197,0.0,371.74042087912994,0.9478770046295566,simple loans,12,0.2817744328391403,17394,20483.025640290893,0,0.40389887814133574,0.3486508,0.55
name802,44,high school or lower,0,0,LowSkilled,Transportation,1354.0,1404.1554593727196,-50.15545937271963,0.0370424367597633,809.7949090918258,0.4319677017520202,auto loans,12,0.6351184405203438,0,2084.312356247888,0,0.26075408428835317,0.24715313,0.26
name803,53,ausbildung,0,1,MediumSkilled,Nursing,3755.0,2033.872959028972,1721.127040971028,0.0,3204.108366559108,0.2937434295487063,mortgages,12,0.3949351066812464,19507,23763.30217029649,1,0.26302049953587286,0.3579883,0.68
name804,55,bachelor degree,1,1,HighSkilled,Consultant,5461.0,20307.6372734754,-14846.6372734754,2.7186664115501555,1593.7669620528889,0.7984922839647621,auto loans,36,3.0105116710361277,0,0.0,1,0.9831099884832744,0.9124206,0.83
name805,37,bachelor degree,0,0,HighSkilled,Engineering,3741.0,3606.828405196424,134.17159480357623,0.0,806.3181665070094,0.7887166529223855,auto loans,12,0.1796702944943686,48528,44232.10811606621,0,0.11223893776810943,0.06340332,0.06
name806,60,ausbildung,0,0,Unemployed_MediumSkilled,Nursing,2000.0,2128.6627956560646,-128.66279565606465,0.0643313978280323,1704.4601925597242,0.5262351939659802,simple loans,60,0.9165614941078944,42729,51570.37411818167,0,0.202918040159746,0.21537441,0.16
name807,47,bachelor degree,1,0,HighSkilled,Doctor,6036.0,7472.333607441304,-1436.3336074413037,0.2379611675681417,2115.1292929757888,0.688716881493464,auto loans,24,0.5883802021897104,21685,34056.748414814734,0,0.290549184521041,0.22318573,0.09
name808,44,post graduate degree,0,1,HighSkilled,Doctor,6409.0,7669.3836376184445,-1260.3836376184445,0.1966583925134099,1612.8618069380382,0.9003566129889371,mortgages,48,0.4483141589259607,71784,77245.1203035452,1,0.28226057415066946,0.29517996,0.65
name809,40,ausbildung,0,1,MediumSkilled,Teacher,2229.0,1555.4524063955512,673.5475936044488,0.0,963.6479771615332,0.3079201290337566,mortgages,48,0.1301482205280773,0,5564.619413464314,0,0.1529293141476948,0.11304884,0.11
name810,35,high school or lower,0,1,Unemployed_LowSkilled,Transportation,500.0,403.852069697252,96.14793030274797,0.0,401.8031897599771,0.6223342966548665,auto loans,12,0.6113105189144583,13142,14364.364007429933,0,0.5700516532922125,0.5425369,0.32
name811,53,ausbildung,3,0,MediumSkilled,Teacher,2884.0,3253.414215890127,-369.4142158901268,0.128090920905037,2026.6562602623296,0.7706620483073492,auto loans,48,0.8308150056007131,26615,32716.44961533319,1,0.8973703834619758,0.9266038,0.77
name812,60,bachelor degree,0,0,HighSkilled,Consultant,4849.0,9990.548146710504,-5141.548146710504,1.060331645021758,4087.818159664951,0.988491481485818,auto loans,24,1.903354569266953,52738,65376.11961047695,0,0.4886050355549658,0.46199942,0.24
name813,51,ausbildung,0,1,MediumSkilled,IT Support,4353.0,3607.203994398528,745.7960056014726,0.0,3712.0316998471753,0.4544235011800748,simple loans,48,0.6814233159305543,0,9492.85622449379,0,0.13106728246537055,0.08707258,0.12
name814,49,bachelor degree,2,3,HighSkilled,Engineering,5473.0,9143.63172133175,-3670.631721331751,0.6706800148605427,2005.052672956581,0.4237108936778189,simple loans,24,1.0370335089143674,59256,71756.69962159549,1,0.6373842378295335,0.7569943,0.77
name815,57,ausbildung,0,1,MediumSkilled,IT Support,4097.0,3268.136433778561,828.8635662214392,0.0,3719.435967715235,0.7892847240802596,mortgages,24,0.7055339032203554,16850,24661.840585919235,0,0.22207153297171572,0.14531961,0.12
name816,58,bachelor degree,1,3,HighSkilled,Engineering,13261.0,6057.278752366771,7203.721247633229,0.0,8851.75032664719,0.8472243918171718,auto loans,12,0.1242763802891155,68119,113856.0515581614,0,0.4912579883986315,0.54775554,0.47
name817,33,high school or lower,0,0,Unemployed_LowSkilled,Manufacturing,500.0,584.797194083819,-84.79719408381902,0.169594388167638,350.6358746913352,0.994273066985877,auto loans,36,0.8708661375503084,0,726.2767939263158,1,0.755972462178747,0.6476995,0.87
name818,50,high school or lower,1,2,Unemployed_LowSkilled,Agriculture,900.0,1114.6541279439425,-214.6541279439425,0.2385045866043805,467.3963872724701,0.8195659328022298,mortgages,60,0.757833905796014,5006,6014.775591245012,1,0.7612404106881111,0.79166067,0.91
name819,41,high school or lower,0,0,LowSkilled,Agriculture,1280.0,1780.894134160959,-500.8941341609591,0.3913235423132493,1102.7584958030448,0.717942646833671,mortgages,48,1.252853617159378,0,1477.598853645561,0,0.3762401431005023,0.29866546,0.24
name820,35,bachelor degree,2,0,HighSkilled,Consultant,3368.0,4125.630008210466,-757.6300082104663,0.2249495273784044,3316.848803027327,0.5009800121936063,mortgages,24,1.2097621173508888,56800,47538.25923070173,1,0.43589980579388565,0.4396702,0.73
name821,49,bachelor degree,1,0,HighSkilled,Finance,8869.0,6800.281618621928,2068.718381378072,0.0,5457.239126754758,0.9036411038198106,auto loans,60,0.3820634508261006,46129,71965.68332328192,0,0.5160413515620258,0.45418012,0.06
name822,31,ausbildung,0,0,Unemployed_MediumSkilled,Teacher,900.0,1057.8518643185844,-157.85186431858438,0.1753909603539826,230.0396594420908,0.9961546654017502,simple loans,36,0.4309905819563057,16201,19787.934787514398,0,0.4398178291569343,0.34084484,0.2
name823,60,ausbildung,1,0,Unemployed_MediumSkilled,IT Support,2000.0,1438.824458028008,561.1755419719921,0.0,1241.3565706846266,0.5134878384790738,auto loans,24,0.3400905143563172,21970,22826.55126698693,1,0.18041054619873245,0.3100923,0.77
name824,37,high school or lower,0,0,LowSkilled,Transportation,1216.0,796.917957465705,419.0820425342951,0.0,703.7119327295836,0.8262398583222759,simple loans,24,0.2340706333842833,8922,9526.870032683126,1,0.468843887663389,0.7509356,0.78
name825,33,bachelor degree,0,0,HighSkilled,Finance,3134.0,3088.7486243662124,45.251375633787575,0.0,1693.1962469443097,0.4599261453662637,auto loans,48,0.5258279742535169,64680,75061.71962804256,0,0.10181664116274304,0.15606315,0.03
name826,57,bachelor degree,0,0,HighSkilled,Finance,9921.0,5823.277505231123,4097.722494768877,0.0,6105.949873746492,0.7363581648636877,mortgages,24,0.2024218706761026,39061,57455.51695950263,1,0.23972531551554851,0.2575901,0.63
name827,60,bachelor degree,0,1,HighSkilled,Finance,4500.0,6775.581240275086,-2275.581240275086,0.5056847200611303,3878.228027411164,0.5252119740599126,auto loans,36,1.3675131705969443,0,8714.814043703294,0,0.20166122221842625,0.11877374,0.06
name828,34,ausbildung,0,0,Unemployed_MediumSkilled,Nursing,900.0,681.6551776729067,218.3448223270933,0.0,520.4212316639256,0.9473035963028396,auto loans,36,0.3356404548187025,35522,30738.189112183853,0,0.5018652660301336,0.3419761,0.26
name829,38,ausbildung,0,1,MediumSkilled,IT Support,2186.0,2031.6486549383476,154.35134506165264,0.0,962.8750534067492,0.2875196774145754,mortgages,48,0.3698644594442344,36339,40208.17231770988,0,0.10180394545501605,0.082604356,0.12
name830,32,high school or lower,1,1,Unemployed_LowSkilled,Agriculture,500.0,624.0292455863337,-124.02924558633369,0.2480584911726673,308.04442157575994,0.7754001097703161,auto loans,48,0.8641473343241872,17192,15934.231295536698,1,0.7970087609798737,0.8592961,0.77
name831,55,bachelor degree,1,1,HighSkilled,Finance,9023.0,8462.795278684607,560.2047213153928,0.0,8218.29154410927,0.2435560166831458,auto loans,24,0.8487295603229389,53096,74771.8472595236,0,0.23090182011061883,0.20253095,0.08
name832,41,bachelor degree,0,0,HighSkilled,Consultant,5231.0,3491.439188372728,1739.5608116272724,0.0,1073.0426312795296,0.5064502579373467,auto loans,24,0.0,64645,94426.70676653297,0,0.057757478811222014,0.03755251,0.02
name833,39,bachelor degree,0,0,HighSkilled,Consultant,5295.0,2774.615134653084,2520.384865346916,0.0,5166.748505143202,0.4182318483599673,auto loans,48,0.4997853899520843,0,15961.64728537166,0,0.052705628992570655,0.04433134,0.08
name834,54,ausbildung,0,0,MediumSkilled,IT Support,3853.0,3324.501317545092,528.4986824549078,0.0,2325.0262857387474,0.5851265597834955,mortgages,48,0.4662672212000622,0,6565.075641735107,1,0.13802509678829117,0.15450004,0.69
name835,32,high school or lower,0,1,LowSkilled,Agriculture,1070.0,710.5917807992049,359.4082192007951,0.0,836.2323402087314,0.7515295503349347,mortgages,48,0.4456300196335854,0,2282.7982055639486,0,0.289005698159089,0.22758445,0.19
name836,52,post graduate degree,1,0,HighSkilled,Doctor,7666.0,8483.187156438617,-817.1871564386165,0.10659889857013,6356.930459635539,0.2573836049844913,mortgages,48,0.9358358486921674,10703,23722.724105624817,0,0.15689063717111448,0.10347885,0.11
name837,49,bachelor degree,0,0,HighSkilled,Consultant,8495.0,7997.505874536441,497.4941254635587,0.0,4336.561536618417,0.5759275085095565,auto loans,48,0.4519208253272347,34883,59055.54714310703,0,0.08127540519794915,0.038595226,0.07
name838,40,bachelor degree,0,3,HighSkilled,Consultant,3769.0,3917.984587019273,-148.98458701927257,0.0395289432261269,3393.45062049911,0.3369982702673892,auto loans,12,0.9398872930534312,58864,65102.51818975335,0,0.05993014987253505,0.024964025,0.1
name839,42,high school or lower,0,0,LowSkilled,Agriculture,1158.0,791.2201746609461,366.7798253390539,0.0,611.5922918563662,0.2593257628063872,auto loans,60,0.2114097292895615,0,1863.6297773668468,0,0.09590482089837131,0.0676368,0.22
name840,50,high school or lower,0,0,LowSkilled,Manufacturing,1838.0,1630.1855774584744,207.8144225415256,0.0,460.6885673795766,0.7168734697454313,mortgages,24,0.1375811451784826,14374,17150.177901531144,0,0.33272451484403126,0.41699126,0.6
name841,39,ausbildung,0,0,MediumSkilled,Nursing,1800.0,2052.944486821445,-252.94448682144548,0.140524714900803,492.9058916236539,0.8504392391824666,auto loans,48,0.4143613213583885,0,3302.6169283192285,0,0.5565693281845568,0.5627357,0.45
name842,47,bachelor degree,2,2,HighSkilled,Finance,7909.0,7625.892501291883,283.1074987081174,0.0,3574.5430336609265,0.3848016760385643,mortgages,24,0.4161632993997736,65026,80416.22832584572,1,0.5483740669151204,0.5795905,0.76
name843,52,bachelor degree,0,1,HighSkilled,Finance,4000.0,8519.759534950812,-4519.759534950812,1.129939883737703,3932.3158973105087,0.3412195867630672,mortgages,36,2.11301885806533,62561,63664.50838906825,0,0.42373231562141306,0.44714254,0.23
name844,40,ausbildung,0,0,Unemployed_MediumSkilled,Nursing,1150.0,727.3112583308216,422.6887416691784,0.0,1111.5116729218423,0.8290812582000625,mortgages,36,0.5989764619588384,39945,40478.31681587052,0,0.4018254296674651,0.2784463,0.2
name845,34,ausbildung,0,1,MediumSkilled,Nursing,1498.0,1380.015095552199,117.984904447801,0.0,935.6090833094514,0.2650839420464964,mortgages,48,0.5458105332854809,15891,18427.82845524991,0,0.2474315593484319,0.34837925,0.08
name846,38,high school or lower,2,0,LowSkilled,Transportation,1188.0,997.836433200816,190.16356679918408,0.0,783.2129331499481,0.5999090545370942,simple loans,24,0.4991998033255589,9405,10886.601969178208,1,0.7865009181835815,0.8713507,0.86
name847,31,ausbildung,0,0,MediumSkilled,Nursing,1935.0,2214.59682188605,-279.59682188604984,0.1444944815948578,520.16330495515,0.6635390389819287,auto loans,24,0.4133127270497156,0,3571.3070531139324,0,0.51879833124876,0.5582343,0.27
name848,49,ausbildung,1,0,MediumSkilled,Teacher,2558.0,2483.990613691269,74.00938630873088,0.0,1534.7933171661086,0.5547401870517086,auto loans,48,0.5710648674188341,37362,42318.970065672445,1,0.39220005642379613,0.46441898,0.76
name849,41,ausbildung,1,1,MediumSkilled,Teacher,3241.0,2024.9622875682096,1216.0377124317904,0.0,682.0160953741173,0.4391165338126236,auto loans,48,0.0,14085,23275.096810858147,0,0.4156892850751215,0.43961096,0.18
name850,48,bachelor degree,1,1,HighSkilled,Engineering,6657.0,4601.01710746772,2055.98289253228,0.0,4038.2150650031294,0.4981366582095081,mortgages,36,0.2977665874223899,41264,71353.36627616949,0,0.15110873114287462,0.15023622,0.09
name851,60,bachelor degree,0,0,HighSkilled,Research,9223.0,9114.808584411328,108.1914155886716,0.0,5762.454167119696,0.2597615888071434,auto loans,24,0.6130611245290062,17958,48899.96299473911,0,0.16094028725553236,0.3524929,0.28
name852,33,ausbildung,1,0,MediumSkilled,Teacher,2009.0,1896.4094770490128,112.5905229509874,0.0,1322.3773400657983,0.686466714574939,mortgages,48,0.6021835824364415,25838,35022.33491547782,1,0.512403454324108,0.5536901,0.79
name853,37,high school or lower,2,0,LowSkilled,Agriculture,1278.0,1240.0980557642008,37.90194423579919,0.0,1237.496348259754,0.9999934825403888,auto loans,24,0.9386497684068504,17058,21668.03800667029,1,0.8055493257381304,0.86727256,0.87
name854,58,high school or lower,0,0,Unemployed_LowSkilled,Cleaning Services,1100.0,1094.2869889922576,5.713011007742352,0.0,438.1349518612282,0.7887921695385727,simple loans,12,0.3931108553213507,21717,23523.786847671825,0,0.4701292070982221,0.41738674,0.12
name855,50,bachelor degree,0,0,HighSkilled,Finance,6638.0,5819.581772623334,818.4182273766664,0.0,4628.736209874413,0.5894710192405617,auto loans,24,0.574015966028585,67211,68988.12930278014,0,0.16277892402439859,0.16933936,0.04
name856,45,ausbildung,0,0,MediumSkilled,Teacher,3136.0,1200.134104162701,1935.865895837299,0.0,2289.21337878897,0.5223588399946641,auto loans,60,0.1126745800228543,0,7976.448673696167,0,0.2059059340566459,0.12185204,0.08
name857,39,high school or lower,1,1,LowSkilled,Transportation,895.0,1092.6373442475012,-197.63734424750123,0.2208238483212304,844.4117812886478,0.4429893251346524,auto loans,48,1.1643006989230715,0,1249.7559077649512,0,0.5941515597779461,0.42986453,0.25
name858,32,high school or lower,1,0,LowSkilled,Cleaning Services,1273.0,854.2638281571917,418.7361718428083,0.0,1138.6938888378666,0.8037872627578311,simple loans,24,0.5655598719521274,23496,24491.93625846276,1,0.6618959771454672,0.8443911,0.79
name859,39,bachelor degree,0,0,HighSkilled,Finance,4180.0,5136.725983122873,-956.725983122873,0.2288818141442279,2446.393187123161,0.3021038776975646,mortgages,24,0.814143342164123,0,7611.038618889323,0,0.11197934586975603,0.092158265,0.06
name860,47,post graduate degree,0,1,HighSkilled,Research,5664.0,7667.305210806257,-2003.3052108062568,0.3536908917383927,2180.89468228048,0.6071102510244701,mortgages,24,0.7387358568302853,46198,54612.528816912585,0,0.5391725308861715,0.5662364,0.12
name861,60,bachelor degree,2,0,HighSkilled,Doctor,14598.0,6081.092822271023,8516.907177728977,0.0,12248.4159125906,0.8762636314727474,mortgages,60,0.2556178061968505,31579,92817.74398125635,1,0.6613705637670082,0.7086801,0.81
name862,45,post graduate degree,1,0,HighSkilled,Engineering,6117.0,5435.54121046024,681.4587895397599,0.0,4480.143345904756,0.8567060689807069,auto loans,36,0.6210045048822945,38304,56432.631591327816,0,0.33087929190047577,0.3962077,0.13
name863,31,bachelor degree,0,0,HighSkilled,Consultant,3128.0,4491.385918796336,-1363.3859187963362,0.4358650635538159,3044.464502749713,0.8571765698747063,auto loans,24,1.4091593419264865,21080,27779.21073443661,1,0.23671885237456544,0.25569236,0.44
name864,45,post graduate degree,0,0,HighSkilled,Doctor,7247.0,3171.006066666734,4075.993933333266,0.0,3978.323724622629,0.6818094044624987,simple loans,24,0.0,30423,55166.64745689501,1,0.13516186683438247,0.19003925,0.54
name865,46,high school or lower,1,1,LowSkilled,Construction,2301.0,1021.7219497223236,1279.2780502776764,0.0,1033.9565444258126,0.9460823111417752,mortgages,24,0.0,24730,32881.93368425061,1,0.5487897813352195,0.5383142,0.73
name866,53,ausbildung,0,0,MediumSkilled,Electrician,4395.0,3672.1561792782336,722.8438207217664,0.0,3166.782555217445,0.971930819624482,simple loans,60,0.5560725220695514,45881,57446.73022223821,1,0.3099978249438876,0.4198462,0.72
name867,39,high school or lower,0,0,LowSkilled,Agriculture,1121.0,1757.6087493166058,-636.6087493166058,0.567893621156651,433.6844296527067,0.4330190517303243,auto loans,48,0.9547664397585304,12951,14230.68598537313,0,0.3375487153610469,0.25238374,0.16
name868,32,ausbildung,2,0,MediumSkilled,Nursing,1716.0,993.6721407142392,722.3278592857608,0.0,1456.367338386294,0.7706796314221417,simple loans,12,0.4277619342077699,47760,47980.82144863842,1,0.8854871817168734,0.90869194,0.57
name869,57,post graduate degree,1,0,HighSkilled,Consultant,11657.0,6058.132663164522,5598.867336835478,0.0,4665.620658235089,0.495676394447586,mortgages,48,0.0,64754,88647.87782814843,0,0.27312320704906284,0.22902617,0.18
name870,45,bachelor degree,0,0,HighSkilled,Engineering,6490.0,3713.0701125480464,2776.9298874519536,0.0,2017.3714920556288,0.9975424320120256,mortgages,24,0.0,0,18496.92221230853,1,0.15814573253935998,0.26959974,0.66
name871,38,post graduate degree,0,1,HighSkilled,Research,4582.0,6698.246931800863,-2116.2469318008625,0.4618609628548368,1817.934823186917,0.4440216299575484,simple loans,24,0.8586167077668659,57394,68079.10843691838,0,0.5160348326997648,0.41639954,0.16
name872,36,bachelor degree,0,1,HighSkilled,Doctor,4618.0,3386.286983361069,1231.713016638931,0.0,1959.496873208518,0.6228464439614767,mortgages,48,0.1575971971783427,47604,50815.457200795405,0,0.09615516535810949,0.057665236,0.08
name873,48,ausbildung,0,0,Unemployed_MediumSkilled,Teacher,1500.0,830.4531695424306,669.5468304575694,0.0,1071.921518638839,0.7145574592471347,auto loans,12,0.2682497921208464,45415,39442.65953614346,0,0.21898533453134683,0.20536715,0.18
name874,31,ausbildung,1,1,MediumSkilled,IT Support,1592.0,1702.1678977472338,-110.16789774723384,0.0692009407960011,717.2628248028558,0.4100191644683248,simple loans,12,0.5197429161746794,48695,50165.19998253111,0,0.3461964383164816,0.318362,0.2
name875,40,bachelor degree,0,0,HighSkilled,Research,4180.0,5140.248520288261,-960.2485202882608,0.2297245263847513,1528.9562965167213,0.8636885155613484,simple loans,24,0.5955035446901872,72551,78279.84135195086,1,0.5133175155732428,0.53373915,0.28
name876,39,bachelor degree,1,1,HighSkilled,Engineering,5359.0,3247.7924023924143,2111.2075976075857,0.0,2195.4972439159924,0.4951672772158602,simple loans,60,0.0157286147244647,31018,48492.75424410431,0,0.15616634378749947,0.1230697,0.12
name877,47,bachelor degree,0,0,HighSkilled,Consultant,6336.0,8880.265409046717,-2544.2654090467167,0.4015570405692419,1504.782766853544,0.5331772099863687,simple loans,12,0.639054320691329,49507,70095.97483552275,0,0.12946000242324884,0.094318405,0.11
name878,56,ausbildung,3,0,Unemployed_MediumSkilled,Nursing,2000.0,1347.1188545430166,652.8811454569834,0.0,1982.0118615378576,0.7618398326321113,auto loans,24,0.6645653580404371,47050,49608.545731505015,1,0.9017517072705532,0.8651285,0.84
name879,56,ausbildung,0,0,MediumSkilled,Artist,4395.0,3693.125487230363,701.874512769637,0.0,2119.6199117844503,0.5758486843191727,auto loans,48,0.3225814332229382,39303,53149.68774645705,0,0.3457936352424652,0.37108806,0.22
name880,44,bachelor degree,0,0,HighSkilled,Consultant,4710.0,3252.6310613259584,1457.3689386740416,0.0,1745.5786766179797,0.2447264484558931,mortgages,36,0.061191027164318,23798,35325.04782219712,0,0.03214979295217443,0.024052763,0.14
name881,51,post graduate degree,1,0,HighSkilled,Doctor,4627.0,7327.319257186614,-2700.319257186614,0.5836004446048442,4383.92964515857,0.9226552985942348,mortgages,24,1.5310674091949823,20999,27468.00521803145,0,0.5886546974169208,0.5991503,0.47
name882,40,ausbildung,0,0,MediumSkilled,Electrician,2049.0,2454.1523548463524,-405.1523548463524,0.1977317495589811,1936.7362463536035,0.3238497455148129,simple loans,48,1.1429422163006129,46142,47821.35711286398,0,0.14572326729595309,0.19223209,0.15
name883,36,ausbildung,1,0,MediumSkilled,Electrician,2327.0,2650.468672085809,-323.46867208580943,0.139006734888616,474.7736077300076,0.6654966761893688,auto loans,36,0.3430349290141027,47182,57236.19352228829,1,0.48976716193890774,0.6761125,0.74
name884,44,post graduate degree,0,0,HighSkilled,Consultant,5203.0,7100.953934225978,-1897.9539342259775,0.3647806907987657,2762.465183259886,0.3912105302268878,auto loans,48,0.8957176854672043,56248,68037.06623535579,0,0.11652619617823766,0.05425,0.27
name885,45,high school or lower,1,0,LowSkilled,Cleaning Services,1887.0,1762.9409082921966,124.05909170780342,0.0,1599.3575323811845,0.7860161572546965,auto loans,12,0.781822173117849,22138,28980.02124676613,1,0.6011234958283882,0.6937442,0.79
name886,52,high school or lower,3,0,LowSkilled,Agriculture,3047.0,2467.533751028645,579.4662489713551,0.0,2093.67082748417,0.5024953236768712,auto loans,24,0.4969493201551739,0,5907.109522926744,1,0.7842798253579614,0.7474801,0.83
name887,41,bachelor degree,1,0,HighSkilled,Doctor,7711.0,3192.872377619443,4518.127622380557,0.0,7056.92118945412,0.8957814914767201,mortgages,24,0.3292431029793234,18961,46728.76495492164,0,0.3639111835684808,0.5200521,0.41
name888,39,bachelor degree,0,1,HighSkilled,Research,4413.0,3570.392864238778,842.6071357612218,0.0,2134.3419773042115,0.9651260989947472,mortgages,36,0.2927112715936981,0,13708.382448830109,0,0.4568478840320556,0.42516044,0.23
name889,51,ausbildung,1,1,MediumSkilled,Teacher,4026.0,3036.173830886732,989.826169113268,0.0,1788.6500640490797,0.2101786886610358,auto loans,24,0.1984162679920049,34348,42185.83343512919,0,0.2995282634472082,0.24088508,0.07
name890,48,bachelor degree,0,0,HighSkilled,Research,7169.0,8661.699974244408,-1492.6999742444077,0.2082159261046739,6205.552339430192,0.7043814982135028,simple loans,48,1.0738251239607477,43815,59615.83931873988,1,0.4437741500878099,0.44405934,0.67
name891,48,bachelor degree,1,1,Unemployed_HighSkilled,Doctor,3500.0,4254.002865053421,-754.0028650534214,0.2154293900152632,3447.202632414888,0.6996246297119229,simple loans,36,1.200344427848088,51384,55793.08063574085,0,0.2656075217649596,0.10768866,0.1
name892,45,high school or lower,1,0,LowSkilled,Transportation,1622.0,1685.180304331206,-63.18030433120612,0.0389520988478459,372.36032256732,0.9145703621329836,mortgages,12,0.2685207317500161,11908,15441.379396633118,0,0.7315383375295896,0.82701796,0.65
name893,57,post graduate degree,1,1,HighSkilled,Engineering,7130.0,5546.2200271174615,1583.7799728825385,0.0,1756.3929799189648,0.648487440448501,mortgages,48,0.024209397901322,35580,61302.43381649285,0,0.21851664399955906,0.20929936,0.08
name894,34,post graduate degree,0,0,HighSkilled,Engineering,3104.0,2955.771141321151,148.22885867884906,0.0,2944.4738025352867,0.6177271820091812,auto loans,36,0.900852108201172,20053,31862.201623251247,0,0.08493291014220358,0.06872026,0.05
name895,50,bachelor degree,0,0,HighSkilled,Doctor,6977.0,9358.521588938976,-2381.5215889389765,0.3413389119878137,6010.518946258944,0.5577709398365218,mortgages,60,1.202815040160229,0,11598.200604012716,0,0.12407256725505882,0.117346235,0.13
name896,54,high school or lower,0,0,LowSkilled,Manufacturing,1780.0,1554.0766087997906,225.92339120020935,0.0,1247.2272384521289,0.8533847052580645,mortgages,60,0.573766206321303,20963,25383.73633606707,1,0.3534050041261095,0.5693252,0.74
name897,56,ausbildung,1,1,MediumSkilled,Teacher,3713.0,2200.9073212320227,1512.0926787679773,0.0,3227.1041867094077,0.2267654782470055,auto loans,48,0.4618937538220926,29056,38990.8949427749,1,0.26525265395210607,0.22944362,0.62
name898,45,post graduate degree,1,1,HighSkilled,Finance,5606.0,5490.948023012096,115.0519769879038,0.0,3337.9518641260115,0.6655778502816527,auto loans,48,0.5749018706989133,0,11909.14406157392,0,0.4106163816318995,0.3368691,0.29
name899,47,high school or lower,0,0,LowSkilled,Agriculture,1539.0,2462.90976930189,-923.9097693018898,0.6003312341142883,894.9938875415024,0.2885830049598876,simple loans,24,1.181873721145804,0,1895.6828729262484,0,0.2621449313706677,0.26773658,0.27
name900,47,ausbildung,0,0,MediumSkilled,IT Support,3881.0,1733.2768531469935,2147.7231468530063,0.0,2165.47665132912,0.5920187906123263,mortgages,36,0.0045744664973237,40008,52917.03074390887,0,0.17038858458155795,0.10677804,0.1
name901,47,ausbildung,0,0,MediumSkilled,IT Support,2530.0,2535.056450688025,-5.056450688025507,0.0019985971098915,950.3533665455126,0.6038812193809047,auto loans,24,0.3776323388274854,44998,44265.54212425232,0,0.16019040812644286,0.09886185,0.15
name902,33,post graduate degree,2,1,HighSkilled,Consultant,2888.0,2006.976594348506,881.0234056514939,0.0,680.5871238019663,0.937031537205181,mortgages,12,0.0,75178,88623.52742235335,0,0.6277320931367784,0.553153,0.23
name903,44,high school or lower,0,1,LowSkilled,Transportation,1675.0,1367.4798508037256,307.5201491962744,0.0,480.39082568507206,0.6201344522266126,auto loans,24,0.1032063740231628,6417,9547.482137489676,1,0.3662204117432222,0.4739158,0.75
name904,56,bachelor degree,0,1,HighSkilled,Engineering,8170.0,9456.999116687206,-1286.999116687206,0.1575274316630607,4967.571795144364,0.5099212196164246,mortgages,60,0.7655533551813427,15353,32761.50734423949,0,0.08587230924777561,0.062177848,0.06
name905,55,bachelor degree,0,1,HighSkilled,Consultant,6258.0,6123.689157037074,134.31084296292556,0.0,1775.9985533739834,0.4822924863973415,mortgages,60,0.2623342458311054,78846,79670.11649460853,0,0.059399359438498486,0.049084954,0.14
name906,54,high school or lower,1,1,LowSkilled,Transportation,2429.0,1885.8273460174605,543.1726539825397,0.0,1251.443461723284,0.2549213084281606,auto loans,24,0.2915894638702117,0,3846.123621474952,0,0.3841311964197636,0.27078697,0.14
name907,37,bachelor degree,0,1,HighSkilled,Consultant,4746.0,4940.136115297728,-194.13611529772788,0.0409052076059266,2018.0294826928025,0.9669521506643672,mortgages,48,0.4661115882828761,59634,83035.80162277837,0,0.16142402405699816,0.17357032,0.11
name908,38,high school or lower,0,0,Unemployed_LowSkilled,Agriculture,600.0,322.89818150605777,277.10181849394223,0.0,380.71824374444265,0.5297429863822716,auto loans,24,0.1726940420841673,0,1055.9852955313995,1,0.31256807811307546,0.3687441,0.68
name909,49,bachelor degree,0,0,HighSkilled,Research,5680.0,6552.010526152387,-872.0105261523868,0.1535229799564061,3874.28911354479,0.3271631126222301,mortgages,12,0.8356161337495029,37315,45041.15543615006,0,0.2240575291975564,0.26579082,0.12
name910,49,high school or lower,1,1,LowSkilled,Manufacturing,2021.0,1228.707996457099,792.292003542901,0.0,741.1383346428862,0.2611065973143271,auto loans,36,0.0,12682,13116.118962495888,0,0.3774874339868125,0.30676743,0.08
name911,53,bachelor degree,0,1,HighSkilled,Doctor,9256.0,11760.524831777317,-2504.524831777315,0.2705839273743858,5098.795636991406,0.3769257912795065,auto loans,24,0.8214477602386259,29794,43289.649775284735,0,0.11479456162928706,0.11576825,0.04
name912,51,high school or lower,1,0,LowSkilled,Construction,2659.0,1248.9468716709437,1410.0531283290563,0.0,1164.5544051394777,0.7285201269817987,simple loans,36,0.0,8161,13584.614414485335,0,0.38675236603929514,0.24038947,0.18
name913,55,high school or lower,3,0,LowSkilled,Transportation,2062.0,2438.946341120845,-376.94634112084486,0.1828061790110789,1277.0865863687045,0.6884524888880132,auto loans,60,0.8021498193450772,0,3165.827706051577,1,0.9237870262989354,0.8439026,0.9
name914,40,bachelor degree,0,0,HighSkilled,Engineering,5187.0,2927.805470496592,2259.1945295034084,0.0,3122.708160272891,0.5294423685722087,mortgages,24,0.1664765048716951,68048,77454.87760862215,0,0.07280676805104612,0.047749713,0.02
name915,43,bachelor degree,0,0,HighSkilled,Consultant,5897.0,6349.42655722171,-452.42655722171,0.076721478246856,2773.328299231933,0.5361436839786042,mortgages,36,0.5470162551218659,21471,30860.0189777152,0,0.07717717107680605,0.05422144,0.15
name916,60,high school or lower,0,0,LowSkilled,Manufacturing,2228.0,1614.110481180004,613.889518819996,0.0,471.6101074868314,0.6829010777515458,auto loans,24,0.0,10254,12961.168316022333,0,0.2864546855106154,0.32762498,0.19
name917,52,high school or lower,1,0,LowSkilled,Transportation,1858.0,1964.5344205475228,-106.5344205475228,0.057338224191347,1675.417430420225,0.6340760254227078,auto loans,36,0.9590698874960968,0,2516.254317242612,1,0.5591583337154565,0.47801465,0.71
name918,58,bachelor degree,3,0,HighSkilled,Engineering,5987.0,7902.052169749552,-1915.0521697495524,0.3198684098462589,3814.410099064017,0.8849744410195077,auto loans,12,0.9569838431290412,56610,72595.97955358792,1,0.8051448910065249,0.7655563,0.84
name919,59,bachelor degree,2,0,HighSkilled,Engineering,4500.0,11434.999509478248,-6934.999509478248,1.5411110021062773,1054.2639847768703,0.4563135773905689,auto loans,60,1.7753918876122483,0,2330.761706295408,1,0.8356408494960028,0.8395396,0.89
name920,58,bachelor degree,2,1,HighSkilled,Engineering,8786.0,7373.009101026067,1412.990898973933,0.0,8259.710550523805,0.75554030142345,auto loans,36,0.7792760814420523,0,21850.35716098025,0,0.48266091487327084,0.41824344,0.19
name921,32,high school or lower,0,1,Unemployed_LowSkilled,Manufacturing,500.0,668.3213293544212,-168.3213293544212,0.3366426587088424,216.37445200012507,0.6772722767736838,mortgages,24,0.7693915627090926,0,534.2583851818779,0,0.7233829327128684,0.5574829,0.27
name922,45,bachelor degree,1,1,HighSkilled,Engineering,5994.0,5079.43113838473,914.5688616152702,0.0,1706.231469762488,0.8138704287328663,auto loans,24,0.1320758438684047,37977,46050.12264455596,1,0.2843337562549757,0.27958918,0.27
name923,60,bachelor degree,1,0,HighSkilled,Engineering,7395.0,8800.318470341374,-1405.3184703413735,0.1900363043057976,3498.120944081182,0.967389771086166,auto loans,24,0.6630749715243482,35314,56088.00235941556,0,0.35881843558113335,0.45694792,0.19
name924,49,high school or lower,0,1,LowSkilled,Transportation,1993.0,1452.4109307297708,540.5890692702292,0.0,490.1581591434397,0.5292094817686024,auto loans,12,0.0,14854,18584.26695578269,1,0.3174441761482099,0.4080906,0.7
name925,33,ausbildung,0,1,MediumSkilled,Electrician,1950.0,1753.58992123404,196.41007876595995,0.0,1829.9530905697327,0.4084479757295622,auto loans,48,0.837714365027576,27076,27649.313704159813,0,0.15109839639529246,0.14032282,0.09
name926,48,post graduate degree,3,0,HighSkilled,Consultant,7065.0,4576.457785352704,2488.5422146472965,0.0,2165.629703954201,0.239109935033335,auto loans,60,0.0,21623,45414.58422912929,0,0.4803157799707707,0.401409,0.14
name927,49,high school or lower,0,1,LowSkilled,Agriculture,2064.0,1308.6725414000707,755.3274585999293,0.0,1012.5736448615016,0.7052949540854196,auto loans,24,0.1246347801654905,11156,16610.01191336329,0,0.240326508457124,0.25441387,0.11
name928,53,ausbildung,0,0,MediumSkilled,Nursing,4101.0,4983.188313036333,-882.188313036333,0.2151154140542143,2610.892333936585,0.4331907365701731,simple loans,12,0.8517631423976879,23550,32098.624436167796,1,0.38597459123259514,0.49603695,0.64
name929,59,high school or lower,1,0,LowSkilled,Construction,2387.0,1416.3464207533611,970.6535792466389,0.0,1578.8889673051283,0.743891520627801,auto loans,24,0.2548116414153705,0,4413.618702650208,1,0.3510457644826531,0.26042432,0.69
name930,47,bachelor degree,3,1,HighSkilled,Engineering,8438.0,6217.378629738373,2220.621370261627,0.0,5174.029907510533,0.3003080678690593,mortgages,24,0.3500128629116978,21306,40959.69318076116,0,0.5424107109826333,0.4743629,0.2
name931,33,high school or lower,0,1,LowSkilled,Manufacturing,1077.0,802.3652363739762,274.63476362602376,0.0,257.90028654939147,0.9083135987591738,mortgages,48,0.0,8685,10386.18984516818,1,0.5121504910697043,0.56589204,0.77
name932,32,bachelor degree,0,0,HighSkilled,Doctor,3435.0,3250.455528283248,184.544471716752,0.0,1171.1516803016402,0.2693494224650367,simple loans,24,0.2872218947845381,18850,26449.64457931297,0,0.03820418534742311,0.03233814,0.02
name933,43,ausbildung,0,0,MediumSkilled,Teacher,1777.0,2477.2072109690284,-700.2072109690284,0.3940389482099203,373.5802722597375,0.2335416843810722,auto loans,12,0.6042698273656533,41219,40637.30733092225,0,0.23843038555200605,0.16974194,0.17
name934,44,ausbildung,0,1,MediumSkilled,Electrician,3209.0,1870.3546751247447,1338.6453248752548,0.0,1261.6073620628872,0.8552250413889279,mortgages,24,0.0,25593,36824.92563300564,0,0.30464498390602396,0.25912008,0.31
name935,44,ausbildung,0,1,MediumSkilled,IT Support,3011.0,2519.002255499672,491.9977445003278,0.0,1789.4406011315666,0.8011434740007527,auto loans,12,0.4309009819432875,48233,46690.08797563052,1,0.2769640228180925,0.24436031,0.73
name936,49,post graduate degree,1,0,HighSkilled,Engineering,7002.0,10213.13553042023,-3211.1355304202298,0.4586026178834946,2059.236184426081,0.7564832158481297,auto loans,24,0.7526951892096988,0,13551.815563629005,1,0.49410755166387443,0.5605879,0.66
name937,55,ausbildung,1,3,MediumSkilled,Electrician,3080.0,4374.928337081738,-1294.9283370817384,0.4204312782732917,2584.731946675131,0.7153923963516136,auto loans,12,1.259629962258724,15039,20173.79430839016,0,0.6580964448980856,0.4976342,0.27
name938,45,bachelor degree,0,1,HighSkilled,Finance,6020.0,5852.993902875415,167.0060971245848,0.0,5835.022025907977,0.928199790666438,auto loans,60,0.9415308851799656,50457,70865.70962995425,0,0.26179957361717193,0.23484524,0.09
name939,36,high school or lower,0,0,LowSkilled,Cleaning Services,1095.0,990.3508686923124,104.64913130768753,0.0,288.02672899780066,0.859622034165,auto loans,60,0.1674681257443955,0,2222.086692190945,0,0.4062073369029003,0.23794074,0.36
name940,33,bachelor degree,0,1,HighSkilled,Finance,4122.0,1797.4449288509832,2324.555071149017,0.0,922.025102934724,0.2333094723644584,auto loans,48,0.0,64661,74985.4015140578,0,0.08458192530240359,0.09432966,0.06
name941,37,ausbildung,0,0,Unemployed_MediumSkilled,Electrician,1150.0,672.2325564833503,477.7674435166497,0.0,1098.2661371508511,0.2036901794988857,auto loans,24,0.5395640814210447,23287,27040.709811723944,0,0.06355406279664556,0.12564155,0.13
name942,48,bachelor degree,1,1,HighSkilled,Finance,7468.0,6333.189635412426,1134.8103645875744,0.0,5992.163921101851,0.5931838507941014,auto loans,36,0.6504222759124634,19966,39072.17311980189,1,0.35705948394283177,0.3008017,0.66
name943,46,bachelor degree,0,0,HighSkilled,Engineering,8290.0,4668.0911499375,3621.9088500625,0.0,2060.8576040900307,0.3011331220169558,simple loans,24,0.0,53841,76044.05798561742,0,0.05173661435425936,0.043457907,0.07
name944,43,ausbildung,1,0,MediumSkilled,Teacher,2275.0,2126.3037809996854,148.6962190003146,0.0,1204.7664102812982,0.622574988721943,mortgages,24,0.4642066774861466,48374,43199.98579444912,0,0.4843093090953102,0.47131526,0.28
name945,55,ausbildung,0,0,MediumSkilled,Teacher,4109.0,2602.9401744126985,1506.0598255873017,0.0,2427.097969425109,0.6157352600644337,simple loans,12,0.2241514100359717,20751,34830.64814703883,0,0.23189847399139044,0.16552393,0.11
name946,46,high school or lower,0,1,LowSkilled,Agriculture,1995.0,1173.829147328322,821.170852671678,0.0,1246.5132405727666,0.4530621560030083,auto loans,24,0.2132042044616985,13549,19446.99176689333,1,0.1635038438711562,0.15431763,0.46
name947,52,ausbildung,0,1,MediumSkilled,Artist,3918.0,3698.3762966331537,219.62370336684623,0.0,2602.329687223449,0.4907952839807324,auto loans,24,0.6081434364105673,33723,37668.91334178849,0,0.35779673226293957,0.2876556,0.14
name948,53,high school or lower,0,0,LowSkilled,Agriculture,2273.0,1625.9937803175474,647.0062196824526,0.0,1764.9374776169575,0.8955231226219739,mortgages,48,0.4918307338031258,8205,12213.76982096159,1,0.27193769643227106,0.3096616,0.84
name949,42,bachelor degree,2,0,HighSkilled,Consultant,6679.0,7977.742716338383,-1298.7427163383827,0.1944516718578204,6599.368479524859,0.4877714141270883,auto loans,12,1.1825290007281393,31430,45125.91183383499,0,0.454075911098144,0.40777165,0.33
name950,30,bachelor degree,1,0,HighSkilled,Engineering,2169.0,1439.2471948088892,729.7528051911108,0.0,875.4743641058034,0.2706006704832451,mortgages,36,0.0671837523811399,0,5325.205531826895,1,0.08294442436158218,0.08332872,0.19
name951,32,ausbildung,1,0,MediumSkilled,Teacher,2035.0,1657.84797762563,377.15202237437006,0.0,993.7129122746916,0.2016808490843083,simple loans,12,0.3029783242753422,0,4490.144351451699,0,0.29807164413153453,0.16924362,0.16
name952,32,high school or lower,1,1,LowSkilled,Agriculture,827.0,1259.620629659903,-432.620629659903,0.5231204711727968,181.44942521611424,0.7386914928956259,mortgages,36,0.7425272731269857,0,923.1982866348308,0,0.7506050391112398,0.69052684,0.3
name953,33,ausbildung,0,3,Unemployed_MediumSkilled,Artist,900.0,936.61091621354,-36.61091621354012,0.0406787957928223,505.3768620861365,0.6504535824520841,simple loans,24,0.6022086425551962,44596,46195.028858126,0,0.44307398696572536,0.39995,0.18
name954,55,high school or lower,0,1,LowSkilled,Construction,1460.0,2334.751208411019,-874.751208411019,0.5991446632952184,1034.3445365020182,0.7875522687250718,mortgages,12,1.3075998252829022,0,1717.7674805271058,0,0.43097510072969525,0.3462497,0.39
name955,58,bachelor degree,0,0,HighSkilled,Doctor,9975.0,6713.603705080983,3261.396294919017,0.0,6192.225392789111,0.6435630447227313,auto loans,24,0.2938174534205607,58956,76175.51599674013,0,0.11458065692431796,0.17039895,0.19
name956,51,ausbildung,1,0,MediumSkilled,Nursing,2526.0,3152.852672762545,-626.8526727625449,0.2481602029938815,2414.839239133618,0.3197229519269397,simple loans,36,1.2041535676548547,16320,21116.163716178697,0,0.5315985420846884,0.6197675,0.44
name957,38,bachelor degree,0,0,HighSkilled,Finance,4477.0,3808.79444721376,668.2055527862403,0.0,3145.217909205501,0.6732854718624492,mortgages,24,0.5532750405225063,14349,30969.491303648563,0,0.1540747904034448,0.12794249,0.12
name958,54,high school or lower,1,2,LowSkilled,Transportation,1567.0,2856.5785328776496,-1289.5785328776496,0.8229601358504465,1020.5793853910818,0.4301751502358837,auto loans,36,1.4742552126794712,11406,13948.406639697225,0,0.8139392592309503,0.7279821,0.4
name959,39,high school or lower,0,1,LowSkilled,Transportation,998.0,950.4150386968248,47.584961303175305,0.0,306.1160446990195,0.830232292803738,auto loans,60,0.2590491817593629,13286,14934.741658541832,1,0.46119126014026496,0.5496927,0.8
name960,40,post graduate degree,0,1,HighSkilled,Doctor,4414.0,6122.520059779634,-1708.5200597796338,0.3870684322110634,2419.786711677221,0.8365374559955805,mortgages,12,0.935275661861544,53289,66815.34496980206,1,0.2938204673209993,0.3436655,0.64
name961,42,post graduate degree,0,0,Unemployed_HighSkilled,Doctor,3000.0,2219.192446049923,780.8075539500769,0.0,2732.148193487452,0.3858261216858363,auto loans,24,0.6504468798457916,24539,34491.78937264469,0,0.05501158972141717,0.05796015,0.1
name962,38,bachelor degree,1,0,HighSkilled,Finance,4568.0,3763.305196176659,804.6948038233409,0.0,2877.548902200264,0.7503994163915831,auto loans,48,0.4537771668951232,18567,23276.40460910083,0,0.3821104327949002,0.28397167,0.18
name963,36,high school or lower,0,0,LowSkilled,Construction,1202.0,967.7395125775412,234.2604874224587,0.0,851.4915568950197,0.7395090612827688,simple loans,24,0.5135033855844934,12986,17873.91223301668,1,0.2115983252336156,0.16565147,0.62
name964,54,ausbildung,1,1,MediumSkilled,Teacher,5397.0,1752.4585848865966,3644.541415113404,0.0,2768.5415925696047,0.9652895999393724,mortgages,60,0.0,13227,29455.70040434275,0,0.676581563365955,0.6637891,0.21
name965,51,bachelor degree,0,0,HighSkilled,Consultant,7493.0,5760.241301724562,1732.7586982754383,0.0,6591.196364162068,0.7787982284268716,simple loans,48,0.6483968591867916,35863,56873.46876273545,0,0.10875267794461242,0.088845,0.08
name966,46,ausbildung,0,1,MediumSkilled,Teacher,3087.0,1874.609589382655,1212.390410617345,0.0,2855.748716751532,0.2808573122586164,auto loans,24,0.5323480097616414,35010,49349.52111154514,0,0.14821836806450328,0.1082639,0.18
name967,30,bachelor degree,2,0,HighSkilled,Engineering,3426.0,1863.6880687446069,1562.3119312553931,0.0,2097.6453627411006,0.2446808367473839,auto loans,60,0.1562561095988638,77789,86156.41027292391,0,0.2218261137830441,0.28012618,0.07
name968,39,ausbildung,0,1,MediumSkilled,Teacher,1971.0,1665.763009610498,305.2369903895021,0.0,1926.1759742355125,0.4897562073758457,auto loans,12,0.8223942079381077,25534,31024.112251875944,0,0.2186396908128563,0.22260961,0.11
name969,50,high school or lower,1,1,LowSkilled,Manufacturing,1295.0,1459.9337358300852,-164.9337358300852,0.1273619581699499,705.1785687919751,0.8422453852185459,auto loans,12,0.6719013935305485,17329,17750.474358364718,1,0.7027363582384818,0.59115225,0.56
name970,51,ausbildung,0,2,MediumSkilled,Nursing,2764.0,4133.998408247779,-1369.9984082477786,0.4956578901041167,921.7656261793476,0.7570542660318818,simple loans,24,0.8291476246118402,13840,17716.59034575804,0,0.7011456896802729,0.7129126,0.63
name971,53,bachelor degree,1,1,HighSkilled,Consultant,8253.0,9622.701805080404,-1369.7018050804036,0.1659641106361812,2214.107010224347,0.4438793909955494,auto loans,12,0.4342431619174543,12768,32409.949901288117,0,0.20284138432810608,0.110487975,0.14
name972,38,high school or lower,0,0,LowSkilled,Agriculture,967.0,745.2052427618419,221.79475723815813,0.0,276.6840949805726,0.8435876811514338,auto loans,48,0.0567625002506871,10718,14692.98353665628,1,0.2858020119604807,0.27836734,0.79
name973,60,high school or lower,1,1,LowSkilled,Agriculture,1980.0,2284.69918639549,-304.69918639549,0.1538884779775201,1296.9644974790483,0.6626486274990013,auto loans,24,0.8089210524618882,0,2624.4968578585285,1,0.43862094851457273,0.43521816,0.47
name974,43,high school or lower,0,1,LowSkilled,Construction,2080.0,1717.6540903153348,362.3459096846652,0.0,986.0535371656506,0.5294792507216923,mortgages,24,0.2998594362889353,16537,20609.223223149893,0,0.16110937687959548,0.13313554,0.29
name975,47,ausbildung,0,0,MediumSkilled,Artist,2456.0,2601.932514749501,-145.93251474950148,0.0594187763638035,1345.3243735962262,0.8281641120242802,auto loans,60,0.6071892867857197,13538,16503.670222880595,1,0.48683457878312036,0.47863027,0.75
name976,57,ausbildung,0,1,MediumSkilled,Teacher,5390.0,3762.463934191936,1627.536065808064,0.0,2127.4384159220485,0.216821702612083,mortgages,48,0.0927462616166947,48424,64137.53362448861,0,0.1348966352483668,0.13715428,0.09
name977,54,ausbildung,0,0,MediumSkilled,Electrician,5044.0,2564.228987876368,2479.7710121236323,0.0,4593.111767256711,0.863602119653435,auto loans,24,0.418981117195297,11318,22639.241964035435,0,0.2969295462574095,0.17339738,0.22
name978,45,bachelor degree,0,0,HighSkilled,Research,7092.0,4039.596695061936,3052.403304938064,0.0,2021.622019453364,0.5868819342826036,auto loans,48,0.0,33784,67216.75682749812,0,0.2751575681552423,0.2430835,0.13
name979,34,bachelor degree,0,0,HighSkilled,Engineering,3073.0,1863.7159904953407,1209.2840095046588,0.0,1126.9643397879154,0.238987611914184,mortgages,12,0.0,40107,51949.27467219376,0,0.03348326846813828,0.021658229,0.05
name980,39,high school or lower,0,0,LowSkilled,Construction,1316.0,1212.4168405031958,103.58315949680424,0.0,802.0171505765344,0.6168495361191675,simple loans,48,0.5307249172338375,0,2159.378849082293,1,0.157998811174088,0.14944825,0.66
name981,42,high school or lower,0,0,LowSkilled,Agriculture,1622.0,2114.495839153249,-492.4958391532491,0.3036349193299932,773.0589938569428,0.4108623379952015,auto loans,60,0.7802434235574549,0,2490.4164432214907,0,0.21440662322567602,0.14876416,0.12
name982,50,high school or lower,0,0,LowSkilled,Construction,1464.0,1792.0186923772576,-328.0186923772576,0.2240564838642469,638.3212550914329,0.5399847595937883,auto loans,48,0.660068270128887,23509,24716.79125680612,0,0.1748950985691751,0.10626073,0.11
name983,37,high school or lower,0,0,LowSkilled,Construction,1026.0,856.1618278841314,169.8381721158686,0.0,443.7222049755114,0.2162086598202442,mortgages,60,0.2669435018125174,0,1677.7463717270523,0,0.07533556714469532,0.08431438,0.18
name984,54,high school or lower,1,1,LowSkilled,Agriculture,1548.0,2721.3893684055706,-1173.3893684055706,0.7580034679622549,382.7925308512332,0.7382755297798117,auto loans,36,1.0052854646361782,14368,16100.34633585281,1,0.769166724517421,0.76823777,0.78
name985,43,post graduate degree,1,1,HighSkilled,Engineering,4925.0,5302.250719074733,-377.2507190747328,0.0765991307765955,1212.318242169037,0.7849126643167028,auto loans,12,0.3227551190342679,34957,46098.6352636161,1,0.34162759617407434,0.52796215,0.7
name986,39,bachelor degree,1,0,HighSkilled,Finance,4324.0,3618.634614629676,705.365385370324,0.0,3281.483111192416,0.8873065935395552,mortgages,48,0.595771906989383,79138,91075.96400789286,1,0.4416662233313869,0.58757555,0.75
name987,43,post graduate degree,2,1,HighSkilled,Consultant,6480.0,3970.05607670451,2509.94392329549,0.0,1599.9489302211232,0.8476216641695109,mortgages,12,0.0,23986,37181.45401984937,1,0.6287968264528339,0.7338531,0.73
name988,53,bachelor degree,1,2,HighSkilled,Engineering,9123.0,12010.965812367009,-2887.9658123670088,0.3165587868428158,2211.7191414850363,0.695569083354028,auto loans,24,0.558992102800838,35677,52135.07410404812,0,0.4220358862732791,0.48056123,0.15
name989,48,post graduate degree,0,0,HighSkilled,Consultant,7562.0,6093.008772632651,1468.991227367349,0.0,2425.3958470996176,0.4576558792381979,simple loans,48,0.1264750885654944,23933,38256.60907738725,0,0.08079335752104978,0.059324905,0.04
name990,55,high school or lower,1,1,LowSkilled,Agriculture,1910.0,1829.2265893600857,80.77341063991412,0.0,1871.8801999202296,0.7948890699738907,mortgages,48,0.9377522456965004,0,3464.936146182965,0,0.4374965206091306,0.45394528,0.42
name991,30,high school or lower,1,0,Unemployed_LowSkilled,Transportation,500.0,333.11776898467565,166.88223101532435,0.0,128.23322090835077,0.2015674719116775,auto loans,48,0.0,16335,15638.28087069783,0,0.5947880227061578,0.43064028,0.14
name992,36,ausbildung,0,1,MediumSkilled,Nursing,1873.0,1889.8078407831572,-16.807840783157417,0.0089737537550226,637.6715415926284,0.6476339862252046,auto loans,12,0.3494283942209214,0,4100.040156099545,1,0.4454596979955816,0.5224097,0.66
name993,30,ausbildung,2,0,MediumSkilled,Nursing,1829.0,1769.0775413726249,59.922458627375136,0.0,1535.8058078581644,0.2588434435056201,auto loans,12,0.8069345813180915,16353,18701.09559674466,0,0.7177763119139705,0.725332,0.32
name994,56,ausbildung,1,0,MediumSkilled,Nursing,2855.0,4297.878074025726,-1442.8780740257262,0.5053863656832666,1055.0765063751562,0.5385293986256602,mortgages,36,0.8749403083715874,12125,18459.08985360993,1,0.7399499972648746,0.7395509,0.8
name995,54,bachelor degree,1,0,HighSkilled,Consultant,4006.0,6185.61045035071,-2179.6104503507104,0.5440864828633826,1244.7587562753456,0.9789293250472204,auto loans,12,0.8548100865267239,45854,44670.01599633847,0,0.509788466756053,0.54083943,0.52
name996,44,bachelor degree,0,0,HighSkilled,Research,6893.0,4349.325242547326,2543.6747574526744,0.0,5811.373155196521,0.5960986277236896,auto loans,24,0.4740604087833812,49692,56413.38576997118,1,0.34984427958708975,0.4094188,0.68
name997,55,bachelor degree,1,0,HighSkilled,Engineering,5544.0,6163.707933235244,-619.7079332352441,0.1117799302372374,1245.2404970207783,0.9181258040298842,auto loans,12,0.3363904094978395,42675,55323.75190333106,1,0.29063635669359933,0.38332057,0.76
name998,44,bachelor degree,0,1,HighSkilled,Research,4645.0,4961.372317143699,-316.37231714369864,0.068110294325877,1697.7581685520202,0.6749920358303443,simple loans,12,0.4336125911077974,59646,78756.74449541113,0,0.33624132073257823,0.3216328,0.11
name999,35,bachelor degree,1,0,HighSkilled,Finance,4214.0,3310.1081408895307,903.8918591104692,0.0,2035.7840879429184,0.9168977061375352,mortgages,48,0.2686028070319053,67347,85604.8277064135,0,0.4594823709283468,0.6043996,0.12
