name,age,number of not paid past credits,dependents,monthly income,monthly expenditure,savings (debt),debt-to-income ratio before credit,credit: monthly amount,credit-to-income ratio,requested_loan_duration,debt-to-income ratio after credit,collateral,estimated seizable assets,y-categorical-default,educational level_bachelor degree,educational level_high school or lower,educational level_post graduate degree,profession_LowSkilled,profession_MediumSkilled,profession_Unemployed_HighSkilled,profession_Unemployed_LowSkilled,profession_Unemployed_MediumSkilled,working sector_Artist,working sector_Cleaning Services,working sector_Construction,working sector_Consultant,working sector_Doctor,working sector_Electrician,working sector_Engineering,working sector_Finance,working sector_IT Support,working sector_Manufacturing,working sector_Nursing,working sector_Research,working sector_Teacher,working sector_Transportation
name0,34,0,0,986.0,648.519692327845,337.48030767215505,0.0,12460.676997127348,0.8295684012465888,36,12.295331328047864,16950,18785.79089717629,1,False,True,False,True,False,False,False,False,False,False,False,False,False,False,False,False,False,False,False,False,False,False
name1,57,0,0,4500.0,3911.827775031362,588.1722249686381,0.0,66129.49546050193,0.9947568942915656,24,14.564738496785175,73879,85374.26071942465,1,True,False,False,False,False,True,False,False,False,False,False,True,False,False,False,False,False,False,False,False,False,False
name2,32,0,0,3569.0,1970.2783170579696,1598.7216829420304,0.0,118606.52896453581,0.7142159096347505,12,32.78447948489599,25393,38402.09343847919,0,True,False,False,False,False,False,False,False,False,False,False,False,True,False,False,False,False,False,False,False,False,False
name3,42,2,1,5068.0,10180.22674095127,-5112.22674095127,1.0087266655389246,40753.6440149005,0.7286012374817505,48,9.050092887894982,63802,83856.2374149908,1,True,False,False,False,False,False,False,False,False,False,False,False,True,False,False,False,False,False,False,False,False,False
name4,55,2,1,7530.0,8502.269244826408,-972.2692448264079,0.12911942162369294,271756.26077090285,0.8129798010403468,24,36.21892828894147,24896,37064.93955858826,1,True,False,False,False,False,False,False,False,False,False,False,False,False,False,True,False,False,False,False,False,False,False
name5,47,0,0,5140.0,8366.05057816278,-3226.05057816278,0.6276362992534591,130052.08829806792,0.35647067432409857,24,25.929599003157723,58803,71312.07803821753,1,True,False,False,False,False,False,False,False,False,False,False,False,False,False,True,False,False,False,False,False,False,False
name6,38,0,1,1713.0,2020.4753748682263,-307.47537486822625,0.17949525678238543,9456.945218444478,0.45337117885443656,24,5.700187153130592,0,2867.6508525465956,0,False,False,False,False,True,False,False,False,False,False,False,False,False,False,False,False,True,False,False,False,False,False
name7,34,1,0,1802.0,1574.1810927915105,227.81890720848946,0.0,16525.143264447317,0.9645568875047692,60,9.044020176048184,21384,23958.502082315128,0,False,False,False,False,True,False,False,False,True,False,False,False,False,False,False,False,False,False,False,False,False,False
name8,43,2,0,6276.0,4426.588904020983,1849.4110959790169,0.0,81147.2159559247,0.45084982347690666,48,12.63508681643494,65751,84602.69331310887,1,True,False,False,False,False,False,False,False,False,False,False,False,False,False,True,False,False,False,False,False,False,False
name9,41,1,0,2148.0,1992.297988357585,155.70201164241507,0.0,19701.57982858992,0.6498775364112555,48,9.099570678280962,34091,37370.45800227889,1,False,False,False,False,True,False,False,False,False,False,False,False,False,False,False,False,False,False,True,False,False,False
name10,59,0,0,2000.0,1113.6872361694013,886.3127638305987,0.0,29242.423077018157,0.5259770187781745,36,14.178055156593778,45342,47622.72401264814,0,False,False,False,False,False,False,False,True,False,False,False,False,False,True,False,False,False,False,False,False,False,False
name11,42,0,2,1159.0,1703.4492304498579,-544.4492304498579,0.4697577484468144,6892.015758965153,0.44829090894910034,12,6.416276953766187,18542,19742.576919759733,1,False,True,False,True,False,False,False,False,False,False,True,False,False,False,False,False,False,False,False,False,False,False
name12,47,0,2,6850.0,6501.8956031291555,348.10439687084454,0.0,123323.4977440707,0.9234501437619549,36,17.95261216747443,51392,62665.841444351325,0,True,False,False,False,False,False,False,False,False,False,False,True,False,False,False,False,False,False,False,False,False,False
name13,57,2,0,3887.0,5156.6576521166735,-1269.6576521166735,0.32664205096904386,37870.828259465765,0.5022181185986672,48,10.069587319676469,40551,47712.55699432499,1,False,False,False,False,True,False,False,False,False,False,False,False,False,False,False,False,False,False,True,False,False,False
name14,47,1,0,900.0,861.6210391872274,38.37896081277256,0.0,10900.14583289495,0.8091948512284116,24,12.068629857869087,12949,12190.415218553246,0,False,True,False,False,False,False,True,False,False,False,True,False,False,False,False,False,False,False,False,False,False,False
name15,33,1,2,1225.0,1316.9749097937918,-91.97490979379177,0.07508155901534022,26270.392368053057,0.34794093086256905,36,21.52029981865049,19659,24461.80893119357,0,False,True,False,True,False,False,False,False,False,False,True,False,False,False,False,False,False,False,False,False,False,False
name16,57,0,0,4207.0,3666.132785137055,540.8672148629448,0.0,58303.430374408985,0.31014845728702395,24,13.730107715604003,11216,19632.82546743273,0,False,False,False,False,True,False,False,False,False,False,False,False,False,False,False,False,False,False,True,False,False,False
name17,54,1,4,4163.0,8354.918587773736,-4191.918587773736,1.0069465740508614,172149.90023088004,0.38876670665758795,24,42.35931271166317,0,5229.115884250977,1,True,False,False,False,False,False,False,False,False,False,False,False,True,False,False,False,False,False,False,False,False,False
name18,35,1,0,3263.0,2472.874545104821,790.1254548951788,0.0,108559.78886977039,0.2072706234530311,60,33.02778529416954,31592,36907.41721906948,1,False,False,True,False,False,False,False,False,False,False,False,False,False,False,True,False,False,False,False,False,False,False
name19,30,0,0,1126.0,488.1033426552544,637.8966573447456,0.0,16630.802092080125,0.25404828154337344,24,14.203290794614015,6663,8015.579015270697,0,False,True,False,True,False,False,False,False,False,False,True,False,False,False,False,False,False,False,False,False,False,False
name20,38,0,0,4425.0,5020.232823391908,-595.2328233919079,0.1345158922919566,191624.820453658,0.39740523592465804,60,43.43956006261015,59935,76558.49383115896,0,True,False,False,False,False,False,False,False,False,False,False,False,False,False,False,True,False,False,False,False,False,False
name21,59,1,2,4161.0,4894.874781815389,-733.8747818153888,0.17636981057807952,36983.95019163307,0.4721628871924719,24,9.064605857593957,17524,22205.878739899425,1,False,False,False,False,True,False,False,False,False,False,False,False,False,False,False,False,False,False,True,False,False,False
name22,39,0,1,1388.0,1481.7281419125898,-93.72814191258976,0.06752747976411366,6617.661032934549,0.8192022776195593,12,4.835294794558458,8356,9134.941967503159,1,False,True,False,True,False,False,False,False,False,False,True,False,False,False,False,False,False,False,False,False,False,False
name23,36,0,0,1291.0,1061.070851309703,229.9291486902971,0.0,11470.587047223844,0.617342532456195,12,8.70693872853102,15463,20165.71962385883,0,False,True,False,True,False,False,False,False,False,False,False,False,False,False,False,False,False,True,False,False,False,False
name24,47,1,0,7129.0,9080.275035263312,-1951.275035263312,0.27370950136952055,122323.32637530957,0.8223537668709475,48,17.43226278728754,34519,49469.844710404235,1,True,False,False,False,False,False,False,False,False,False,False,False,True,False,False,False,False,False,False,False,False,False
name25,42,0,0,1300.0,876.2739581661912,423.72604183380884,0.0,17216.88566530431,0.6532788176620629,12,12.91781509497731,13355,17389.13555153328,1,False,False,False,False,False,False,False,True,False,False,False,False,False,False,False,False,False,False,True,False,False,False
name26,47,0,3,3073.0,1775.1182825112353,1297.8817174887647,0.0,26084.394489827948,0.9914729595056073,36,8.065900674370056,18618,21632.583507251034,0,False,False,False,False,True,False,False,False,False,False,False,False,False,False,False,False,False,False,False,False,True,False
name27,37,0,0,2391.0,1761.9346144399958,629.0653855600042,0.0,85285.26383645584,0.7385219108011167,24,35.40618923082218,0,5239.349619286975,0,False,False,False,False,True,False,False,False,False,False,False,False,False,False,False,False,False,False,True,False,False,False
name28,34,1,0,3141.0,1843.302136325494,1297.697863674506,0.0,66462.0021168051,0.7704536929508028,12,20.746356018188667,16515,27797.057720365025,1,True,False,False,False,False,False,False,False,False,False,False,False,False,False,False,True,False,False,False,False,False,False
name29,60,1,0,9089.0,8555.894085366843,533.1059146331572,0.0,246769.2153728442,0.5842258541650414,36,27.09166128927396,10194,35014.01380627158,0,True,False,False,False,False,False,False,False,False,False,False,False,False,False,False,False,False,False,False,True,False,False
name30,46,2,0,3421.0,3217.0554663739704,203.94453362602962,0.0,24444.71669039266,0.2143962838890066,48,7.0858731823345895,15645,21694.515188283487,1,False,False,False,False,True,False,False,False,False,False,False,False,False,True,False,False,False,False,False,False,False,False
name31,57,0,0,8943.0,5113.2207111709695,3829.7792888290305,0.0,296902.76502438117,0.30833685098065783,24,32.77121611713655,56105,77689.08056405418,0,True,False,False,False,False,False,False,False,False,False,False,False,False,False,False,False,False,False,False,True,False,False
name32,43,1,0,7638.0,6680.697133408453,957.3028665915472,0.0,201439.77967745924,0.6463399615199479,24,26.248033099092392,43460,68030.06648342879,0,True,False,False,False,False,False,False,False,False,False,False,False,False,False,True,False,False,False,False,False,False,False
name33,58,2,0,14343.0,11857.802239266726,2485.1977607332738,0.0,345466.3680507529,0.33827861839294293,60,23.912791625881592,24329,63982.41138291423,0,False,False,True,False,False,False,False,False,False,False,False,False,False,False,False,True,False,False,False,False,False,False
name34,59,0,1,4135.0,5966.861405122847,-1831.861405122847,0.44301364090032574,10268.119305798706,0.23359661742494278,60,2.926234754757328,28834,32504.087033288994,0,False,False,False,False,True,False,False,False,False,False,False,False,False,False,False,False,False,False,False,False,True,False
name35,54,0,1,4176.0,2616.5160137685875,1559.4839862314125,0.0,232293.88361111816,0.24237114595238052,48,55.25249033162997,33940,42425.95167031626,0,False,False,False,False,True,False,False,False,False,False,False,False,False,False,False,False,True,False,False,False,False,False
name36,51,0,1,2000.0,1860.3348520734207,139.66514792657927,0.0,5731.296144738504,0.9799853376496088,12,2.7958154984059624,9622,11124.865300732958,0,False,True,False,True,False,False,False,False,False,False,False,False,False,False,False,False,False,False,False,False,False,True
name37,56,1,0,7446.0,5727.63994570261,1718.36005429739,0.0,94527.23081879344,0.4338441227691192,12,12.464258765041103,18973,39001.04011557953,1,True,False,False,False,False,False,False,False,False,False,False,False,False,False,False,False,False,False,False,True,False,False
name38,42,2,1,1640.0,1571.8385983105313,68.16140168946868,0.0,11285.008947862992,0.6813677238859762,12,6.839541186691172,0,2532.5818270065365,1,False,True,False,True,False,False,False,False,False,False,False,False,False,False,False,False,False,True,False,False,False,False
name39,40,0,0,1395.0,1687.4078418947054,-292.40784189470537,0.20961135619692142,62102.98414915206,0.6967623047420061,60,44.72787956347438,0,1745.4393864983388,0,False,True,False,True,False,False,False,False,False,False,False,False,False,False,False,False,False,False,False,False,False,False
name40,45,0,2,2998.0,2390.9984048171227,607.0015951828773,0.0,71363.41909420275,0.9452745344267068,48,23.601206637431577,19569,24903.686105358953,0,False,False,False,False,True,False,False,False,False,False,False,False,False,False,False,False,True,False,False,False,False,False
name41,58,0,1,9227.0,6940.256845667717,2286.7431543322828,0.0,229778.5265220135,0.3371501407195641,36,24.655010660851982,17058,44225.661123928,1,True,False,False,False,False,False,False,False,False,False,False,False,False,False,False,True,False,False,False,False,False,False
name42,49,0,0,2094.0,1149.918139527072,944.0818604729279,0.0,71913.6291233035,0.5351609309145064,36,33.89185638148547,0,4306.59562457562,0,False,True,False,True,False,False,False,False,False,False,False,False,False,False,False,False,False,False,False,False,False,True
name43,31,1,0,3756.0,1897.9318833355348,1858.0681166644652,0.0,16876.416692425653,0.4640954053957089,36,3.998495360958783,40026,49783.43695266651,0,True,False,False,False,False,False,False,False,False,False,False,False,False,False,True,False,False,False,False,False,False,False
name44,48,2,0,2430.0,2019.9140864469628,410.08591355303724,0.0,15664.156206489532,0.7591136192052823,12,6.277395182278393,0,4002.9483458494683,0,False,True,False,True,False,False,False,False,False,False,False,False,False,False,False,False,False,False,False,False,False,False
name45,46,1,0,2649.0,2094.496080691174,554.503919308826,0.0,28546.41945056733,0.7179056706591663,24,10.56697453048641,13611,22350.00708478789,0,False,False,False,False,True,False,False,False,False,False,False,False,False,False,False,False,False,False,True,False,False,False
name46,55,0,1,1216.0,1241.478460706491,-25.478460706490978,0.0209526815020485,14063.417636146756,0.8561650126797192,24,11.586263237543788,0,1875.354809826394,0,False,True,False,True,False,False,False,False,False,False,False,False,False,False,False,False,False,True,False,False,False,False
name47,42,0,0,750.0,671.83555373305,78.16444626695,0.0,9418.887060592717,0.6535690927823301,24,12.454296819101023,11570,12324.914891634911,0,False,True,False,False,False,False,True,False,False,True,False,False,False,False,False,False,False,False,False,False,False,False
name48,41,1,1,1300.0,1633.85364864484,-333.85364864483995,0.2568104989575692,28935.675242752717,0.4566793875535966,12,22.515022224151966,39387,40177.03629096817,1,False,False,False,False,False,False,False,True,False,False,False,False,False,False,False,False,False,False,False,False,True,False
name49,50,0,0,4124.0,1585.8018109552365,2538.1981890447632,0.0,64829.81784056319,0.2025446269438751,12,15.10466043926247,43733,50970.0468369467,0,False,False,False,False,True,False,False,False,False,False,False,False,False,False,False,False,False,False,False,False,True,False
name50,31,0,1,2087.0,2814.254940344212,-727.2549403442122,0.3484690658093973,74333.87108321505,0.7361358530537738,24,35.96604026045006,43039,50329.485471915665,0,True,False,False,False,False,False,False,False,False,False,False,True,False,False,False,False,False,False,False,False,False,False
name51,51,1,1,3615.0,3705.325247942073,-90.32524794207302,0.02498623732837428,21481.916089563776,0.4818229153853973,48,5.967424989628174,31901,36806.34955010718,0,False,False,False,False,True,False,False,False,False,False,False,False,False,False,False,False,True,False,False,False,False,False
name52,42,2,1,5841.0,5140.845738904436,700.1542610955639,0.0,136428.07166694975,0.5901081489932036,48,23.237102791620302,25758,41361.85398622968,1,True,False,False,False,False,False,False,False,False,False,False,False,False,False,False,False,False,False,False,True,False,False
name53,39,0,0,2619.0,955.5452999038197,1663.4547000961802,0.0,152175.9607939707,0.2992830014334977,48,57.46945631686694,48768,50701.2317416579,0,False,False,False,False,True,False,False,False,False,False,False,False,False,False,False,False,False,False,False,False,True,False
name54,56,0,3,4500.0,5518.110046553469,-1018.1100465534691,0.22624667701188203,45622.365835073724,0.655644889182411,12,10.364550195917154,57547,74786.41058494868,0,True,False,False,False,False,True,False,False,False,False,False,False,False,False,False,True,False,False,False,False,False,False
name55,53,0,0,7004.0,5045.114138148077,1958.8858618519234,0.0,123594.48639590999,0.4784191563938417,60,17.366590595953465,48787,63228.381184352074,1,True,False,False,False,False,False,False,False,False,False,False,False,False,False,True,False,False,False,False,False,False,False
name56,35,1,0,1500.0,1700.8806464707422,-200.88064647074225,0.13392043098049483,52389.01971416369,0.3797900259870474,24,35.05993357375629,56049,54865.621770079495,0,False,False,True,False,False,True,False,False,False,False,False,False,False,False,True,False,False,False,False,False,False,False
name57,36,1,0,4578.0,2401.500995406474,2176.499004593526,0.0,140542.4489832621,0.8161037461183605,36,30.22410440774761,74514,81159.52295853209,0,True,False,False,False,False,False,False,False,False,False,False,False,False,False,False,True,False,False,False,False,False,False
name58,39,1,1,3926.0,3866.984663549334,59.01533645066593,0.0,79952.27998951972,0.7950443323103991,24,20.349787226966136,52781,63927.40720202342,1,True,False,False,False,False,False,False,False,False,False,False,False,False,False,True,False,False,False,False,False,False,False
name59,43,2,0,7747.0,5696.860770296732,2050.139229703268,0.0,361373.4180205802,0.807022864408276,48,46.38224845628978,57296,89862.67339158307,1,True,False,False,False,False,False,False,False,False,False,False,False,False,False,True,False,False,False,False,False,False,False
name60,45,1,1,1549.0,1133.2466819915535,415.7533180084465,0.0,39490.29731889891,0.7850134427746437,12,25.22565784434504,24783,26051.269144754664,1,False,True,False,True,False,False,False,False,False,False,False,False,False,False,False,False,False,True,False,False,False,False
name61,60,0,1,4500.0,7639.0333868527605,-3139.0333868527605,0.697562974856169,109464.30004684709,0.8227060326272876,60,25.022962985266634,17197,22767.737082336982,1,True,False,False,False,False,False,False,False,False,False,False,False,True,False,False,False,False,False,False,False,False,False
name62,46,1,0,900.0,799.2486354785686,100.75136452143136,0.0,27053.72466292164,0.5772420186079494,12,29.947748109333563,11224,13180.69458042961,0,False,True,False,False,False,False,True,False,False,False,True,False,False,False,False,False,False,False,False,False,False,False
name63,35,1,1,1361.0,2724.1227755294117,-1363.1227755294117,1.001559717508752,25768.662569367014,0.5808277950505425,60,19.935183941878346,0,1384.278125920193,1,False,False,False,False,True,False,False,False,False,False,False,False,False,False,False,False,False,False,False,False,True,False
name64,50,1,0,1777.0,3000.1900203746277,-1223.1900203746277,0.6883455376334428,56306.678278859334,0.33096854503553497,36,32.374714856068636,22876,24803.966405640418,1,False,False,False,False,True,False,False,False,False,False,False,False,False,True,False,False,False,False,False,False,False,False
name65,41,0,1,5460.0,8547.700813067619,-3087.7008130676186,0.5655129694263038,144847.72103183297,0.7011283954284782,48,27.094399605293148,38438,50932.5282536825,0,True,False,False,False,False,False,False,False,False,False,False,False,True,False,False,False,False,False,False,False,False,False
name66,35,0,0,1580.0,1547.5311960178262,32.46880398217377,0.0,14816.5330792058,0.9700941230403661,36,9.357002705837738,35278,33345.35718968392,1,False,False,False,False,True,False,False,False,False,False,False,False,False,False,False,False,False,False,False,False,True,False
name67,48,0,3,1903.0,2064.434135295239,-161.43413529523878,0.08483139006581124,15333.275151208994,0.751020786981469,12,8.142253960328025,17811,14712.622474812626,1,False,True,False,True,False,False,False,False,False,True,False,False,False,False,False,False,False,False,False,False,False,False
name68,56,0,3,3220.0,5377.842857744344,-2157.8428577443437,0.6701375334609763,29439.506746855495,0.8007062627004907,60,9.812841492111751,0,4347.382901621699,0,False,False,False,False,True,False,False,False,False,False,False,False,False,False,False,False,False,False,False,False,True,False
name69,32,2,0,2441.0,1920.3065915317884,520.6934084682116,0.0,15895.839360705082,0.8770938803291497,24,6.298707887028624,75194,93458.73315799258,1,True,False,False,False,False,False,False,False,False,False,False,True,False,False,False,False,False,False,False,False,False,False
name70,37,0,0,3971.0,3933.0586000522517,37.94139994774832,0.0,88762.78942490456,0.42124432701837033,36,22.343200207745355,75992,85114.6056810627,0,False,False,True,False,False,False,False,False,False,False,False,False,True,False,False,False,False,False,False,False,False,False
name71,55,0,0,4607.0,1274.3987660159771,3332.6012339840227,0.0,44687.11078436272,0.4071330536842564,36,8.976450955150574,42252,49000.52883951081,1,False,False,False,False,True,False,False,False,False,False,False,False,False,True,False,False,False,False,False,False,False,False
name72,46,1,0,7060.0,9203.410357031233,-2143.4103570312327,0.3035992007126392,24880.58250572566,0.5580161741288137,60,3.8277610287191064,31522,46706.913711386645,0,True,False,False,False,False,False,False,False,False,False,False,False,False,False,False,True,False,False,False,False,False,False
name73,31,1,0,2425.0,1842.1426393844883,582.8573606155117,0.0,79541.38153141474,0.2375902913220551,12,32.5602161529069,11624,19717.106142310688,0,False,False,False,False,True,False,False,False,False,False,False,False,False,False,False,False,False,False,True,False,False,False
name74,34,0,2,1014.0,1119.6242339834957,-105.62423398349574,0.10416591122632717,27722.766661354864,0.39566380995309963,24,27.444172480609826,14070,16218.783092755833,0,False,True,False,True,False,False,False,False,False,False,False,False,False,False,False,False,False,False,False,False,False,True
name75,59,1,1,3495.0,5078.065883891088,-1583.0658838910877,0.45295161198600503,20519.221377228383,0.23310564276700838,12,6.323973465270234,0,5300.304701275797,1,False,False,False,False,True,False,False,False,False,False,False,False,False,False,False,False,True,False,False,False,False,False
name76,42,1,0,1695.0,1494.4840718488663,200.51592815113372,0.0,19595.846056891613,0.7885824441900431,36,11.442672642324766,15712,20606.59181593399,1,False,True,False,True,False,False,False,False,False,False,True,False,False,False,False,False,False,False,False,False,False,False
name77,45,0,0,2895.0,2250.5464501202337,644.4535498797663,0.0,30574.80511431508,0.964806984666642,36,10.338636118975929,49721,65194.72958756056,0,False,False,False,False,True,False,False,False,False,False,False,False,False,False,False,False,False,False,False,False,True,False
name78,55,0,0,1794.0,2879.5746357419443,-1085.5746357419443,0.6051140667457884,6487.02454570295,0.5285593385697944,36,4.221069777839963,0,1625.4331138471355,0,False,True,False,True,False,False,False,False,False,False,False,False,False,False,False,False,False,False,False,False,False,False
name79,51,0,0,1513.0,1845.529570821385,-332.52957082138505,0.21978160662351953,26127.254332924913,0.36705008363471664,24,17.488290749336613,22095,26516.987690644695,0,False,True,False,True,False,False,False,False,False,False,False,False,False,False,False,False,False,True,False,False,False,False
name80,60,0,0,8032.0,4482.3315376966275,3549.6684623033725,0.0,87113.45784839655,0.4389401116618569,24,10.403858240300446,34956,65408.76607358269,0,True,False,False,False,False,False,False,False,False,False,False,False,False,False,True,False,False,False,False,False,False,False
name81,52,1,0,2980.0,1893.619599622228,1086.380400377772,0.0,48073.290188561215,0.6796323295334354,36,15.767419392007868,36326,44253.992172092854,1,False,False,False,False,True,False,False,False,False,False,False,False,False,False,False,False,False,False,False,False,True,False
name82,53,0,2,2038.0,1542.9113704933704,495.08862950662956,0.0,38814.75544660804,0.9195818568060334,48,18.80258430672297,20448,22787.628407930813,0,False,True,False,True,False,False,False,False,False,False,False,False,False,False,False,False,False,True,False,False,False,False
name83,60,0,1,2462.0,1457.2568373853367,1004.7431626146633,0.0,53214.34276877327,0.8498556402330498,24,21.206173682436475,20617,26055.424838430972,0,False,True,False,True,False,False,False,False,False,False,True,False,False,False,False,False,False,False,False,False,False,False
name84,32,0,1,3285.0,3578.3403146615988,-293.34031466159877,0.08929689944036492,24993.39742903347,0.8804742326010642,36,7.697637060485562,10930,17881.683073945373,1,True,False,False,False,False,False,False,False,False,False,False,True,False,False,False,False,False,False,False,False,False,False
name85,40,0,0,2468.0,1766.0751516508203,701.9248483491797,0.0,101996.71589667111,0.6892243187169519,24,41.043270278898675,24445,32638.79746511285,1,False,False,False,False,True,False,False,False,False,False,False,False,False,False,False,False,False,False,True,False,False,False
name86,34,2,0,2456.0,2015.0862858225476,440.91371417745245,0.0,42717.07184991088,0.4538538347628041,36,17.21341943637354,0,7102.2440929091945,1,False,False,True,False,False,False,False,False,False,False,False,False,False,False,False,False,False,False,False,True,False,False
name87,47,0,0,2830.0,5111.573642219894,-2281.5736422198943,0.8062097675688672,10017.40079299068,0.4588162031400601,48,4.34592736226522,20292,23732.50453995644,0,False,False,False,False,True,False,False,False,False,False,False,False,False,False,False,False,True,False,False,False,False,False
name88,49,2,0,9197.0,8493.526934149098,703.4730658509015,0.0,167869.88149824447,0.3035085798395047,24,18.176188804218068,70182,86592.0280616424,0,True,False,False,False,False,False,False,False,False,False,False,False,False,False,True,False,False,False,False,False,False,False
name89,44,0,0,750.0,543.0627295481266,206.93727045187336,0.0,28248.69246972214,0.7734270948273825,48,37.38900693236036,17870,21826.353620059013,1,False,True,False,False,False,False,True,False,False,False,False,False,False,False,False,False,False,False,False,False,False,False
name90,55,2,1,2424.0,1738.3248201045333,685.6751798954667,0.0,35032.07698423875,0.8809779817856627,24,14.169307675059112,21092,24914.940191487723,1,False,True,False,True,False,False,False,False,False,False,False,False,False,False,False,False,False,True,False,False,False,False
name91,53,0,0,3127.0,2753.1077020643597,373.8922979356403,0.0,58400.81681496974,0.9357456273591098,24,18.556739532150335,14690,22991.035036279,0,False,False,False,False,True,False,False,False,True,False,False,False,False,False,False,False,False,False,False,False,False,False
name92,35,1,0,2616.0,2637.4031639117934,-21.4031639117934,0.00818163758096078,45716.76491250012,0.7581807121124104,36,17.484009203521374,19410,25433.414166876897,1,True,False,False,False,False,False,False,False,False,False,False,False,False,False,True,False,False,False,False,False,False,False
name93,46,0,0,9008.0,5585.002307454798,3422.997692545202,0.0,158886.08809987624,0.6053100982741056,36,17.258335968842257,66731,88227.65128912953,1,True,False,False,False,False,False,False,False,False,False,False,False,True,False,False,False,False,False,False,False,False,False
name94,47,2,2,1214.0,1338.2772529130184,-124.2772529130184,0.10237006006014696,9934.729847711535,0.5105493806853225,48,8.285837809410669,0,1884.0490456461607,0,False,True,False,True,False,False,False,False,False,False,False,False,False,False,False,False,False,True,False,False,False,False
name95,44,0,0,2806.0,2402.386230884701,403.61376911529896,0.0,34047.79938991002,0.22708377809197597,24,11.990087534139244,20518,26242.400465231138,0,False,False,False,False,True,False,False,False,False,False,False,False,False,False,False,False,False,False,False,False,True,False
name96,30,0,0,900.0,830.4858034511242,69.51419654887582,0.0,11253.686153982215,0.3579608726392393,36,12.426857730481487,22141,26492.664786826925,0,False,False,False,False,False,False,False,True,False,False,False,False,False,False,False,False,False,False,True,False,False,False
name97,59,0,1,9182.0,14565.211497781684,-5383.211497781684,0.5862787516643089,46281.39268649245,0.9629347985541148,12,5.6267266591455165,31466,46859.684327347924,1,True,False,False,False,False,False,False,False,False,False,False,False,False,False,True,False,False,False,False,False,False,False
name98,38,0,1,1584.0,862.4324516028084,721.5675483971916,0.0,4700.919079344214,0.8133448133923744,24,2.5122168755978675,19980,22955.16964459688,0,False,True,False,True,False,False,False,False,False,False,True,False,False,False,False,False,False,False,False,False,False,False
name99,57,3,0,4500.0,7693.9230385749115,-3193.9230385749115,0.7097606752388692,43522.376725601665,0.8511912442998424,12,10.381399947594794,13014,22956.33436438879,1,True,False,False,False,False,False,False,False,False,False,False,True,False,False,False,False,False,False,False,False,False,False
name100,40,0,3,4952.0,3292.0916256457635,1659.9083743542365,0.0,117969.23162647187,0.6994312187116024,24,23.4873431446118,44170,62361.892794496525,1,True,False,False,False,False,False,False,False,False,False,False,False,False,False,True,False,False,False,False,False,False,False
name101,54,0,1,2362.0,1599.8071541396978,762.1928458603022,0.0,78406.62420043808,0.9131690696725826,12,32.87232487492708,0,3979.7998069256582,0,False,True,False,True,False,False,False,False,False,False,False,False,False,False,False,False,False,False,False,False,False,True
name102,53,0,1,2009.0,1541.1233335269087,467.8766664730913,0.0,19811.250891714837,0.3849695445291503,12,9.628359494893852,18506,24019.309303779686,0,False,True,False,True,False,False,False,False,False,False,False,False,False,False,False,False,False,False,False,False,False,True
name103,36,2,0,5764.0,3672.8501067392986,2091.1498932607014,0.0,61071.61789128217,0.4836720071706266,12,10.232558639490193,13094,25376.088498228135,0,False,False,True,False,False,False,False,False,False,False,False,False,True,False,False,False,False,False,False,False,False,False
name104,38,0,0,5086.0,3054.3329117794583,2031.6670882205417,0.0,136815.1817337404,0.9167659157292046,60,26.500887661329113,0,12236.686832122103,0,True,False,False,False,False,False,False,False,False,False,False,True,False,False,False,False,False,False,False,False,False,False
name105,38,1,0,1105.0,874.1702721891941,230.82972781080593,0.0,48945.78758029218,0.2982799977623838,24,44.08593470812794,20941,24360.024793525652,0,False,True,False,True,False,False,False,False,False,True,False,False,False,False,False,False,False,False,False,False,False,False
name106,52,0,0,8725.0,11010.318210399815,-2285.318210399815,0.26192758858450604,387480.17131630436,0.9203348002972906,24,44.672262409937446,12718,33434.481409877924,1,True,False,False,False,False,False,False,False,False,False,False,False,True,False,False,False,False,False,False,False,False,False
name107,56,0,0,3101.0,4991.955923347229,-1890.9559233472291,0.6097890755715024,35527.15551985201,0.5259157703925592,36,12.066466121637935,49937,50641.87091896791,0,False,False,False,False,True,False,False,False,False,False,False,False,False,False,False,False,False,False,False,False,True,False
name108,38,0,2,5768.0,3707.3347311064153,2060.6652688935847,0.0,194303.88429399187,0.23596210819767094,48,33.329268208234794,53699,70640.69254164054,0,False,False,True,False,False,False,False,False,False,False,False,True,False,False,False,False,False,False,False,False,False,False
name109,32,0,0,2595.0,1869.859123602704,725.1408763972961,0.0,7560.026563285411,0.23722095059148665,24,2.6338673167198903,24804,27169.817224779268,1,True,False,False,False,False,False,False,False,False,False,False,True,False,False,False,False,False,False,False,False,False,False
name110,60,1,0,8457.0,5916.799185255186,2540.200814744814,0.0,59688.62588841709,0.788705182046494,24,6.757529274408451,11043,32668.64720098729,1,True,False,False,False,False,False,False,False,False,False,False,False,False,False,True,False,False,False,False,False,False,False
name111,32,0,0,1936.0,1156.8074489192609,779.1925510807391,0.0,64116.7672686103,0.9228915041857375,24,32.715689420211554,25481,30445.512968767052,0,False,False,False,False,True,False,False,False,False,False,False,False,False,False,False,False,False,False,True,False,False,False
name112,46,3,0,1728.0,2787.3450616866176,-1059.3450616866176,0.613046910698274,34110.14754733109,0.3597772037286457,48,20.352715630218583,34941,36670.61628464573,1,False,False,False,False,True,False,False,False,False,False,False,False,False,False,False,False,False,False,True,False,False,False
name113,45,1,0,5514.0,4813.486335676692,700.5136643233081,0.0,227897.17827419206,0.34492568350108394,36,41.20360257705273,57585,73581.90560546718,0,False,False,True,False,False,False,False,False,False,False,False,True,False,False,False,False,False,False,False,False,False,False
name114,52,0,3,4853.0,3774.0041723068393,1078.9958276931607,0.0,93975.70486178248,0.36863632686945236,12,19.14212013890157,46381,57262.35712991213,0,False,False,False,False,True,False,False,False,False,False,False,False,False,False,False,False,False,False,True,False,False,False
name115,33,0,3,2109.0,2398.089449697279,-289.0894496972792,0.13707418193327606,47568.07349366436,0.5112141289403827,24,22.691874321176687,27768,34200.73610901605,1,False,False,False,False,True,False,False,False,False,False,False,False,False,True,False,False,False,False,False,False,False,False
name116,46,0,0,8033.0,6528.7788184238525,1504.2211815761475,0.0,27935.75782368255,0.5039004620426575,36,3.2903693068724515,72453,94558.17875957185,0,True,False,False,False,False,False,False,False,False,False,False,False,False,False,True,False,False,False,False,False,False,False
name117,40,1,0,1967.0,1914.0595399973665,52.94046000263347,0.0,51805.651110352235,0.45701348530916786,24,26.31047821573442,10673,17646.31463636632,1,False,False,False,False,True,False,False,False,False,False,False,False,False,False,False,False,False,False,True,False,False,False
name118,39,1,1,3252.0,4873.799265276604,-1621.7992652766043,0.49870826115516736,36166.80788195285,0.9620794417157476,24,11.620112898902047,0,6388.391689684016,1,False,False,True,False,False,False,False,False,False,False,False,True,False,False,False,False,False,False,False,False,False,False
name119,31,0,0,2385.0,1498.4465466388033,886.5534533611967,0.0,53998.39016579016,0.9179619283278495,36,22.269113925546737,54752,68893.55197769473,0,True,False,False,False,False,False,False,False,False,False,False,True,False,False,False,False,False,False,False,False,False,False
name120,55,1,2,3347.0,2700.94429691136,646.0557030886398,0.0,12507.737641866286,0.25464437873507295,36,3.543974287056363,36998,47464.54863474169,0,False,False,False,False,True,False,False,False,False,False,False,False,False,False,False,False,False,False,False,False,True,False
name121,58,0,0,7025.0,4954.4388769789475,2070.5611230210525,0.0,243646.85869195434,0.9552292994324618,60,34.38808506319335,26784,48194.85321546474,0,False,False,True,False,False,False,False,False,False,False,False,False,False,False,True,False,False,False,False,False,False,False
name122,41,1,0,1665.0,1759.1195495168258,-94.11954951682583,0.05652825796806356,15523.271741894398,0.5282314009260454,36,9.379814589436169,0,2387.514159097485,0,False,True,False,True,False,False,False,False,False,False,False,False,False,False,False,False,False,False,False,False,False,True
name123,33,1,0,973.0,908.1451313450807,64.8548686549193,0.0,3252.2979265737977,0.3886416822202321,24,3.275892145857018,0,1288.222756600968,1,False,True,False,True,False,False,False,False,False,False,False,False,False,False,False,False,False,False,False,False,False,True
name124,52,0,1,1922.0,2802.7130016596643,-880.7130016596643,0.4582273681892114,81578.3369035786,0.4477341142902138,36,42.9027314803529,24566,22230.131808626284,0,False,True,False,True,False,False,False,False,False,False,False,False,False,False,False,False,False,False,False,False,False,True
name125,58,1,0,3872.0,5354.993357193899,-1482.993357193899,0.38300448274635823,186604.78931503365,0.5786259166083539,36,48.576390152951326,11393,18905.44598546199,1,False,False,False,False,True,False,False,False,False,False,False,False,False,True,False,False,False,False,False,False,False,False
name126,52,0,2,8125.0,11543.596540797987,-3418.5965407979875,0.42075034348282925,48295.10593689524,0.8686773908725862,12,6.364763381869936,14345,28610.451721826725,1,False,False,True,False,False,False,False,False,False,False,False,False,False,False,False,True,False,False,False,False,False,False
name127,47,0,0,8633.0,5960.936888907242,2672.063111092758,0.0,157922.68153281117,0.9145690368635342,48,17.983391453923133,21549,37051.15913510021,0,True,False,False,False,False,False,False,False,False,False,False,False,False,False,True,False,False,False,False,False,False,False
name128,56,2,0,2068.0,2761.3389612134906,-693.3389612134906,0.33527029072219083,55125.63104540428,0.6865671538884099,36,26.991764993528903,10332,16214.87316280266,1,False,True,False,True,False,False,False,False,False,False,False,False,False,False,False,False,False,False,False,False,False,False
name129,36,1,0,869.0,1002.0983561215804,-133.09835612158042,0.15316266527224445,16383.37455453574,0.4816975691456128,48,19.006297940917516,16659,18715.42800729878,0,False,True,False,True,False,False,False,False,False,False,False,False,False,False,False,False,False,True,False,False,False,False
name130,32,0,0,3607.0,3490.2947670485173,116.70523295148269,0.0,17670.458424464516,0.944578382848517,48,4.8665797592218,49930,56467.737381680774,1,True,False,False,False,False,False,False,False,False,False,False,True,False,False,False,False,False,False,False,False,False,False
name131,46,0,1,4319.0,2378.712012890103,1940.2879871098971,0.0,87142.59995516358,0.967492229468294,48,19.727323910176818,0,9891.278687307784,0,False,False,False,False,True,False,False,False,False,False,False,False,False,True,False,False,False,False,False,False,False,False
name132,31,1,0,1978.0,1679.1478090646533,298.8521909353467,0.0,5815.724479457454,0.5598793204018607,60,2.789116424935343,29442,29302.57999142805,0,False,False,False,False,True,False,False,False,False,False,False,False,False,False,False,False,False,False,False,False,True,False
name133,42,0,0,4234.0,5605.6100729106265,-1371.6100729106265,0.3239513634649567,58783.01269318415,0.217826726759214,48,14.207516005218418,46023,57028.08808578262,1,True,False,False,False,False,False,False,False,False,False,False,False,False,False,False,True,False,False,False,False,False,False
name134,31,0,0,901.0,982.941070434901,-81.94107043490101,0.09094458427846949,7517.816329905466,0.4997000874918917,60,8.434802886060341,17396,19291.26057718379,0,False,True,False,True,False,False,False,False,False,False,False,False,False,False,False,False,False,False,False,False,False,False
name135,32,0,0,2018.0,2056.3941273918804,-38.394127391880374,0.019025831215005142,32653.279213763715,0.688192953932426,24,16.20003634348642,45219,45901.69984407734,1,False,False,False,False,True,False,False,False,False,False,False,False,False,True,False,False,False,False,False,False,False,False
name136,57,2,1,4803.0,11739.619624126697,-6936.619624126697,1.4442264468304595,162775.86329900124,0.7562679392821761,48,35.33468309871496,59261,62903.535757397825,1,True,False,False,False,False,False,False,False,False,False,False,False,True,False,False,False,False,False,False,False,False,False
name137,56,0,0,3984.0,2248.8403913224615,1735.1596086775385,0.0,38942.217308412575,0.27258492570343923,48,9.339120908568031,30142,42284.97139357182,0,False,False,False,False,True,False,False,False,False,False,False,False,False,False,False,False,False,False,False,False,True,False
name138,33,0,1,2484.0,4179.481916571199,-1695.4819165711988,0.6825611580399351,33601.80555268401,0.7129475101188598,24,14.209858079410308,32599,30297.399737988457,0,False,False,True,False,False,False,False,False,False,False,False,False,False,False,True,False,False,False,False,False,False,False
name139,41,0,1,4848.0,4801.155483747576,46.844516252424,0.0,46212.60272784157,0.9039987467775712,36,9.522639895129775,79323,101596.58305677076,1,True,False,False,False,False,False,False,False,False,False,False,False,False,False,False,False,False,False,False,True,False,False
name140,51,0,0,3870.0,2303.5819094397275,1566.4180905602725,0.0,78329.63519067486,0.9218664283114728,12,19.83545661501669,16351,18891.642746821766,0,False,False,False,False,True,False,False,False,True,False,False,False,False,False,False,False,False,False,False,False,False,False
name141,51,1,0,5441.0,8444.979659139755,-3003.9796591397553,0.5521006541333864,16355.76960536768,0.5233456955336855,24,3.558123371532335,0,9905.79100552179,1,True,False,False,False,False,False,False,False,False,False,False,False,False,False,False,True,False,False,False,False,False,False
name142,30,1,2,2630.0,3170.361703243988,-540.3617032439879,0.20546072366691556,16193.039028362426,0.45871775663333336,36,6.362509783880765,48160,52361.95257853049,1,True,False,False,False,False,False,False,False,False,False,False,False,False,False,False,False,False,False,False,True,False,False
name143,45,2,0,2172.0,2736.3966969390062,-564.3966969390062,0.259851149603594,44646.90727076419,0.46554922117683306,24,20.815517480526335,13137,18033.150041133624,1,False,False,False,False,True,False,False,False,False,False,False,False,False,True,False,False,False,False,False,False,False,False
name144,49,1,1,2120.0,2193.6711164287062,-73.67111642870623,0.03475052661731426,40281.3284266066,0.3908671304916491,12,19.03537714294118,0,3478.3991246682385,1,False,True,False,True,False,False,False,False,False,False,True,False,False,False,False,False,False,False,False,False,False,False
name145,30,0,0,758.0,1105.4767243356775,-347.47672433567755,0.45841256508664585,6853.10988771833,0.41436081840743394,12,9.499454633316633,8676,9033.50153334909,1,False,True,False,True,False,False,False,False,False,False,False,False,False,False,False,False,False,True,False,False,False,False
name146,34,1,3,3236.0,3933.097325740925,-697.097325740925,0.21541944553180625,150141.08795087482,0.6367968456058755,24,46.61254180365135,74062,81691.95015365505,1,False,False,True,False,False,False,False,False,False,False,False,False,False,False,False,True,False,False,False,False,False,False
name147,32,0,1,1484.0,1406.6025051549243,77.3974948450757,0.0,5224.997141772302,0.42856273407087647,36,3.468732915719155,18073,21380.989836356697,0,False,False,False,False,True,False,False,False,False,False,False,False,False,False,False,False,False,False,True,False,False,False
name148,38,0,1,2155.0,1725.5440814538194,429.45591854618056,0.0,21729.137694909725,0.4977484823031542,12,9.883843051676818,14808,19902.17060146769,0,False,False,False,False,True,False,False,False,False,False,False,False,False,False,False,False,False,False,False,False,True,False
name149,48,0,0,8040.0,4431.507782825616,3608.4922171743838,0.0,89262.95055178402,0.5335909613084593,60,10.65353959385692,30745,59806.49780430421,0,True,False,False,False,False,False,False,False,False,False,False,False,False,False,True,False,False,False,False,False,False,False
name150,47,0,0,1945.0,1673.7566411568241,271.2433588431759,0.0,38142.70903956405,0.8078569957356485,48,19.471190581347493,17640,24658.382964413744,1,False,True,False,True,False,False,False,False,False,False,False,False,False,False,False,False,False,False,False,False,False,True
name151,58,0,1,13202.0,10989.935875702404,2212.064124297596,0.0,69379.78233995932,0.5081711843314851,36,5.087692638665484,16603,57953.65915845911,0,True,False,False,False,False,False,False,False,False,False,False,False,True,False,False,False,False,False,False,False,False,False
name152,55,0,4,2020.0,2508.369053938405,-488.36905393840516,0.2417668583853491,36186.14327187554,0.5744757157758369,12,18.15569917119502,22987,29681.05412142941,1,False,True,False,True,False,False,False,False,False,False,False,False,False,False,False,False,False,False,False,False,False,False
name153,35,0,3,954.0,867.9839841498037,86.01601585019625,0.0,33119.443286242444,0.3460386165304867,12,34.626234036050576,0,1565.6022145639802,0,False,True,False,True,False,False,False,False,False,False,True,False,False,False,False,False,False,False,False,False,False,False
name154,50,0,0,1748.0,2664.0112331186315,-916.0112331186315,0.5240338862234734,29224.72475897522,0.7456390891850038,24,17.242983977170397,0,2419.323144971902,1,False,True,False,True,False,False,False,False,False,False,True,False,False,False,False,False,False,False,False,False,False,False
name155,46,0,0,900.0,703.64309092275,196.35690907724995,0.0,4881.6152222241035,0.22708270314779774,12,5.2058425701631705,0,1552.1499161392535,0,False,True,False,False,False,False,True,False,False,False,False,False,False,False,False,False,False,False,False,False,False,True
name156,34,1,1,2490.0,2683.021861461748,-193.0218614617479,0.07751881986415579,27810.0923351278,0.37667901529406783,60,11.24623060103998,42911,60762.13888893472,0,True,False,False,False,False,False,False,False,False,False,False,False,True,False,False,False,False,False,False,False,False,False
name157,55,0,0,1799.0,2040.8521602820033,-241.8521602820033,0.1344369984891625,56671.82933609184,0.3257435273624563,36,31.636287657795354,10802,13171.524753780286,0,False,True,False,True,False,False,False,False,False,False,False,False,False,False,False,False,False,False,False,False,False,False
name158,55,1,1,1879.0,2074.496276419824,-195.49627641982397,0.10404272294828311,17912.8704902296,0.7469467284534553,24,9.637236171713372,16995,19416.846175161947,1,False,True,False,True,False,False,False,False,False,False,False,False,False,False,False,False,False,True,False,False,False,False
name159,52,2,0,4014.0,2879.5344178802284,1134.4655821197716,0.0,187677.99163912577,0.44491907149547766,24,46.47322522596064,12531,20667.708297206187,1,False,False,False,False,True,False,False,False,False,False,False,False,False,False,False,False,True,False,False,False,False,False
name160,35,1,2,928.0,1867.8021647008336,-939.8021647008336,1.0127178498931397,8602.888264296475,0.7057657671457882,24,10.283071582971237,18370,15942.882843997564,1,False,True,False,True,False,False,False,False,False,False,False,False,False,False,False,False,False,False,False,False,False,False
name161,30,0,0,2958.0,4062.0279574425153,-1104.0279574425153,0.37323460359787536,126773.55111418346,0.3179580333640066,36,43.23109502083366,27940,37198.316276236656,1,True,False,False,False,False,False,False,False,False,False,False,False,False,False,True,False,False,False,False,False,False,False
name162,46,3,0,900.0,859.4903434237965,40.5096565762035,0.0,28460.957255459518,0.9785355551633149,36,31.57827510987035,0,1572.7720544699137,1,False,True,False,False,False,False,True,False,False,False,False,False,False,False,False,False,False,False,False,False,False,True
name163,55,0,1,10996.0,7141.740386864664,3854.2596131353357,0.0,207746.27289935952,0.639627764034743,36,18.54238025520409,57438,109695.83124099985,1,True,False,False,False,False,False,False,False,False,False,False,False,True,False,False,False,False,False,False,False,False,False
name164,34,1,0,2056.0,1349.7336847244087,706.2663152755913,0.0,59130.99910372769,0.2963463709351099,12,28.416698827068142,20157,21351.11585496857,0,False,False,False,False,True,False,False,False,False,False,False,False,False,False,False,False,True,False,False,False,False,False
name165,58,0,0,1100.0,1107.924800202732,-7.924800202732058,0.007204363820665507,20183.978440234165,0.2077615270325499,60,18.35627567312445,0,1538.3392777624554,0,False,True,False,False,False,False,True,False,False,False,False,False,False,False,False,False,False,False,False,False,False,False
name166,57,0,0,2669.0,1161.6396948099423,1507.3603051900577,0.0,9341.324054651846,0.32907513119997844,12,2.9351681339309814,10355,15107.19138697734,0,False,True,False,True,False,False,False,False,False,False,False,False,False,False,False,False,False,False,False,False,False,False
name167,54,0,0,1912.0,1537.7418628824098,374.2581371175902,0.0,19244.985183923847,0.7808627423187102,12,9.869627116530468,0,3683.909736300018,0,False,True,False,True,False,False,False,False,False,False,False,False,False,False,False,False,False,False,False,False,False,True
name168,36,0,0,2602.0,1358.1426488917575,1243.8573511082425,0.0,30158.915930935356,0.9662528072333009,12,11.112628201317108,22206,25520.74437435534,1,False,False,False,False,True,False,False,False,False,False,False,False,False,False,False,False,False,False,False,False,True,False
name169,58,1,0,1901.0,2315.3037907422454,-414.3037907422454,0.21793992148461094,43869.59108663952,0.29603508546411567,12,23.295052539390724,17866,22450.20289955103,0,False,True,False,True,False,False,False,False,False,False,False,False,False,False,False,False,False,True,False,False,False,False
name170,56,1,1,2000.0,2099.269982059919,-99.26998205991913,0.049634991029959566,23336.17757955929,0.6655535572391948,24,11.717723780809605,10762,13937.797282046475,0,False,False,False,False,False,False,False,True,False,False,False,False,False,False,False,False,True,False,False,False,False,False
name171,36,1,1,3745.0,4099.422476557172,-354.42247655717165,0.09463884554263595,148686.16330212847,0.4129294784127284,60,39.79721916653822,26055,36457.832562209456,0,True,False,False,False,False,False,False,False,False,False,False,False,False,False,True,False,False,False,False,False,False,False
name172,51,0,1,2278.0,3560.6452834946276,-1282.6452834946276,0.5630576310336382,16119.06216234615,0.23369531647546565,48,7.639028729517461,23089,28405.786593660057,0,False,False,False,False,True,False,False,False,False,False,False,False,False,False,False,False,False,False,True,False,False,False
name173,38,0,1,3892.0,4102.233170984239,-210.23317098423922,0.05401674485720432,32426.655134305605,0.47951710309925627,12,8.38563419971476,74191,79410.39420597324,0,True,False,False,False,False,False,False,False,False,False,False,False,True,False,False,False,False,False,False,False,False,False
name174,58,0,0,6961.0,10211.409997618963,-3250.4099976189627,0.46694584077272844,189374.92334331578,0.2145288435000836,12,27.672077767696415,48913,61827.549324781285,0,True,False,False,False,False,False,False,False,False,False,False,False,False,False,False,True,False,False,False,False,False,False
name175,43,0,0,4395.0,7090.428942891023,-2695.4289428910233,0.6132944124894251,88160.08024410774,0.23336602468374207,24,20.672470804777877,37024,47633.085002163156,1,True,False,False,False,False,False,False,False,False,False,False,False,True,False,False,False,False,False,False,False,False,False
name176,34,0,0,1523.0,2447.4024322034375,-924.4024322034375,0.606961544453997,26424.541546077333,0.33343010043177485,48,17.957284293027428,32022,34084.24820782137,1,False,False,False,False,True,False,False,False,False,False,False,False,False,False,False,False,False,False,False,False,True,False
name177,39,0,0,1248.0,877.2107039502379,370.78929604976213,0.0,17238.202454880196,0.5845552741156745,36,13.515555415729514,18510,20047.273772049666,0,False,True,False,True,False,False,False,False,False,True,False,False,False,False,False,False,False,False,False,False,False,False
name178,48,1,0,6711.0,7099.149009298077,-388.14900929807663,0.057837730486973125,238136.8937774449,0.25974333747113987,48,35.542399461591856,0,13598.634257334188,1,True,False,False,False,False,False,False,False,False,False,False,True,False,False,False,False,False,False,False,False,False,False
name179,44,0,0,1162.0,1073.922189856029,88.07781014397096,0.0,11248.662188840317,0.9299981552358715,24,9.604633716606148,7182,10044.783863882425,0,False,True,False,True,False,False,False,False,False,False,True,False,False,False,False,False,False,False,False,False,False,False
name180,47,2,0,6246.0,6611.541425156536,-365.5414251565362,0.0585240834384464,63848.2916293985,0.7252483941632965,60,10.280792996246404,71499,89626.01256072216,1,False,False,True,False,False,False,False,False,False,False,False,True,False,False,False,False,False,False,False,False,False,False
name181,34,1,1,1776.0,4657.406317211678,-2881.4063172116776,1.622413466898467,65525.83927513205,0.48204163373950565,24,38.51759323893228,71668,72162.68139962567,1,True,False,False,False,False,False,False,False,False,False,False,False,True,False,False,False,False,False,False,False,False,False
name182,42,0,1,2470.0,2841.617497726714,-371.6174977267142,0.15045242822943894,75598.95335627781,0.30812794045081565,48,30.7573161352245,0,4743.51021635464,0,False,False,False,False,True,False,False,False,False,False,False,False,False,False,False,False,False,False,True,False,False,False
name183,58,0,1,4500.0,7819.408033335999,-3319.408033335999,0.737646229630222,162041.6709779391,0.7043274113552296,48,36.74690644695002,0,6789.951041983285,0,True,False,False,False,False,False,False,False,False,False,False,True,False,False,False,False,False,False,False,False,False,False
name184,45,1,0,7164.0,3253.351109109682,3910.648890890318,0.0,62193.30947695523,0.7177948044447405,24,8.135491427423913,48252,70135.65788442738,0,True,False,False,False,False,False,False,False,False,False,False,False,False,False,True,False,False,False,False,False,False,False
name185,38,0,1,4117.0,3961.002624150618,155.99737584938202,0.0,21909.84724088765,0.722823846388728,24,5.283908152790446,30102,44617.11816614866,0,True,False,False,False,False,False,False,False,False,False,False,False,False,False,False,True,False,False,False,False,False,False
name186,47,1,0,2528.0,2545.7303000616093,-17.73030006160934,0.007013568062345468,58266.59167735571,0.8931229732169117,24,23.055507111320143,17587,22862.687660113002,0,False,False,False,False,True,False,False,False,False,False,False,False,False,False,False,False,False,False,True,False,False,False
name187,33,1,0,1732.0,2269.465386906967,-537.4653869069671,0.3103148885144152,61022.4725336165,0.8754212639690948,12,35.54268933055627,0,2637.1814439420787,1,False,False,False,False,True,False,False,False,False,False,False,False,False,False,False,False,True,False,False,False,False,False
name188,49,1,0,2283.0,1252.898542011321,1030.101457988679,0.0,12428.637327291048,0.8515817196400504,24,4.992788379019872,19285,21441.132890284385,0,False,True,False,True,False,False,False,False,False,False,False,False,False,False,False,False,False,True,False,False,False,False
name189,36,0,1,1139.0,1446.1636025081348,-307.1636025081348,0.2696783165128488,29982.348190502522,0.6941487240848915,60,26.59307444513666,0,1439.7608155011644,0,False,True,False,True,False,False,False,False,False,False,True,False,False,False,False,False,False,False,False,False,False,False
name190,41,1,0,2847.0,3576.084470474074,-729.0844704740739,0.256088679478073,53015.75097965631,0.9828496145086864,24,18.87770827191092,0,5945.070549841551,1,False,False,False,False,True,False,False,False,False,False,False,False,False,False,False,False,True,False,False,False,False,False
name191,39,1,0,1979.0,1924.7247664830468,54.27523351695322,0.0,39349.867091324755,0.25537582143553444,24,19.856286941792725,29654,37639.86412787535,0,False,False,False,False,True,False,False,False,False,False,False,False,False,False,False,False,False,False,False,False,True,False
name192,55,0,0,4778.0,3009.388904861917,1768.6110951380829,0.0,262775.2092680777,0.5986893200054948,24,54.626747210745,41091,51999.73275888793,0,False,False,False,False,True,False,False,False,False,False,False,False,False,False,False,False,True,False,False,False,False,False
name193,35,0,0,887.0,684.7518899977305,202.24811000226953,0.0,20956.314350419907,0.5679130556048368,48,23.39804536687445,15924,21025.658102888592,0,False,True,False,True,False,False,False,False,False,False,False,False,False,False,False,False,False,False,False,False,False,True
name194,56,1,3,9268.0,10348.766420929349,-1080.766420929349,0.11661269107999017,276460.56097025226,0.9674383674215782,48,29.9461941509691,52161,70665.73776186627,0,True,False,False,False,False,False,False,False,False,False,False,False,False,False,False,False,False,False,False,True,False,False
name195,42,2,0,2490.0,1787.5649349217924,702.4350650782076,0.0,64929.60995716651,0.6821943934709834,24,25.794046141400926,22931,22829.376580267002,1,False,False,False,False,True,False,False,False,False,False,False,False,False,False,False,False,False,False,True,False,False,False
name196,44,1,2,2495.0,2325.209754762353,169.790245237647,0.0,76010.75827476018,0.380521771734884,60,30.397181574958935,45461,54053.31288808661,0,False,False,False,False,True,False,False,False,False,False,False,False,False,True,False,False,False,False,False,False,False,False
name197,52,0,0,1705.0,1678.7735913122674,26.2264086877326,0.0,31524.45440233459,0.8234876533488789,60,18.474034013869126,24147,29941.333203490387,1,False,True,False,True,False,False,False,False,False,False,False,False,False,False,False,False,False,True,False,False,False,False
name198,54,0,0,8107.0,8687.037487476404,-580.0374874764038,0.07154773497920364,132299.6131628748,0.20902285224416714,36,16.390730313352805,65995,91821.62399432492,1,True,False,False,False,False,False,False,False,False,False,False,False,False,False,False,True,False,False,False,False,False,False
name199,50,1,0,1956.0,1359.6967259451574,596.3032740548426,0.0,83198.9848724209,0.6278362731548734,12,42.23040981511557,0,3546.83009314138,0,False,True,False,True,False,False,False,False,False,False,False,False,False,False,False,False,False,False,False,False,False,False
name200,49,1,2,1454.0,1429.8578975147352,24.142102485264786,0.0,48192.426790307574,0.3703226594778958,36,33.128118767415614,16197,19547.832541201155,1,False,True,False,True,False,False,False,False,False,False,False,False,False,False,False,False,False,False,False,False,False,False
name201,37,1,0,1112.0,1713.8281913974704,-601.8281913974704,0.5412124023358547,7707.992839712819,0.9784896105490611,36,7.47286063948767,5330,5931.268148032908,1,False,True,False,True,False,False,False,False,False,False,False,False,False,False,False,False,False,True,False,False,False,False
name202,32,0,2,2803.0,2438.304894799979,364.69510520002086,0.0,65199.33841356094,0.6798694393411134,12,23.130447131059906,36236,40645.31100596099,1,True,False,False,False,False,False,False,False,False,False,False,True,False,False,False,False,False,False,False,False,False,False
name203,42,1,0,8204.0,3222.2017833271966,4981.798216672803,0.0,67797.66113795336,0.7341221836129275,60,7.656736094744095,64744,104989.67327789482,1,False,False,True,False,False,False,False,False,False,False,False,False,True,False,False,False,False,False,False,False,False,False
name204,44,1,0,2695.0,3774.148268618537,-1079.1482686185368,0.4004260736989005,9314.631354864077,0.20862799901937637,12,3.8566900272662763,19925,22652.217906753212,0,False,False,False,False,True,False,False,False,False,False,False,False,False,True,False,False,False,False,False,False,False,False
name205,46,0,0,2702.0,2448.085360567328,253.91463943267217,0.0,28490.252374214644,0.886708905561642,36,10.450162003990368,13124,20273.50475485028,1,False,False,False,False,True,False,False,False,False,False,False,False,False,False,False,False,False,False,True,False,False,False
name206,43,0,1,3103.0,3622.6579735073433,-519.6579735073433,0.1674695370632753,167996.830786454,0.3342458117568896,24,54.307601920709416,0,5117.00120240799,0,False,False,False,False,True,False,False,False,False,False,False,False,False,False,False,False,True,False,False,False,False,False
name207,34,0,0,979.0,616.4650919376907,362.53490806230934,0.0,14954.285641269558,0.5974502414749139,36,14.904750493572267,15619,15902.237180341646,0,False,True,False,True,False,False,False,False,False,True,False,False,False,False,False,False,False,False,False,False,False,False
name208,32,1,0,1806.0,1726.4399620452211,79.56003795477886,0.0,35976.90466797512,0.9557783229957153,48,19.876713527143046,0,3981.3745640296574,1,False,False,False,False,True,False,False,False,True,False,False,False,False,False,False,False,False,False,False,False,False,False
name209,44,0,3,1826.0,1289.0925606633602,536.9074393366398,0.0,16625.17688323828,0.5263981969213558,24,8.810662346057853,15861,18315.575252332248,0,False,True,False,True,False,False,False,False,False,False,False,False,False,False,False,False,False,False,False,False,False,True
name210,41,0,1,5896.0,5793.723921243746,102.27607875625381,0.0,222711.06109272296,0.46894260249523784,24,37.755899764919725,25223,43770.90203493092,0,True,False,False,False,False,False,False,False,False,False,False,False,False,False,False,False,False,False,False,True,False,False
name211,34,0,0,884.0,636.7485241076,247.25147589239998,0.0,9767.08934190227,0.6520330219906102,48,10.769047359739671,14277,14355.951822327757,0,False,True,False,True,False,False,False,False,False,False,False,False,False,False,False,False,False,False,False,False,False,False
name212,34,1,3,3601.0,2117.442176353996,1483.5578236460042,0.0,19586.19138576241,0.4545434190799249,12,5.027112902559401,39317,45193.42845683378,1,True,False,False,False,False,False,False,False,False,False,False,False,True,False,False,False,False,False,False,False,False,False
name213,35,0,0,2438.0,2629.0860817924986,-191.0860817924986,0.07837821238412575,18451.116101699638,0.8496819625860584,48,7.6465144312929185,55603,69761.62616533732,1,True,False,False,False,False,False,False,False,False,False,False,False,True,False,False,False,False,False,False,False,False,False
name214,35,0,0,500.0,448.17487895149907,51.82512104850093,0.0,2732.697420223168,0.27634651049477577,60,5.361744598349334,10858,11737.985987753518,0,False,True,False,False,False,False,True,False,False,False,False,False,False,False,False,False,False,False,False,False,False,False
name215,37,0,1,1150.0,1263.617180243791,-113.61718024379093,0.09879754803807907,20812.3294821602,0.7446415429417386,36,18.196475358612165,49965,51490.44833281568,0,False,False,False,False,False,False,False,True,False,False,False,False,False,False,False,False,False,False,True,False,False,False
name216,54,0,1,4690.0,2026.9832309672493,2663.0167690327507,0.0,173424.19775287353,0.841436737979784,12,36.40963347203428,33813,46755.110924003995,0,False,False,False,False,True,False,False,False,False,False,False,False,False,False,False,False,True,False,False,False,False,False
name217,36,0,0,3333.0,3183.651838682274,149.34816131772595,0.0,56005.7391145865,0.7873775984672169,12,16.75859314529516,39597,51648.02955002108,0,True,False,False,False,False,False,False,False,False,False,False,False,False,False,True,False,False,False,False,False,False,False
name218,48,0,2,1653.0,1517.4448273032936,135.55517269670645,0.0,24920.3066392493,0.7256937667786214,36,14.993800040261702,0,2878.70429177556,1,False,True,False,True,False,False,False,False,False,False,False,False,False,False,False,False,False,True,False,False,False,False
name219,34,1,0,2006.0,3504.755934989018,-1498.755934989018,0.7471365578210458,12872.185919831601,0.7320758430480903,36,7.163978990438992,68907,66281.42556455216,1,True,False,False,False,False,False,False,False,False,False,False,False,True,False,False,False,False,False,False,False,False,False
name220,55,1,0,1927.0,3424.252289980242,-1497.252289980242,0.7769861390660312,37142.81556802875,0.8710399574152844,48,20.051929350290084,26417,28754.698705147028,1,False,False,False,False,True,False,False,False,True,False,False,False,False,False,False,False,False,False,False,False,False,False
name221,52,0,0,1898.0,3674.936445129482,-1776.9364451294819,0.9362151976446164,46496.5428080149,0.6599742954810451,48,25.433866835165638,8854,9228.221589301093,1,False,True,False,True,False,False,False,False,False,False,False,False,False,False,False,False,False,True,False,False,False,False
name222,51,0,2,3971.0,3410.681722691515,560.318277308485,0.0,10944.598818284116,0.8671792016297004,48,2.6150290961912948,11588,20463.55175916278,0,False,False,False,False,True,False,False,False,False,False,False,False,False,False,False,False,False,False,True,False,False,False
name223,34,0,2,900.0,966.3440026215632,-66.34400262156316,0.07371555846840351,8819.358381060005,0.5839476013765741,36,9.873002648535076,48416,51165.14504103147,0,False,False,False,False,False,False,False,True,True,False,False,False,False,False,False,False,False,False,False,False,False,False
name224,34,0,1,890.0,743.425947702689,146.57405229731103,0.0,24153.488691129493,0.88633599281003,48,26.97406139194627,0,1718.0391495740162,1,False,True,False,True,False,False,False,False,False,False,False,False,False,False,False,False,False,False,False,False,False,True
name225,47,0,0,3320.0,4171.345644210773,-851.3456442107727,0.2564294109068592,68069.05523091555,0.7481124122060409,48,20.75915689009829,14140,21387.123509797373,1,False,False,False,False,True,False,False,False,False,False,False,False,False,False,False,False,False,False,True,False,False,False
name226,48,0,1,1911.0,1621.2525515610232,289.7474484389768,0.0,86617.55095579413,0.7828231683282232,24,45.17415149521462,22447,23324.824632732038,0,False,True,False,True,False,False,False,False,False,False,False,False,False,False,False,False,False,False,False,False,False,True
name227,40,0,0,2050.0,1928.3167753427492,121.68322465725078,0.0,88971.5849833153,0.32350147427945575,36,43.34141549202832,11425,17615.223072465273,0,False,False,False,False,True,False,False,False,False,False,False,False,False,False,False,False,False,False,True,False,False,False
name228,31,0,1,2978.0,1842.8969080241684,1135.1030919758316,0.0,29169.70993162555,0.21348100113658278,24,9.413904244341747,18853,29224.64801262634,0,True,False,False,False,False,False,False,False,False,False,False,False,False,False,True,False,False,False,False,False,False,False
name229,41,1,1,6413.0,7119.104287288517,-706.1042872885173,0.11010514381545568,227085.72866476202,0.29722754171359456,24,35.52032324217224,40070,51483.11860773359,0,True,False,False,False,False,False,False,False,False,False,False,False,True,False,False,False,False,False,False,False,False,False
name230,49,0,1,7940.0,6743.212355067936,1196.7876449320638,0.0,65209.51667168033,0.7896699918404402,60,8.062056552487187,34398,57139.979822729976,0,True,False,False,False,False,False,False,False,False,False,False,True,False,False,False,False,False,False,False,False,False,False
name231,36,1,0,1842.0,1946.9118752129405,-104.91187521294046,0.05695541542504911,11752.793319499642,0.47504629032975887,12,6.4374078147191,22741,28964.405152205665,0,False,False,False,False,True,False,False,False,True,False,False,False,False,False,False,False,False,False,False,False,False,False
name232,30,2,1,2018.0,1668.492696125179,349.507303874821,0.0,83495.87172263624,0.7804560697749079,36,41.2023609607341,43248,44922.15551732559,1,False,False,False,False,True,False,False,False,False,False,False,False,False,True,False,False,False,False,False,False,False,False
name233,40,0,1,4225.0,3532.372730499381,692.6272695006191,0.0,20001.511336774296,0.8023873879739271,36,4.570150075094362,16583,30875.935897589432,1,False,False,True,False,False,False,False,False,False,False,False,False,False,False,False,True,False,False,False,False,False,False
name234,37,2,0,1092.0,1205.0321388217174,-113.03213882171735,0.1035092846352723,24730.14626780422,0.8584451393618537,24,22.750163376031075,20267,17814.056490987008,1,False,True,False,True,False,False,False,False,False,True,False,False,False,False,False,False,False,False,False,False,False,False
name235,49,1,0,1871.0,1088.4975143487407,782.5024856512593,0.0,4522.10696966793,0.3318007260241988,48,1.9987196600837362,7229,10380.62387435967,1,False,True,False,True,False,False,False,False,False,False,False,False,False,False,False,False,False,False,False,False,False,False
name236,55,1,0,3453.0,1787.5427314602707,1665.4572685397293,0.0,105800.82270799916,0.7534573317864447,48,30.157939600190975,19861,28785.615646308357,0,False,False,False,False,True,False,False,False,False,False,False,False,False,False,False,False,False,False,False,False,True,False
name237,53,0,0,6036.0,1533.9464208690456,4502.053579130954,0.0,309201.21321569406,0.6742700695320112,48,50.48031140433451,13122,25719.984547262786,1,False,False,False,False,True,False,False,False,False,False,False,False,False,False,False,False,False,False,True,False,False,False
name238,36,0,1,1021.0,962.0734277892593,58.92657221074069,0.0,27753.794028023334,0.6753427540393468,24,27.125237468964343,24228,28080.908741464285,0,False,True,False,True,False,False,False,False,False,False,True,False,False,False,False,False,False,False,False,False,False,False
name239,47,0,0,1230.0,877.3737494921401,352.62625050785994,0.0,16235.837567972332,0.3872621112275616,48,12.913179932897945,24123,30056.72423704607,0,False,True,False,True,False,False,False,False,False,False,False,False,False,False,False,False,False,False,False,False,False,False
name240,53,0,0,10881.0,5403.5313031371115,5477.4686968628885,0.0,79368.59053861327,0.29626074521168294,48,6.790839246553659,25848,62259.37581455474,0,True,False,False,False,False,False,False,False,False,False,False,False,False,False,False,False,False,False,False,True,False,False
name241,30,0,1,2423.0,2610.669306558641,-187.66930655864098,0.07745328376336813,18860.249637645906,0.26539732229177676,24,7.861295478417064,26264,29753.91566680001,0,True,False,False,False,False,False,False,False,False,False,False,False,False,False,True,False,False,False,False,False,False,False
name242,58,1,0,3718.0,3349.3925972691054,368.6074027308946,0.0,144160.8554751863,0.5811259007052662,36,38.67462293503373,34850,44542.84172284606,1,False,False,False,False,True,False,False,False,False,False,False,False,False,False,False,False,False,False,False,False,True,False
name243,40,1,0,1273.0,956.4056399906191,316.5943600093809,0.0,39509.87012198043,0.39658111655199274,48,30.788119216002393,14140,17788.617080134663,1,False,True,False,True,False,False,False,False,False,False,False,False,False,False,False,False,False,False,False,False,False,False
name244,49,0,0,9197.0,7006.022062050963,2190.9779379490374,0.0,482088.5008780074,0.9121070243745953,24,52.17978938132634,48341,71721.05739976242,1,True,False,False,False,False,False,False,False,False,False,False,False,False,False,False,True,False,False,False,False,False,False
name245,40,0,1,1148.0,1527.5992532195721,-379.5992532195721,0.3306613704003242,19316.868732859133,0.22812721277695858,12,17.15720207846577,15638,17498.353837305294,0,False,True,False,True,False,False,False,False,False,False,True,False,False,False,False,False,False,False,False,False,False,False
name246,55,2,0,5271.0,5587.7149855548805,-316.7149855548805,0.060086318640652725,48431.12393544674,0.3158289654047688,48,9.248309413963502,44661,51402.66712697552,1,False,False,False,False,True,False,False,False,False,False,False,False,False,True,False,False,False,False,False,False,False,False
name247,33,0,0,900.0,1195.7659045172732,-295.76590451727316,0.32862878279697016,11869.208319347155,0.6487061279082751,48,13.516638026516032,22306,25838.174484440788,0,False,False,False,False,False,False,False,True,False,False,False,False,False,True,False,False,False,False,False,False,False,False
name248,38,0,0,5722.0,4914.365670812835,807.6343291871653,0.0,24229.15474721093,0.7743259841780575,12,4.093240198885663,42503,53922.16539726138,1,False,False,True,False,False,False,False,False,False,False,False,False,True,False,False,False,False,False,False,False,False,False
name249,46,0,0,3500.0,3507.944289284808,-7.944289284807837,0.002269796938516525,105079.9146235666,0.9043872269501414,12,30.02510254652897,57460,72260.61377612915,0,False,False,True,False,False,True,False,False,False,False,False,False,False,False,True,False,False,False,False,False,False,False
name250,36,0,0,5838.0,4476.497772095733,1361.5022279042669,0.0,42159.27744947048,0.25461117232458097,48,6.988313672758857,39547,57018.315600983085,1,True,False,False,False,False,False,False,False,False,False,False,False,False,False,False,False,False,False,False,True,False,False
name251,34,1,0,1355.0,777.3761650816599,577.6238349183401,0.0,5168.525980908649,0.7214433955991548,12,3.388119664937497,0,2360.619821455895,1,False,True,False,True,False,False,False,False,False,False,True,False,False,False,False,False,False,False,False,False,False,False
name252,51,0,1,10050.0,6836.029852832189,3213.970147167811,0.0,232168.3078772098,0.9637220816224161,12,22.781526142292737,39650,64232.80691962539,0,False,False,True,False,False,False,False,False,False,False,False,False,False,False,False,True,False,False,False,False,False,False
name253,42,2,0,3172.0,1353.820145517436,1818.179854482564,0.0,99387.26979810289,0.23926242813073073,12,30.759486110851302,14382,21239.265425834234,0,False,False,False,False,True,False,False,False,False,False,False,False,False,True,False,False,False,False,False,False,False,False
name254,30,1,0,1839.0,853.934489864086,985.065510135914,0.0,20029.646604432968,0.2466096242712963,24,10.355944042575885,0,5006.35537130886,0,False,False,False,False,True,False,False,False,False,False,False,False,False,True,False,False,False,False,False,False,False,False
name255,33,0,1,1182.0,676.2068287205512,505.79317127944876,0.0,12977.965704937043,0.6329465779561368,24,10.551753412569877,19579,19947.62212870748,0,False,True,False,True,False,False,False,False,False,False,False,False,False,False,False,False,False,False,False,False,False,False
name256,59,0,0,10057.0,5905.810764998769,4151.189235001231,0.0,197819.2146689481,0.21738577446515026,48,19.25703743004344,10302,42107.17726616377,1,True,False,False,False,False,False,False,False,False,False,False,False,True,False,False,False,False,False,False,False,False,False
name257,52,1,0,2197.0,1287.5037528767257,909.4962471232743,0.0,22592.24482012127,0.9493247333583444,24,9.869252878014562,0,4358.102580098948,0,False,True,False,True,False,False,False,False,False,False,False,False,False,False,False,False,False,True,False,False,False,False
name258,51,0,0,1571.0,1725.3771008711153,-154.37710087111532,0.09826677331070358,19429.208429056638,0.7523847458928048,60,12.465681432162796,0,2035.16043242588,1,False,True,False,True,False,False,False,False,False,False,True,False,False,False,False,False,False,False,False,False,False,False
name259,40,1,0,2230.0,1800.1757487360735,429.8242512639265,0.0,44177.561094480625,0.5160340078422345,48,19.617819212204797,0,4481.92659138695,0,False,False,False,False,True,False,False,False,False,False,False,False,False,True,False,False,False,False,False,False,False,False
name260,34,1,0,2010.0,1394.6389314141068,615.3610685858932,0.0,45162.75472666754,0.4930743175522164,24,22.16288241695604,13489,15040.042633228797,0,False,False,False,False,True,False,False,False,False,False,False,False,False,False,False,False,False,False,False,False,True,False
name261,57,1,0,5874.0,4862.439816544116,1011.5601834558838,0.0,17345.174812378766,0.7661332485101033,48,2.7806630284172424,0,15328.28039064938,1,True,False,False,False,False,False,False,False,False,False,False,False,False,False,True,False,False,False,False,False,False,False
name262,41,2,0,7029.0,3310.502031674698,3718.497968325302,0.0,122224.96303870343,0.6649686425202717,48,16.85964789733648,70515,99080.7970553625,0,True,False,False,False,False,False,False,False,False,False,False,False,True,False,False,False,False,False,False,False,False,False
name263,33,2,2,1811.0,1841.696916131263,-30.696916131262924,0.016950257388880688,25980.495290719853,0.7410306159972819,36,14.362889125815084,0,3148.1524015336954,1,False,False,False,False,True,False,False,False,False,False,False,False,False,False,False,False,True,False,False,False,False,False
name264,58,0,0,3632.0,3201.5795716358257,430.4204283641743,0.0,41489.89468244569,0.9469295508237601,24,11.304921325462972,0,6990.320128015533,1,False,False,False,False,True,False,False,False,False,False,False,False,False,False,False,False,False,False,True,False,False,False
name265,57,1,0,1656.0,2783.1149160113346,-1127.1149160113346,0.6806249492822068,58426.213651289996,0.9672415434287549,12,35.96215493194525,5926,7886.085286358114,1,False,True,False,True,False,False,False,False,False,False,True,False,False,False,False,False,False,False,False,False,False,False
name266,32,1,0,1059.0,1009.5853542870796,49.414645712920446,0.0,23438.427196539138,0.9306644430324188,36,22.085941974340148,23168,27357.991328829656,1,False,True,False,True,False,False,False,False,False,False,False,False,False,False,False,False,False,False,False,False,False,False
name267,39,0,0,1134.0,1810.0963304115821,-676.0963304115821,0.5962048769061571,19279.568009558363,0.45077890729509473,24,17.597587601384433,10783,10182.075084225615,1,False,True,False,True,False,False,False,False,False,False,False,False,False,False,False,False,False,False,False,False,False,True
name268,34,0,1,859.0,1372.760904923739,-513.760904923739,0.5980918567214656,36628.69877986155,0.4145504957254615,60,43.23918473199684,18114,17996.408127419483,1,False,True,False,True,False,False,False,False,False,False,False,False,False,False,False,False,False,False,False,False,False,False
name269,49,0,1,2602.0,2667.8033373520343,-65.8033373520343,0.025289522425839473,12461.983840319499,0.9259067249716098,60,4.814676086730028,31991,37851.25239216158,1,False,False,False,False,True,False,False,False,False,False,False,False,False,False,False,False,True,False,False,False,False,False
name270,48,0,0,2674.0,2024.1685244432488,649.8314755567512,0.0,27672.575114443473,0.4535581330652924,48,10.105738084849184,48210,60036.03687657583,0,False,False,False,False,True,False,False,False,False,False,False,False,False,False,False,False,False,False,True,False,False,False
name271,56,0,0,4775.0,2441.7188508080017,2333.2811491919983,0.0,25248.049841488904,0.9130480552516731,48,4.798904438177363,42708,57016.48522248101,0,False,False,False,False,True,False,False,False,False,False,False,False,False,False,False,False,False,False,False,False,True,False
name272,47,1,1,1823.0,1134.3064103123845,688.6935896876155,0.0,24599.86133713049,0.6113473474844668,12,13.116383843907226,19342,22785.13718858476,0,False,True,False,True,False,False,False,False,False,False,False,False,False,False,False,False,False,False,False,False,False,False
name273,49,1,0,3488.0,4224.830247731628,-736.8302477316283,0.21124720405149894,54717.42371004443,0.3366209509502246,12,15.898581983307357,0,6111.028178552887,1,False,False,False,False,True,False,False,False,False,False,False,False,False,False,False,False,False,False,False,False,True,False
name274,45,0,1,3274.0,1586.9316126381113,1687.0683873618887,0.0,75379.9573732711,0.49286401263369767,24,22.50851832190263,38030,44461.14829041591,0,False,False,False,False,True,False,False,False,False,False,False,False,False,False,False,False,False,False,True,False,False,False
name275,49,1,0,1494.0,2215.056848322952,-721.0568483229522,0.4826351059725249,16691.53286165108,0.5174078805154319,36,11.655013192753703,11164,12530.138217450916,1,False,True,False,True,False,False,False,False,False,False,False,False,False,False,False,False,False,False,False,False,False,True
name276,34,2,0,1077.0,849.63460535987,227.36539464013003,0.0,21043.439744949177,0.4150332918411092,48,19.327831337334306,9853,13121.810891397143,1,False,True,False,True,False,False,False,False,False,False,False,False,False,False,False,False,False,True,False,False,False,False
name277,43,0,1,6242.0,5554.483523340088,687.5164766599119,0.0,167848.9884735611,0.7791915987994005,24,26.780114065508037,29296,54655.81170290379,0,True,False,False,False,False,False,False,False,False,False,False,False,False,False,True,False,False,False,False,False,False,False
name278,45,1,0,1300.0,1737.8441691747998,-437.84416917479984,0.33680320705753836,12889.762369260274,0.5040059260503282,60,10.25200502956544,30083,33243.0485725734,1,False,False,False,False,False,False,False,True,False,False,False,False,False,False,False,False,False,False,False,False,True,False
name279,58,0,0,10772.0,4005.9651245913706,6766.03487540863,0.0,219532.021508665,0.24842084029806574,24,19.751762591278904,0,40545.772943234195,0,False,False,True,False,False,False,False,False,False,False,False,False,False,False,False,False,False,False,False,True,False,False
name280,44,1,0,1813.0,927.0723335352076,885.9276664647924,0.0,11092.772054633471,0.5006804334575723,24,5.629809370197837,18702,18465.3023683731,0,False,True,False,True,False,False,False,False,False,False,False,False,False,False,False,False,False,False,False,False,False,False
name281,45,1,1,1561.0,990.9302990444565,570.0697009555435,0.0,36049.42043320487,0.718799845940039,48,22.72860392841084,0,3250.716797905239,0,False,True,False,True,False,False,False,False,False,False,False,False,False,False,False,False,False,False,False,False,False,False
name282,60,0,0,5406.0,2639.896881944095,2766.103118055905,0.0,32206.619494791703,0.2746370906649448,24,5.445896481083204,32489,48277.157130024585,0,False,False,False,False,True,False,False,False,False,False,False,False,False,True,False,False,False,False,False,False,False,False
name283,50,0,0,6460.0,8984.414532552202,-2524.414532552202,0.3907762434291335,184761.96308307702,0.9223573634709167,60,28.991699321304836,70320,81371.85880875519,0,True,False,False,False,False,False,False,False,False,False,False,False,False,False,False,False,False,False,False,True,False,False
name284,36,0,0,3473.0,1093.472840390705,2379.5271596092953,0.0,62506.345736550174,0.7967182134125966,36,17.31264571751825,21250,30508.37043964274,0,False,False,False,False,True,False,False,False,False,False,False,False,False,False,False,False,False,False,False,False,True,False
name285,45,1,0,4360.0,5005.877889714208,-645.8778897142083,0.1481371306683964,67968.68242885031,0.4394328090209971,12,15.737284476734981,25144,35969.44804432178,0,True,False,False,False,False,False,False,False,False,False,False,False,False,False,True,False,False,False,False,False,False,False
name286,43,0,0,750.0,906.8194706170764,-156.81947061707638,0.20909262748943516,17272.347217940496,0.6206482280501322,36,23.238888918076764,10962,8880.549652144397,0,False,True,False,False,False,False,True,False,False,True,False,False,False,False,False,False,False,False,False,False,False,False
name287,57,0,0,3560.0,7141.463367881432,-3581.4633678814316,1.0060290359217505,73839.51471200702,0.2029327337698695,60,21.747465752777654,27044,34633.23608608335,1,False,False,False,False,True,False,False,False,False,False,False,False,False,True,False,False,False,False,False,False,False,False
name288,56,0,0,1633.0,1489.8540130777842,143.1459869222158,0.0,45853.64297965605,0.6751010041456184,24,27.991731165176873,18865,20691.764967232757,1,False,True,False,True,False,False,False,False,False,False,False,False,False,False,False,False,False,False,False,False,False,False
name289,45,1,0,1682.0,1309.5616515276238,372.4383484723762,0.0,22863.77187442181,0.7497406142391737,12,13.371779741943778,0,2753.049961970943,1,False,True,False,True,False,False,False,False,False,True,False,False,False,False,False,False,False,False,False,False,False,False
name290,42,0,0,3000.0,2019.9238578686673,980.0761421313327,0.0,45485.05810108168,0.2913259265820924,36,14.834993986316782,23239,33948.19445119147,0,True,False,False,False,False,True,False,False,False,False,False,False,True,False,False,False,False,False,False,False,False,False
name291,32,0,0,719.0,1231.3982442445683,-512.3982442445683,0.7126540253749212,21050.141102020192,0.7420533094060126,48,29.98962356921385,0,601.5458871688874,1,False,True,False,True,False,False,False,False,False,False,False,False,False,False,False,False,False,False,False,False,False,False
name292,33,1,0,2431.0,4750.253729446389,-2319.253729446389,0.9540327969750675,49219.06667974115,0.6005399458273067,24,21.2004608840755,49160,61181.757935421534,1,True,False,False,False,False,False,False,False,False,False,False,False,True,False,False,False,False,False,False,False,False,False
name293,59,0,0,5143.0,5661.555771142775,-518.5557711427746,0.10082748806975979,156501.0261743433,0.6618892953482166,24,30.530737302252785,38689,56019.927988902295,0,True,False,False,False,False,False,False,False,False,False,False,False,False,False,True,False,False,False,False,False,False,False
name294,51,0,1,4152.0,3747.645584043633,404.3544159563671,0.0,94574.94863573952,0.32509529597366266,36,22.68077895466839,0,10008.69883140214,0,False,False,False,False,True,False,False,False,False,False,False,False,False,False,False,False,False,False,True,False,False,False
name295,44,0,1,2154.0,2337.1331416109106,-183.13314161091057,0.08502002860302255,79184.51394139219,0.8254544559090258,48,36.846632814764675,36394,42168.50930808525,1,False,False,False,False,True,False,False,False,False,False,False,False,False,True,False,False,False,False,False,False,False,False
name296,60,1,0,1100.0,721.655866080936,378.344133919064,0.0,36989.72685195184,0.27606977894370566,24,33.28307519821162,9431,10664.186661230968,0,False,True,False,False,False,False,True,False,False,False,False,False,False,False,False,False,False,False,False,False,False,True
name297,39,2,0,1886.0,2575.489039588253,-689.489039588253,0.36558273573078104,18497.72333101994,0.43650841393103806,48,10.173495424500633,29252,30731.352911654612,0,False,False,False,False,True,False,False,False,False,False,False,False,False,False,False,False,True,False,False,False,False,False
name298,37,0,1,3765.0,4835.638766882744,-1070.6387668827438,0.28436620634335824,94117.75953168825,0.7478033494875073,24,25.28244310719017,0,8226.140387987733,0,True,False,False,False,False,False,False,False,False,False,False,False,True,False,False,False,False,False,False,False,False,False
name299,46,2,0,1351.0,2950.637610846185,-1599.637610846185,1.1840396823435861,15932.208225058013,0.7453767813308594,12,12.976939922949073,0,881.6235219328897,1,False,True,False,True,False,False,False,False,False,False,False,False,False,False,False,False,False,False,False,False,False,True
name300,60,3,0,7875.0,7356.684402569942,518.315597430058,0.0,266521.7264829277,0.5257832897353164,60,33.77821090609494,62642,84254.54912840342,1,True,False,False,False,False,False,False,False,False,False,False,True,False,False,False,False,False,False,False,False,False,False
name301,51,2,0,2478.0,1954.7274961978774,523.2725038021226,0.0,24322.952619280364,0.7162778226489581,24,9.604390684212365,0,3468.005805826161,1,False,True,False,True,False,False,False,False,False,False,False,False,False,False,False,False,False,False,False,False,False,False
name302,40,0,0,5424.0,3907.2243930384357,1516.7756069615643,0.0,218196.29813919566,0.45033675307000326,24,39.94828955240304,75405,93100.01750917977,0,True,False,False,False,False,False,False,False,False,False,False,False,True,False,False,False,False,False,False,False,False,False
name303,41,1,2,1329.0,1986.3423996072745,-657.3423996072745,0.4946142961680019,17174.51531672824,0.608483817750046,48,13.417500162780673,13626,18082.201452475365,1,False,True,False,True,False,False,False,False,False,False,False,False,False,False,False,False,False,False,False,False,False,False
name304,38,0,0,1078.0,1026.1662253491995,51.83377465080048,0.0,2795.166378068137,0.2672664951786263,48,2.5448354391626498,8091,9808.963391571086,0,False,True,False,True,False,False,False,False,False,False,False,False,False,False,False,False,False,False,False,False,False,True
name305,49,1,1,1787.0,4098.303828377531,-2311.3038283775313,1.2933988966858037,12188.699202267297,0.9176104296112972,48,8.114159502319433,10105,11507.533839210859,1,False,False,False,False,True,False,False,False,False,False,False,False,False,False,False,False,False,False,False,False,True,False
name306,49,0,4,3117.0,3321.2201723861663,-204.22017238616627,0.0655181817087476,45186.73431628242,0.9322484914430019,24,14.562385142338332,10239,16645.063572724583,0,False,False,False,False,True,False,False,False,False,False,False,False,False,False,False,False,True,False,False,False,False,False
name307,45,2,0,2541.0,2944.3161928409104,-403.3161928409104,0.15872341316053143,40188.2555420842,0.5253304937786476,60,15.974644523780052,49808,59194.03629715437,1,False,False,False,False,True,False,False,False,False,False,False,False,False,True,False,False,False,False,False,False,False,False
name308,45,0,1,1489.0,1206.01838042471,282.9816195752901,0.0,32655.9460311908,0.794958851566653,60,21.74141330531599,0,1964.3694837244573,1,False,True,False,True,False,False,False,False,False,False,False,False,False,False,False,False,False,False,False,False,False,False
name309,39,3,0,2209.0,1991.8833684899992,217.11663151000084,0.0,13161.18235359659,0.7547373426273531,24,5.859694758753549,0,4559.018986537164,1,False,False,False,False,True,False,False,False,True,False,False,False,False,False,False,False,False,False,False,False,False,False
name310,43,0,0,6480.0,3600.677604118017,2879.322395881983,0.0,170005.72303588554,0.6318385718370207,48,25.79111120987709,54962,80310.99660301946,0,True,False,False,False,False,False,False,False,False,False,False,False,False,False,True,False,False,False,False,False,False,False
name311,43,0,0,750.0,624.672814359089,125.32718564091101,0.0,21597.336725679786,0.6530218112586341,36,28.629346053385166,0,1284.6654323802486,0,False,True,False,False,False,False,True,False,False,True,False,False,False,False,False,False,False,False,False,False,False,False
name312,49,1,2,2105.0,1583.069278163391,521.9307218366091,0.0,33470.76059811222,0.9995414063733276,36,15.652650772577486,23754,28567.327006473006,0,False,True,False,True,False,False,False,False,False,False,False,False,False,False,False,False,False,True,False,False,False,False
name313,30,1,0,996.0,678.0881097454524,317.91189025454764,0.0,14260.494124034785,0.8924761495882805,24,13.998576539939998,18045,17641.437683002772,0,False,True,False,True,False,False,False,False,False,False,False,False,False,False,False,False,False,True,False,False,False,False
name314,33,1,1,2902.0,2101.3650071015836,800.6349928984164,0.0,71761.47155482191,0.2510755149365704,48,24.45239026944297,78208,71445.0538690402,1,False,False,True,False,False,False,False,False,False,False,False,False,True,False,False,False,False,False,False,False,False,False
name315,53,1,1,9918.0,7241.795736163385,2676.2042638366147,0.0,106874.07530045713,0.37141673047246,24,10.505935777033729,69281,90591.09371500704,1,True,False,False,False,False,False,False,False,False,False,False,False,False,False,False,False,False,False,False,True,False,False
name316,54,0,0,5031.0,5916.43977575599,-885.43977575599,0.17599677514529716,183167.80732273145,0.8416057050713086,60,36.583829675708095,47032,61710.240890740504,1,True,False,False,False,False,False,False,False,False,False,False,False,False,False,False,True,False,False,False,False,False,False
name317,59,1,0,2297.0,1421.5919850453013,875.4080149546987,0.0,53182.62641656968,0.28165527583715844,48,22.771971441713095,22203,31001.15798202476,1,False,True,False,True,False,False,False,False,False,False,False,False,False,False,False,False,False,True,False,False,False,False
name318,30,1,1,1046.0,792.8983736872399,253.10162631276012,0.0,20250.583296125922,0.22827315217896046,24,19.118051309572813,22089,24056.097646482773,0,False,True,False,True,False,False,False,False,False,False,False,False,False,False,False,False,False,False,False,False,False,True
name319,49,1,0,3500.0,2462.903063213017,1037.096936786983,0.0,9781.218064974137,0.9180853198168635,12,2.498320322339187,71155,78345.85362555708,0,False,False,True,False,False,True,False,False,False,False,False,False,True,False,False,False,False,False,False,False,False,False
name320,39,1,0,4248.0,3755.117217786469,492.88278221353085,0.0,72481.60265095472,0.5785694172419196,12,16.946497144242276,24661,29006.23872981677,0,False,False,True,False,False,False,False,False,False,False,False,False,True,False,False,False,False,False,False,False,False,False
name321,34,0,3,1508.0,2013.7614136726318,-505.76141367263176,0.3353855528333102,11285.477764518117,0.5616384060899772,24,7.819124123468666,19593,19778.89327926924,1,False,False,False,False,True,False,False,False,False,False,False,False,False,False,False,False,True,False,False,False,False,False
name322,60,1,1,2152.0,2020.8572872142342,131.14271278576575,0.0,84306.41423974243,0.5822009213374809,48,39.11490312590923,22361,28798.997435579535,0,False,True,False,True,False,False,False,False,False,False,False,False,False,False,False,False,False,False,False,False,False,False
name323,30,1,0,1609.0,1764.1861589584882,-155.18615895848825,0.09644882471006107,34146.43661262417,0.3559236228933473,60,21.318597123419927,43524,47163.267670863046,0,False,False,False,False,True,False,False,False,False,False,False,False,False,False,False,False,False,False,False,False,True,False
name324,54,0,0,3372.0,2344.161164030816,1027.838835969184,0.0,55707.37968695317,0.3710717107942963,12,16.21575944572479,24934,31670.665205618177,0,False,False,False,False,True,False,False,False,False,False,False,False,False,False,False,False,False,False,False,False,True,False
name325,30,1,2,1763.0,1547.224805483825,215.7751945161749,0.0,37247.832468634566,0.5362189130143613,36,21.00513742150788,34523,41766.75565375762,0,False,False,False,False,True,False,False,False,False,False,False,False,False,False,False,False,False,False,False,False,True,False
name326,35,0,2,3224.0,3471.6122417571837,-247.6122417571837,0.0768028045152555,83541.5589251224,0.37720739264533176,12,25.989197012059428,0,8330.798152793657,0,True,False,False,False,False,False,False,False,False,False,False,True,False,False,False,False,False,False,False,False,False,False
name327,36,1,0,2249.0,1722.5171619578248,526.4828380421752,0.0,31588.65458122385,0.7821235310922015,36,13.811548129471621,38935,37718.27504553185,0,False,False,False,False,True,False,False,False,False,False,False,False,False,False,False,False,False,False,False,False,True,False
name328,46,0,0,900.0,991.1165781252543,-91.11657812525425,0.10124064236139362,29966.701098479625,0.5791107442776697,24,33.39757519622764,23646,24547.459734393575,1,False,True,False,False,False,False,True,False,False,False,False,False,False,False,False,False,False,False,False,False,False,True
name329,43,0,0,6221.0,5137.024657918235,1083.9753420817651,0.0,193163.16758505913,0.5047874136653114,12,30.875935097729844,79530,107876.98310170443,0,True,False,False,False,False,False,False,False,False,False,False,False,False,False,True,False,False,False,False,False,False,False
name330,35,0,0,2939.0,2829.5526536835714,109.4473463164286,0.0,20746.027525546033,0.9041251648882631,48,7.021633269557538,55144,53485.0104342756,0,True,False,False,False,False,False,False,False,False,False,False,False,False,False,True,False,False,False,False,False,False,False
name331,47,0,0,2961.0,2420.5812428722684,540.4187571277316,0.0,17586.533869112904,0.8895153060826655,60,5.756877781825454,21623,28859.556254216895,0,False,False,False,False,True,False,False,False,True,False,False,False,False,False,False,False,False,False,False,False,False,False
name332,49,0,0,5666.0,10609.72154464088,-4943.721544640881,0.872524098948267,72629.54662441264,0.43437308194120383,36,13.691010972300305,64240,80163.5981220563,1,False,False,True,False,False,False,False,False,False,False,False,False,True,False,False,False,False,False,False,False,False,False
name333,36,0,1,2023.0,3012.842768467411,-989.8427684674111,0.48929449751231396,15006.144241311416,0.22119449596636526,24,7.907062288570849,26170,26328.276681527706,0,False,False,False,False,True,False,False,False,False,False,False,False,False,False,False,False,False,False,True,False,False,False
name334,53,0,1,3597.0,2611.557065584841,985.442934415159,0.0,41685.07492924174,0.7876491665444365,24,11.314882400563409,33430,46285.681688651515,0,False,False,False,False,True,False,False,False,False,False,False,False,False,True,False,False,False,False,False,False,False,False
name335,50,0,0,3745.0,2848.8721409911614,896.1278590088386,0.0,176559.1645500457,0.814281061291864,12,46.90601780802052,11984,20577.905010359824,0,False,False,False,False,True,False,False,False,False,False,False,False,False,False,False,False,False,False,False,False,True,False
name336,46,0,0,6694.0,7305.939960125118,-611.939960125118,0.09141618764940514,75287.85764966198,0.570332872094,24,11.33848186581821,79522,95157.17080107641,0,False,False,True,False,False,False,False,False,False,False,False,False,True,False,False,False,False,False,False,False,False,False
name337,51,0,0,6890.0,12956.422334744731,-6066.422334744731,0.8804676828366809,308670.1649172108,0.8587314213219427,48,45.68020134280922,63868,59280.586589420906,1,True,False,False,False,False,False,False,False,False,False,False,True,False,False,False,False,False,False,False,False,False,False
name338,56,1,0,13072.0,7962.148208207621,5109.851791792379,0.0,579099.8523079953,0.20500872692776062,24,43.90988376041944,69000,110841.0194646118,0,True,False,False,False,False,False,False,False,False,False,False,False,True,False,False,False,False,False,False,False,False,False
name339,47,1,0,1668.0,1629.3983120748007,38.60168792519926,0.0,75753.20277909758,0.7385395391396425,48,45.392446697345555,0,2723.0867367480664,1,False,True,False,True,False,False,False,False,False,True,False,False,False,False,False,False,False,False,False,False,False,False
name340,50,1,2,3539.0,3719.270679604006,-180.2706796040061,0.05093831014524049,97696.52092836538,0.7834673187550367,24,27.656623794283522,29199,39870.911409885506,1,False,False,False,False,True,False,False,False,False,False,False,False,False,False,False,False,False,False,False,False,True,False
name341,39,0,2,3049.0,3870.531848857231,-821.5318488572311,0.26944304652582196,8463.270698662627,0.3468577860517951,36,3.0451959814758474,59652,53479.47190721404,1,True,False,False,False,False,False,False,False,False,False,False,True,False,False,False,False,False,False,False,False,False,False
name342,37,2,0,1401.0,949.4696649821085,451.5303350178915,0.0,15478.59822521305,0.70457584401948,36,10.725958522623241,16706,17599.26441080194,1,False,True,False,True,False,False,False,False,False,False,False,False,False,False,False,False,False,False,False,False,False,False
name343,30,0,1,1013.0,830.0605351404494,182.93946485955064,0.0,9840.252538485403,0.8806038465907676,12,9.53337914474418,0,1583.1603656060831,0,False,True,False,True,False,False,False,False,False,False,False,False,False,False,False,False,False,False,False,False,False,True
name344,58,1,1,11032.0,15593.195667597818,-4561.195667597818,0.4134513839374382,207373.39827079664,0.5288185394917027,24,19.210895027048082,59896,92804.07758135445,0,True,False,False,False,False,False,False,False,False,False,False,False,True,False,False,False,False,False,False,False,False,False
name345,56,1,0,6733.0,7790.422579043356,-1057.4225790433557,0.15705073207238313,93176.12604025858,0.9493195137259809,24,13.995774338229902,42199,53034.759603420585,1,True,False,False,False,False,False,False,False,False,False,False,False,False,False,False,True,False,False,False,False,False,False
name346,35,0,0,1455.0,2551.9427698896106,-1096.9427698896106,0.753912556625162,15806.673041661548,0.4153455363888111,24,11.617605368763682,25390,25781.395551994443,0,False,False,False,False,True,False,False,False,False,False,False,False,False,False,False,False,False,False,True,False,False,False
name347,50,0,0,2444.0,1662.60751262578,781.3924873742201,0.0,33614.57702213992,0.23078319660369329,60,13.434199891475327,0,5832.716890219782,0,False,False,False,False,True,False,False,False,False,False,False,False,False,False,False,False,True,False,False,False,False,False
name348,59,1,0,5211.0,9577.555216310517,-4366.555216310517,0.8379495713510875,71495.89793610094,0.44292386954690527,60,14.558137238996634,0,7956.96822908326,1,False,False,True,False,False,False,False,False,False,False,False,True,False,False,False,False,False,False,False,False,False,False
name349,34,1,0,3238.0,2634.265794058956,603.7342059410439,0.0,21873.30546892234,0.9558460919059246,36,6.568737264663772,33297,40824.70859956134,0,True,False,False,False,False,False,False,False,False,False,False,False,False,False,True,False,False,False,False,False,False,False
name350,35,0,3,2315.0,3696.683374670687,-1381.683374670687,0.5968394707000808,42468.17678663212,0.79067781393163,36,18.94162425974203,35085,40478.401621785866,1,True,False,False,False,False,False,False,False,False,False,False,False,False,False,False,False,False,False,False,True,False,False
name351,44,0,0,750.0,402.8535015316866,347.1464984683134,0.0,11941.553739769652,0.8479352852398291,24,15.45920965506845,0,1631.5027210541382,0,False,True,False,False,False,False,True,False,False,False,True,False,False,False,False,False,False,False,False,False,False,False
name352,59,0,0,4500.0,4284.54362244847,215.45637755152984,0.0,59340.950029926156,0.3793208165371342,36,13.138998589416584,18131,32309.733112317183,1,True,False,False,False,False,False,False,False,False,False,False,True,False,False,False,False,False,False,False,False,False,False
name353,53,0,2,7213.0,9594.580249545903,-2381.580249545903,0.3301788783510194,325371.0621749479,0.8419173216467509,12,45.43915741362731,28052,47427.00774209421,0,True,False,False,False,False,False,False,False,False,False,False,False,True,False,False,False,False,False,False,False,False,False
name354,60,0,0,2920.0,4951.413526988463,-2031.4135269884628,0.6956895640371448,22307.96802603117,0.9424229568034476,24,8.335404641445079,16585,17138.98594006661,0,False,False,False,False,True,False,False,False,False,False,False,False,False,False,False,False,False,False,False,False,True,False
name355,51,0,0,10140.0,7347.538797967886,2792.4612020321138,0.0,340600.0170974828,0.712669683142982,60,33.3143546247979,24528,50583.0803348806,0,True,False,False,False,False,False,False,False,False,False,False,False,True,False,False,False,False,False,False,False,False,False
name356,44,0,1,1758.0,1826.9052658573198,-68.90526585731982,0.039195259304505015,24215.4147437461,0.8840483516304913,36,13.813606376338692,12229,16944.92973995942,1,False,True,False,True,False,False,False,False,False,False,False,False,False,False,False,False,False,True,False,False,False,False
name357,42,0,0,5137.0,5432.097686345568,-295.09768634556804,0.0574455297538579,130030.91995196026,0.9692415637092925,36,25.370063780086788,65816,84416.61562954704,0,True,False,False,False,False,False,False,False,False,False,False,False,False,False,False,True,False,False,False,False,False,False
name358,36,1,0,4426.0,3979.8379095318273,446.16209046817266,0.0,23365.085321763363,0.8892927946185465,12,5.178247453975415,65378,82936.56794714539,1,True,False,False,False,False,False,False,False,False,False,False,False,False,False,False,True,False,False,False,False,False,False
name359,35,0,0,3593.0,2789.8331174212362,803.1668825787638,0.0,17531.16733438722,0.2288910644299524,24,4.655719580241708,29972,40065.841653516785,0,False,False,True,False,False,False,False,False,False,False,False,False,False,False,True,False,False,False,False,False,False,False
name360,44,0,1,4909.0,6313.467402491635,-1404.4674024916349,0.2861005097762548,103228.8158048071,0.5028073783579663,36,21.31458203448742,45289,54338.396874786675,1,True,False,False,False,False,False,False,False,False,False,False,True,False,False,False,False,False,False,False,False,False,False
name361,46,0,0,7316.0,7900.895283911879,-584.8952839118792,0.07994741442207207,153423.75926338776,0.8467806834710616,60,21.050936925546697,65866,68463.88289772434,0,True,False,False,False,False,False,False,False,False,False,False,False,False,False,False,True,False,False,False,False,False,False
name362,37,1,2,3691.0,4457.746502518072,-766.7465025180718,0.20773408358658135,35986.92776023404,0.9253015165327659,48,9.957646779396399,70079,80977.89459237398,1,True,False,False,False,False,False,False,False,False,False,False,False,False,False,False,True,False,False,False,False,False,False
name363,43,1,2,3641.0,3089.4720432138065,551.5279567861935,0.0,55347.30522996312,0.6781019859425752,24,15.049650445805254,0,7673.531337535897,1,False,False,False,False,True,False,False,False,False,False,False,False,False,False,False,False,True,False,False,False,False,False
name364,42,1,0,1779.0,3394.2434352807536,-1615.2434352807536,0.907950216571531,15901.50114253813,0.2606442524457171,12,9.846399425418149,0,1938.3139948533185,1,False,False,False,False,True,False,False,False,False,False,False,False,False,False,False,False,False,False,True,False,False,False
name365,48,1,1,900.0,790.7092207002554,109.2907792997446,0.0,14623.666011036325,0.9652870305121546,24,16.127083590818422,0,1475.3109727434087,0,False,True,False,False,False,False,True,False,False,False,True,False,False,False,False,False,False,False,False,False,False,False
name366,44,0,0,3000.0,4172.176664161292,-1172.1766641612921,0.3907255547204307,69525.441372076,0.8652940518484313,24,23.565872678745766,72101,67623.27355258161,0,True,False,False,False,False,True,False,False,False,False,False,False,True,False,False,False,False,False,False,False,False,False
name367,46,1,1,900.0,809.0695875642624,90.9304124357376,0.0,2464.1752126576725,0.9058195416949928,36,2.636938666913261,13217,12280.986517475734,0,False,True,False,False,False,False,True,False,False,False,False,False,False,False,False,False,False,False,False,False,False,False
name368,58,0,1,10626.0,5113.707839067457,5512.292160932543,0.0,203001.82885565714,0.8173298986957626,48,18.585501288793957,74152,96764.67652088967,0,True,False,False,False,False,False,False,False,False,False,False,False,False,False,True,False,False,False,False,False,False,False
name369,31,1,0,3101.0,2346.9537868227953,754.0462131772047,0.0,63586.99346310952,0.4852942106000274,12,20.262156481758243,41793,48572.03372637901,0,True,False,False,False,False,False,False,False,False,False,False,True,False,False,False,False,False,False,False,False,False,False
name370,45,0,0,5553.0,3834.155639701783,1718.844360298217,0.0,111653.81493716383,0.6746750011616041,60,19.797401508529735,78741,88798.88091977559,1,False,False,True,False,False,False,False,False,False,False,False,False,False,False,True,False,False,False,False,False,False,False
name371,39,0,0,4472.0,2088.91204048372,2383.08795951628,0.0,165274.6669916941,0.9673961401119022,48,36.424771697714185,27769,40838.10651477665,0,True,False,False,False,False,False,False,False,False,False,False,False,False,False,True,False,False,False,False,False,False,False
name372,57,0,1,4500.0,4307.904741148178,192.0952588518221,0.0,117481.93752221303,0.5433316028999853,60,26.064409391858046,76895,75021.90447389669,0,False,False,True,False,False,True,False,False,False,False,False,False,True,False,False,False,False,False,False,False,False,False
name373,33,0,1,1586.0,2366.9545874309633,-780.9545874309633,0.49240516231460485,30680.97819527392,0.3987115338072522,48,19.837284226169537,11051,13295.705440538419,1,False,False,False,False,True,False,False,False,False,False,False,False,False,False,False,False,False,False,False,False,True,False
name374,41,0,0,5697.0,4978.321962922186,718.6780370778142,0.0,42191.71731247568,0.3061781001866612,24,7.279803278110912,70606,72166.41996395425,0,False,False,True,False,False,False,False,False,False,False,False,True,False,False,False,False,False,False,False,False,False,False
name375,34,2,0,3015.0,3194.4135439897987,-179.41354398979865,0.059506979764443996,37546.85650010118,0.9400077339670594,12,12.512859052766496,21970,32130.808111111055,0,False,False,True,False,False,False,False,False,False,False,False,False,False,False,True,False,False,False,False,False,False,False
name376,48,1,0,1274.0,1888.9821538049475,-614.9821538049475,0.4827175461577296,7334.14931121942,0.7202294647228924,36,6.239506644446128,0,1445.4515537143586,1,False,True,False,True,False,False,False,False,False,False,True,False,False,False,False,False,False,False,False,False,False,False
name377,46,1,0,1997.0,1262.775852825476,734.224147174524,0.0,78719.76890526578,0.9660093199651942,60,39.051349403150354,12035,15126.859506745845,0,False,True,False,True,False,False,False,False,False,False,False,False,False,False,False,False,False,False,False,False,False,True
name378,49,0,1,6816.0,6182.580049784859,633.4199502151414,0.0,160964.42809543686,0.9602832064873801,60,23.52274180534356,0,21181.60571707326,1,True,False,False,False,False,False,False,False,False,False,False,False,True,False,False,False,False,False,False,False,False,False
name379,42,0,0,6864.0,3431.9105193877067,3432.0894806122933,0.0,91644.96723914596,0.5959840041319863,12,12.851526479972854,46158,64900.94046420915,0,True,False,False,False,False,False,False,False,False,False,False,True,False,False,False,False,False,False,False,False,False,False
name380,41,0,0,3517.0,2562.991370557367,954.0086294426328,0.0,74342.93738322555,0.9927534461454217,24,20.86691178668835,0,7700.595851590709,0,False,False,False,False,True,False,False,False,False,False,False,False,False,False,False,False,False,False,True,False,False,False
name381,54,1,2,8343.0,8995.25572107075,-652.2557210707491,0.07817999773112179,143930.85485423118,0.9812310459189539,24,17.329870619118054,0,20429.64239770489,0,True,False,False,False,False,False,False,False,False,False,False,True,False,False,False,False,False,False,False,False,False,False
name382,58,0,1,8161.0,8827.002397789243,-666.0023977892433,0.08160793993251358,381185.1776710139,0.2768361083168725,12,46.78975371508433,76383,99647.51334323017,0,False,False,True,False,False,False,False,False,False,False,False,False,True,False,False,False,False,False,False,False,False,False
name383,60,0,0,2491.0,1586.0950853516722,904.9049146483278,0.0,65156.191137357,0.45928772741572993,36,25.793370623327444,7674,14194.29960142726,0,False,True,False,True,False,False,False,False,False,False,False,False,False,False,False,False,False,False,False,False,False,True
name384,46,1,0,3141.0,1154.3508375885256,1986.6491624114744,0.0,150027.12794897472,0.5641662855679651,60,47.13163921889947,47854,48585.050453351054,0,False,False,False,False,True,False,False,False,False,False,False,False,False,False,False,False,False,False,False,False,True,False
name385,33,1,0,1105.0,704.8989083741234,400.1010916258766,0.0,39353.54064013954,0.6414398144390024,12,35.25198149186757,0,2263.297556789578,0,False,True,False,True,False,False,False,False,False,False,False,False,False,False,False,False,False,False,False,False,False,False
name386,37,0,0,4443.0,4288.230423262025,154.7695767379746,0.0,86377.35793571861,0.7692227294365477,24,19.40638945734428,32601,45114.9268019376,1,True,False,False,False,False,False,False,False,False,False,False,False,False,False,True,False,False,False,False,False,False,False
name387,47,0,0,1577.0,1177.4552758497725,399.54472415022747,0.0,22575.972886159383,0.5982394753431397,12,14.062414814209992,0,2948.9849370067063,0,False,True,False,True,False,False,False,False,False,True,False,False,False,False,False,False,False,False,False,False,False,False
name388,40,0,0,4679.0,3115.1746503023096,1563.8253496976904,0.0,134283.96872184114,0.9228947231744002,36,28.365065905566027,76421,78895.5140818323,0,True,False,False,False,False,False,False,False,False,False,False,False,True,False,False,False,False,False,False,False,False,False
name389,46,0,0,7436.0,6982.444361708835,453.55563829116545,0.0,191104.12099798353,0.8919618061495466,12,25.638860322712794,40460,47428.68099445179,0,True,False,False,False,False,False,False,False,False,False,False,False,False,False,False,True,False,False,False,False,False,False
name390,41,0,0,7295.0,4237.222386187992,3057.777613812008,0.0,87427.08993914629,0.2739205421193755,48,11.565361525062958,0,21854.372277072995,0,True,False,False,False,False,False,False,False,False,False,False,False,False,False,True,False,False,False,False,False,False,False
name391,51,0,0,4672.0,1409.813524150866,3262.186475849134,0.0,42954.3870599082,0.20979427685005173,48,8.495762111314011,45611,53929.24029503149,0,False,False,False,False,True,False,False,False,False,False,False,False,False,False,False,False,False,False,False,False,True,False
name392,55,0,0,2280.0,1434.3460780774126,845.6539219225874,0.0,10436.843739393016,0.41384128143403726,24,4.206662200644925,24127,27316.364814017088,0,False,True,False,True,False,False,False,False,False,False,False,False,False,False,False,False,False,False,False,False,False,False
name393,43,2,0,5522.0,4575.601498349946,946.3985016500537,0.0,217284.57107835522,0.899555681683695,24,39.17750318303245,16573,27994.188848783233,1,True,False,False,False,False,False,False,False,False,False,False,False,True,False,False,False,False,False,False,False,False,False
name394,52,1,1,7192.0,12936.850862933114,-5744.850862933114,0.7987834903967066,178289.28251459743,0.9612877976434338,36,25.588728222682224,30566,42524.999179488135,1,True,False,False,False,False,False,False,False,False,False,False,False,False,False,False,False,False,False,False,True,False,False
name395,34,1,0,1104.0,933.3077293248173,170.69227067518273,0.0,24644.849638426505,0.4208435284034831,60,22.168620804122575,0,1870.003959668135,1,False,True,False,True,False,False,False,False,False,False,False,False,False,False,False,False,False,False,False,False,False,False
name396,45,0,1,3189.0,1975.5008434310312,1213.4991565689688,0.0,140352.2553022571,0.7522318852831642,60,43.63084231598876,0,6889.277420015533,0,False,False,False,False,True,False,False,False,False,False,False,False,False,False,False,False,False,False,False,False,True,False
name397,37,1,0,2108.0,1744.8196735586057,363.1803264413943,0.0,12112.185453971668,0.2366877696621131,24,5.573531844179447,0,4342.353207964382,0,False,False,False,False,True,False,False,False,False,False,False,False,False,False,False,False,False,False,False,False,True,False
name398,43,0,0,2631.0,1811.1660596524214,819.8339403475786,0.0,40491.260345913324,0.5660706708119949,24,15.07845929515992,42398,43962.729335637974,0,False,False,False,False,True,False,False,False,True,False,False,False,False,False,False,False,False,False,False,False,False,False
name399,60,0,0,2390.0,1574.833521947113,815.166478052887,0.0,26994.958590847236,0.21897171781361485,24,10.953887913303074,12045,13955.046530310776,0,False,True,False,True,False,False,False,False,False,False,True,False,False,False,False,False,False,False,False,False,False,False
name400,45,1,4,1363.0,1894.4044764335233,-531.4044764335233,0.3898785593789606,9138.835558399414,0.7295986985891927,12,7.094820275005824,8628,9184.139090090006,1,False,True,False,True,False,False,False,False,False,False,False,False,False,False,False,False,False,False,False,False,False,False
name401,34,0,1,1463.0,1201.8408467293561,261.15915327064386,0.0,26307.091466419377,0.7572909629759047,24,17.803097958406514,29678,30444.64933896537,1,False,False,False,False,True,False,False,False,False,False,False,False,False,False,False,False,False,False,False,False,True,False
name402,36,0,0,1362.0,1026.1321196682304,335.8678803317696,0.0,15314.379029173446,0.3944284159510023,60,10.99743843527289,0,2720.4482903706526,0,False,True,False,True,False,False,False,False,False,False,False,False,False,False,False,False,False,False,False,False,False,False
name403,32,1,0,1827.0,943.6703780813448,883.3296219186552,0.0,75131.61739199545,0.44624082765186984,24,40.63945690754066,11821,18176.61492403009,0,False,False,False,False,True,False,False,False,True,False,False,False,False,False,False,False,False,False,False,False,False,False
name404,45,0,2,1363.0,1635.1705242842872,-272.17052428428724,0.19968490409705594,10294.92855493162,0.8325713353245758,36,7.7528239759471065,0,2236.747597174738,0,False,True,False,True,False,False,False,False,False,False,False,False,False,False,False,False,False,True,False,False,False,False
name405,49,0,1,2545.0,2470.16578761594,74.83421238405981,0.0,24795.760364804508,0.5670416912593189,24,9.713526975410785,32752,35775.268694497485,1,False,False,False,False,True,False,False,False,False,False,False,False,False,False,False,False,True,False,False,False,False,False
name406,48,0,0,1632.0,2638.130827039781,-1006.1308270397808,0.6165017322547677,42861.279604498726,0.7889184056298106,48,26.879540705599574,17758,18769.6118440644,1,False,True,False,True,False,False,False,False,False,False,False,False,False,False,False,False,False,False,False,False,False,False
name407,34,1,0,1789.0,1720.4735593107257,68.5264406892743,0.0,63177.15306103547,0.4703631696510888,12,35.27592320868988,47968,49432.75307008219,1,False,False,False,False,True,False,False,False,False,False,False,False,False,False,False,False,True,False,False,False,False,False
name408,41,1,1,5528.0,4476.980377795797,1051.0196222042032,0.0,94334.6818300138,0.7836331374460961,48,16.8747579970712,62283,85030.5348015578,0,True,False,False,False,False,False,False,False,False,False,False,True,False,False,False,False,False,False,False,False,False,False
name409,41,0,2,3171.0,3142.4105524836536,28.589447516346354,0.0,40636.27082224449,0.9572239527149863,12,12.805954391273461,13679,20574.314336130363,0,False,False,False,False,True,False,False,False,False,False,False,False,False,False,False,False,True,False,False,False,False,False
name410,57,1,0,4538.0,3387.5264481876893,1150.4735518123107,0.0,78456.64385775097,0.9484315811942123,24,17.035295351683267,12594,23245.21228543652,0,False,False,False,False,True,False,False,False,False,False,False,False,False,False,False,False,False,False,False,False,True,False
name411,30,1,0,2682.0,2147.4813297895907,534.5186702104093,0.0,110966.42391719182,0.27696508436723133,24,41.17520702721156,33490,44847.48338547441,0,True,False,False,False,False,False,False,False,False,False,False,True,False,False,False,False,False,False,False,False,False,False
name412,60,0,0,9128.0,14983.307575990993,-5855.307575990993,0.6414666494293376,93545.35038305554,0.32470926852779175,24,10.889642633550235,56757,74735.17585490654,0,False,False,True,False,False,False,False,False,False,False,False,False,False,False,True,False,False,False,False,False,False,False
name413,40,2,1,4548.0,4714.471830963799,-166.47183096379922,0.03660330496125752,40233.58320792716,0.6411809778692436,60,8.883037607495812,55213,77203.45509219535,1,False,False,True,False,False,False,False,False,False,False,False,False,False,False,True,False,False,False,False,False,False,False
name414,50,0,4,9348.0,9505.027511797523,-157.0275117975234,0.016797979439187354,318491.17057421425,0.32454835102757196,60,34.08731258943215,0,24549.04906339335,1,False,False,True,False,False,False,False,False,False,False,False,True,False,False,False,False,False,False,False,False,False,False
name415,38,0,1,1150.0,903.5004352666638,246.49956473333623,0.0,10092.09100694997,0.6012153058438086,24,8.561383862797072,34252,32609.530856318168,0,False,False,False,False,False,False,False,True,False,False,False,False,False,False,False,False,False,False,False,False,True,False
name416,35,2,1,2300.0,3377.059184762719,-1077.0591847627188,0.4682866020707473,39395.538151372835,0.9067045181895009,36,17.59678145049372,40077,41392.41119350612,1,False,False,True,False,False,False,False,False,False,False,False,True,False,False,False,False,False,False,False,False,False,False
name417,38,2,1,1438.0,1079.324677085012,358.6753229149881,0.0,64104.07199046783,0.3360754093762391,24,44.32920491484899,19444,21457.7249933241,0,False,True,False,True,False,False,False,False,False,False,False,False,False,False,False,False,False,False,False,False,False,True
name418,40,0,0,4248.0,3860.643574964299,387.3564250357008,0.0,179465.49119915563,0.6513183756916181,48,42.15586976791901,69926,76447.81302678962,0,True,False,False,False,False,False,False,False,False,False,False,False,True,False,False,False,False,False,False,False,False,False
name419,44,2,2,750.0,750.1928283472803,-0.1928283472802832,0.0002571044630403776,11536.413719133274,0.4383056606380247,36,15.382142063307406,23731,27254.85519728984,1,False,True,False,False,False,False,True,False,False,True,False,False,False,False,False,False,False,False,False,False,False,False
name420,42,0,0,3336.0,1791.2183366836005,1544.7816633163995,0.0,113843.88050909864,0.40208333970883214,36,33.662799414203306,46529,58208.297065475235,0,False,False,False,False,True,False,False,False,False,False,False,False,False,False,False,False,True,False,False,False,False,False
name421,51,0,0,2623.0,3221.6557562809758,-598.6557562809758,0.22823322770910245,46725.50433658504,0.8646410647733871,12,18.041997747947395,0,3332.1591659285564,1,False,True,False,True,False,False,False,False,False,False,False,False,False,False,False,False,False,False,False,False,False,False
name422,35,1,0,3112.0,2239.53156414814,872.4684358518598,0.0,16001.637917138829,0.938668322781594,24,4.861558316608923,59108,67857.53495407582,1,True,False,False,False,False,False,False,False,False,False,False,False,True,False,False,False,False,False,False,False,False,False
name423,48,1,0,3382.0,1976.1117953419905,1405.8882046580095,0.0,36268.10835678873,0.4507645838658217,12,10.308166810210148,0,7355.410175724305,0,False,False,False,False,True,False,False,False,False,False,False,False,False,False,False,False,True,False,False,False,False,False
name424,48,1,2,2863.0,2407.6216745726724,455.3783254273276,0.0,41335.173583490076,0.7766208153336505,24,14.278657093280735,42672,43208.65976298489,0,False,False,False,False,True,False,False,False,False,False,False,False,False,False,False,False,True,False,False,False,False,False
name425,50,0,0,8813.0,4721.434541766021,4091.5654582339794,0.0,194936.80043833458,0.40280878144163085,12,21.65496822649502,51486,66139.6595440218,1,False,False,True,False,False,False,False,False,False,False,False,False,False,False,False,False,False,False,False,True,False,False
name426,30,0,1,1815.0,1336.5733877523649,478.42661224763515,0.0,36087.42616650853,0.21404804491568125,36,19.61928350097019,12901,14225.064342224128,0,False,False,False,False,True,False,False,False,False,False,False,False,False,True,False,False,False,False,False,False,False,False
name427,52,1,0,1567.0,1501.2194609184394,65.78053908156062,0.0,9969.52152943001,0.5594289450568362,24,6.320192080630791,9721,13325.09106468847,1,False,True,False,True,False,False,False,False,False,False,False,False,False,False,False,False,False,True,False,False,False,False
name428,59,1,0,4104.0,4607.272233571071,-503.2722335710714,0.12262968654265873,56786.977844144225,0.6558819323996494,48,13.95961259203589,39069,48819.83780317133,0,False,False,False,False,True,False,False,False,False,False,False,False,False,False,False,False,False,False,False,False,True,False
name429,30,1,0,1771.0,1886.3090790131714,-115.30907901317141,0.06510958724628538,32802.69821899133,0.49497021940483454,12,18.58724296894664,27735,28118.686345367056,1,False,False,False,False,True,False,False,False,False,False,False,False,False,False,False,False,False,False,False,False,True,False
name430,59,1,0,10737.0,6263.058131223253,4473.941868776747,0.0,267527.5343563469,0.6492509236716741,36,24.49972920625595,31832,66943.46085819676,1,True,False,False,False,False,False,False,False,False,False,False,False,True,False,False,False,False,False,False,False,False,False
name431,49,0,0,8533.0,5564.550836322235,2968.449163677765,0.0,139137.2405667486,0.30691598681039195,60,15.957903598156667,46243,70086.48160742983,0,True,False,False,False,False,False,False,False,False,False,False,False,False,False,False,True,False,False,False,False,False,False
name432,32,0,1,3506.0,3125.2176500069654,380.7823499930346,0.0,72869.81686463766,0.634873852562579,12,20.675708646504454,28562,39508.87743754592,0,True,False,False,False,False,False,False,False,False,False,False,False,False,False,True,False,False,False,False,False,False,False
name433,38,1,0,2441.0,2280.9637867738684,160.03621322613162,0.0,101081.43451240029,0.2033988111041473,12,41.34428443227126,41940,53230.60699981079,1,False,False,False,False,True,False,False,False,True,False,False,False,False,False,False,False,False,False,False,False,False,False
name434,38,1,0,6020.0,3992.810958471706,2027.1890415282942,0.0,41367.27878053135,0.4763424462151335,60,6.534898627741372,64157,70789.18494532931,0,True,False,False,False,False,False,False,False,False,False,False,False,False,False,True,False,False,False,False,False,False,False
name435,33,2,1,900.0,812.5627558053526,87.4372441946474,0.0,13783.733425684992,0.23145868965309266,24,15.218106868322606,42545,42118.647733196995,1,False,False,False,False,False,False,False,True,False,False,False,False,False,False,False,False,False,False,True,False,False,False
name436,44,0,0,750.0,579.3124753128055,170.68752468719447,0.0,14625.430508945328,0.967023792581207,12,19.27299064567751,8988,11082.52553315701,0,False,True,False,False,False,False,True,False,False,False,False,False,False,False,False,False,False,False,False,False,False,False
name437,59,0,0,3169.0,1825.7649791825183,1343.2350208174817,0.0,105280.0935290329,0.30098271378663777,24,32.797998898143085,26398,41678.66560242334,0,False,False,False,False,True,False,False,False,False,False,False,False,False,False,False,False,False,False,False,False,True,False
name438,44,1,1,5371.0,5002.84095042348,368.1590495765204,0.0,16202.828586745663,0.532406162201839,12,2.9481790238631804,16977,27767.8223078745,0,True,False,False,False,False,False,False,False,False,False,False,False,False,False,True,False,False,False,False,False,False,False
name439,30,0,0,2008.0,1301.9187994883503,706.0812005116497,0.0,56315.37538601621,0.9366020156683846,36,27.693871606326972,44592,43551.66335592264,0,False,False,False,False,True,False,False,False,False,False,False,False,False,False,False,False,True,False,False,False,False,False
name440,41,1,0,1262.0,913.4507587911687,348.5492412088313,0.0,20448.16302632379,0.45116356684571646,60,15.926793807539585,10066,14483.59434619611,1,False,True,False,True,False,False,False,False,False,False,False,False,False,False,False,False,False,True,False,False,False,False
name441,38,0,4,4012.0,7020.284510141355,-3008.284510141355,0.7498216625476957,22455.4798095426,0.6567220773463617,24,6.346900378784635,77036,85078.9427318506,0,True,False,False,False,False,False,False,False,False,False,False,False,False,False,True,False,False,False,False,False,False,False
name442,59,0,1,9089.0,13745.20023280536,-4656.20023280536,0.5122896064259391,151935.02210837553,0.26830259817532787,24,17.228652474549556,68059,89049.82894646031,0,True,False,False,False,False,False,False,False,False,False,False,False,False,False,True,False,False,False,False,False,False,False
name443,49,1,0,3125.0,1874.8496821093474,1250.1503178906526,0.0,73792.48823150987,0.3717034602985945,36,23.213548132358145,34309,43753.4370833874,1,False,False,False,False,True,False,False,False,False,False,False,False,False,True,False,False,False,False,False,False,False,False
name444,51,1,0,2570.0,1352.7281452231746,1217.2718547768254,0.0,17523.05860885095,0.5261494586998983,48,6.344664106643629,17789,21979.483775024903,0,False,True,False,True,False,False,False,False,False,False,False,False,False,False,False,False,False,False,False,False,False,True
name445,31,0,0,1500.0,1099.5737423659496,400.42625763405044,0.0,6420.676371266874,0.625288481942184,36,4.013500075755216,61605,81573.45593336549,1,True,False,False,False,False,True,False,False,False,False,False,False,False,False,False,False,False,False,False,True,False,False
name446,34,0,0,3116.0,2208.4998474782215,907.5001525217785,0.0,132005.31769301728,0.9673134251714739,24,42.07247032750177,68393,75403.84472737015,0,False,False,True,False,False,False,False,False,False,False,False,True,False,False,False,False,False,False,False,False,False,False
name447,45,0,0,6261.0,4227.577025859239,2033.4229741407607,0.0,220646.66216503514,0.40825596579527706,36,34.91666494024827,59613,74904.44452458374,0,True,False,False,False,False,False,False,False,False,False,False,False,False,False,True,False,False,False,False,False,False,False
name448,56,1,1,4392.0,4410.821247646007,-18.821247646006668,0.004285347824682757,122443.70823329028,0.7521081638363385,48,27.883089590377114,13920,26174.476562939675,1,False,False,False,False,True,False,False,False,True,False,False,False,False,False,False,False,False,False,False,False,False,False
name449,44,1,0,2258.0,1362.0078652262291,895.9921347737709,0.0,42071.12216340373,0.720508259430304,60,18.235221447577484,16617,18544.776272814466,0,False,False,False,False,True,False,False,False,False,False,False,False,False,False,False,False,False,False,False,False,True,False
name450,44,0,0,5340.0,3823.158658256259,1516.841341743741,0.0,41284.010189834866,0.24316264607280713,36,7.4470353648110725,59731,81304.1236876596,0,True,False,False,False,False,False,False,False,False,False,False,False,False,False,False,True,False,False,False,False,False,False
name451,47,1,1,1338.0,1538.311941548193,-200.3119415481931,0.14970997126172877,35991.03459458728,0.603114256087543,36,27.048838965721583,0,1820.344860012429,0,False,True,False,True,False,False,False,False,False,False,True,False,False,False,False,False,False,False,False,False,False,False
name452,53,0,1,3257.0,2407.4573617979,849.5426382021001,0.0,53528.5456341437,0.5459282524344952,48,16.17408750259183,18519,24346.18056848691,1,False,False,False,False,True,False,False,False,False,False,False,False,False,False,False,False,False,False,True,False,False,False
name453,48,0,1,4864.0,4482.199579298846,381.8004207011536,0.0,193826.62614022224,0.301798673969346,24,39.77072897194101,79475,76205.99690928255,0,True,False,False,False,False,False,False,False,False,False,False,False,True,False,False,False,False,False,False,False,False,False
name454,45,0,2,1563.0,1344.219723416073,218.78027658392693,0.0,13685.536855167564,0.5460765808496977,48,8.615967100821265,0,2266.2565909949535,0,False,True,False,True,False,False,False,False,False,False,False,False,False,False,False,False,False,True,False,False,False,False
name455,30,1,1,3152.0,2318.311800265223,833.6881997347768,0.0,107158.37991938199,0.585426302687984,24,33.732452956740865,0,10872.794359519212,1,True,False,False,False,False,False,False,False,False,False,False,False,False,False,False,True,False,False,False,False,False,False
name456,50,0,2,6983.0,7420.394680333571,-437.39468033357116,0.0626370729390765,39336.27361237349,0.28895517092131306,12,5.695785234527718,76538,97281.05457560366,0,False,False,True,False,False,False,False,False,False,False,False,True,False,False,False,False,False,False,False,False,False,False
name457,58,0,1,4038.0,2654.225901664901,1383.774098335099,0.0,59348.00871563982,0.8112455647118945,24,14.354689107802063,20940,24980.29445310584,0,False,False,False,False,True,False,False,False,False,False,False,False,False,True,False,False,False,False,False,False,False,False
name458,37,1,0,3930.0,3069.5768878527365,860.4231121472635,0.0,39857.90490262427,0.8069453772197046,12,9.923023356355474,28484,39672.48239197345,0,True,False,False,False,False,False,False,False,False,False,False,False,False,False,False,True,False,False,False,False,False,False
name459,47,2,0,2152.0,1371.4697972614206,780.5302027385794,0.0,80724.84530179619,0.5125474040492466,48,37.148845306253534,0,4935.072300414659,1,False,True,False,True,False,False,False,False,False,False,True,False,False,False,False,False,False,False,False,False,False,False
name460,51,0,1,1814.0,1351.7959157991993,462.2040842008007,0.0,43191.374361698945,0.8110457942129294,12,23.555220660142307,17192,21988.084091772813,1,False,True,False,True,False,False,False,False,False,False,False,False,False,False,False,False,False,False,False,False,False,True
name461,36,2,0,1291.0,929.6799980932358,361.3200019067642,0.0,37910.51058047068,0.5450327077631472,36,29.085352888120774,0,2473.5872088572037,1,False,True,False,True,False,False,False,False,False,False,False,False,False,False,False,False,False,False,False,False,False,False
name462,51,1,0,11349.0,6761.466153397727,4587.533846602273,0.0,60047.264813701,0.8937370123977575,24,4.886750459696777,67180,127895.7118030187,1,False,False,True,False,False,False,False,False,False,False,False,False,False,False,False,False,False,False,False,True,False,False
name463,31,1,0,965.0,595.9601468373352,369.0398531626648,0.0,5147.360372857719,0.662519472722735,48,4.951627481549279,0,1876.4208690172857,1,False,True,False,True,False,False,False,False,False,False,False,False,False,False,False,False,False,False,False,False,False,False
name464,53,0,0,2005.0,1810.7494051741378,194.2505948258622,0.0,11538.718764571808,0.2005156116960027,24,5.658088862716182,0,4054.770547347417,0,False,True,False,True,False,False,False,False,False,True,False,False,False,False,False,False,False,False,False,False,False,False
name465,44,1,2,1100.0,779.781938051033,320.21806194896703,0.0,10950.805862804833,0.8377132623044796,24,9.664170728050788,0,2202.773506045805,1,False,True,False,True,False,False,False,False,False,False,False,False,False,False,False,False,False,True,False,False,False,False
name466,58,1,1,2480.0,2944.4102228261886,-464.4102228261886,0.18726218662346314,36400.24273393056,0.3729879381415231,36,14.864779418047076,5572,10155.871803500577,0,False,True,False,True,False,False,False,False,False,False,False,False,False,False,False,False,False,True,False,False,False,False
name467,55,0,0,9105.0,5963.741619389735,3141.258380610265,0.0,304442.47348973196,0.7420305947695134,24,33.091841307976026,54760,85104.59267227162,0,True,False,False,False,False,False,False,False,False,False,False,False,False,False,True,False,False,False,False,False,False,False
name468,52,1,0,1875.0,1822.7480212764342,52.2519787235658,0.0,33783.72565635609,0.6349943315015658,60,17.990119294737344,16205,21450.570553710506,0,False,True,False,True,False,False,False,False,False,False,False,False,False,False,False,False,False,False,False,False,False,False
name469,31,0,1,879.0,1066.68436817512,-187.68436817511997,0.21352032784427755,4263.13608102077,0.6179177421862667,12,5.063504492828089,7195,7918.986056504361,0,False,True,False,True,False,False,False,False,False,False,False,False,False,False,False,False,False,False,False,False,False,False
name470,47,1,0,3500.0,3191.124901316714,308.87509868328607,0.0,115348.91772291224,0.47992698056398203,36,32.868583606922556,22553,32322.25571412128,0,True,False,False,False,False,True,False,False,False,False,False,False,False,False,True,False,False,False,False,False,False,False
name471,45,1,0,8495.0,5379.5815609273905,3115.4184390726095,0.0,312128.61877893435,0.6566965340489936,36,36.375891741007855,32581,61491.957319957146,0,True,False,False,False,False,False,False,False,False,False,False,False,True,False,False,False,False,False,False,False,False,False
name472,47,1,1,3602.0,2273.935993387534,1328.064006612466,0.0,62151.68310764712,0.6795762045790398,24,16.88606860106459,21966,29687.00622676395,0,False,False,False,False,True,False,False,False,False,False,False,False,False,True,False,False,False,False,False,False,False,False
name473,52,0,2,2620.0,1795.810073327798,824.1899266722021,0.0,32105.166082015592,0.5443335284493436,24,11.939303876085264,6075,11147.782125570435,0,False,True,False,True,False,False,False,False,False,False,False,False,False,False,False,False,False,False,False,False,False,False
name474,36,0,1,1209.0,1240.6247554224353,-31.624755422435328,0.026157779505736417,54856.740159096,0.7134349821413204,48,45.399805553778684,11280,13006.897759256497,0,False,True,False,True,False,False,False,False,False,False,False,False,False,False,False,False,False,True,False,False,False,False
name475,34,3,0,1903.0,1560.4573150763076,342.5426849236924,0.0,32917.76274961409,0.3175697336028737,48,17.11782452164498,40293,43491.0375110529,0,False,False,False,False,True,False,False,False,False,False,False,False,False,True,False,False,False,False,False,False,False,False
name476,51,1,0,5387.0,12178.74866889659,-6791.748668896589,1.2607664133834395,52092.929303091,0.8220180552518159,24,10.930885088544196,61400,61682.656183236526,1,False,False,True,False,False,False,False,False,False,False,False,False,False,False,False,True,False,False,False,False,False,False
name477,55,0,1,2085.0,1485.4566402745495,599.5433597254505,0.0,61885.357735372614,0.7701606706533686,60,29.393675959543003,0,3707.4726325529787,1,False,True,False,True,False,False,False,False,False,False,False,False,False,False,False,False,False,False,False,False,False,False
name478,37,0,3,3216.0,3764.410232836804,-548.410232836804,0.17052556991194154,41163.28422087018,0.8937498223218576,48,12.970054245555653,35364,45842.998407678235,0,True,False,False,False,False,False,False,False,False,False,False,False,False,False,False,False,False,False,False,True,False,False
name479,53,1,0,1947.0,2514.109087947419,-567.1090879474191,0.2912732860541444,42563.49695720646,0.6790589744754223,24,22.15234003346373,5473,8216.76128558108,0,False,True,False,True,False,False,False,False,False,False,False,False,False,False,False,False,False,False,False,False,False,False
name480,54,0,1,1717.0,1879.5149145252958,-162.5149145252958,0.09465050350919965,12307.91692066965,0.2345127660021376,60,7.262918948861355,17403,18659.7475701351,1,False,True,False,True,False,False,False,False,False,False,True,False,False,False,False,False,False,False,False,False,False,False
name481,39,1,0,1322.0,1089.134394611772,232.865605388228,0.0,36351.59528422445,0.725271618370037,24,27.321278123174146,23647,26350.134935258568,0,False,True,False,True,False,False,False,False,False,False,False,False,False,False,False,False,False,True,False,False,False,False
name482,60,0,1,4381.0,4011.0382000491827,369.9617999508173,0.0,24820.84128212569,0.6900231252300003,12,5.581118347905701,45874,51784.11924672332,0,False,False,False,False,True,False,False,False,True,False,False,False,False,False,False,False,False,False,False,False,False,False
name483,36,0,0,2508.0,1435.1504159394535,1072.8495840605465,0.0,65342.98993353571,0.7486577438319655,36,25.626052770923113,13675,19107.289499761133,0,False,False,False,False,True,False,False,False,False,False,False,False,False,True,False,False,False,False,False,False,False,False
name484,32,0,1,916.0,981.256613859282,-65.25661385928197,0.07124084482454364,37486.17909540515,0.7933660277445227,24,40.995017149851996,8899,12127.77819747622,1,False,True,False,True,False,False,False,False,False,False,False,False,False,False,False,False,False,True,False,False,False,False
name485,56,0,0,5675.0,4937.577609892974,737.4223901070263,0.0,141573.3993293675,0.38361412830991776,24,24.816912235993033,19217,34471.72511038922,1,False,False,False,False,True,False,False,False,False,False,False,False,False,False,False,False,False,False,False,False,True,False
name486,44,1,3,7151.0,5928.622050492265,1222.3779495077351,0.0,146332.75799293097,0.6616934030961806,36,20.292319961323344,39937,58429.42810936584,0,True,False,False,False,False,False,False,False,False,False,False,False,False,False,False,True,False,False,False,False,False,False
name487,56,0,1,12000.0,10420.892433197416,1579.1075668025842,0.0,142349.35446542993,0.6523001562714901,12,11.730853908218945,24702,48247.16558958316,0,True,False,False,False,False,False,False,False,False,False,False,False,False,False,False,False,False,False,False,True,False,False
name488,43,0,0,6238.0,5960.579834859476,277.42016514052375,0.0,167588.45610178084,0.49586562858453537,12,26.82126257400454,26079,45809.97768682561,0,True,False,False,False,False,False,False,False,False,False,False,False,True,False,False,False,False,False,False,False,False,False
name489,30,0,0,951.0,1120.008456155308,-169.00845615530807,0.1777165679866541,17793.84391755214,0.20296053674398415,36,18.88838314795736,0,1445.167698281357,0,False,True,False,True,False,False,False,False,False,True,False,False,False,False,False,False,False,False,False,False,False,False
name490,59,0,0,13467.0,7091.684858683839,6375.315141316161,0.0,287058.1394358827,0.7882757521455901,48,20.842268084544926,17899,61838.84550751357,0,True,False,False,False,False,False,False,False,False,False,False,False,False,False,True,False,False,False,False,False,False,False
name491,56,2,0,3639.0,4977.985654870756,-1338.9856548707558,0.3679542882304907,74186.12225747346,0.8428226121005433,36,20.754357766513937,25479,28483.62003397866,1,False,False,False,False,True,False,False,False,False,False,False,False,False,False,False,False,True,False,False,False,False,False
name492,59,1,1,5674.0,10610.710667815983,-4936.7106678159835,0.8700582777257637,27251.955614092065,0.7342820718289311,12,5.673011329204802,31798,43192.53572384075,1,True,False,False,False,False,False,False,False,False,False,False,False,True,False,False,False,False,False,False,False,False,False
name493,49,1,0,2758.0,2125.6529155217627,632.3470844782373,0.0,89758.50517320508,0.4100194322697502,36,32.315503295404945,21076,27077.375012610904,0,False,False,False,False,True,False,False,False,False,False,False,False,False,True,False,False,False,False,False,False,False,False
name494,47,0,0,1603.0,1748.5280856787765,-145.5280856787765,0.09078483198925547,22993.522703840095,0.7072372034524662,48,14.43484141579468,14303,14814.280813671045,0,False,True,False,True,False,False,False,False,False,False,False,False,False,False,False,False,False,False,False,False,False,False
name495,32,1,0,3714.0,3186.1378914116144,527.8621085883856,0.0,18634.354213946088,0.8697006452963023,48,4.875199812966533,73560,80797.47862701578,1,True,False,False,False,False,False,False,False,False,False,False,False,True,False,False,False,False,False,False,False,False,False
name496,40,1,0,1150.0,1144.9504585884104,5.049541411589644,0.0,49174.21166162503,0.7279651290117375,12,42.75579314801169,33038,36998.43365111412,1,False,False,False,False,False,False,False,True,False,False,False,False,False,True,False,False,False,False,False,False,False,False
name497,47,2,4,5540.0,8543.3190809295,-3003.3190809294993,0.5421153575685017,34395.01294447996,0.8746946853368874,12,6.750601448629866,14874,24236.28143897243,1,True,False,False,False,False,False,False,False,False,False,False,False,False,False,True,False,False,False,False,False,False,False
name498,45,0,1,2480.0,2121.081144085485,358.918855914515,0.0,11719.487195547139,0.9118615925097138,36,4.580874330497026,15071,20778.95474297541,0,False,False,False,False,True,False,False,False,False,False,False,False,False,False,False,False,False,False,False,False,True,False
name499,59,0,0,3741.0,3263.4310776572734,477.56892234272664,0.0,86898.3084528073,0.3968922172615538,12,23.10097287636048,40736,52527.9692627938,0,False,False,False,False,True,False,False,False,False,False,False,False,False,True,False,False,False,False,False,False,False,False
name500,33,1,0,1983.0,2547.947186006331,-564.9471860063309,0.2848952022220529,10174.697449649999,0.9595395611579424,12,5.415857103205411,39155,41278.95071295405,0,True,False,False,False,False,False,False,False,False,False,False,False,False,False,True,False,False,False,False,False,False,False
name501,39,1,0,1977.0,1953.5939970860372,23.406002913962766,0.0,41135.784985770326,0.4936599514089501,12,20.795335853746263,42789,54077.68819113689,1,False,False,False,False,True,False,False,False,False,False,False,False,False,False,False,False,True,False,False,False,False,False
name502,37,1,0,2358.0,1533.4548867790513,824.5451132209487,0.0,47615.71210337402,0.5410097176313902,12,19.84358226893684,47322,55352.244520445885,1,False,False,False,False,True,False,False,False,False,False,False,False,False,True,False,False,False,False,False,False,False,False
name503,35,1,0,1135.0,757.6517629594945,377.3482370405055,0.0,13023.34883100463,0.39804790724848593,48,11.141850743580727,0,2143.4386039972874,0,False,True,False,True,False,False,False,False,False,False,False,False,False,False,False,False,False,False,False,False,False,False
name504,45,1,0,5766.0,5004.77912832968,761.2208716703199,0.0,141447.58262617298,0.26356837619962725,24,24.39929964524847,62220,68665.07920763969,0,True,False,False,False,False,False,False,False,False,False,False,True,False,False,False,False,False,False,False,False,False,False
name505,41,1,0,1473.0,1099.828975783623,373.17102421637696,0.0,23303.702026791427,0.20356444572128427,36,15.567230823200985,11581,13814.46942013508,0,False,True,False,True,False,False,False,False,False,False,False,False,False,False,False,False,False,True,False,False,False,False
name506,37,0,0,1538.0,784.5776672400821,753.4223327599179,0.0,28870.849175746655,0.38263980701341344,36,18.28181199153884,17469,17185.411071522958,0,False,True,False,True,False,False,False,False,False,False,True,False,False,False,False,False,False,False,False,False,False,False
name507,40,1,1,4318.0,2374.7217171557627,1943.2782828442373,0.0,51694.24018209291,0.28804515076928183,48,11.521760513952911,53713,63569.405298748134,1,True,False,False,False,False,False,False,False,False,False,False,False,False,False,False,False,False,False,False,True,False,False
name508,35,0,0,1931.0,1793.0208973236383,137.97910267636166,0.0,27374.288701163572,0.5583593557083445,48,14.10476934152626,40829,43874.8093557532,0,False,False,False,False,True,False,False,False,False,False,False,False,False,True,False,False,False,False,False,False,False,False
name509,44,2,0,5707.0,3889.03847368551,1817.9615263144901,0.0,60438.10254845592,0.7546380035287716,36,10.271620995644197,26137,44584.855772386036,1,True,False,False,False,False,False,False,False,False,False,False,False,True,False,False,False,False,False,False,False,False,False
name510,55,0,1,3143.0,3040.5730074761686,102.42699252383136,0.0,112516.47522016906,0.5316097557742677,12,35.76648050513688,37210,37519.368137908576,0,False,False,False,False,True,False,False,False,False,False,False,False,False,True,False,False,False,False,False,False,False,False
name511,56,1,1,11228.0,5840.441807489764,5387.558192510236,0.0,132659.30078859135,0.5679036595583447,24,11.3352104200286,74564,100776.45602116584,1,False,False,True,False,False,False,False,False,False,False,False,False,False,False,True,False,False,False,False,False,False,False
name512,48,0,0,7725.0,4259.690447998511,3465.3095520014886,0.0,41728.444104752336,0.5424903765722917,36,4.953156576407877,13636,29450.272367469737,1,True,False,False,False,False,False,False,False,False,False,False,True,False,False,False,False,False,False,False,False,False,False
name513,42,1,0,2054.0,1777.0395830443347,276.9604169556653,0.0,27680.8962328879,0.3980826025939256,48,13.341740903569734,27996,29498.62279964741,0,False,False,False,False,True,False,False,False,False,False,False,False,False,False,False,False,False,False,False,False,True,False
name514,53,1,1,3808.0,2786.8625848018964,1021.1374151981036,0.0,179071.45831125224,0.49345830538372665,24,46.75691200001421,11729,18867.30744936324,0,False,False,False,False,True,False,False,False,False,False,False,False,False,False,False,False,True,False,False,False,False,False
name515,55,0,3,1536.0,1697.6331176587098,-161.6331176587098,0.10522989430905587,57499.609348083366,0.5298820741069872,24,37.5398713969675,17611,20578.836398003437,1,False,True,False,True,False,False,False,False,False,True,False,False,False,False,False,False,False,False,False,False,False,False
name516,55,1,0,1750.0,1651.266221386991,98.73377861300901,0.0,98796.39619366903,0.8867556869098652,60,56.39866423717487,43901,41136.68704233545,1,False,False,False,False,False,False,False,True,False,False,False,False,False,False,False,False,False,False,True,False,False,False
name517,45,1,0,2524.0,1161.9743075495705,1362.0256924504295,0.0,61938.21441829494,0.9226077283316061,24,24.000074772521597,40214,46149.540845959265,1,False,False,False,False,True,False,False,False,False,False,False,False,False,True,False,False,False,False,False,False,False,False
name518,60,0,3,4261.0,4810.487866627033,-549.4878666270333,0.1289574904076586,134835.206146363,0.6462617728242895,24,31.772986156533683,18641,25692.679384803156,0,False,False,False,False,True,False,False,False,False,False,False,False,False,False,False,False,False,False,False,False,True,False
name519,48,1,1,8523.0,8448.219779013662,74.78022098633846,0.0,225769.30218900446,0.7474066152453012,24,26.48064319699849,38452,61699.44876075678,0,True,False,False,False,False,False,False,False,False,False,False,False,False,False,True,False,False,False,False,False,False,False
name520,37,2,1,1164.0,897.751885641854,266.24811435814604,0.0,17559.121300949457,0.9749367510547705,48,14.856420263394597,16392,19467.925828403288,1,False,True,False,True,False,False,False,False,False,False,False,False,False,False,False,False,False,False,False,False,False,True
name521,59,0,1,10685.0,7019.570060277847,3665.429939722153,0.0,53062.113824059896,0.8969673682262549,12,4.622993344346068,74184,119808.66395799964,0,True,False,False,False,False,False,False,False,False,False,False,False,False,False,True,False,False,False,False,False,False,False
name522,30,1,0,1913.0,3336.1153007822754,-1423.1153007822754,0.7439180871836254,33449.18656259572,0.2549931155701177,60,18.22911754489179,16285,18128.432112506274,1,True,False,False,False,False,False,False,False,False,False,False,False,True,False,False,False,False,False,False,False,False,False
name523,49,0,0,1943.0,1308.2939522847118,634.7060477152882,0.0,27027.5363546454,0.8158863668688163,24,13.583546220756618,18991,21977.71787016297,0,False,True,False,True,False,False,False,False,False,True,False,False,False,False,False,False,False,False,False,False,False,False
name524,46,0,0,900.0,794.4771379824381,105.52286201756192,0.0,11032.980409002726,0.6735350034631166,24,12.141619496650183,16135,19524.506968614016,1,False,True,False,False,False,False,True,False,False,False,False,False,False,False,False,False,False,False,False,False,False,True
name525,31,1,0,1129.0,651.7185819373369,477.2814180626631,0.0,13504.131844826112,0.8527759571413063,24,11.53839718933875,0,1983.4546572792435,0,False,True,False,True,False,False,False,False,False,False,False,False,False,False,False,False,False,False,False,False,False,False
name526,31,1,0,4173.0,4046.8919900071296,126.1080099928704,0.0,20061.927010060226,0.5192336704700924,48,4.77733501079975,58256,68219.17710825229,1,True,False,False,False,False,False,False,False,False,False,False,False,False,False,False,True,False,False,False,False,False,False
name527,41,1,3,750.0,905.2956471922873,-155.29564719228733,0.2070608629230498,6287.127249650038,0.9456677633384467,12,8.589897195789767,0,1136.4467608251177,1,False,True,False,False,False,False,True,False,False,False,True,False,False,False,False,False,False,False,False,False,False,False
name528,38,2,0,2250.0,1480.5859554278443,769.4140445721557,0.0,75031.09822967718,0.30466428221493286,12,33.00519297115779,58575,52045.48386253082,1,False,False,True,False,False,True,False,False,False,False,False,False,True,False,False,False,False,False,False,False,False,False
name529,57,1,2,4035.0,3937.338295285645,97.66170471435498,0.0,81659.1050820632,0.4065900884505971,36,20.21349278249042,0,9121.764953594178,0,False,False,False,False,True,False,False,False,False,False,False,False,False,False,False,False,False,False,True,False,False,False
name530,44,0,1,5758.0,6222.601242292942,-464.6012422929416,0.0806879545489652,158421.86942448333,0.6539557970094859,36,27.59403797616816,0,13437.504779795378,0,True,False,False,False,False,False,False,False,False,False,False,True,False,False,False,False,False,False,False,False,False,False
name531,52,0,0,3043.0,2756.499751100262,286.5002488997379,0.0,66547.46692392147,0.4963661291506236,24,21.77488224614582,0,6646.035572673254,1,False,False,False,False,True,False,False,False,True,False,False,False,False,False,False,False,False,False,False,False,False,False
name532,60,1,2,6832.0,14957.504868880718,-8125.504868880718,1.1893303379509248,151463.3934462006,0.611177882728992,24,23.35903078382338,73789,74381.75115654203,1,False,False,True,False,False,False,False,False,False,False,False,False,False,False,False,True,False,False,False,False,False,False
name533,41,1,1,1080.0,2182.945329983761,-1102.945329983761,1.0212456759108899,12592.408245318487,0.36750431294345925,24,12.680882940094675,0,811.508110069301,0,False,True,False,True,False,False,False,False,False,False,False,False,False,False,False,False,False,False,False,False,False,False
name534,34,0,0,2494.0,3078.428949593237,-584.4289495932371,0.23433398139263717,21752.53720958649,0.4781649523171201,24,8.95628153936637,77343,77601.53999519718,1,True,False,False,False,False,False,False,False,False,False,False,True,False,False,False,False,False,False,False,False,False,False
name535,48,0,0,3712.0,3086.2142932130178,625.7857067869822,0.0,36723.14239755151,0.6185123220398565,48,9.724503418848203,32626,39261.97357062926,1,False,False,False,False,True,False,False,False,False,False,False,False,False,False,False,False,True,False,False,False,False,False
name536,50,2,3,7689.0,8309.969326392062,-620.9693263920617,0.08076073954897409,210179.9490859654,0.4206415640549441,24,27.415908234147153,77731,109928.5379069076,0,True,False,False,False,False,False,False,False,False,False,False,False,True,False,False,False,False,False,False,False,False,False
name537,55,2,1,2297.0,2352.41645780484,-55.416457804839865,0.024125580237196284,26603.468414982486,0.40230385365848137,36,11.605957715623564,18971,24427.387700695483,0,False,True,False,True,False,False,False,False,False,False,False,False,False,False,False,False,False,False,False,False,False,False
name538,46,0,0,1866.0,2404.255327377879,-538.255327377879,0.2884540875551334,47120.23074700126,0.8166518543653949,12,25.54045341606599,23244,25381.013597805457,0,False,True,False,True,False,False,False,False,False,True,False,False,False,False,False,False,False,False,False,False,False,False
name539,34,0,0,900.0,598.1077361776788,301.8922638223212,0.0,5174.394702036678,0.933481622611859,48,5.413891598015952,37953,40753.10780417484,1,False,False,False,False,False,False,False,True,False,False,False,False,False,False,False,False,True,False,False,False,False,False
name540,60,2,0,4495.0,3607.98018829887,887.01981170113,0.0,27219.092276580635,0.9068378403803093,36,5.8580806373480545,18672,20095.73704284598,1,False,False,False,False,True,False,False,False,False,False,False,False,False,False,False,False,True,False,False,False,False,False
name541,57,0,0,3398.0,2617.859817775449,780.1401822245512,0.0,119418.19984297056,0.3723758652748356,48,34.91408465589935,21792,29098.01167913423,0,False,False,False,False,True,False,False,False,False,False,False,False,False,False,False,False,True,False,False,False,False,False
name542,41,1,0,5397.0,7211.3410700857485,-1814.3410700857485,0.3361758514148135,239925.1066629592,0.8889843972776984,24,44.79144853308226,37276,52357.67046718487,1,False,False,True,False,False,False,False,False,False,False,False,False,True,False,False,False,False,False,False,False,False,False
name543,46,1,1,8842.0,7788.137960299371,1053.8620397006289,0.0,101977.83154859174,0.7699568718796246,12,11.414156243937018,57488,91096.00887837882,1,True,False,False,False,False,False,False,False,False,False,False,False,False,False,True,False,False,False,False,False,False,False
name544,38,0,0,3542.0,2650.6581499073327,891.3418500926673,0.0,31979.70869161205,0.7042056475064776,24,8.777065737300786,72239,71333.90137703945,0,True,False,False,False,False,False,False,False,False,False,False,True,False,False,False,False,False,False,False,False,False,False
name545,55,2,0,7684.0,3546.0883716465373,4137.911628353462,0.0,76945.68314892423,0.3328646595862236,24,9.475243560719777,64170,82548.15677877716,0,True,False,False,False,False,False,False,False,False,False,False,False,False,False,True,False,False,False,False,False,False,False
name546,32,0,0,1332.0,1199.535564432213,132.46443556778695,0.0,8020.733304466339,0.7419619377331752,36,5.922123775449364,5749,5238.497060249822,0,False,True,False,True,False,False,False,False,False,False,False,False,False,False,False,False,False,False,False,False,False,False
name547,60,1,0,6356.0,7164.913905471886,-808.9139054718862,0.12726776360476497,100427.60649542615,0.3795742253841792,48,15.927709314175273,51083,56765.672368040665,1,False,False,True,False,False,False,False,False,False,False,False,False,False,False,True,False,False,False,False,False,False,False
name548,47,1,1,1500.0,1485.3040363453526,14.695963654647358,0.0,29548.58948229657,0.7040220309156171,12,19.689262345761282,14118,16766.27660915448,1,False,False,False,False,False,False,False,True,False,False,False,False,False,False,False,False,True,False,False,False,False,False
name549,53,0,0,3956.0,2858.5004662634974,1097.4995337365026,0.0,93111.51377541415,0.692199813627388,12,23.259356481718314,11909,19478.877801491082,1,False,False,False,False,True,False,False,False,False,False,False,False,False,False,False,False,False,False,False,False,True,False
name550,53,1,0,1750.0,1446.1815401834351,303.8184598165649,0.0,66225.93484306114,0.6951148989994163,24,37.66978079042547,20649,22381.326964325002,1,False,False,False,False,False,False,False,True,False,False,False,False,False,False,False,False,False,False,False,False,True,False
name551,58,1,1,2296.0,2731.9103234551176,-435.9103234551176,0.18985641265466793,18010.474980008577,0.6423988683011119,36,8.034139940532969,19597,29117.09509683454,1,False,False,False,False,True,False,False,False,False,False,False,False,False,False,False,False,False,False,False,False,True,False
name552,60,0,0,3756.0,4538.893596638016,-782.8935966380159,0.20843812477050477,132504.77299329516,0.405280020805272,48,35.48659919859776,19261,25639.411059215123,0,False,False,False,False,True,False,False,False,True,False,False,False,False,False,False,False,False,False,False,False,False,False
name553,32,1,0,1780.0,1765.6268261354235,14.373173864576529,0.0,23960.02097783812,0.3675366191996929,24,13.452611125827834,13309,17196.95361696936,1,False,False,False,False,True,False,False,False,True,False,False,False,False,False,False,False,False,False,False,False,False,False
name554,50,0,1,6361.0,7271.502580208567,-910.5025802085675,0.1431382770332601,34239.92272761034,0.33817386501400903,48,5.525927575509968,0,16274.964210407572,1,False,False,True,False,False,False,False,False,False,False,False,False,False,False,True,False,False,False,False,False,False,False
name555,55,0,0,4000.0,8049.891004080668,-4049.8910040806677,1.012472751020167,53918.06768629342,0.21189208879784804,24,14.49198967259352,17062,22124.441464885796,0,True,False,False,False,False,False,False,False,False,False,False,False,False,False,False,False,False,False,False,True,False,False
name556,36,1,0,1819.0,3298.7230284671796,-1479.7230284671796,0.8134815989374269,25093.761662693752,0.525134143741331,12,14.608842600968076,43468,45764.745861795,0,False,False,False,False,True,False,False,False,False,False,False,False,False,False,False,False,False,False,False,False,True,False
name557,58,0,2,2204.0,2492.246001455126,-288.24600145512613,0.13078312225731675,9200.41202285474,0.20164663840078234,36,4.305198740612462,5699,7421.34776229676,0,False,True,False,True,False,False,False,False,False,False,True,False,False,False,False,False,False,False,False,False,False,False
name558,37,1,0,1279.0,1140.663174205865,138.33682579413494,0.0,66478.7079125057,0.7525893911426982,48,51.86893751893008,24232,23988.96641023835,0,False,True,False,True,False,False,False,False,False,True,False,False,False,False,False,False,False,False,False,False,False,False
name559,31,0,3,2271.0,2415.7430229910988,-144.74302299109877,0.06373536899652081,54934.3609173162,0.6971568543215836,60,24.25323819476323,24428,33219.36809898286,0,False,False,False,False,True,False,False,False,False,False,False,False,False,False,False,False,False,False,True,False,False,False
name560,59,2,0,2718.0,1979.8681406130704,738.1318593869296,0.0,79923.84394458654,0.7196518017096352,24,29.133816072553202,16479,20589.77956976684,1,False,True,False,True,False,False,False,False,False,False,False,False,False,False,False,False,False,True,False,False,False,False
name561,53,1,0,2805.0,2497.3518886382913,307.64811136170874,0.0,15304.734384234776,0.5012896304225734,36,5.346554820988616,0,3379.1266272171047,1,False,True,False,True,False,False,False,False,False,False,False,False,False,False,False,False,False,False,False,False,False,False
name562,31,0,2,2895.0,3202.6772121867116,-307.6772121867116,0.10627882977088483,19296.80184239046,0.46297583427424055,48,6.771840778783134,76517,81642.20002235848,1,True,False,False,False,False,False,False,False,False,False,False,True,False,False,False,False,False,False,False,False,False,False
name563,44,1,0,3636.0,1308.1532389052395,2327.8467610947605,0.0,26732.167299992576,0.7447838968096872,36,6.711859334130312,33014,36906.15270233694,0,False,False,False,False,True,False,False,False,False,False,False,False,False,True,False,False,False,False,False,False,False,False
name564,47,0,1,1885.0,1968.9547125668525,-83.95471256685255,0.044538309054033186,25407.784746014222,0.6660877261434006,60,13.523469208796326,20867,25039.365059414074,0,False,True,False,True,False,False,False,False,False,False,False,False,False,False,False,False,False,False,False,False,False,True
name565,40,0,1,2073.0,2056.38346109967,16.616538900329942,0.0,28074.933528643003,0.31801850029121814,24,13.53512638193086,30249,37076.674392022745,0,False,False,False,False,True,False,False,False,True,False,False,False,False,False,False,False,False,False,False,False,False,False
name566,47,0,0,1779.0,2065.667512281884,-286.6675122818838,0.16113969212022697,9262.7114119538,0.6852093562376252,48,5.367835258142599,20787,21054.554446034505,0,False,True,False,True,False,False,False,False,False,False,False,False,False,False,False,False,False,False,False,False,False,False
name567,39,1,0,4314.0,4300.052577815685,13.947422184314746,0.0,156382.7856027194,0.41113338289898327,24,36.24683314337856,69019,72674.99613099804,0,True,False,False,False,False,False,False,False,False,False,False,False,False,False,True,False,False,False,False,False,False,False
name568,35,0,0,1556.0,978.6545368714216,577.3454631285784,0.0,27144.806546224285,0.5979009865749976,36,17.074203780909837,40444,40314.48771726024,1,False,False,False,False,True,False,False,False,False,False,False,False,False,False,False,False,False,False,False,False,True,False
name569,51,0,1,1835.0,2406.970544543328,-571.9705445433278,0.31170056923342115,79996.78558571867,0.2565746232078461,36,43.906679090061026,22566,23997.862355762878,0,False,True,False,True,False,False,False,False,False,False,True,False,False,False,False,False,False,False,False,False,False,False
name570,41,0,0,6599.0,5191.38701068892,1407.6129893110801,0.0,71243.41378238962,0.34027729705710363,24,10.582785390677154,69256,99214.2632857978,0,True,False,False,False,False,False,False,False,False,False,False,True,False,False,False,False,False,False,False,False,False,False
name571,37,0,0,600.0,839.7935721636203,-239.7935721636203,0.39965595360603384,10994.206189043285,0.7548589649741855,24,18.723332935344843,0,822.0268622436464,1,False,True,False,False,False,False,True,False,False,False,False,False,False,False,False,False,False,False,False,False,False,False
name572,42,0,0,1531.0,2087.7242362116604,-556.7242362116604,0.36363438028194667,10187.049376659092,0.7456028462072091,24,7.017487663534129,20760,24525.86801723782,1,False,True,False,True,False,False,False,False,False,True,False,False,False,False,False,False,False,False,False,False,False,False
name573,43,0,1,6042.0,4826.179324845934,1215.8206751540656,0.0,42334.33034257653,0.629912531634763,48,6.805446816852444,0,14767.960634420033,0,True,False,False,False,False,False,False,False,False,False,False,False,False,False,False,True,False,False,False,False,False,False
name574,42,0,1,3209.0,1915.7176787803187,1293.2823212196813,0.0,121025.47380833264,0.2573933879371495,36,37.311371607077895,11053,19129.560227533835,0,False,False,False,False,True,False,False,False,False,False,False,False,False,True,False,False,False,False,False,False,False,False
name575,38,0,1,1264.0,1144.6586283658062,119.34137163419382,0.0,40218.60021776561,0.9418944888397569,60,31.724097188395106,10028,11500.31603107111,0,False,True,False,True,False,False,False,False,False,False,False,False,False,False,False,False,False,False,False,False,False,False
name576,53,0,2,1750.0,1992.0660266225711,-242.06602662257114,0.13832344378432637,8058.993133183179,0.5142087953711899,12,4.743462377031857,22251,27250.291756068615,0,False,False,False,False,False,False,False,True,False,False,False,False,False,False,False,False,False,False,False,False,True,False
name577,54,0,1,9098.0,5062.601154567805,4035.3988454321952,0.0,149416.28168671927,0.6512724395331,24,15.979433154680926,25420,53079.62533482183,1,False,False,True,False,False,False,False,False,False,False,False,False,False,False,False,False,False,False,False,True,False,False
name578,47,0,0,1222.0,2304.736451924197,-1082.736451924197,0.8860363763700465,28485.604710241303,0.3659657061525925,24,24.196678528777003,0,883.2338632794805,1,False,True,False,True,False,False,False,False,False,False,False,False,False,False,False,False,False,True,False,False,False,False
name579,60,0,0,12119.0,5330.585320037258,6788.414679962742,0.0,29641.60037756072,0.5821900314873882,48,1.885731966135653,70385,106972.40571256024,0,True,False,False,False,False,False,False,False,False,False,False,False,False,False,False,True,False,False,False,False,False,False
name580,33,1,1,3290.0,3337.795746222131,-47.79574622213113,0.01452758243833773,98135.850185105,0.6876227850937218,12,29.84305347456752,36401,44373.24106155679,1,True,False,False,False,False,False,False,False,False,False,False,True,False,False,False,False,False,False,False,False,False,False
name581,37,0,3,2724.0,1986.2331256686991,737.7668743313009,0.0,53268.29140262278,0.6011657328309197,12,19.284333527272935,23201,31547.440676162478,0,False,False,False,False,True,False,False,False,False,False,False,False,False,True,False,False,False,False,False,False,False,False
name582,47,1,0,7826.0,3032.1103195448086,4793.889680455191,0.0,214342.74356098962,0.6647044133660236,36,26.775984395672683,42133,58201.66948109802,0,True,False,False,False,False,False,False,False,False,False,False,False,False,False,True,False,False,False,False,False,False,False
name583,31,0,0,3182.0,2828.1398918647283,353.86010813527173,0.0,42386.64314243223,0.45933727562108895,48,13.20954840801287,21410,30489.154767085623,0,True,False,False,False,False,False,False,False,False,False,False,False,True,False,False,False,False,False,False,False,False,False
name584,51,1,0,2954.0,1213.7932524085682,1740.2067475914318,0.0,113855.04939672966,0.38115325794594007,12,37.95356894012804,18765,19991.67003668988,1,False,True,False,True,False,False,False,False,False,False,False,False,False,False,False,False,False,False,False,False,False,True
name585,51,1,0,1690.0,1619.0907227742866,70.90927722571337,0.0,9609.831023861752,0.7180267280723085,48,5.6443323944591945,0,2884.9726485355745,0,False,True,False,True,False,False,False,False,False,False,False,False,False,False,False,False,False,False,False,False,False,True
name586,50,1,0,2067.0,1537.2405198707152,529.7594801292848,0.0,17840.816494399674,0.40069256157162275,60,8.374967108984224,0,3499.04365327848,0,False,True,False,True,False,False,False,False,False,False,False,False,False,False,False,False,False,False,False,False,False,False
name587,32,0,0,1587.0,2575.7124333689903,-988.7124333689903,0.6230072043912983,18331.536316095004,0.7572416148711639,60,12.174069785421546,26978,28992.055128337233,0,False,False,False,False,True,False,False,False,False,False,False,False,False,False,False,False,False,False,False,False,True,False
name588,51,0,2,1812.0,2257.052133065618,-445.0521330656179,0.2456137599699878,22689.99258004938,0.3963628749813694,24,12.76768472026214,0,2842.1189354327935,0,False,True,False,True,False,False,False,False,False,False,False,False,False,False,False,False,False,False,False,False,False,False
name589,32,1,0,1500.0,1019.2971434869278,480.7028565130722,0.0,17078.01138577442,0.9831530953654043,12,11.0648723528409,10932,17030.533224005903,1,False,False,True,False,False,True,False,False,False,False,False,False,False,False,True,False,False,False,False,False,False,False
name590,35,1,1,1031.0,1167.3453800291595,-136.34538002915951,0.13224576142498498,2655.305365377703,0.9875110793337595,36,2.7077116832268304,0,1731.9914980741937,1,False,True,False,True,False,False,False,False,False,False,False,False,False,False,False,False,False,False,False,False,False,False
name591,31,0,0,1500.0,1426.0538422994239,73.94615770057612,0.0,52614.14117426638,0.6880148351035917,36,35.02679667771053,22811,28990.121241658624,0,True,False,False,False,False,True,False,False,False,False,False,True,False,False,False,False,False,False,False,False,False,False
name592,43,0,1,2941.0,3922.2793604484154,-981.2793604484154,0.3336550018525724,72651.48355268071,0.8659789293959401,36,25.03664158895924,13925,17236.778408739297,0,False,False,False,False,True,False,False,False,False,False,False,False,False,False,False,False,False,False,False,False,True,False
name593,40,0,0,2818.0,1896.822990289862,921.177009710138,0.0,30613.711883896773,0.8138650986607973,48,10.536740551521161,0,8365.118520897695,0,False,False,False,False,True,False,False,False,False,False,False,False,False,False,False,False,True,False,False,False,False,False
name594,33,0,1,1500.0,1671.0550952442334,-171.05509524423337,0.11403673016282224,16404.89781353924,0.9160110301335173,36,11.050635272522314,37614,43220.82127670205,1,True,False,False,False,False,True,False,False,False,False,False,False,False,False,True,False,False,False,False,False,False,False
name595,42,0,0,6755.0,5321.141765364841,1433.8582346351586,0.0,231749.6854945909,0.7989008374288351,48,34.095607292369465,63006,71704.6098265549,1,True,False,False,False,False,False,False,False,False,False,False,False,True,False,False,False,False,False,False,False,False,False
name596,50,1,1,4323.0,5625.324495737359,-1302.324495737359,0.301254798921434,115593.43532765505,0.8874849996387433,12,27.040425589496277,25770,36833.786534050014,1,True,False,False,False,False,False,False,False,False,False,False,False,True,False,False,False,False,False,False,False,False,False
name597,30,1,0,2658.0,2360.4183971385687,297.5816028614313,0.0,26996.159987003288,0.20451788701463577,36,10.04461188267188,10005,20769.09241194224,1,False,False,True,False,False,False,False,False,False,False,False,False,False,False,True,False,False,False,False,False,False,False
name598,48,0,0,3568.0,3231.0671983423617,336.93280165763827,0.0,47341.72127613616,0.39095892991955616,48,13.173987801143083,35701,41819.882150319965,0,False,False,False,False,True,False,False,False,False,False,False,False,False,False,False,False,False,False,False,False,True,False
name599,46,0,0,5896.0,5441.65355706535,454.34644293465044,0.0,24526.760827152935,0.3571526469837576,36,4.082838260552626,13336,26415.60666474725,1,True,False,False,False,False,False,False,False,False,False,False,False,True,False,False,False,False,False,False,False,False,False
name600,40,0,0,600.0,535.9159661361628,64.08403386383725,0.0,4677.898887360525,0.7137638691370516,48,7.689691422494479,21887,23657.961758875223,0,False,True,False,False,False,False,True,False,False,False,False,False,False,False,False,False,False,False,False,False,False,False
name601,50,1,0,5592.0,4411.3563815740745,1180.6436184259255,0.0,75317.26727090587,0.7680071355503248,48,13.257622255450634,79173,99406.84190789527,1,True,False,False,False,False,False,False,False,False,False,False,False,True,False,False,False,False,False,False,False,False,False
name602,32,0,0,500.0,478.15507236018993,21.844927639810066,0.0,7355.793018623351,0.8529395664302966,48,14.66789618196708,11371,12947.245714761666,0,False,True,False,False,False,False,True,False,False,False,True,False,False,False,False,False,False,False,False,False,False,False
name603,31,1,1,3687.0,2659.6135260607102,1027.3864739392898,0.0,19714.009326274143,0.8107634943901078,24,5.068245959407338,67742,88876.27604911618,1,True,False,False,False,False,False,False,False,False,False,False,True,False,False,False,False,False,False,False,False,False,False
name604,41,0,1,1508.0,1161.9680199095387,346.0319800904613,0.0,60076.309366200374,0.5260613972906261,36,39.60893725869357,18410,21144.992339723052,1,False,True,False,True,False,False,False,False,False,False,True,False,False,False,False,False,False,False,False,False,False,False
name605,60,0,2,2648.0,1829.152888369964,818.8471116300359,0.0,67427.55199648155,0.9205867453001016,24,25.15434474503456,17679,19891.15724981618,0,False,True,False,True,False,False,False,False,False,False,False,False,False,False,False,False,False,False,False,False,False,False
name606,49,0,2,3500.0,4629.232906298112,-1129.2329062981116,0.3226379732280319,59468.99426635265,0.745728160297462,48,17.313779192185933,76370,97236.20820620433,0,False,False,True,False,False,True,False,False,False,False,False,False,False,False,False,True,False,False,False,False,False,False
name607,30,0,0,3145.0,3629.151042147008,-484.15104214700796,0.1539430976620057,83361.22359338393,0.6439038150717247,48,26.659896545478833,57802,57091.50023266645,1,True,False,False,False,False,False,False,False,False,False,False,True,False,False,False,False,False,False,False,False,False,False
name608,57,0,0,2000.0,1541.7530601952355,458.24693980476445,0.0,44334.2746024492,0.39874866738855297,36,21.93801383132222,13198,18295.468888113748,0,False,False,False,False,False,False,False,True,False,False,False,False,False,False,False,False,False,False,True,False,False,False
name609,47,1,1,1807.0,1644.8359713815983,162.16402861840174,0.0,15646.918556788458,0.5242396891426632,12,8.569316285650281,0,2930.7020920604396,1,False,True,False,True,False,False,False,False,False,False,True,False,False,False,False,False,False,False,False,False,False,False
name610,31,0,1,2033.0,1177.5525103405653,855.4474896594347,0.0,50193.096137669614,0.8797433895007278,12,24.268395793413763,31257,35571.874269626445,0,False,False,False,False,True,False,False,False,False,False,False,False,False,False,False,False,False,False,False,False,True,False
name611,32,1,0,1005.0,1499.349402300798,-494.3494023007979,0.49188995253810736,34308.662748204624,0.30381124378329055,60,34.6298628363238,0,1411.2372827664465,1,False,True,False,True,False,False,False,False,False,False,False,False,False,False,False,False,False,True,False,False,False,False
name612,57,0,0,5370.0,6006.619452809098,-636.6194528090982,0.11855110853055832,179769.13796330444,0.35807938565313774,12,33.59511311287031,32867,46518.986764605186,0,False,False,False,False,True,False,False,False,False,False,False,False,False,False,False,False,False,False,True,False,False,False
name613,35,0,2,3423.0,3584.881551951152,-161.88155195115178,0.04729230264421612,119390.32474229472,0.8488799819141277,36,34.92614849379079,0,8870.537136036697,0,True,False,False,False,False,False,False,False,False,False,False,False,False,False,True,False,False,False,False,False,False,False
name614,46,0,0,2177.0,1582.2264456169985,594.7735543830015,0.0,23489.048092668796,0.9280308516376721,24,10.516432952818462,11100,15297.595980082042,0,False,True,False,True,False,False,False,False,False,False,True,False,False,False,False,False,False,False,False,False,False,False
name615,44,0,1,5412.0,6363.319904339756,-951.3199043397562,0.1757797310309971,125909.26848056713,0.39583207289578065,12,23.440611305415167,74033,100140.60460133983,0,False,False,True,False,False,False,False,False,False,False,False,False,False,False,True,False,False,False,False,False,False,False
name616,43,0,2,6557.0,8729.600027463712,-2172.6000274637117,0.3313405562702016,128324.52007870507,0.47399414878353996,12,19.901955178613512,54988,65082.36313607658,1,False,False,True,False,False,False,False,False,False,False,False,False,False,False,False,True,False,False,False,False,False,False
name617,48,1,0,3753.0,2048.164544637949,1704.835455362051,0.0,32270.850574376847,0.45814999731323947,24,8.144421827608525,29917,36391.29507541489,1,False,False,False,False,True,False,False,False,False,False,False,False,False,False,False,False,False,False,True,False,False,False
name618,35,0,1,1188.0,851.4341556784782,336.5658443215218,0.0,24308.0191886888,0.560757076120436,48,20.177991030612187,24267,27443.612521873703,1,False,True,False,True,False,False,False,False,False,False,True,False,False,False,False,False,False,False,False,False,False,False
name619,57,0,0,2000.0,2079.5282709845023,-79.52827098450234,0.03976413549225117,37506.42627713908,0.21815226022712486,24,18.79297727406179,25817,34001.46064321747,0,False,False,False,False,False,False,False,True,False,False,False,False,False,False,False,False,False,False,False,False,True,False
name620,54,0,1,5142.0,5527.556596854126,-385.5565968541259,0.07498183524973277,83289.52068076345,0.3442550666766866,48,16.272866059435547,66581,69316.50440162637,0,True,False,False,False,False,False,False,False,False,False,False,True,False,False,False,False,False,False,False,False,False,False
name621,50,0,0,3415.0,2752.017960559929,662.9820394400708,0.0,21983.345571594025,0.2842916693899902,12,6.24315183957656,49562,59679.11561406764,0,False,False,False,False,True,False,False,False,False,False,False,False,False,False,False,False,False,False,True,False,False,False
name622,36,0,1,2433.0,3112.0424364518453,-679.0424364518453,0.279096767962123,99098.46169982111,0.45776716755818264,12,41.01007157265637,15120,21136.49799213722,0,False,False,False,False,True,False,False,False,False,False,False,False,False,False,False,False,False,False,False,False,True,False
name623,47,0,1,1500.0,1235.6153403787798,264.3846596212202,0.0,29415.546613219452,0.27966302047950703,36,19.434107969065487,0,2935.8470087585106,1,False,False,False,False,False,False,False,True,False,False,False,False,False,False,False,False,True,False,False,False,False,False
name624,36,1,1,5113.0,4105.364841231868,1007.635158768132,0.0,46235.055955340045,0.8909585370741535,36,8.845574182783476,22095,38108.00027336303,1,True,False,False,False,False,False,False,False,False,False,False,False,False,False,False,True,False,False,False,False,False,False
name625,46,2,1,2127.0,1511.6985358678626,615.3014641321374,0.0,43228.721640001415,0.37044739176175095,24,20.034518183295383,0,4341.419555667592,1,False,True,False,True,False,False,False,False,False,False,False,False,False,False,False,False,False,False,False,False,False,False
name626,51,0,1,1750.0,2162.321372440852,-412.321372440852,0.235612212823344,80733.29618351109,0.7965825677951408,60,46.368924317686826,0,3389.9938906427537,0,False,False,False,False,False,False,False,True,False,False,False,False,False,False,False,False,False,False,False,False,True,False
name627,58,1,4,1561.0,2204.7873510536147,-643.7873510536147,0.41241982770891394,34813.299845800444,0.3820837773560839,48,22.71434157389754,10839,11849.119444801596,1,False,True,False,True,False,False,False,False,False,False,False,False,False,False,False,False,False,False,False,False,False,False
name628,36,0,0,1254.0,1339.8950498235915,-85.89504982359153,0.06849684993906821,18196.036042429878,0.7265497298783586,60,14.578892418064965,0,1945.0290350972396,1,False,True,False,True,False,False,False,False,False,False,False,False,False,False,False,False,False,False,False,False,False,False
name629,33,1,1,967.0,682.3436052304289,284.6563947695711,0.0,9140.120349079016,0.9890974788418209,36,9.157666964125589,17898,22312.0371150417,1,False,True,False,True,False,False,False,False,False,False,False,False,False,False,False,False,False,False,False,False,False,False
name630,34,2,1,960.0,909.5732594106313,50.426740589368706,0.0,7365.140899551414,0.6394274048041022,12,7.619493915585464,0,1572.2638482567354,1,False,True,False,True,False,False,False,False,False,False,False,False,False,False,False,False,False,False,False,False,False,False
name631,36,0,0,2682.0,2169.3082722223953,512.6917277776047,0.0,33644.281331289756,0.8102662565985739,24,12.353314542696554,33925,41163.58572743834,0,False,False,False,False,True,False,False,False,False,False,False,False,False,False,False,False,True,False,False,False,False,False
name632,49,1,1,3500.0,3899.4907653874548,-399.49076538745476,0.11414021868212994,20151.03972673051,0.3647095294196058,48,5.871580140605133,11046,19261.44875849572,1,False,False,True,False,False,False,False,False,False,False,False,False,False,False,True,False,False,False,False,False,False,False
name633,49,0,1,2287.0,2761.3138330068605,-474.3138330068605,0.20739564189193724,16869.41883732857,0.26746464844546325,48,7.583617258563809,47727,47545.2438846648,0,False,False,False,False,True,False,False,False,True,False,False,False,False,False,False,False,False,False,False,False,False,False
name634,41,0,0,6248.0,5511.144767621993,736.8552323780068,0.0,146723.95774495357,0.8232576611367445,36,23.36541333427906,0,13379.13437188698,1,True,False,False,False,False,False,False,False,False,False,False,True,False,False,False,False,False,False,False,False,False,False
name635,50,1,1,2329.0,1489.1893432086356,839.8106567913644,0.0,13361.249289887137,0.46820830577761846,24,5.376315428551212,0,4359.915835009842,0,False,True,False,True,False,False,False,False,False,False,False,False,False,False,False,False,False,False,False,False,False,True
name636,35,1,0,1579.0,1989.3093045322642,-410.30930453226415,0.25985389774050927,9344.661598646098,0.5272040580601246,24,6.1779423072693875,78300,83869.85235202458,1,True,False,False,False,False,False,False,False,False,False,False,False,True,False,False,False,False,False,False,False,False,False
name637,37,1,2,4649.0,3804.4479657954266,844.5520342045734,0.0,43465.49664880179,0.7461932727428675,24,9.167766103376472,44445,45062.47283028111,0,False,False,True,False,False,False,False,False,False,False,False,False,False,False,False,True,False,False,False,False,False,False
name638,49,2,0,2334.0,1664.605624370121,669.394375629879,0.0,25299.713708143,0.7055331226849424,36,10.55283604649234,0,3909.3545016706485,1,False,True,False,True,False,False,False,False,False,False,True,False,False,False,False,False,False,False,False,False,False,False
name639,44,0,0,1242.0,1207.9125511619645,34.08744883803547,0.0,34855.64394138867,0.4136224098673933,36,28.036679945692942,0,2150.8540823499566,0,False,True,False,True,False,False,False,False,False,True,False,False,False,False,False,False,False,False,False,False,False,False
name640,35,0,0,3498.0,2293.701867720393,1204.2981322796072,0.0,33786.696667832715,0.2030783569050951,24,9.31457934121015,24085,38672.170860513164,0,False,False,True,False,False,False,False,False,False,False,False,True,False,False,False,False,False,False,False,False,False,False
name641,54,0,0,10103.0,4410.738377632793,5692.261622367207,0.0,190041.2504341741,0.9138771539281461,12,18.24695524218617,10714,40303.15649461907,0,False,False,True,False,False,False,False,False,False,False,False,False,False,False,True,False,False,False,False,False,False,False
name642,51,1,0,2153.0,2789.5666031971723,-636.5666031971723,0.29566493413709816,24927.822781861592,0.35339382418689835,24,11.873845510942296,8149,11394.513019252732,1,False,True,False,True,False,False,False,False,False,False,False,False,False,False,False,False,False,False,False,False,False,False
name643,53,1,0,1750.0,1362.1553063363672,387.8446936636328,0.0,30572.382969899583,0.6663543554059557,24,17.248307586420545,43042,52824.56784287071,0,False,False,False,False,False,False,False,True,True,False,False,False,False,False,False,False,False,False,False,False,False,False
name644,51,0,1,3693.0,3111.9261032065288,581.0738967934712,0.0,31883.94647980627,0.329709388877123,24,8.476272023561549,33111,44420.6472693389,0,False,False,False,False,True,False,False,False,False,False,False,False,False,False,False,False,True,False,False,False,False,False
name645,41,0,2,1460.0,929.8450104212169,530.1549895787831,0.0,27527.808668069236,0.9341093194502681,24,18.49154361540442,0,2467.8610527194164,0,False,True,False,True,False,False,False,False,False,False,False,False,False,False,False,False,False,True,False,False,False,False
name646,32,2,0,3487.0,3788.1327337243292,-301.1327337243292,0.0863586847503095,155243.1238971773,0.7253783238823528,36,44.606898947777935,23692,33336.985380745056,0,True,False,False,False,False,False,False,False,False,False,False,False,False,False,True,False,False,False,False,False,False,False
name647,39,0,1,5433.0,3826.787988665955,1606.2120113340452,0.0,40558.92474934757,0.9289090951962399,24,7.169650789253364,49250,68627.42377694772,1,True,False,False,False,False,False,False,False,False,False,False,True,False,False,False,False,False,False,False,False,False,False
name648,47,0,4,5128.0,7042.781645510304,-1914.7816455103039,0.37339735676878,85598.06981207266,0.9465989402921777,12,17.065688661775148,16609,27499.040844752013,1,True,False,False,False,False,False,False,False,False,False,False,False,False,False,True,False,False,False,False,False,False,False
name649,33,0,0,3517.0,2164.5521678941327,1352.4478321058673,0.0,88634.12279377913,0.3609479115873464,36,24.81708130840866,11825,23201.52719999885,0,True,False,False,False,False,False,False,False,False,False,False,False,False,False,True,False,False,False,False,False,False,False
name650,60,1,0,1402.0,3302.9236400970863,-1900.9236400970863,1.3558656491420016,45664.73327715722,0.48952323961514516,12,33.92700208078053,0,665.0818502680576,1,False,True,False,True,False,False,False,False,False,False,True,False,False,False,False,False,False,False,False,False,False,False
name651,56,1,0,3904.0,2144.859431728614,1759.1405682713862,0.0,65012.4967199874,0.705532807203809,12,16.202191637222338,27146,35939.26689452302,1,False,False,False,False,True,False,False,False,False,False,False,False,False,False,False,False,False,False,False,False,True,False
name652,31,1,0,1210.0,1055.7706494404065,154.2293505595935,0.0,36782.25519519169,0.887792030734166,24,30.271095739365368,8565,12132.751254478439,0,False,True,False,True,False,False,False,False,False,False,False,False,False,False,False,False,False,False,False,False,False,True
name653,51,0,0,2051.0,1104.0345999195195,946.9654000804805,0.0,62451.6334389562,0.8069989009158037,48,29.987648970685385,7498,9876.081034298217,0,False,True,False,True,False,False,False,False,False,False,False,False,False,False,False,False,False,True,False,False,False,False
name654,32,0,0,3536.0,3112.165672468704,423.8343275312959,0.0,115072.92211957698,0.41102316840076925,12,32.42338455657401,18985,32198.032127263912,0,True,False,False,False,False,False,False,False,False,False,False,False,False,False,True,False,False,False,False,False,False,False
name655,53,0,0,2049.0,2405.00917066117,-356.0091706611702,0.1737477650859786,26320.22972835769,0.3015944055974665,24,13.019150267944784,13588,16543.280832854194,0,False,True,False,True,False,False,False,False,False,False,True,False,False,False,False,False,False,False,False,False,False,False
name656,50,3,1,5431.0,7185.993309560244,-1754.9933095602437,0.3231436769582478,40455.96445879911,0.8185761880352918,12,7.772225698464253,20374,31555.97017363233,1,True,False,False,False,False,False,False,False,False,False,False,False,True,False,False,False,False,False,False,False,False,False
name657,32,0,2,1740.0,1672.8631959503377,67.13680404966226,0.0,26516.804665307995,0.6872607692957259,24,15.200958540953064,47797,51922.977820269,0,False,False,False,False,True,False,False,False,False,False,False,False,False,False,False,False,False,False,True,False,False,False
name658,40,2,0,4053.0,3678.025102031266,374.9748979687338,0.0,29312.352493114307,0.8164828003480252,36,7.139742806598957,64165,76083.87632781328,1,False,False,True,False,False,False,False,False,False,False,False,False,False,False,False,True,False,False,False,False,False,False
name659,36,1,1,1113.0,991.7806667717298,121.21933322827022,0.0,18082.108438551426,0.22803668888705506,12,16.137366671449378,14806,17926.201203050237,1,False,True,False,True,False,False,False,False,False,False,True,False,False,False,False,False,False,False,False,False,False,False
name660,53,0,0,8542.0,5096.128748325176,3445.8712516748237,0.0,143529.51488267834,0.5127670943228464,36,16.39939635108915,13231,36841.941526312185,1,True,False,False,False,False,False,False,False,False,False,False,True,False,False,False,False,False,False,False,False,False,False
name661,59,0,0,6927.0,12032.966124375398,-5105.966124375398,0.7371107440992346,246006.8362434094,0.3280837317847583,60,36.25130682370215,0,8512.173798688655,1,True,False,False,False,False,False,False,False,False,False,False,False,False,False,False,True,False,False,False,False,False,False
name662,53,0,1,6591.0,10132.628862467753,-3541.6288624677527,0.5373431743995983,149819.79145103096,0.2985822747417295,60,23.268308346760538,61571,76546.05320144004,0,False,False,True,False,False,False,False,False,False,False,False,False,True,False,False,False,False,False,False,False,False,False
name663,40,1,0,4885.0,4354.227260036894,530.7727399631058,0.0,152219.02148835504,0.24732326026251625,48,31.051842118401623,0,12361.936651944872,1,True,False,False,False,False,False,False,False,False,False,False,False,False,False,True,False,False,False,False,False,False,False
name664,32,0,0,4051.0,1712.661866817873,2338.338133182127,0.0,18342.55081144118,0.9355718898758942,48,3.950681974391274,15168,29056.138543517172,0,True,False,False,False,False,False,False,False,False,False,False,False,False,False,True,False,False,False,False,False,False,False
name665,41,0,0,1772.0,1217.4605039122089,554.5394960877911,0.0,43810.34268410165,0.5047950155576473,48,24.410724146734683,23729,32517.413010807748,1,False,True,False,True,False,False,False,False,False,False,False,False,False,False,False,False,False,True,False,False,False,False
name666,34,0,0,1754.0,1847.801811414156,-93.80181141415596,0.05347879784159405,30892.600434495926,0.3752388034854792,48,17.666135830051356,0,3738.3024216666386,0,False,False,False,False,True,False,False,False,True,False,False,False,False,False,False,False,False,False,False,False,False,False
name667,32,0,0,847.0,557.1189042765493,289.8810957234507,0.0,5662.878013780414,0.6343868664893544,48,6.343561886726048,14479,16256.335985286463,0,False,True,False,True,False,False,False,False,False,False,False,False,False,False,False,False,False,True,False,False,False,False
name668,30,1,2,2581.0,3016.24141983466,-435.24141983466006,0.16863286316724527,23380.45184174261,0.20511340068114473,24,9.227312383408474,0,6147.054418265313,1,True,False,False,False,False,False,False,False,False,False,False,False,False,False,False,True,False,False,False,False,False,False
name669,37,0,1,2049.0,3254.1888915892523,-1205.1888915892523,0.5881839392822119,38370.91328304145,0.35992279393496873,60,19.314837566925675,25056,27385.8101992127,0,False,False,False,False,True,False,False,False,False,False,False,False,False,False,False,False,False,False,True,False,False,False
name670,40,0,0,1010.0,749.976435352553,260.02356464744696,0.0,36085.13429491002,0.38007191239614724,60,35.470406663626314,0,1629.3921826094588,0,False,True,False,True,False,False,False,False,False,False,False,False,False,False,False,False,False,False,False,False,False,False
name671,50,0,0,7901.0,7752.730321113964,148.26967888603576,0.0,115541.14187705514,0.26810075231470576,24,14.604843968886104,42972,59257.09330316848,0,True,False,False,False,False,False,False,False,False,False,False,False,False,False,True,False,False,False,False,False,False,False
name672,36,0,0,6240.0,3449.312019359089,2790.687980640911,0.0,100217.94715130179,0.9197105229544315,36,15.613342815811038,48375,62894.63156068355,1,False,False,True,False,False,False,False,False,False,False,False,False,False,False,True,False,False,False,False,False,False,False
name673,47,0,0,3500.0,2076.2539844985135,1423.7460155014865,0.0,40883.9809504524,0.7168681137139306,12,11.274352838557405,70090,63547.82698035423,0,False,False,True,False,False,True,False,False,False,False,False,False,False,False,False,True,False,False,False,False,False,False
name674,49,1,0,2367.0,2491.1119808691756,-124.11198086917557,0.05243429694515233,17325.724332642836,0.7385771945692053,24,7.372131944871995,0,4455.756241145365,1,False,False,False,False,True,False,False,False,False,False,False,False,False,True,False,False,False,False,False,False,False,False
name675,44,0,0,1369.0,1958.5824063988066,-589.5824063988066,0.43066647655135615,9609.27361620883,0.290083271242088,48,7.449858307237134,17455,17754.046310109883,0,False,True,False,True,False,False,False,False,False,True,False,False,False,False,False,False,False,False,False,False,False,False
name676,55,0,0,10445.0,8010.289268774395,2434.710731225605,0.0,71738.34129321107,0.6198318116976957,48,6.6351010590699335,37271,67071.21136228449,1,False,False,True,False,False,False,False,False,False,False,False,False,False,False,False,True,False,False,False,False,False,False
name677,40,2,0,1431.0,1062.4929625740426,368.5070374259574,0.0,18603.424786741838,0.49164698063810297,36,12.742779699032761,0,2547.7773308629826,0,False,True,False,True,False,False,False,False,False,False,True,False,False,False,False,False,False,False,False,False,False,False
name678,40,1,0,5213.0,3833.160304998526,1379.839695001474,0.0,99312.79595001733,0.6293063282945992,48,18.786295080570852,43200,61289.61071974041,0,False,False,True,False,False,False,False,False,False,False,False,False,False,False,False,False,False,False,False,True,False,False
name679,51,3,0,3139.0,2870.4004488817754,268.59955111822455,0.0,26037.378039221654,0.4197909319513505,12,8.209231757917626,45457,54612.97375776831,0,False,False,False,False,True,False,False,False,False,False,False,False,False,False,False,False,False,False,True,False,False,False
name680,35,0,0,2500.0,2747.517026668067,-247.51702666806705,0.09900681066722682,52808.031849422136,0.8862450999537638,48,21.22221955043608,43166,48252.96900150439,1,False,False,False,False,True,False,False,False,False,False,False,False,False,False,False,False,False,False,True,False,False,False
name681,30,0,0,779.0,1034.475736973277,-255.47573697327698,0.32795344925966236,19976.100475432322,0.94502893595617,24,25.97121465007137,7875,9689.493015936076,0,False,True,False,True,False,False,False,False,False,False,False,False,False,False,False,False,False,False,False,False,False,False
name682,32,0,1,1500.0,1243.8785220944942,256.1214779055058,0.0,64036.32435339076,0.3555150537625964,60,42.5201352503235,63701,64238.11444665645,0,True,False,False,False,False,True,False,False,False,False,False,False,False,False,True,False,False,False,False,False,False,False
name683,30,0,0,721.0,855.4247640721698,-134.42476407216975,0.18644211383102602,10299.250541783902,0.2175600637577817,24,14.471116929065287,17261,18102.32543741817,1,False,True,False,True,False,False,False,False,False,False,False,False,False,False,False,False,False,True,False,False,False,False
name684,53,0,1,6708.0,4284.623765339981,2423.376234660019,0.0,28213.41591313047,0.5602726084750549,48,3.844669003946102,28769,51139.54846198247,0,True,False,False,False,False,False,False,False,False,False,False,False,False,False,False,False,False,False,False,True,False,False
name685,42,0,0,1300.0,1463.532647967698,-163.53264796769804,0.12579434459053696,8614.054872583649,0.9817769856914765,12,6.751990400424114,26866,25834.53029111688,1,False,False,False,False,False,False,False,True,False,False,False,False,False,False,False,False,False,False,False,False,True,False
name686,30,0,2,900.0,998.9356917657533,-98.93569176575329,0.10992854640639255,3142.402705207475,0.40039743302114156,48,3.601487107748031,46369,43257.72973266941,0,False,False,False,False,False,False,False,True,False,False,False,False,False,False,False,False,False,False,False,False,True,False
name687,35,0,1,1984.0,1505.0885410756487,478.91145892435134,0.0,45970.43648401203,0.4552530529866456,24,22.929196081193385,23752,25309.1826992397,1,False,False,False,False,True,False,False,False,False,False,False,False,False,False,False,False,False,False,False,False,True,False
name688,49,0,0,6766.0,6942.860984895624,-176.86098489562391,0.026139666700506048,72329.85752200571,0.8149397968846366,48,10.716334393570992,39966,56528.50401292143,1,True,False,False,False,False,False,False,False,False,False,False,False,True,False,False,False,False,False,False,False,False,False
name689,47,0,1,1500.0,1260.8472281072643,239.1527718927357,0.0,12909.185513421959,0.699382584595474,36,8.446688494352815,12087,16397.967044683235,0,False,False,False,False,False,False,False,True,False,False,False,False,False,False,False,False,True,False,False,False,False,False
name690,33,0,0,3389.0,2397.910465690509,991.0895343094908,0.0,66134.27077149437,0.5749628102204661,36,19.221947842190875,45080,51997.430170747255,0,True,False,False,False,False,False,False,False,False,False,False,False,True,False,False,False,False,False,False,False,False,False
name691,42,0,0,6877.0,4752.758278714662,2124.241721285338,0.0,121410.19115889631,0.9471367086172537,36,17.345637550910425,70875,86868.57385095902,1,True,False,False,False,False,False,False,False,False,False,False,False,True,False,False,False,False,False,False,False,False,False
name692,53,0,1,4772.0,6497.486016473899,-1725.4860164738993,0.36158550219486574,45995.916325532475,0.9964955498103064,36,10.000293868819442,61207,70782.15898984061,0,True,False,False,False,False,False,False,False,False,False,False,False,True,False,False,False,False,False,False,False,False,False
name693,58,0,0,9712.0,6377.195870055193,3334.804129944807,0.0,25833.253170048225,0.36304145050776093,60,2.316561886336843,0,25219.143888758623,0,False,False,True,False,False,False,False,False,False,False,False,True,False,False,False,False,False,False,False,False,False,False
name694,40,0,1,4116.0,4759.888118577824,-643.8881185778237,0.15643540295865493,131447.3555011663,0.5237051292102974,24,32.09213887748886,0,8554.43465951074,1,True,False,False,False,False,False,False,False,False,False,False,False,False,False,True,False,False,False,False,False,False,False
name695,55,0,0,2445.0,2478.188745734045,-33.188745734044915,0.013574129134578698,24607.76493437386,0.7095178973630394,48,10.07809966466581,0,3215.380856723205,1,False,True,False,True,False,False,False,False,False,False,False,False,False,False,False,False,False,True,False,False,False,False
name696,53,0,1,8129.0,7157.12722034002,971.8727796599796,0.0,187150.9327951763,0.2818385576525768,12,22.903070490283717,58029,83414.63176791358,1,True,False,False,False,False,False,False,False,False,False,False,True,False,False,False,False,False,False,False,False,False,False
name697,36,1,1,2312.0,1629.7484771126012,682.2515228873988,0.0,73228.47432153596,0.7539114332400305,24,31.37812404785838,0,4950.750561250661,0,False,False,False,False,True,False,False,False,True,False,False,False,False,False,False,False,False,False,False,False,False,False
name698,48,1,2,1500.0,1475.005687458131,24.99431254186902,0.0,24621.542286911626,0.7823654692148455,36,16.397698649579837,0,3284.827568439148,0,False,False,False,False,False,False,False,True,False,False,False,False,False,True,False,False,False,False,False,False,False,False
name699,30,0,2,500.0,610.8010161056436,-110.80101610564361,0.22160203221128721,10413.473265774563,0.7530619174654294,36,21.048548563760413,0,746.0053855012633,0,False,True,False,False,False,False,True,False,False,False,True,False,False,False,False,False,False,False,False,False,False,False
name700,43,0,0,1300.0,1112.4267059056301,187.57329409436988,0.0,6235.656654448488,0.7261188338060542,60,4.6523718156570135,0,3099.643072679181,0,False,False,False,False,False,False,False,True,False,False,False,False,False,False,False,False,False,False,True,False,False,False
name701,55,2,0,7375.0,8133.663261558718,-758.6632615587177,0.10286959478762274,72629.87293301655,0.5598423231177745,12,9.950987958586477,63982,82342.41656763734,1,True,False,False,False,False,False,False,False,False,False,False,False,False,False,False,True,False,False,False,False,False,False
name702,34,0,0,1532.0,1480.0107046631294,51.989295336870555,0.0,26714.714568228355,0.9747631354209328,24,17.403867671600185,38844,35450.97304121121,1,False,False,False,False,True,False,False,False,False,False,False,False,False,True,False,False,False,False,False,False,False,False
name703,36,0,0,1105.0,950.3669632556405,154.63303674435952,0.0,22791.629349977113,0.9806955878965049,36,20.485969514237787,7461,9400.785051741863,1,False,True,False,True,False,False,False,False,False,False,True,False,False,False,False,False,False,False,False,False,False,False
name704,50,0,0,8273.0,2705.5066511635187,5567.493348836481,0.0,275798.8551383374,0.521362252176433,36,32.6642526035901,45697,70323.20448430504,1,True,False,False,False,False,False,False,False,False,False,False,True,False,False,False,False,False,False,False,False,False,False
name705,51,0,0,6988.0,13996.011425381548,-7008.011425381548,1.0028636842274683,50852.17289792259,0.6475207864027273,24,8.279934791543237,76463,96342.40770056873,1,True,False,False,False,False,False,False,False,False,False,False,False,False,False,False,True,False,False,False,False,False,False
name706,34,1,1,3101.0,3665.278415886705,-564.2784158867048,0.18196659654521277,128640.76068927757,0.26626425959071254,12,41.66560435509973,37200,38376.410611504,0,True,False,False,False,False,False,False,False,False,False,False,False,False,False,False,True,False,False,False,False,False,False
name707,33,1,0,900.0,684.6897105662948,215.31028943370518,0.0,22052.732237274588,0.5454066292306405,24,24.263802164267645,27969,30258.164645815043,0,False,False,False,False,False,False,False,True,False,False,False,False,False,False,False,False,False,False,False,False,True,False
name708,53,0,0,8504.0,4838.032650701577,3665.967349298423,0.0,82007.78922421609,0.48994794402023456,12,9.21234970307122,13336,38573.332299675094,0,True,False,False,False,False,False,False,False,False,False,False,True,False,False,False,False,False,False,False,False,False,False
name709,33,0,1,2889.0,1865.748569251678,1023.251430748322,0.0,9227.128217351428,0.764204847436772,12,2.839694284043997,67583,67730.857120315,1,True,False,False,False,False,False,False,False,False,False,False,False,True,False,False,False,False,False,False,False,False,False
name710,49,0,0,3501.0,1647.5673299890518,1853.4326700109482,0.0,66567.13745667641,0.5326339162778946,24,18.484348696562545,0,9057.904250275833,0,False,False,False,False,True,False,False,False,False,False,False,False,False,False,False,False,False,False,True,False,False,False
name711,54,2,0,1604.0,1710.698513339519,-106.69851333951897,0.06652027016179486,9311.854574640081,0.2174395928884568,24,5.871915890261596,0,2342.3063463283174,1,False,True,False,True,False,False,False,False,False,False,False,False,False,False,False,False,False,False,False,False,False,False
name712,56,1,0,4535.0,5081.4118456038605,-546.4118456038605,0.12048772780680495,62275.65143269553,0.9162998398344827,12,13.852715166107915,40700,57759.01834991675,1,True,False,False,False,False,False,False,False,False,False,False,False,True,False,False,False,False,False,False,False,False,False
name713,45,0,2,1646.0,1583.141632246238,62.85836775376197,0.0,13419.174881045108,0.7204974424567312,12,8.114408574296078,9163,11346.99510606564,0,False,True,False,True,False,False,False,False,False,False,False,False,False,False,False,False,False,False,False,False,False,False
name714,35,1,0,2855.0,3004.091887242521,-149.0918872425209,0.05222132652977965,44231.90504666342,0.4025272147985087,12,15.545007682629054,27884,34419.83926398414,0,True,False,False,False,False,False,False,False,False,False,False,False,True,False,False,False,False,False,False,False,False,False
name715,54,0,0,1750.0,1259.8872687736011,490.11273122639886,0.0,50693.31147882914,0.6487010204312824,36,28.68754214148728,44774,43831.315611215585,0,False,False,False,False,False,False,False,True,False,False,False,False,False,False,False,False,False,False,False,False,True,False
name716,44,0,0,1300.0,2452.431987670921,-1152.431987670921,0.8864861443622469,6573.351681291846,0.27575982141405997,24,5.942910514586744,28842,27720.23431645443,1,False,False,False,False,True,False,False,False,False,False,False,False,False,False,False,False,True,False,False,False,False,False
name717,54,0,0,2151.0,1264.527161758783,886.472838241217,0.0,37465.17726703748,0.3575100387323552,24,17.005441389491523,0,3862.0739177138707,1,False,True,False,True,False,False,False,False,False,False,False,False,False,False,False,False,False,False,False,False,False,True
name718,53,0,1,2784.0,2531.0746267043187,252.9253732956813,0.0,117390.99433137887,0.6974285635179668,24,42.075455803909186,11595,16398.47824422029,1,False,False,False,False,True,False,False,False,False,False,False,False,False,False,False,False,True,False,False,False,False,False
name719,31,1,0,1135.0,959.0413593349771,175.95864066502293,0.0,22165.19610734793,0.46707978997469934,48,19.37377750368538,8176,9979.64052358958,0,False,True,False,True,False,False,False,False,False,False,True,False,False,False,False,False,False,False,False,False,False,False
name720,57,1,0,10517.0,7644.605420768724,2872.394579231276,0.0,389041.5388540127,0.8046221845053004,48,36.71856463580692,65246,95051.62624739892,1,True,False,False,False,False,False,False,False,False,False,False,False,True,False,False,False,False,False,False,False,False,False
name721,45,0,0,5725.0,6896.501854371919,-1171.5018543719189,0.20462914486845743,51781.78303385712,0.7405226021168171,36,9.249482076546558,19031,32057.754586942287,1,True,False,False,False,False,False,False,False,False,False,False,False,False,False,True,False,False,False,False,False,False,False
name722,55,1,0,8316.0,5038.830443799293,3277.169556200707,0.0,81293.45952169193,0.5377746163833714,60,9.38146824981857,0,24970.817454678046,0,True,False,False,False,False,False,False,False,False,False,False,False,False,False,False,True,False,False,False,False,False,False
name723,57,1,2,14213.0,3896.2152609508944,10316.784739049106,0.0,253198.43184654362,0.8033413979889956,12,17.08869676405365,0,49279.16759158316,1,True,False,False,False,False,False,False,False,False,False,False,False,False,False,False,True,False,False,False,False,False,False
name724,59,2,3,8347.0,5196.839282452998,3150.1607175470017,0.0,182043.2537676698,0.45448128164547463,48,21.43202264887059,48177,59083.984772005184,0,False,False,True,False,False,False,False,False,False,False,False,False,False,False,True,False,False,False,False,False,False,False
name725,58,0,1,11151.0,15768.793394754746,-4617.793394754746,0.41411473363418044,258818.1044521859,0.4622341350380883,48,23.624419141506646,77541,111963.36191919928,0,True,False,False,False,False,False,False,False,False,False,False,False,False,False,True,False,False,False,False,False,False,False
name726,55,0,0,8860.0,7954.139438732722,905.8605612672782,0.0,90644.29225393602,0.9566062116641174,12,10.12849116170076,33082,59630.03096227681,0,True,False,False,False,False,False,False,False,False,False,False,True,False,False,False,False,False,False,False,False,False,False
name727,56,0,1,5214.0,2529.277527418429,2684.722472581571,0.0,116510.37930374435,0.5650100942036278,48,21.83077422922186,35167,47702.80646790177,0,False,False,False,False,True,False,False,False,False,False,False,False,False,False,False,False,False,False,True,False,False,False
name728,53,0,0,9267.0,6112.5929100411595,3154.4070899588405,0.0,271332.7036016085,0.898319731963295,48,28.93906296661807,19124,51665.23942809775,0,False,False,True,False,False,False,False,False,False,False,False,False,True,False,False,False,False,False,False,False,False,False
name729,47,0,0,1950.0,1330.884012967839,619.115987032161,0.0,46544.792510231215,0.5843946362551429,24,23.551628986255924,11352,15119.135871534594,0,False,True,False,True,False,False,False,False,False,False,True,False,False,False,False,False,False,False,False,False,False,False
name730,34,1,0,1878.0,1075.4462412216824,802.5537587783176,0.0,104571.24291856986,0.6036468267662687,60,55.25489305633202,19744,22035.998727105627,1,False,False,False,False,True,False,False,False,False,False,False,False,False,False,False,False,False,False,False,False,True,False
name731,30,0,0,1156.0,716.1717849576597,439.8282150423403,0.0,11777.646023687275,0.968279662186368,36,9.80780087253022,20069,20962.51175265622,0,False,True,False,True,False,False,False,False,False,False,True,False,False,False,False,False,False,False,False,False,False,False
name732,38,0,0,4914.0,5727.908149955302,-813.9081499553022,0.16563047414637813,31277.28670889489,0.4465923903650033,24,6.530564684340699,38111,46298.72810414041,0,True,False,False,False,False,False,False,False,False,False,False,True,False,False,False,False,False,False,False,False,False,False
name733,43,0,0,5091.0,4790.278501567463,300.7214984325374,0.0,51020.69156362319,0.9617405138951135,12,9.962673357923915,46993,51779.19307694565,0,True,False,False,False,False,False,False,False,False,False,False,False,True,False,False,False,False,False,False,False,False,False
name734,38,0,0,724.0,1080.8474927430755,-356.84749274307546,0.49288327726944126,3549.8909133144575,0.3673432680118122,48,5.396047522178914,16549,17294.300936871943,0,False,True,False,True,False,False,False,False,False,False,False,False,False,False,False,False,False,False,False,False,False,False
name735,54,0,0,1549.0,1822.1605783533741,-273.16057835337415,0.17634640306867277,33155.898165797465,0.382992997633739,24,21.581057936830756,23794,26030.483106121348,0,False,True,False,True,False,False,False,False,False,False,False,False,False,False,False,False,False,True,False,False,False,False
name736,41,0,0,5828.0,6633.2602780967045,-805.2602780967045,0.13817094682510372,47372.86995997456,0.25414747991426206,36,8.266666135564734,39791,49782.16084973469,1,False,False,True,False,False,False,False,False,False,False,False,True,False,False,False,False,False,False,False,False,False,False
name737,54,0,0,1654.0,1636.7088175221452,17.291182477854818,0.0,11691.116015140557,0.41356314001556654,12,7.057935207172129,15465,18933.903115893412,1,False,True,False,True,False,False,False,False,False,False,False,False,False,False,False,False,False,True,False,False,False,False
name738,36,0,1,2182.0,2247.8839744821817,-65.88397448218166,0.03019430544554613,27720.060086472888,0.6825732998163716,24,12.73416318100599,0,4355.145160455649,0,False,False,False,False,True,False,False,False,True,False,False,False,False,False,False,False,False,False,False,False,False,False
name739,40,0,1,2250.0,2394.507929062457,-144.50792906245715,0.06422574624998095,34226.76015914158,0.6723265222433261,36,15.276119150312905,23465,27592.28669630988,1,True,False,False,False,False,True,False,False,False,False,False,True,False,False,False,False,False,False,False,False,False,False
name740,41,3,0,2383.0,1757.0838133668988,625.9161866331012,0.0,112367.93216257801,0.867347996039425,12,46.891320174546756,21645,22487.29421938386,1,False,False,False,False,True,False,False,False,False,False,False,False,False,False,False,False,True,False,False,False,False,False
name741,51,1,0,11472.0,9628.507945495128,1843.4920545048717,0.0,93797.59507662021,0.48023045875959863,12,8.015525019361519,35707,70446.84797911985,1,False,False,True,False,False,False,False,False,False,False,False,False,False,False,True,False,False,False,False,False,False,False
name742,32,0,2,1413.0,1572.6184308975203,-159.61843089752028,0.11296421153398463,40599.40351061314,0.7815618821295804,24,28.845733858110872,27996,30148.113262510607,0,False,False,False,False,True,False,False,False,False,False,False,False,False,True,False,False,False,False,False,False,False,False
name743,57,0,0,12011.0,3297.8811198832964,8713.118880116705,0.0,263548.7561051888,0.25668865217655334,48,21.216854318963627,19882,69414.73024887846,1,True,False,False,False,False,False,False,False,False,False,False,False,True,False,False,False,False,False,False,False,False,False
name744,35,0,0,3401.0,2009.8954700256493,1391.1045299743507,0.0,140653.66707996672,0.7560361077976352,36,40.947533828283554,25859,39918.6766969031,0,True,False,False,False,False,False,False,False,False,False,False,False,False,False,False,False,False,False,False,True,False,False
name745,34,0,1,3337.0,2878.461227683584,458.5387723164158,0.0,42055.50735314268,0.5910158681650636,24,12.465378657724383,62587,70089.19117575383,1,True,False,False,False,False,False,False,False,False,False,False,False,True,False,False,False,False,False,False,False,False,False
name746,39,1,1,5487.0,4159.275976226379,1327.7240237736214,0.0,82724.65471736604,0.3921708820739171,48,14.834505320501624,65138,75015.2342332097,1,False,False,True,False,False,False,False,False,False,False,False,True,False,False,False,False,False,False,False,False,False,False
name747,39,0,1,1621.0,853.7873534843978,767.2126465156022,0.0,24482.142426598206,0.7483724016649307,24,14.629814793388404,0,3236.6171503863925,0,False,True,False,True,False,False,False,False,False,False,True,False,False,False,False,False,False,False,False,False,False,False
name748,54,0,0,1856.0,2743.0968719554785,-887.0968719554785,0.47796167670015005,15427.155946656063,0.6683357614226982,24,8.790006906579494,5950,6954.571523789044,1,False,True,False,True,False,False,False,False,False,False,False,False,False,False,False,False,False,False,False,False,False,False
name749,46,0,1,2058.0,2597.657051309336,-539.6570513093361,0.2622240288189194,12173.669766995858,0.5278979861851537,24,6.177515460789696,0,3656.2216309650757,0,False,False,False,False,True,False,False,False,False,False,False,False,False,False,False,False,False,False,False,False,True,False
name750,37,1,1,5143.0,5254.256904743181,-111.25690474318071,0.02163268612544832,120343.08572725231,0.48648198088273803,36,23.421027149911627,14271,26632.702565789612,1,True,False,False,False,False,False,False,False,False,False,False,True,False,False,False,False,False,False,False,False,False,False
name751,52,0,1,1000.0,1008.8909285112204,-8.890928511220409,0.008890928511220409,3118.421751698024,0.6456983097617114,12,3.1273126802092444,5051,6519.423126202638,0,False,True,False,False,False,False,True,False,False,False,False,False,False,False,False,False,False,False,False,False,False,True
name752,46,2,3,6338.0,7555.554844952979,-1217.5548449529788,0.192103951554588,66470.07807853876,0.7798308571648301,48,10.679651770825455,23176,32513.450723096867,0,False,False,True,False,False,False,False,False,False,False,False,False,False,False,True,False,False,False,False,False,False,False
name753,39,0,0,2985.0,2597.430463390701,387.5695366092991,0.0,13475.6815714007,0.957210904198635,36,4.384627147333803,0,5610.515840303474,0,False,False,False,False,True,False,False,False,False,False,False,False,False,False,False,False,False,False,False,False,True,False
name754,42,0,0,2144.0,3205.1967719960817,-1061.1967719960817,0.4949611809683217,91989.37435147588,0.25767642904205856,12,43.40045294938058,47168,48897.71689450634,0,False,False,False,False,True,False,False,False,False,False,False,False,False,False,False,False,False,False,False,False,True,False
name755,55,0,3,2737.0,2939.3931939587983,-202.3931939587983,0.07394709315264826,15028.159698438574,0.7151132742428931,36,5.564688670952639,23168,29687.168204153884,0,False,False,False,False,True,False,False,False,True,False,False,False,False,False,False,False,False,False,False,False,False,False
name756,31,1,4,3223.0,3037.0647204966845,185.93527950331554,0.0,39215.07187437587,0.7206730112640198,24,12.109567668281898,42493,54392.44004907448,1,False,False,True,False,False,False,False,False,False,False,False,True,False,False,False,False,False,False,False,False,False,False
name757,33,0,1,1366.0,1647.439553788323,-281.4395537883231,0.20603188417886026,10670.251985847886,0.20821029536618174,24,8.017343733262232,0,2622.74338426301,1,False,False,False,False,True,False,False,False,False,False,False,False,False,False,False,False,True,False,False,False,False,False
name758,34,0,0,1566.0,2204.555382800754,-638.5553828007542,0.4077620579826016,51959.76628088001,0.2967586045905504,60,33.58768944040917,20164,25831.021902913442,1,False,False,False,False,True,False,False,False,False,False,False,False,False,False,False,False,False,False,False,False,True,False
name759,41,0,0,3403.0,2100.624787805339,1302.375212194661,0.0,18152.197707545023,0.30168518513563375,24,4.95146120933011,48738,56026.73253354258,1,False,False,False,False,True,False,False,False,False,False,False,False,False,True,False,False,False,False,False,False,False,False
name760,32,0,0,3281.0,3056.9758859011417,224.02411409885826,0.0,71467.88022742774,0.3531709938235258,12,21.714067696839038,64398,60848.983674342184,0,True,False,False,False,False,False,False,False,False,False,False,False,False,False,True,False,False,False,False,False,False,False
name761,38,1,1,2250.0,1752.7466890440726,497.2533109559274,0.0,14645.960309027245,0.8152776568787174,48,6.28831422136503,64003,67862.81967924302,0,True,False,False,False,False,True,False,False,False,False,False,False,False,False,False,False,False,False,False,True,False,False
name762,32,1,0,3435.0,1920.5086380797172,1514.4913619202828,0.0,51918.89937339916,0.8776134901248445,24,14.6737723468643,35355,41392.981362131635,1,True,False,False,False,False,False,False,False,False,False,False,False,False,False,True,False,False,False,False,False,False,False
name763,30,1,0,3035.0,3100.3827468023314,-65.38274680233144,0.021542914926633093,26519.000893085566,0.7486537019322821,24,8.759269733076737,49964,57571.670694996574,1,True,False,False,False,False,False,False,False,False,False,False,False,False,False,True,False,False,False,False,False,False,False
name764,50,0,0,2743.0,1537.7058297327833,1205.2941702672167,0.0,39672.95484308912,0.9214556135411276,48,14.023937540219434,30460,38341.711864061486,0,False,False,False,False,True,False,False,False,False,False,False,False,False,False,False,False,True,False,False,False,False,False
name765,52,0,1,8455.0,6160.273146914973,2294.726853085027,0.0,85984.79175884376,0.27218787764481417,48,9.898292715051298,73014,107236.46376156296,1,True,False,False,False,False,False,False,False,False,False,False,False,False,False,True,False,False,False,False,False,False,False
name766,45,0,0,1470.0,1167.6174667500625,302.3825332499375,0.0,56975.48080739193,0.5961070294818127,12,38.55312807764761,0,2426.443269723828,0,False,True,False,True,False,False,False,False,False,False,False,False,False,False,False,False,False,True,False,False,False,False
name767,46,0,0,4910.0,3436.6145783233146,1473.3854216766854,0.0,143467.31295147006,0.8054677980769387,60,28.919333509122886,39079,44731.74949956015,1,False,False,True,False,False,False,False,False,False,False,False,False,False,False,True,False,False,False,False,False,False,False
name768,59,0,0,2963.0,3127.921474723242,-164.92147472324223,0.05566030196531969,68527.02789092758,0.4862822653759284,24,23.18324312036815,45288,50047.017248630495,0,False,False,False,False,True,False,False,False,False,False,False,False,False,True,False,False,False,False,False,False,False,False
name769,40,0,2,2250.0,2854.288743300934,-604.2887433009341,0.2685727748004152,100998.53620306513,0.5871242533128241,48,45.1568110872738,61095,56486.46797175813,0,True,False,False,False,False,True,False,False,False,False,False,False,False,False,True,False,False,False,False,False,False,False
name770,56,1,1,4500.0,6983.66848963149,-2483.66848963149,0.5519263310292201,26649.08118650842,0.8895675687529809,12,6.473944372475536,42020,44698.62755317264,1,False,False,True,False,False,False,False,False,False,False,False,False,False,False,False,False,False,False,False,True,False,False
name771,60,0,0,4284.0,3244.662255539805,1039.3377444601952,0.0,37312.169077419385,0.2929058636076889,24,8.467047463342482,43692,50612.7178918686,0,False,False,False,False,True,False,False,False,False,False,False,False,False,False,False,False,True,False,False,False,False,False
name772,43,0,0,4468.0,6153.108670019147,-1685.1086700191472,0.3771505528243391,145205.22962674522,0.4125785756493865,36,32.87608287752112,14372,24826.069129653268,1,False,False,True,False,False,False,False,False,False,False,False,False,False,False,False,True,False,False,False,False,False,False
name773,33,0,0,2095.0,1300.337852255754,794.6621477442461,0.0,15712.235210406014,0.4994686896018811,36,7.120559934444758,20703,22748.166226840167,0,False,False,False,False,True,False,False,False,False,False,False,False,False,False,False,False,False,False,False,False,True,False
name774,49,0,0,2436.0,1406.9511530948014,1029.0488469051986,0.0,12314.344938428476,0.30317793064092025,48,4.632715965321543,38395,37612.55327527656,0,False,False,False,False,True,False,False,False,False,False,False,False,False,False,False,False,True,False,False,False,False,False
name775,54,0,1,3650.0,3538.850166694244,111.14983330575615,0.0,140908.09425037858,0.5636725695995886,24,38.574505319745974,0,8384.133236175312,0,False,False,False,False,True,False,False,False,False,False,False,False,False,False,False,False,False,False,True,False,False,False
name776,31,1,0,3400.0,2283.712743609509,1116.2872563904912,0.0,146320.58286989082,0.27922296761780097,12,42.70714576867656,65636,72239.05716996075,0,True,False,False,False,False,False,False,False,False,False,False,False,False,False,True,False,False,False,False,False,False,False
name777,39,0,1,1150.0,1014.2305473804698,135.76945261953017,0.0,13268.324578436197,0.5988938638540486,48,11.419613152884057,25388,28394.114631093715,0,False,False,False,False,False,False,False,True,False,False,False,False,False,True,False,False,False,False,False,False,False,False
name778,55,0,4,1728.0,2522.181842585482,-794.1818425854822,0.45959597371845035,82745.17531160582,0.26760621719558997,12,48.344535390157006,0,2056.7293548940215,0,False,True,False,True,False,False,False,False,False,False,False,False,False,False,False,False,False,False,False,False,False,False
name779,37,0,1,905.0,1006.7366387212841,-101.73663872128407,0.11241617538263433,35067.53909052807,0.5506726040187435,36,38.86107815386669,18035,21635.43482368877,1,False,True,False,True,False,False,False,False,False,False,False,False,False,False,False,False,False,False,False,False,False,True
name780,56,0,0,11594.0,10521.780370635994,1072.2196293640063,0.0,36824.791955271416,0.2154766223966634,24,3.0837133280927556,48293,73497.86637327792,1,True,False,False,False,False,False,False,False,False,False,False,False,False,False,False,True,False,False,False,False,False,False
name781,42,0,0,1300.0,1001.6552718274559,298.34472817254414,0.0,56845.35051323039,0.8136113778424822,24,43.497696757736804,39266,45244.148565887175,0,False,False,False,False,False,False,False,True,False,False,False,False,False,False,False,False,False,False,False,False,True,False
name782,49,0,0,2108.0,856.1364076342088,1251.8635923657912,0.0,23855.13949944473,0.9681517884597504,12,10.72261665421202,0,4088.345014782865,0,False,True,False,True,False,False,False,False,False,False,False,False,False,False,False,False,False,False,False,False,False,False
name783,53,1,3,8980.0,14540.122901439945,-5560.122901439945,0.619167360962132,30233.28547939463,0.532999802384593,60,3.9859029377321353,70543,95361.8603677942,1,True,False,False,False,False,False,False,False,False,False,False,False,False,False,True,False,False,False,False,False,False,False
name784,33,0,0,900.0,767.2952012672633,132.70479873273666,0.0,9691.53060780106,0.9689116148212942,12,10.62091756563147,0,2049.851991647048,0,False,False,False,False,False,False,False,True,False,False,False,False,False,False,False,False,False,False,True,False,False,False
name785,46,1,0,6969.0,3585.848940409961,3383.151059590039,0.0,75872.38813864677,0.7982167908873937,48,10.401669834848146,77585,91198.05666272409,1,True,False,False,False,False,False,False,False,False,False,False,False,False,False,True,False,False,False,False,False,False,False
name786,55,1,1,2885.0,3413.740733696056,-528.7407336960559,0.1832723513677837,19284.275085777026,0.9388444657422299,48,6.867596471221173,0,5837.107931797278,1,False,False,False,False,True,False,False,False,False,False,False,False,False,True,False,False,False,False,False,False,False,False
name787,34,1,1,2311.0,2329.7827165871768,-18.782716587176765,0.008127527731361646,15385.598277680765,0.5899621277561716,60,6.665677626251814,47656,57256.896606588976,1,True,False,False,False,False,False,False,False,False,False,False,False,False,False,True,False,False,False,False,False,False,False
name788,30,0,0,3927.0,2839.2730944371315,1087.7269055628685,0.0,71857.53580161194,0.9555760174423237,48,18.021341710223854,63486,70321.82120448379,1,True,False,False,False,False,False,False,False,False,False,False,False,False,False,True,False,False,False,False,False,False,False
name789,32,3,0,3076.0,4669.3582462709965,-1593.3582462709965,0.5179968290867999,34205.95672519476,0.2275259838359191,24,11.638268846380285,13938,20976.410608066362,1,True,False,False,False,False,False,False,False,False,False,False,False,False,False,True,False,False,False,False,False,False,False
name790,57,0,2,15048.0,15500.822633137072,-452.82263313707153,0.030091881521602307,119542.5236908418,0.996561793501998,24,7.9741724032415515,67278,106514.29850727897,0,False,False,True,False,False,False,False,False,False,False,False,False,False,False,False,False,False,False,False,True,False,False
name791,57,2,0,5995.0,4422.085047338739,1572.914952661261,0.0,53269.40551676685,0.6366462855434789,36,8.623267817198597,26571,42118.87821414984,1,True,False,False,False,False,False,False,False,False,False,False,False,False,False,False,True,False,False,False,False,False,False
name792,32,0,2,972.0,1169.4400047520846,-197.44000475208463,0.20312757690543687,14382.530850336158,0.2781954366770255,24,14.999970015522884,17169,16137.664231143845,0,False,True,False,True,False,False,False,False,False,True,False,False,False,False,False,False,False,False,False,False,False,False
name793,37,1,0,4289.0,4021.7299722898388,267.27002771016123,0.0,94837.93497176982,0.6813074773703565,60,22.049583806029297,33508,43756.81393856552,0,True,False,False,False,False,False,False,False,False,False,False,False,False,False,True,False,False,False,False,False,False,False
name794,49,0,0,6835.0,6349.151190532033,485.84880946796693,0.0,56074.04802093757,0.8735654940109354,60,8.132874793192334,14040,31274.675025710647,1,False,False,True,False,False,False,False,False,False,False,False,False,True,False,False,False,False,False,False,False,False,False
name795,37,0,0,4045.0,2740.61156367534,1304.3884363246598,0.0,69357.97497560333,0.47648333501775,12,16.824125226026865,57142,70836.37164799987,0,False,False,True,False,False,False,False,False,False,False,False,False,False,False,False,True,False,False,False,False,False,False
name796,50,0,3,1733.0,1869.4582424604591,-136.45824246045913,0.0787410516217306,12251.1821331569,0.3038424103574903,12,7.148090234055026,0,2465.3035623812093,1,False,True,False,True,False,False,False,False,False,False,False,False,False,False,False,False,False,False,False,False,False,False
name797,58,0,0,7975.0,7034.9117206178835,940.0882793821165,0.0,121552.75683571742,0.31067424395585147,24,15.123845587001291,0,21813.74617035967,0,False,False,True,False,False,False,False,False,False,False,False,False,False,False,True,False,False,False,False,False,False,False
name798,40,0,0,1612.0,1130.5090519382875,481.4909480617125,0.0,51430.80652704388,0.6767943561475791,12,31.60627517306586,17629,21357.65682458637,1,False,True,False,True,False,False,False,False,False,False,True,False,False,False,False,False,False,False,False,False,False,False
name799,52,0,0,9368.0,6791.452066505855,2576.5479334941447,0.0,294532.04377282143,0.9153220611055332,36,31.165189564402997,31898,57333.70437636024,1,True,False,False,False,False,False,False,False,False,False,False,False,False,False,False,True,False,False,False,False,False,False
name800,38,2,0,4816.0,3128.5152995705503,1687.4847004294497,0.0,206106.5640547195,0.9049085008090025,12,42.445822125060225,16573,29883.321651422735,1,False,False,True,False,False,False,False,False,False,False,False,True,False,False,False,False,False,False,False,False,False,False
name801,44,0,3,5905.0,6840.803935647155,-935.8039356471554,0.15847653440256654,49585.653251449294,0.298775788647327,24,8.555708245062904,0,12988.168737993232,0,True,False,False,False,False,False,False,False,False,False,False,False,True,False,False,False,False,False,False,False,False,False
name802,30,0,0,3128.0,2221.4678373127085,906.5321626872915,0.0,93328.43288129247,0.5555197145132174,12,29.546643452239508,22399,35776.35096846012,0,True,False,False,False,False,False,False,False,False,False,False,False,False,False,False,True,False,False,False,False,False,False
name803,55,0,0,4107.0,6347.320392433172,-2240.320392433172,0.5454882864458661,57307.22180897962,0.6395376930762093,24,14.49903632856411,32579,35185.684771319684,1,False,False,False,False,True,False,False,False,False,False,False,False,False,True,False,False,False,False,False,False,False,False
name804,37,0,1,4102.0,4610.554392171182,-508.55439217118237,0.12397717995396937,32190.27476102992,0.23667127866892168,48,7.971435678498563,33813,44692.37935028258,1,True,False,False,False,False,False,False,False,False,False,False,False,True,False,False,False,False,False,False,False,False,False
name805,40,1,0,2182.0,1680.503537931841,501.49646206815896,0.0,75666.10724858864,0.36532354165055236,24,34.44757597915696,28238,34407.523112245,1,False,False,False,False,True,False,False,False,False,False,False,False,False,True,False,False,False,False,False,False,False,False
name806,49,0,1,1980.0,2264.675801481401,-284.67580148140087,0.14377565731383882,18894.408972153673,0.8528400719302328,12,9.686406451330845,17397,23191.13361730879,0,False,True,False,True,False,False,False,False,False,False,False,False,False,False,False,False,False,True,False,False,False,False
name807,31,1,1,3278.0,2348.9975895940734,929.0024104059266,0.0,59359.44135195526,0.507411567711542,36,17.82502713287045,0,8983.627717781314,0,False,False,True,False,False,False,False,False,False,False,False,False,True,False,False,False,False,False,False,False,False,False
name808,46,1,1,7615.0,6769.328315189717,845.6716848102833,0.0,166284.12153245718,0.25574260116436165,48,21.72533812838436,61458,73709.97645510855,1,True,False,False,False,False,False,False,False,False,False,False,False,True,False,False,False,False,False,False,False,False,False
name809,43,0,0,5059.0,7249.147827608974,-2190.147827608974,0.4329210965821257,71721.53636550534,0.49506006713341527,48,14.60993955191032,27095,39377.84412284364,1,True,False,False,False,False,False,False,False,False,False,False,False,False,False,True,False,False,False,False,False,False,False
name810,32,0,1,1987.0,2021.9412748027871,-34.94127480278712,0.01758493950819684,65226.75402796026,0.9882210442645816,12,32.8443358343045,41027,45355.69297664836,0,False,False,False,False,True,False,False,False,False,False,False,False,False,False,False,False,False,False,False,False,True,False
name811,53,2,1,3775.0,3004.623717642966,770.3762823570341,0.0,112534.0232444992,0.2325280159945596,24,29.6062640959317,0,6596.543237744523,0,False,False,False,False,True,False,False,False,False,False,False,False,False,False,False,False,False,False,False,False,True,False
name812,37,0,0,1228.0,905.4402470400894,322.5597529599106,0.0,11704.776671447858,0.6711290134417066,24,9.268906285413639,21814,22294.914277552492,1,False,True,False,True,False,False,False,False,False,False,False,False,False,False,False,False,False,False,False,False,False,False
name813,30,1,0,3137.0,2665.824464397384,471.17553560261604,0.0,35586.42749928663,0.9584850252855737,36,11.193896067479761,65590,81598.47523440374,1,True,False,False,False,False,False,False,False,False,False,False,False,False,False,False,True,False,False,False,False,False,False
name814,41,0,0,1911.0,3291.12764890775,-1380.12764890775,0.7222018047659602,31061.48235708832,0.36252250389848956,24,16.97624804081427,45796,50096.52443759508,1,False,False,False,False,True,False,False,False,False,False,False,False,False,False,False,False,True,False,False,False,False,False
name815,33,0,0,1753.0,1430.8490816347091,322.15091836529086,0.0,71001.63618880656,0.9691079950291213,24,40.31915873955577,18967,20874.843859485445,1,False,False,False,False,True,False,False,False,False,False,False,False,False,False,False,False,True,False,False,False,False,False
name816,31,0,0,1273.0,1138.2536240074055,134.7463759925945,0.0,27120.881756993924,0.6061429660249058,48,21.1988494744708,14332,16481.131472443885,0,False,False,False,False,True,False,False,False,False,False,False,False,False,False,False,False,True,False,False,False,False,False
name817,40,1,0,4679.0,4024.1371411144473,654.8628588855527,0.0,78277.26204027038,0.5861588290257991,48,16.58952750189887,35148,54727.65925672719,1,False,False,True,False,False,False,False,False,False,False,False,False,False,False,False,True,False,False,False,False,False,False
name818,32,1,0,1929.0,1455.743246522243,473.256753477757,0.0,35678.92209161623,0.24866300369043462,48,18.25073371598677,15885,23612.398185347534,1,False,False,False,False,True,False,False,False,False,False,False,False,False,False,False,False,False,False,False,False,True,False
name819,57,2,1,1100.0,1060.4898109757157,39.51018902428427,0.0,11689.74027299897,0.42943922062649326,36,10.591118258158806,14974,15520.131316347506,1,False,True,False,False,False,False,True,False,False,True,False,False,False,False,False,False,False,False,False,False,False,False
name820,34,0,0,1723.0,2371.3687182778285,-648.3687182778285,0.3763022160637426,16179.036197096482,0.9078117975051836,24,9.766340635736686,0,2872.748642139303,1,False,False,False,False,True,False,False,False,False,False,False,False,False,False,False,False,True,False,False,False,False,False
name821,56,2,0,11333.0,11162.003093520565,170.99690647943498,0.0,83377.52438837304,0.8230092544272269,36,7.341968365118998,69134,88025.99334633187,1,False,False,True,False,False,False,False,False,False,False,False,False,False,False,False,True,False,False,False,False,False,False
name822,51,0,0,11026.0,6850.980493187333,4175.019506812667,0.0,264206.4635636758,0.9879887887682062,12,23.58347941745539,56916,83617.84066700513,0,True,False,False,False,False,False,False,False,False,False,False,False,False,False,True,False,False,False,False,False,False,False
name823,58,0,1,3517.0,2937.8213977189703,579.1786022810297,0.0,33197.56152197434,0.3045686622459138,36,9.274490452002647,46706,49976.374795057476,0,False,False,False,False,True,False,False,False,False,False,False,False,False,False,False,False,False,False,False,False,True,False
name824,47,2,0,2042.0,1356.1154457368325,685.8845542631675,0.0,70201.79081437358,0.7393581317383624,36,34.0430490989767,0,3879.7585914139313,1,False,True,False,True,False,False,False,False,False,False,False,False,False,False,False,False,False,False,False,False,False,False
name825,30,1,0,1272.0,727.3270273716814,544.6729726283186,0.0,25561.992165221625,0.995467391169155,24,19.667703767762035,0,2206.551794832139,1,False,True,False,True,False,False,False,False,False,False,True,False,False,False,False,False,False,False,False,False,False,False
name826,50,0,0,2391.0,1799.2472464287416,591.7527535712584,0.0,49038.21587623498,0.7771137181343384,48,20.262008834238276,0,6233.093252347716,0,False,False,False,False,True,False,False,False,True,False,False,False,False,False,False,False,False,False,False,False,False,False
name827,30,0,0,2397.0,1997.1313116663346,399.86868833366543,0.0,25494.82307216996,0.9575889798101619,36,10.469317640315516,0,4213.179778981893,0,False,False,False,False,True,False,False,False,False,False,False,False,False,True,False,False,False,False,False,False,False,False
name828,44,1,0,5489.0,7465.761678710734,-1976.7616787107336,0.3601314772655736,188263.30641442453,0.4606636598027786,24,34.6584201299208,37058,41432.58790919957,1,False,False,True,False,False,False,False,False,False,False,False,False,True,False,False,False,False,False,False,False,False,False
name829,56,0,0,4500.0,8832.143133566038,-4332.143133566038,0.9626984741257862,24963.359379245197,0.8904583781806538,48,6.510111669513608,59724,70541.9018126999,1,True,False,False,False,False,False,False,False,False,False,False,False,False,False,False,True,False,False,False,False,False,False
name830,51,2,0,7873.0,4789.3491618068465,3083.6508381931535,0.0,168754.31884042473,0.20912998321032356,24,21.042889369012013,29905,59301.070816726206,1,True,False,False,False,False,False,False,False,False,False,False,True,False,False,False,False,False,False,False,False,False,False
name831,38,0,1,2250.0,2403.4361356001837,-153.43613560018366,0.06819383804452607,33581.12162656716,0.5120038789411328,24,14.993136783185486,21217,28803.63589387221,0,False,False,True,False,False,True,False,False,False,False,False,False,False,False,False,True,False,False,False,False,False,False
name832,36,0,0,2250.0,2870.765430675558,-620.765430675558,0.27589574696691466,66244.85027657192,0.3000083206514446,12,29.71805142544332,10713,13874.612491110927,0,False,False,False,False,True,False,False,False,True,False,False,False,False,False,False,False,False,False,False,False,False,False
name833,37,1,0,2301.0,3218.5051698879333,-917.5051698879333,0.3987419252011879,71377.1445098177,0.22583012630441127,12,31.41879603637794,49563,43386.38958346181,0,False,False,False,False,True,False,False,False,False,False,False,False,False,True,False,False,False,False,False,False,False,False
name834,56,1,0,5569.0,2267.2180130296233,3301.7819869703767,0.0,51398.980746750174,0.49497764664967375,12,8.63659521633683,34056,49930.92342687288,0,False,False,False,False,True,False,False,False,False,False,False,False,False,False,False,False,False,False,False,False,True,False
name835,32,1,1,979.0,1523.4482488798137,-544.4482488798137,0.556126914075397,23055.151608370245,0.38079196602650844,24,24.105822121808025,16882,18510.803540942452,1,False,True,False,True,False,False,False,False,False,False,True,False,False,False,False,False,False,False,False,False,False,False
name836,41,0,1,5746.0,7526.5288081708595,-1780.5288081708595,0.3098727476802749,40036.40742861125,0.48931056246298094,36,7.277573309568762,75520,85107.26458820072,0,True,False,False,False,False,False,False,False,False,False,False,True,False,False,False,False,False,False,False,False,False,False
name837,36,0,1,6169.0,3783.618586744802,2385.381413255198,0.0,200057.2484387996,0.375752390785006,24,32.04277306298337,61478,83739.76836006134,0,False,False,True,False,False,False,False,False,False,False,False,False,True,False,False,False,False,False,False,False,False,False
name838,46,0,1,1672.0,2373.4125720853604,-701.4125720853604,0.4195051268453112,23956.992149906382,0.7610646528595477,36,14.747849714109893,0,2388.638827684553,1,False,True,False,True,False,False,False,False,False,True,False,False,False,False,False,False,False,False,False,False,False,False
name839,56,2,0,11185.0,14392.278476929388,-3207.2784769293885,0.28674818747692343,250618.9468847489,0.4575274403067976,12,22.69344884771375,0,20599.498248623357,0,True,False,False,False,False,False,False,False,False,False,False,True,False,False,False,False,False,False,False,False,False,False
name840,38,0,2,2276.0,2316.1017617116377,-40.101761711637664,0.01761940321249458,52403.77324530014,0.9999593482573516,12,23.042124344029776,29341,34963.241803611236,1,False,False,False,False,True,False,False,False,False,False,False,False,False,False,False,False,True,False,False,False,False,False
name841,58,2,1,3037.0,3125.2919378216893,-88.29193782168932,0.029072090161899676,43923.850502437555,0.3680166577136412,36,14.49197973008207,31185,36403.521608292394,0,False,False,False,False,True,False,False,False,False,False,False,False,False,False,False,False,False,False,True,False,False,False
name842,39,3,0,2898.0,2002.9938855185394,895.0061144814606,0.0,44005.85411511956,0.4392934748930172,48,14.876069013332678,16137,25699.361902258646,1,False,False,False,False,True,False,False,False,False,False,False,False,False,False,False,False,False,False,False,False,True,False
name843,44,1,0,2167.0,3585.7008213918157,-1418.7008213918157,0.6546842738310179,46083.89685740114,0.596145591507586,12,21.92090340507289,43317,36369.52315231449,0,False,False,False,False,True,False,False,False,False,False,False,False,False,False,False,False,True,False,False,False,False,False
name844,47,0,0,3327.0,2460.0548109498072,866.9451890501928,0.0,68212.73233006678,0.6323152185669009,12,20.242196315304053,48401,43358.151743671195,0,False,False,False,False,True,False,False,False,False,False,False,False,False,False,False,False,False,False,False,False,True,False
name845,53,1,0,3580.0,3112.84222651564,467.15777348435995,0.0,50250.60706748882,0.3084743448067922,48,13.905991422906274,12908,19929.469966034383,0,False,False,False,False,True,False,False,False,False,False,False,False,False,False,False,False,True,False,False,False,False,False
name846,33,0,0,500.0,360.5461077741766,139.45389222582338,0.0,15319.172215262584,0.5541493480499168,12,30.359436646073522,7395,9137.621317037732,1,False,True,False,False,False,False,True,False,False,False,False,False,False,False,False,False,False,False,False,False,False,True
name847,42,1,1,5443.0,5323.142349743438,119.85765025656201,0.0,80328.7293248463,0.758507542168855,24,14.736151327317607,32661,40082.78715113269,0,True,False,False,False,False,False,False,False,False,False,False,False,False,False,False,True,False,False,False,False,False,False
name848,35,0,0,2976.0,1861.4524428232933,1114.5475571767067,0.0,110923.29683580861,0.7349976245456831,36,36.89810123609943,30366,34748.671894736675,0,True,False,False,False,False,False,False,False,False,False,False,False,False,False,True,False,False,False,False,False,False,False
name849,54,2,0,1999.0,1062.1853358291262,936.8146641708738,0.0,12502.301794686768,0.9535371860153463,36,5.785636383449672,21171,25736.859454090405,1,False,True,False,True,False,False,False,False,False,False,True,False,False,False,False,False,False,False,False,False,False,False
name850,45,2,1,3522.0,1881.6853295409312,1640.3146704590688,0.0,121294.15780228323,0.2196615209224401,24,33.97326607945036,32184,39291.65672924195,0,False,False,False,False,True,False,False,False,True,False,False,False,False,False,False,False,False,False,False,False,False,False
name851,34,2,3,1738.0,2565.882670498163,-827.882670498163,0.4763421579391041,24944.66365319394,0.37426460169206355,24,14.828852890501786,21453,26822.861948122078,0,False,False,False,False,True,False,False,False,False,False,False,False,False,False,False,False,False,False,False,False,True,False
name852,44,0,0,2720.0,2068.2971977658735,651.7028022341265,0.0,63595.43867921683,0.41984040588566046,36,23.14107936653776,24928,29047.267926668625,0,False,False,False,False,True,False,False,False,False,False,False,False,False,False,False,False,True,False,False,False,False,False
name853,58,0,0,4500.0,5924.4152781766725,-1424.4152781766725,0.316536728483705,28653.22238688165,0.4143100120622711,48,6.683919481124072,12162,21330.71107155642,0,False,False,True,False,False,False,False,False,False,False,False,False,False,False,True,False,False,False,False,False,False,False
name854,58,0,0,8143.0,7806.07543066141,336.9245693385901,0.0,21758.628030535023,0.6170481772506009,24,2.6306893603335912,23068,47385.923714124496,1,True,False,False,False,False,False,False,False,False,False,False,False,False,False,True,False,False,False,False,False,False,False
name855,31,0,0,1500.0,1729.127632955264,-229.12763295526406,0.15275175530350937,70123.65000507864,0.7897267953666041,48,46.90185175868927,52572,61118.97049341153,1,True,False,False,False,False,True,False,False,False,False,False,False,True,False,False,False,False,False,False,False,False,False
name856,34,0,1,1398.0,1350.7782383025226,47.221761697477405,0.0,50161.003925708996,0.38764148418585,24,35.846768357662036,48950,55216.23588976655,0,False,False,False,False,True,False,False,False,False,False,False,False,False,False,False,False,False,False,False,False,True,False
name857,43,0,1,1773.0,2808.8921860606733,-1035.8921860606733,0.5842595522056815,65261.44171293613,0.520848179872186,24,37.39274331584704,31181,31511.902873429357,0,False,False,False,False,True,False,False,False,False,False,False,False,False,False,False,False,True,False,False,False,False,False
name858,44,0,0,6345.0,5211.5133626076295,1133.4866373923705,0.0,90123.82388621851,0.7311454060980913,12,14.025269857971022,71113,83892.79563632385,1,True,False,False,False,False,False,False,False,False,False,False,False,False,False,True,False,False,False,False,False,False,False
name859,51,0,1,5329.0,2358.9664701940533,2970.0335298059467,0.0,206298.45049601368,0.9011208712960637,36,38.15507918300014,47006,64064.102314500524,0,False,False,False,False,True,False,False,False,False,False,False,False,False,False,False,False,True,False,False,False,False,False
name860,50,1,0,3851.0,1910.2096282604575,1940.7903717395425,0.0,40455.1688260113,0.6366541320204905,12,10.001136965534084,30742,41031.97550740634,1,False,False,False,False,True,False,False,False,False,False,False,False,False,False,False,False,True,False,False,False,False,False
name861,44,0,1,2939.0,2646.44678996221,292.55321003779,0.0,28216.004679246555,0.8077164524601936,12,9.501004242670556,41394,50202.11899172976,0,False,False,False,False,True,False,False,False,False,False,False,False,False,True,False,False,False,False,False,False,False,False
name862,52,0,0,4515.0,4202.18984546563,312.81015453436976,0.0,11199.161455710295,0.5721305159259726,12,2.4111520046901274,16772,25663.626498550322,0,False,False,False,False,True,False,False,False,True,False,False,False,False,False,False,False,False,False,False,False,False,False
name863,55,0,0,2064.0,1372.1765133665,691.8234866334999,0.0,47672.66201098917,0.92555511020413,12,22.76203416877697,0,3822.721296813588,0,False,True,False,True,False,False,False,False,False,False,True,False,False,False,False,False,False,False,False,False,False,False
name864,38,0,0,2081.0,1657.1802473514822,423.8197526485178,0.0,11706.175358059743,0.718242709143686,12,5.421602885829517,18072,23614.52973305871,1,False,False,False,False,True,False,False,False,False,False,False,False,False,False,False,False,False,False,False,False,True,False
name865,47,0,1,6327.0,7081.560710057741,-754.5607100577408,0.11926042517113021,247945.83309878095,0.4390295237399628,24,39.307791023998526,54060,70112.65514419487,1,False,False,True,False,False,False,False,False,False,False,False,False,False,False,True,False,False,False,False,False,False,False
name866,54,0,1,4020.0,3506.18614148622,513.8138585137799,0.0,97279.25545618046,0.7572356798798205,48,24.071005372553902,0,7153.173805315016,0,False,False,False,False,True,False,False,False,False,False,False,False,False,False,False,False,False,False,True,False,False,False
name867,47,1,0,6584.0,8196.45205847185,-1612.4520584718503,0.24490462613484967,144877.2875920652,0.6012205320476627,24,22.249352923836128,64155,87007.22690145847,1,True,False,False,False,False,False,False,False,False,False,False,True,False,False,False,False,False,False,False,False,False,False
name868,57,0,1,3619.0,2973.539245091962,645.4607549080379,0.0,38628.69956136157,0.589281720906514,12,10.49550671634527,38884,39261.1685656615,0,False,False,False,False,True,False,False,False,False,False,False,False,False,True,False,False,False,False,False,False,False,False
name869,60,2,0,10926.0,6320.572419479447,4605.427580520553,0.0,184613.34651531762,0.7670796855191566,12,16.47518935885018,0,32555.3677869012,0,True,False,False,False,False,False,False,False,False,False,False,False,False,False,True,False,False,False,False,False,False,False
name870,36,1,0,735.0,951.3207329301588,-216.32073293015878,0.29431392235395754,15789.083380844684,0.20871537667682205,24,21.776060018741283,15454,19721.088067097517,0,False,True,False,True,False,False,False,False,False,False,False,False,False,False,False,False,False,True,False,False,False,False
name871,51,2,0,2078.0,1737.719910858914,340.2800891410859,0.0,33501.1571839638,0.9376856631342431,48,15.95807367412065,22795,28887.0192377142,0,False,True,False,True,False,False,False,False,False,False,False,False,False,False,False,False,False,False,False,False,False,False
name872,34,0,0,852.0,597.1445119033435,254.85548809665647,0.0,4416.038486949196,0.44014257809427587,60,4.884017604287019,0,1327.9801678143517,1,False,True,False,True,False,False,False,False,False,False,True,False,False,False,False,False,False,False,False,False,False,False
name873,44,1,0,2269.0,1457.7606680336798,811.2393319663202,0.0,35689.62288252845,0.48431012730692774,12,15.371698347537299,31718,43864.031487471446,1,False,False,False,False,True,False,False,False,False,False,False,False,False,False,False,False,False,False,False,False,True,False
name874,55,1,0,1750.0,1949.838238722867,-199.8382387228669,0.11419327927020965,10247.310928029792,0.38370095073158206,60,5.969799523858662,41658,43748.49334256938,1,False,False,False,False,False,False,False,True,False,False,False,False,False,True,False,False,False,False,False,False,False,False
name875,45,1,1,4351.0,5200.2791559344205,-849.2791559344205,0.19519171591230072,40766.4329821438,0.23091874690661893,24,9.564631610682193,43980,48311.79514394503,1,False,False,True,False,False,False,False,False,False,False,False,True,False,False,False,False,False,False,False,False,False,False
name876,55,0,0,1808.0,1803.3161286735256,4.683871326474446,0.0,45194.36335243756,0.8938707578579342,24,24.99429174840215,0,3115.862132744237,1,False,True,False,True,False,False,False,False,False,False,False,False,False,False,False,False,False,False,False,False,False,False
name877,33,1,1,3136.0,2404.7096529995306,731.2903470004694,0.0,95314.63503318458,0.8024531582370579,24,30.160505320849524,0,9354.688414599848,1,False,False,True,False,False,False,False,False,False,False,False,False,False,False,False,False,False,False,False,True,False,False
name878,45,1,1,2616.0,2228.262276628056,387.73772337194396,0.0,11296.341220190456,0.28592632233746307,24,4.1699554651446915,37080,42095.68277975563,1,False,False,False,False,True,False,False,False,False,False,False,False,False,True,False,False,False,False,False,False,False,False
name879,43,0,0,4437.0,5446.335251019073,-1009.3352510190734,0.22748146292969876,43037.18058659294,0.20468642598304929,48,9.927093945821955,10179,20047.119312134073,1,True,False,False,False,False,False,False,False,False,False,False,True,False,False,False,False,False,False,False,False,False,False
name880,57,3,0,4500.0,5270.468975705711,-770.4689757057113,0.1712153279346025,15377.206184098053,0.7974475855531524,24,3.5883722577341697,0,9023.355388781554,1,True,False,False,False,False,True,False,False,False,False,False,False,False,False,True,False,False,False,False,False,False,False
name881,35,0,1,2347.0,2508.151790470756,-161.15179047075617,0.06866288473402478,26244.224272047697,0.26067833308988375,12,11.25069282595588,17902,21380.662816112836,0,False,False,False,False,True,False,False,False,False,False,False,False,False,True,False,False,False,False,False,False,False,False
name882,35,1,1,706.0,888.5873712662782,-182.58737126627818,0.25862233890407677,5309.423535197941,0.9522613863879732,36,7.7790522754450695,14137,14193.752974680074,0,False,True,False,True,False,False,False,False,False,False,False,False,False,False,False,False,False,False,False,False,False,False
name883,34,0,1,3478.0,2697.505158528801,780.4948414711989,0.0,76979.57545655314,0.6874203861461977,24,21.908878842749264,53114,61588.0838595001,1,True,False,False,False,False,False,False,False,False,False,False,False,False,False,False,True,False,False,False,False,False,False
name884,41,0,0,750.0,604.8800631770719,145.11993682292814,0.0,16269.877212685236,0.5081741542098024,48,21.49967636781641,6710,8259.142988267055,1,False,True,False,False,False,False,True,False,False,True,False,False,False,False,False,False,False,False,False,False,False,False
name885,60,0,1,4570.0,8030.736173885129,-3460.7361738851287,0.7572726857516693,88704.49835723298,0.8278946860988127,12,20.167447380988644,63454,68137.98861482245,1,True,False,False,False,False,False,False,False,False,False,False,False,False,False,True,False,False,False,False,False,False,False
name886,36,1,4,3515.0,3219.2466504177432,295.75334958225676,0.0,35168.94404661646,0.9071992104514294,48,9.92124913144643,45484,54173.386031208436,0,False,False,True,False,False,False,False,False,False,False,False,False,True,False,False,False,False,False,False,False,False,False
name887,38,0,0,4659.0,3538.12472732334,1120.8752726766602,0.0,141612.61717334035,0.6069257428035089,36,30.15491347942985,69408,88896.10448012018,0,True,False,False,False,False,False,False,False,False,False,False,False,False,False,False,True,False,False,False,False,False,False
name888,48,0,1,3500.0,3112.714263153592,387.2857368464079,0.0,34862.133486157385,0.862531594020757,48,9.849956499803136,75971,78087.95538728365,1,True,False,False,False,False,True,False,False,False,False,False,False,False,False,True,False,False,False,False,False,False,False
name889,34,1,1,3075.0,2661.0147405758034,413.98525942419656,0.0,8753.358244469802,0.7521920013213743,24,2.7119912146489775,78839,88875.12637028733,1,True,False,False,False,False,False,False,False,False,False,False,False,False,False,False,False,False,False,False,True,False,False
name890,31,1,0,1424.0,1696.1135273653272,-272.1135273653272,0.1910909602284601,29771.480351699032,0.9218325217935626,48,21.098029409455307,28442,26993.42586430514,1,False,False,False,False,True,False,False,False,False,False,False,False,False,False,False,False,False,False,False,False,True,False
name891,58,0,0,2188.0,1150.3966704844115,1037.6033295155885,0.0,21593.115606695545,0.6768637550927281,24,9.394658261965246,18448,23626.17294998357,1,False,True,False,True,False,False,False,False,False,True,False,False,False,False,False,False,False,False,False,False,False,False
name892,43,1,0,1547.0,1272.103947652211,274.896052347789,0.0,14008.873632872976,0.5535984626536323,24,8.877813562071873,0,2995.3940173213505,0,False,True,False,True,False,False,False,False,False,False,False,False,False,False,False,False,False,False,False,False,False,True
name893,60,1,0,8751.0,5104.243495765859,3646.756504234141,0.0,139562.28042906505,0.9912821332195334,12,15.531427713956225,74900,89821.19540369674,1,False,False,True,False,False,False,False,False,False,False,False,True,False,False,False,False,False,False,False,False,False,False
name894,38,0,1,600.0,440.0544405960442,159.94555940395583,0.0,12529.710238712225,0.7924735403514354,36,20.616274465513783,23857,26572.074255138294,1,False,True,False,False,False,False,True,False,False,False,False,False,False,False,False,False,False,False,False,False,False,False
name895,35,0,3,1088.0,747.5686002323035,340.43139976769646,0.0,10076.374890122723,0.3182140623135523,48,8.948477472752781,0,2161.5778760987973,0,False,True,False,True,False,False,False,False,False,False,False,False,False,False,False,False,False,False,False,False,False,False
name896,47,2,0,5633.0,4902.6768768320835,730.3231231679165,0.0,133849.33721156526,0.8122124560639694,36,23.631992559630277,69855,76046.27434126148,1,True,False,False,False,False,False,False,False,False,False,False,True,False,False,False,False,False,False,False,False,False,False
name897,36,0,0,2389.0,1941.9299749836437,447.07002501635634,0.0,20204.598948169372,0.7143121801794197,12,8.270208841838851,20429,21788.098948651856,0,False,False,False,False,True,False,False,False,False,False,False,False,False,True,False,False,False,False,False,False,False,False
name898,40,0,1,2503.0,2190.215052162313,312.784947837687,0.0,106651.17422225454,0.640728258509859,24,42.484374460414244,20459,28736.26760716857,0,False,False,False,False,True,False,False,False,False,False,False,False,False,True,False,False,False,False,False,False,False,False
name899,48,0,1,3871.0,2010.1557930577867,1860.8442069422133,0.0,131394.53889432427,0.5652076569517479,24,33.46259227263809,40392,44472.46457027201,0,False,False,False,False,True,False,False,False,True,False,False,False,False,False,False,False,False,False,False,False,False,False
name900,46,0,1,5172.0,6373.13535582463,-1201.13535582463,0.23223808117258896,44658.31907457204,0.28030512850609607,12,8.866870539519851,63569,59942.531099623535,0,True,False,False,False,False,False,False,False,False,False,False,True,False,False,False,False,False,False,False,False,False,False
name901,58,1,3,1703.0,2513.7887916136565,-810.7887916136565,0.4760944166844724,15354.476840546975,0.9650321317453738,36,9.492228791638656,19767,25800.520113697043,1,False,True,False,True,False,False,False,False,False,False,True,False,False,False,False,False,False,False,False,False,False,False
name902,52,0,2,10238.0,5437.59922123359,4800.40077876641,0.0,187634.92439194745,0.22836654167080397,48,17.85842191963089,14283,42498.33765781879,0,True,False,False,False,False,False,False,False,False,False,False,False,False,False,True,False,False,False,False,False,False,False
name903,32,1,0,1930.0,4435.535126381149,-2505.535126381149,1.298204728694896,22862.358349883376,0.6006792053371084,48,13.143986257131878,79473,81299.38197871856,1,False,False,True,False,False,False,False,False,False,False,False,True,False,False,False,False,False,False,False,False,False,False
name904,55,1,1,4705.0,2590.161742353445,2114.838257646555,0.0,41619.11042416231,0.8858331437426508,24,8.39623212890877,35267,45992.64419317339,0,False,False,False,False,True,False,False,False,False,False,False,False,False,False,False,False,False,False,False,False,True,False
name905,56,0,1,3586.0,3387.624296639672,198.37570336032786,0.0,14512.42090201698,0.5351712827142237,60,3.9916467369371587,10986,18483.87059838535,0,False,False,False,False,True,False,False,False,False,False,False,False,False,False,False,False,False,False,True,False,False,False
name906,33,0,0,3346.0,2922.9047054528246,423.0952945471754,0.0,50661.702272437105,0.29114612487563635,60,15.014526891180495,0,9614.95970434025,1,False,False,True,False,False,False,False,False,False,False,False,False,True,False,False,False,False,False,False,False,False,False
name907,43,0,1,1716.0,1425.0927655964404,290.90723440355964,0.0,40096.63368992551,0.5512228040398629,12,23.196810288765707,0,2959.663422797397,0,False,True,False,True,False,False,False,False,False,False,True,False,False,False,False,False,False,False,False,False,False,False
name908,40,0,0,2250.0,1483.1356968942105,766.8643031057895,0.0,122696.61709024258,0.6370302209794257,48,54.191001238727466,0,6431.872239328992,0,True,False,False,False,False,True,False,False,False,False,False,False,False,False,True,False,False,False,False,False,False,False
name909,48,1,1,6747.0,5808.10859674096,938.8914032590401,0.0,167950.12477515408,0.2577726177537685,48,24.753406457965767,0,16749.238881839337,0,True,False,False,False,False,False,False,False,False,False,False,False,True,False,False,False,False,False,False,False,False,False
name910,46,0,2,3659.0,5950.522657271381,-2291.522657271381,0.6262701987623343,27144.97915826099,0.6701800480242792,12,8.044958134881762,52783,55629.99546660086,1,True,False,False,False,False,False,False,False,False,False,False,False,False,False,True,False,False,False,False,False,False,False
name911,45,2,0,1797.0,1773.9742043996314,23.02579560036861,0.0,10481.788166384944,0.485699218845903,12,5.820123745567376,0,4249.936838172088,1,False,False,False,False,True,False,False,False,False,False,False,False,False,False,False,False,False,False,False,False,True,False
name912,33,0,1,1103.0,841.1623874334654,261.83761256653463,0.0,8915.032267401346,0.2492535049003058,60,7.845144745997109,0,2120.22039606832,0,False,True,False,True,False,False,False,False,False,False,False,False,False,False,False,False,False,True,False,False,False,False
name913,42,1,0,1650.0,960.9626444906188,689.0373555093812,0.0,5344.556413615423,0.30393691907129694,12,2.8215267018824495,0,2919.433465510581,0,False,True,False,True,False,False,False,False,False,False,True,False,False,False,False,False,False,False,False,False,False,False
name914,30,0,0,2956.0,1405.2607392301222,1550.7392607698778,0.0,62399.2987846184,0.5310967686903285,12,20.584763032425073,63459,72552.820170002,0,True,False,False,False,False,False,False,False,False,False,False,False,False,False,True,False,False,False,False,False,False,False
name915,33,1,0,3764.0,3033.503584042883,730.4964159571168,0.0,45285.860978264,0.8262678832094856,24,11.837238194024145,28265,39402.05091049367,1,False,False,True,False,False,False,False,False,False,False,False,True,False,False,False,False,False,False,False,False,False,False
name916,40,0,0,4122.0,7276.162902520519,-3154.1629025205193,0.7652020627172536,53342.338202995095,0.9306009025218438,24,13.706089545248815,20263,29385.86073403272,1,True,False,False,False,False,False,False,False,False,False,False,True,False,False,False,False,False,False,False,False,False,False
name917,43,0,2,1209.0,1861.6613845044706,-652.6613845044706,0.5398357191931105,8256.531168160283,0.5960061279799874,12,7.369059183345537,20686,25879.00426380642,0,False,True,False,True,False,False,False,False,False,False,False,False,False,False,False,False,False,False,False,False,False,False
name918,58,1,0,10251.0,8203.541998348555,2047.4580016514446,0.0,113298.64096264563,0.6294804661893869,24,10.852715145936415,44613,77018.13683669461,1,True,False,False,False,False,False,False,False,False,False,False,False,True,False,False,False,False,False,False,False,False,False
name919,47,0,0,1931.0,2140.0897690272072,-209.08976902720724,0.10828056397058894,65834.81464407172,0.39831283345585344,24,34.20191839104036,38870,45663.898623617526,0,False,False,False,False,True,False,False,False,True,False,False,False,False,False,False,False,False,False,False,False,False,False
name920,52,1,0,11257.0,7990.216685663234,3266.783314336766,0.0,139161.804585088,0.3094564805447144,12,12.072045951030578,41642,72569.54928920988,1,True,False,False,False,False,False,False,False,False,False,False,False,False,False,True,False,False,False,False,False,False,False
name921,43,0,0,6718.0,6851.386320801809,-133.38632080180923,0.019855064126497356,95035.84111246996,0.703171932282016,48,14.166303577444445,66072,84910.70722306751,0,False,False,True,False,False,False,False,False,False,False,False,False,True,False,False,False,False,False,False,False,False,False
name922,50,0,0,7245.0,4435.580019442316,2809.4199805576836,0.0,280828.1721138874,0.3691304367877753,24,38.37387883137746,42498,56220.5770604787,0,True,False,False,False,False,False,False,False,False,False,False,False,True,False,False,False,False,False,False,False,False,False
name923,38,0,1,3882.0,4398.8078635594065,-516.8078635594065,0.1331292796392083,51796.85839188866,0.7946488223440837,48,13.475957304340048,40134,43363.714282883804,1,False,False,True,False,False,False,False,False,False,False,False,False,False,False,True,False,False,False,False,False,False,False
name924,53,1,0,2204.0,2032.4835860752346,171.5164139247654,0.0,14162.32586163277,0.6931150644343139,12,6.347917172281309,25178,29724.112097340098,1,False,False,False,False,True,False,False,False,False,False,False,False,False,False,False,False,True,False,False,False,False,False
name925,55,0,0,8720.0,4659.305063614379,4060.694936385621,0.0,66727.46410745867,0.6352962135620079,48,7.18655609760012,24277,49020.251628602775,1,True,False,False,False,False,False,False,False,False,False,False,False,True,False,False,False,False,False,False,False,False,False
name926,46,0,1,900.0,951.1923601685124,-51.19236016851244,0.056880400187236044,16307.40302451398,0.5469467164318889,24,18.17621709409166,0,1194.746790478535,0,False,True,False,False,False,False,True,False,False,False,False,False,False,False,False,False,False,False,False,False,False,True
name927,42,0,1,3845.0,6568.1897770155065,-2723.1897770155065,0.7082418145684022,70246.25281543897,0.5020927228399674,12,18.977748398557733,0,5404.095390092318,1,True,False,False,False,False,False,False,False,False,False,False,False,False,False,True,False,False,False,False,False,False,False
name928,59,1,0,2355.0,1527.2021607717454,827.7978392282546,0.0,75369.22827743314,0.9328624048140322,24,31.652412075670863,24808,32093.067144537854,0,False,True,False,True,False,False,False,False,False,False,False,False,False,False,False,False,False,True,False,False,False,False
name929,52,2,1,2541.0,3463.131138970578,-922.1311389705779,0.36290088113757496,92470.13413071948,0.3023265788682108,48,36.75413824072808,13612,18479.03906635545,0,False,False,False,False,True,False,False,False,True,False,False,False,False,False,False,False,False,False,False,False,False,False
name930,40,2,0,1209.0,1164.6748363157378,44.32516368426218,0.0,7526.47108549069,0.6690839273805816,48,6.188706304223679,0,1823.2499696597047,0,False,True,False,True,False,False,False,False,False,False,False,False,False,False,False,False,False,True,False,False,False,False
name931,56,0,1,10544.0,10218.924941434978,325.0750585650221,0.0,566033.8063837524,0.2224090960666777,24,53.65219379032506,33843,65404.45083890819,0,False,False,True,False,False,False,False,False,False,False,False,False,False,False,True,False,False,False,False,False,False,False
name932,43,0,0,3000.0,2616.5770634284513,383.4229365715487,0.0,39492.33743762398,0.26875677810770826,12,13.036304833684143,12325,17741.43956569533,0,True,False,False,False,False,True,False,False,False,False,False,False,False,False,False,True,False,False,False,False,False,False
name933,43,1,0,5204.0,7584.342146190034,-2380.3421461900343,0.4574062540718744,182871.54139074366,0.4597756800002893,48,35.597979157750515,32411,49250.705155130534,1,True,False,False,False,False,False,False,False,False,False,False,False,False,False,True,False,False,False,False,False,False,False
name934,57,1,0,1100.0,842.0407145588564,257.9592854411436,0.0,2966.429072628906,0.855446693517455,12,2.4622452610797843,0,1829.4055824437296,0,False,True,False,False,False,False,True,False,False,False,False,False,False,False,False,False,False,False,False,False,False,False
name935,57,0,0,2828.0,1753.9610514224628,1074.0389485775372,0.0,93034.78341619637,0.9873731375463074,24,32.51794358826692,0,4878.95542340161,0,False,True,False,True,False,False,False,False,False,False,False,False,False,False,False,False,False,False,False,False,False,True
name936,44,1,0,3021.0,1985.238988652519,1035.761011347481,0.0,26693.796845664365,0.7399560452995007,12,8.493226029234322,40742,48872.59061932714,1,False,False,False,False,True,False,False,False,True,False,False,False,False,False,False,False,False,False,False,False,False,False
name937,54,1,1,2401.0,1734.7732139312582,666.2267860687418,0.0,110046.75194603344,0.25359522710564875,60,45.556237051213955,0,4008.3480348959247,0,False,True,False,True,False,False,False,False,False,False,False,False,False,False,False,False,False,False,False,False,False,False
name938,32,2,0,2555.0,2070.0858875379654,484.9141124620346,0.0,93410.9943031118,0.2597975612391677,48,36.37028578890402,10753,17882.784231201822,1,True,False,False,False,False,False,False,False,False,False,False,False,False,False,False,False,False,False,False,True,False,False
name939,50,1,0,7526.0,9136.682536415135,-1610.6825364151355,0.21401575025446923,312389.86155837623,0.7537929913044074,36,41.72210259032572,28471,45604.34442116,1,True,False,False,False,False,False,False,False,False,False,False,False,True,False,False,False,False,False,False,False,False,False
name940,38,0,0,2039.0,1493.0215738613394,545.9784261386606,0.0,93916.43183944061,0.9258172920732909,60,45.79227729931434,0,5457.857502255328,0,False,False,False,False,True,False,False,False,False,False,False,False,False,False,False,False,True,False,False,False,False,False
name941,32,0,1,1500.0,1924.0042244733893,-424.0042244733893,0.2826694829822595,24690.825925644116,0.332569519900181,48,16.743220100078336,0,3219.4754932361657,0,True,False,False,False,False,True,False,False,False,False,False,False,True,False,False,False,False,False,False,False,False,False
name942,47,1,0,5996.0,3339.450012711139,2656.549987288861,0.0,209452.0346309377,0.2958609209457813,36,34.48890671174931,58704,62439.83661944255,1,True,False,False,False,False,False,False,False,False,False,False,True,False,False,False,False,False,False,False,False,False,False
name943,36,1,4,4903.0,4963.512580247176,-60.51258024717572,0.012341949877049911,67169.95868341281,0.23776573717425079,24,13.712109170642462,78302,96084.93383547977,0,True,False,False,False,False,False,False,False,False,False,False,False,False,False,True,False,False,False,False,False,False,False
name944,38,1,1,3182.0,2730.6189195332263,451.3810804667737,0.0,65708.4803777141,0.5450239783064519,48,20.508202167582443,17959,25767.9609892363,0,False,False,False,False,True,False,False,False,False,False,False,False,False,False,False,False,False,False,False,False,True,False
name945,35,1,0,2041.0,2531.6259044354592,-490.62590443545923,0.2403850585181084,45050.40272631854,0.3129145786216018,12,22.31309585044292,30423,34361.18062716757,0,False,False,False,False,True,False,False,False,False,False,False,False,False,False,False,False,False,False,False,False,True,False
name946,37,0,0,2888.0,1207.7445588467717,1680.2554411532283,0.0,78616.1045175091,0.4814070467628557,48,26.639836937796353,32305,47533.77721643835,0,False,False,False,False,True,False,False,False,False,False,False,False,False,True,False,False,False,False,False,False,False,False
name947,31,0,1,2639.0,2630.835214733021,8.164785266978924,0.0,44309.85216447394,0.4323997955816774,24,16.78730101523568,39302,40931.067703991175,0,True,False,False,False,False,False,False,False,False,False,False,True,False,False,False,False,False,False,False,False,False,False
name948,46,0,0,5991.0,5391.083874869242,599.9161251307578,0.0,87927.61232217283,0.8487064375521811,24,14.576480753971303,55860,80154.91972878248,0,True,False,False,False,False,False,False,False,False,False,False,False,False,False,False,True,False,False,False,False,False,False
name949,36,1,0,881.0,794.9647445115237,86.03525548847631,0.0,8967.806761067795,0.8303859536132309,48,10.081465954119546,0,1259.2206527885305,0,False,True,False,True,False,False,False,False,False,True,False,False,False,False,False,False,False,False,False,False,False,False
name950,54,0,1,2509.0,2803.23362704841,-294.2336270484102,0.11727127423212842,43503.88819401191,0.7580693906384945,36,17.456405668019258,19272,22871.62801643639,1,False,False,False,False,True,False,False,False,False,False,False,False,False,True,False,False,False,False,False,False,False,False
name951,52,2,0,4445.0,4102.024919216495,342.9750807835053,0.0,85192.25083453227,0.414187385595067,24,19.08870095697385,0,10056.119931864989,0,False,False,False,False,True,False,False,False,True,False,False,False,False,False,False,False,False,False,False,False,False,False
name952,51,1,0,2069.0,1669.2103348277947,399.78966517220533,0.0,22470.059643606022,0.230507202209255,36,10.667119370920163,19412,25420.304282171677,0,False,True,False,True,False,False,False,False,False,False,True,False,False,False,False,False,False,False,False,False,False,False
name953,55,1,1,9805.0,12354.293235696712,-2549.293235696712,0.25999931011695177,189901.56745028115,0.7595603905190871,48,19.627828728809572,0,24049.80064783176,1,True,False,False,False,False,False,False,False,False,False,False,False,False,False,False,True,False,False,False,False,False,False
name954,49,0,1,1388.0,1601.1588920740564,-213.15889207405644,0.1535726888141617,27928.397983346527,0.3410243174650167,48,20.274896884308777,24393,25326.22838094445,0,False,True,False,True,False,False,False,False,False,False,False,False,False,False,False,False,False,True,False,False,False,False
name955,59,1,3,3704.0,3360.747525041574,343.25247495842586,0.0,72738.79373799186,0.922883319669996,24,19.545232522417233,18050,24251.750960559406,0,False,False,False,False,True,False,False,False,False,False,False,False,False,False,False,False,False,False,False,False,True,False
name956,50,0,0,9012.0,7189.5027090440935,1822.4972909559065,0.0,153300.15244244426,0.9806441286341949,48,16.80843931996098,64091,90165.2706792769,1,True,False,False,False,False,False,False,False,False,False,False,False,True,False,False,False,False,False,False,False,False,False
name957,45,0,1,4253.0,5237.183569494862,-984.1835694948622,0.23140925687629021,104817.13014154854,0.7455690687290447,12,24.876866614400047,57453,53013.38592127828,1,True,False,False,False,False,False,False,False,False,False,False,False,False,False,False,False,False,False,False,True,False,False
name958,56,0,1,1568.0,2440.936316158038,-872.9363161580382,0.5567195893865039,14884.885850929037,0.2608724393019295,36,10.049631484111655,0,1614.6113409760414,1,False,True,False,True,False,False,False,False,False,False,False,False,False,False,False,False,False,False,False,False,False,True
name959,58,0,0,13421.0,11505.786756806701,1915.2132431932987,0.0,245215.65083107838,0.9673800981720262,12,18.128338990230613,62622,103741.23987515055,0,True,False,False,False,False,False,False,False,False,False,False,False,False,False,False,True,False,False,False,False,False,False
name960,41,0,0,7097.0,5184.802977552689,1912.1970224473107,0.0,88078.97172714512,0.3755874113572843,12,12.141295576257265,27778,52501.62978484,0,True,False,False,False,False,False,False,False,False,False,False,False,False,False,False,True,False,False,False,False,False,False
name961,55,0,0,9058.0,6261.141659164008,2796.858340835992,0.0,129217.61002486166,0.846950526580809,24,13.956806324136195,61012,91154.34890964473,0,True,False,False,False,False,False,False,False,False,False,False,False,False,False,False,True,False,False,False,False,False,False
name962,42,1,1,1688.0,1308.1660541370316,379.83394586296845,0.0,15429.502595432581,0.6834267657959971,36,8.91568047960285,7267,8324.816211229983,1,False,True,False,True,False,False,False,False,False,False,True,False,False,False,False,False,False,False,False,False,False,False
name963,47,0,1,5450.0,6328.778741020593,-878.7787410205929,0.1612438056918519,58802.10919019238,0.2360063566829541,36,10.950621638754674,25601,35934.12298479941,0,True,False,False,False,False,False,False,False,False,False,False,False,True,False,False,False,False,False,False,False,False,False
name964,35,2,1,500.0,474.7797640080165,25.220235991983486,0.0,3471.277765513109,0.4226885371019832,24,6.8921150590422515,0,919.9572969944456,1,False,True,False,False,False,False,True,False,False,False,False,False,False,False,False,False,False,False,False,False,False,False
name965,42,2,4,6012.0,6347.817409199593,-335.8174091995934,0.055857852494942344,44631.65267669201,0.4995587490743035,12,7.479619109429741,13361,26435.814869884867,1,True,False,False,False,False,False,False,False,False,False,False,False,False,False,True,False,False,False,False,False,False,False
name966,42,0,1,6751.0,8291.218456570774,-1540.218456570774,0.22814671257158553,74299.48544886446,0.8433422663783917,36,11.233847416002849,71030,96302.35398877377,0,True,False,False,False,False,False,False,False,False,False,False,False,False,False,False,False,False,False,False,True,False,False
name967,34,2,2,1672.0,1660.1434656670804,11.856534332919637,0.0,11745.819021063637,0.8431303502444514,36,7.017920147566219,29878,32017.300241719375,0,False,False,False,False,True,False,False,False,False,False,False,False,False,False,False,False,False,False,False,False,True,False
name968,36,0,0,4556.0,2946.746792452345,1609.2532075476552,0.0,136981.40001746966,0.2706896962108619,36,29.712938281370064,0,12452.204820942741,1,False,False,True,False,False,False,False,False,False,False,False,False,False,False,True,False,False,False,False,False,False,False
name969,58,0,1,2130.0,2335.565831577563,-205.56583157756313,0.09650978008336297,7910.706540715139,0.8673895890950506,12,3.810456512813475,0,3043.2511348412954,0,False,True,False,True,False,False,False,False,False,False,False,False,False,False,False,False,False,False,False,False,False,True
name970,36,2,0,1930.0,1667.4819457864508,262.51805421354925,0.0,11158.813540264042,0.23149077129587142,36,5.645748956502846,0,3740.5068396527795,0,False,False,False,False,True,False,False,False,False,False,False,False,False,False,False,False,False,False,True,False,False,False
name971,32,0,1,2037.0,2515.61546792707,-478.61546792706986,0.2349609562724938,78070.47178459902,0.8698904039492934,48,38.561162126915114,22698,25966.86962709812,0,False,False,False,False,True,False,False,False,False,False,False,False,False,False,False,False,False,False,True,False,False,False
name972,40,0,1,600.0,806.9284659846182,-206.92846598461824,0.3448807766410304,10125.40967226798,0.3245253528569297,36,17.220563563754332,10107,9715.824348911327,1,False,True,False,False,False,False,True,False,False,False,False,False,False,False,False,False,False,False,False,False,False,False
name973,39,1,3,4711.0,4884.889558135584,-173.88955813558368,0.03691138996722218,38972.39144447711,0.9498242915104427,24,8.30954807951872,41831,52286.66857115192,1,True,False,False,False,False,False,False,False,False,False,False,False,False,False,False,True,False,False,False,False,False,False
name974,38,0,0,2825.0,1688.408776091095,1136.591223908905,0.0,36549.53784725599,0.7169020898269397,48,12.535556326848525,37302,35830.10995988428,0,False,False,False,False,True,False,False,False,False,False,False,False,False,False,False,False,False,False,True,False,False,False
name975,31,1,1,2137.0,1830.9271310891495,306.0728689108505,0.0,27119.330177486503,0.2548503013582968,60,12.547148951135073,12854,15110.684081977544,1,False,False,False,False,True,False,False,False,False,False,False,False,False,False,False,False,False,False,False,False,True,False
name976,58,0,0,4500.0,3478.0147844706007,1021.9852155293993,0.0,195434.80749098782,0.9816041764594754,60,43.20284939454632,59172,54178.10392027796,0,True,False,False,False,False,True,False,False,False,False,False,False,False,False,False,True,False,False,False,False,False,False
name977,38,0,1,4663.0,3694.570560804928,968.4294391950721,0.0,222064.78102982382,0.393924826752069,36,47.41504430423091,79640,91207.12116327418,1,True,False,False,False,False,False,False,False,False,False,False,False,True,False,False,False,False,False,False,False,False,False
name978,51,0,0,1677.0,1123.143147352948,553.8568526470519,0.0,12038.864913749883,0.45825580650461234,36,6.848543864700556,10502,14464.35357308293,0,False,True,False,True,False,False,False,False,False,False,False,False,False,False,False,False,False,False,False,False,False,True
name979,32,0,0,863.0,1380.6151017689194,-517.6151017689194,0.5997857494425486,5142.497060233397,0.3344539572629766,36,6.558646769411723,5977,8026.116282194722,0,False,True,False,True,False,False,False,False,False,False,True,False,False,False,False,False,False,False,False,False,False,False
name980,53,1,1,7877.0,5231.143933747659,2645.8560662523414,0.0,154617.10368254213,0.6166891088055726,24,19.293036386478327,27490,37190.82546527695,1,True,False,False,False,False,False,False,False,False,False,False,True,False,False,False,False,False,False,False,False,False,False
name981,31,3,0,3076.0,4037.8196269781183,-961.8196269781183,0.31268518432318543,125928.86815324357,0.39990535136498223,24,41.25184908329704,19456,25006.52971426686,1,True,False,False,False,False,False,False,False,False,False,False,False,False,False,False,False,False,False,False,True,False,False
name982,55,0,1,3915.0,5324.912160826552,-1409.9121608265523,0.3601308201344961,100835.33854046845,0.5117079844630907,24,26.116283704034483,34554,32299.53399365056,0,False,False,False,False,True,False,False,False,False,False,False,False,False,True,False,False,False,False,False,False,False,False
name983,50,0,0,2674.0,3679.3720070022227,-1005.3720070022227,0.37598055609656794,89095.13168528744,0.3949766110389632,24,33.69502755882186,14389,18305.148431490383,0,False,False,False,False,True,False,False,False,False,False,False,False,False,False,False,False,True,False,False,False,False,False
name984,37,0,0,4963.0,5943.023636322522,-980.0236363225222,0.19746597548307923,25371.51273199075,0.7164469116854784,36,5.309598301090726,0,8789.260198723376,0,False,False,True,False,False,False,False,False,False,False,False,False,False,False,True,False,False,False,False,False,False,False
name985,51,1,0,2918.0,3534.0352040610333,-616.0352040610333,0.2111155599935001,30111.520982698516,0.6473733321538173,12,10.530348247690045,14673,21002.864658976487,0,False,False,False,False,True,False,False,False,False,False,False,False,False,False,False,False,True,False,False,False,False,False
name986,56,2,0,4500.0,8060.501008051736,-3560.501008051736,0.7912224462337191,161472.00577766882,0.4855672969904753,24,36.67389039682679,47380,58154.70635426981,1,True,False,False,False,False,False,False,False,False,False,False,True,False,False,False,False,False,False,False,False,False,False
name987,33,0,0,500.0,381.30329070505417,118.69670929494583,0.0,6008.082676619787,0.29502611166916703,12,11.778771934649681,18738,19570.473989426107,1,False,True,False,False,False,False,True,False,False,False,False,False,False,False,False,False,False,False,False,False,False,False
name988,39,1,0,2507.0,2214.9279072314844,292.07209276851563,0.0,28688.609153011592,0.39991412565226675,12,11.326899505481881,48178,57456.8411954914,1,False,False,False,False,True,False,False,False,False,False,False,False,False,False,False,False,False,False,True,False,False,False
name989,49,0,0,900.0,1132.4496105288233,-232.4496105288233,0.25827734503202593,18776.340953369585,0.5622631181370554,24,21.120878404331563,0,1252.2717060038487,0,False,True,False,False,False,False,True,False,False,False,False,False,False,False,False,False,False,False,False,False,False,True
name990,52,1,0,1750.0,2952.9393258544033,-1202.9393258544033,0.6873939004882305,77047.5329348038,0.9667607919488407,60,44.71455557751897,0,2442.9083321994085,1,False,False,False,False,True,False,False,False,False,False,False,False,False,True,False,False,False,False,False,False,False,False
name991,46,0,1,2103.0,1492.5348889697734,610.4651110302266,0.0,74043.54583822428,0.5819479793545417,36,34.91825046466669,15769,21434.654760203197,0,False,True,False,True,False,False,False,False,False,False,False,False,False,False,False,False,False,False,False,False,False,True
name992,39,0,1,5340.0,3337.174068136079,2002.8259318639211,0.0,68525.38610300561,0.8769590664452156,48,12.457408271749381,0,13498.52802468963,0,True,False,False,False,False,False,False,False,False,False,False,True,False,False,False,False,False,False,False,False,False,False
name993,49,0,0,900.0,978.5310390212962,-78.53103902129624,0.08725671002366249,12677.40553722351,0.2147721610404618,12,14.17326286249423,8513,10023.747510411766,1,False,True,False,False,False,False,True,False,False,False,False,False,False,False,False,False,False,False,False,False,False,False
name994,35,0,1,2619.0,1910.5681705482232,708.4318294517768,0.0,90638.20236569815,0.3888323733758613,24,34.337445794672156,77837,80322.24176521662,0,True,False,False,False,False,False,False,False,False,False,False,False,False,False,False,False,False,False,False,True,False,False
name995,31,0,2,2820.0,3236.6611020341925,-416.6611020341925,0.14775216384191223,31312.39120429798,0.20083689770074334,48,11.251436988061053,42262,47520.091676529155,0,True,False,False,False,False,False,False,False,False,False,False,False,True,False,False,False,False,False,False,False,False,False
name996,34,0,0,3291.0,2684.382659831779,606.6173401682208,0.0,96751.80962609907,0.6853867738486988,12,29.214582888462733,40792,51338.077663850694,1,True,False,False,False,False,False,False,False,False,False,False,False,False,False,True,False,False,False,False,False,False,False
name997,53,0,0,1555.0,2660.787795776252,-1105.787795776252,0.7111175535538599,20499.316239131593,0.7998019065551056,24,13.893957578718872,11777,14088.68161800251,1,False,True,False,True,False,False,False,False,False,False,False,False,False,False,False,False,False,False,False,False,False,False
name998,43,1,0,5073.0,6621.762974442356,-1548.7629744423557,0.3052952837457827,163915.92021551114,0.4409692171285713,24,32.616732345742854,50319,71324.81992480703,1,True,False,False,False,False,False,False,False,False,False,False,True,False,False,False,False,False,False,False,False,False,False
name999,38,0,0,1158.0,740.8773206687159,417.1226793312841,0.0,20892.391464938126,0.784770100012314,60,17.681579262182073,0,2443.9847883531365,0,False,True,False,True,False,False,False,False,False,False,False,False,False,False,False,False,False,False,False,False,False,True
