name,age,educational level,number of not paid past credits,dependents,profession,working sector,monthly income,monthly expenditure,savings (debt),debt-to-income ratio before credit,credit: monthly amount,credit-to-income ratio,type of credit,requested_loan_duration,debt-to-income ratio after credit,collateral,collateral type,estimated seizable assets,y-categorical-default,PD_LR,PD_NN,PD_RF,group_key,LGD,EAD,EL_LR,EL_NN,EL_RF,IRB_Capital_LR,IRB_Capital_NN,IRB_Capital_RF
name0,37,ausbildung,1,1,MediumSkilled,Nursing,1460,957.2145027557568,502.7854972442431,0.0,409.1740381284738,0.4966696839426058,mortgages,48,0.0,37063,car,37882.57745476833,0,0.23014500005607486,0.2680677,0.07,Nursing_mortgages,0.0,19640.353830166743,0.0,0.0,0.0,0.0,0.0,0.0
name1,56,high school or lower,1,0,LowSkilled,Transportation,4808,2196.423276888674,2611.576723111326,0.0,1198.6267209712423,0.7798215162611426,simple loans,36,0.0,0,none,10366.946053879225,1,0.41961214107186856,0.43579775,0.65,Transportation_simple loans,1.0,43150.56195496472,17950.633773265323,18899.94613627455,29256.081005466083,18981.610670957096,18703.613334215563,13244.105279685462
name2,60,bachelor degree,0,0,HighSkilled,Engineering,19734,12185.956442961333,7548.043557038669,0.0,6768.719574496506,0.2742958915466835,mortgages,60,0.0,35238,car,88315.95539074397,1,0.06335737113953684,0.08016086,0.59,Engineering_mortgages,0.9257899399849897,406123.17446979036,21807.115460496243,29702.795196193154,222958.9563461081,111554.22162255416,124432.76545728417,131151.96405393005
name3,39,bachelor degree,0,0,HighSkilled,Engineering,2585,2008.243347191299,576.7566528087009,0.0,2231.517916179268,0.2534096248373911,simple loans,48,0.6401397537216894,70220,house,77153.5741107872,0,0.052866995514479716,0.051600758,0.12,Engineering_simple loans,0.5435805211210203,107112.85997660487,3260.5699977113622,3318.794461956208,6288.242138443341,15788.4875634108,15593.80570169277,22675.871951358688
name4,35,high school or lower,0,0,LowSkilled,Agriculture,1061,1045.5074789910373,15.49252100896274,0.0,265.2017806108511,0.7909362301806849,auto loans,48,0.2353527423203471,0,none,1391.4075801062604,0,0.3460565093013683,0.32797918,0.24,Agriculture_auto loans,1.0,12729.685469320852,4200.796204875881,4226.255575814523,2915.0979724744752,5873.773227753611,5912.541461446462,5889.508006476118
name5,63,high school or lower,0,0,LowSkilled,Construction,4961,5816.583468988829,-855.5834689888288,0.1724618965911769,2863.3096278203016,0.2713751520053618,auto loans,12,0.7496256998204254,0,none,6943.667129096169,0,0.3743607487436759,0.24172564,0.17,Construction_auto loans,1.0,34359.71553384362,13434.648773732855,7834.015141716346,5909.871071821102,15625.588878320214,15908.934939916851,14905.56676166372
name6,48,post graduate degree,1,1,HighSkilled,Engineering,11594,9754.6749778776,1839.3250221223989,0.0,5552.4067493222365,0.8118966664386524,mortgages,24,0.3202589035017972,60226,house,95940.2313119489,1,0.25598757403031863,0.19972456,0.62,Engineering_mortgages,0.6858253817478464,133257.76198373368,23761.80442567303,19649.184428921926,56662.76439968184,42530.910051439125,41114.22179079412,30012.63453365816
name7,46,ausbildung,0,1,MediumSkilled,Nursing,4439,4526.797250038501,-87.79725003850126,0.0197786100559813,4393.290044806207,0.4850581482721913,mortgages,36,1.009481255878511,35464,car,35197.82686815577,1,0.20735890506530902,0.19366772,0.78,Nursing_mortgages,0.8087248678758011,158158.44161302346,30441.78622167053,26220.866283371677,100918.35852478172,57944.10161444825,57187.426605766224,26048.040288017666
name8,33,high school or lower,0,0,LowSkilled,Cleaning Services,1000,1343.0005124708457,-343.0005124708455,0.3430005124708454,852.1544527936646,0.8583662677857264,simple loans,12,1.19515496526451,22558,car,25052.92676202708,0,0.8686597959472699,0.84522074,0.82,Cleaning Services_simple loans,0.0,10225.853433523975,0.0,0.0,0.0,0.0,0.0,0.0
name9,47,ausbildung,0,0,MediumSkilled,Electrician,5211,5712.812303994367,-501.8123039943666,0.0962986574543017,3856.3176097089463,0.7155455026777022,simple loans,60,0.8363327410676095,37381,car,53932.70019975465,1,0.5610253226751375,0.58336735,0.42,Electrician_simple loans,0.8622466008148031,231379.05658253678,112720.779846486,114715.83789686629,84191.44972604795,73313.7751841113,70463.28309117317,87731.61911032806
name10,60,bachelor degree,0,1,HighSkilled,Consultant,19707,20533.30993264222,-826.3099326422198,0.0419297677293459,16184.119107698252,0.6306508653619685,simple loans,24,0.8631668463155464,51088,house,91053.5815027764,0,0.21381509427503237,0.47794732,0.22,Consultant_simple loans,0.9085235830245769,388418.85858475807,75517.96632676854,158799.4619020834,82222.83249596762,160705.8546123375,146175.27468732747,161430.5187267259
name11,39,bachelor degree,1,0,HighSkilled,Doctor,2592,3274.395614941156,-682.395614941156,0.2632699131717423,1619.547935310138,0.3172745036402536,mortgages,48,0.8880955054981845,43496,car,54919.18854000564,0,0.24544382307473922,0.20473751,0.22,Doctor_mortgages,0.5223723021027505,77738.30089488662,9583.567107204304,8324.708716003737,8040.450369603611,18830.88579383953,18354.090348030608,18576.518093017323
name12,48,ausbildung,0,0,MediumSkilled,Teacher,5912,2518.446871595126,3393.553128404874,0.0,3111.564918001264,0.5829872842043915,mortgages,12,0.0,16684,liquid assets,31416.80835680165,0,0.08938308526611416,0.099840485,0.09,Teacher_mortgages,0.5746642473183898,37338.77901601516,1952.61078185137,2124.2688725635785,1759.4954298001355,7444.985076199257,7792.506856379175,7466.671155817512
name13,49,bachelor degree,3,0,HighSkilled,Consultant,13187,8288.49595757841,4898.5040424215895,0.0,12870.70543275418,0.3570127674131236,simple loans,48,0.6045500409746409,58809,house,96177.89989848374,1,0.529573033291874,0.5300817,0.36,Consultant_simple loans,0.9337323560042861,617793.8607722006,299964.1409147816,294772.4538604873,199014.6704146147,222909.85439685037,222739.70591199255,264440.5255216217
name14,48,ausbildung,1,1,MediumSkilled,Nursing,6005,6217.150456905576,-212.150456905576,0.0353289686770318,5080.663503710143,0.2027576937812975,auto loans,24,0.8814011591366726,19117,liquid assets,29992.14454691875,0,0.2521137459769056,0.17550525,0.17,Nursing_auto loans,0.8506129925034275,121935.92408904343,27278.433977442677,22196.14019457313,16906.405849137478,48211.69722360178,45354.45007751334,44994.83052123303
name15,51,ausbildung,0,1,MediumSkilled,Teacher,7971,5317.994870477151,2653.0051295228486,0.0,5601.651839327086,0.994582692765823,auto loans,12,0.3699218052696321,49943,car,67127.1858183852,0,0.2923676523346313,0.2870018,0.14,Teacher_auto loans,0.3661523179617424,67219.82207192504,6940.779613420372,7334.582712054152,3593.453275033242,11502.900731056283,11503.945891337155,10098.267225943782
name16,32,ausbildung,0,4,MediumSkilled,Electrician,1218,1365.8860167936818,-147.88601679368185,0.121417090963614,424.06959913632176,0.5805817521242919,auto loans,24,0.4695858915681475,0,none,2571.3836756024,0,0.5382134764537503,0.4429359,0.23,Electrician_auto loans,1.0,10177.670379271722,5689.317742012893,4294.976900052667,2391.7525391288546,3881.362239027378,4380.838382006823,4685.012871780702
name17,59,post graduate degree,0,1,HighSkilled,Engineering,19728,10346.295393393097,9381.704606606903,0.0,4915.576049394225,0.8889785302719562,auto loans,36,0.0,47994,car,95239.44562489378,0,0.25906519120243626,0.25099546,0.15,Engineering_auto loans,0.7684933062022761,176960.7377781921,35222.22389277763,32230.37475902817,20806.950793803,63339.531052185725,63189.71207636804,56989.600270055096
name18,58,bachelor degree,0,0,HighSkilled,Consultant,19436,15027.615708664496,4408.384291335504,0.0,8192.468246308748,0.2935214508565956,auto loans,60,0.1946945850469872,74065,house,117148.68639418064,0,0.14947765844157337,0.15636991,0.04,Consultant_auto loans,0.895076786173635,491548.0947785249,66435.96662754445,71275.67280570992,19358.824712661954,184185.35768427892,186612.62787597047,102958.34312967902
name19,55,high school or lower,0,0,Unemployed_LowSkilled,Agriculture,2343,1886.741616034116,456.2583839658839,0.0,1056.8042452134937,0.7254338833805434,simple loans,36,0.2563149215738837,0,none,3711.753183258958,0,0.27237616931558295,0.2046255,0.59,Agriculture_simple loans,1.0,38044.952827685775,10462.362027613588,7532.900659881784,22674.79188530072,17764.80110635312,17193.769905738773,13270.93796950258
name20,43,high school or lower,1,1,Unemployed_LowSkilled,Transportation,844,809.0143166745414,34.98568332545858,0.0,799.2271661897839,0.5845369476412416,mortgages,12,0.9054993872800065,5516,liquid assets,7780.52312084139,1,0.6231024833807902,0.68709093,0.74,Transportation_mortgages,0.4590769835330744,9590.725994277407,2800.2326717434953,3015.9738681514064,3288.952524830803,1436.3204772443466,1228.6833023702704,1043.6195983543082
name21,38,ausbildung,0,0,MediumSkilled,Teacher,1603,1511.4188786157254,91.58112138427464,0.0,528.8497171758239,0.4924278333625593,mortgages,60,0.2727814072311598,47095,car,54881.28266414398,0,0.1509053985023247,0.22545648,0.2,Teacher_mortgages,0.0,31730.983030549436,0.0,0.0,0.0,0.0,0.0,0.0
name22,37,ausbildung,0,1,MediumSkilled,IT Support,1393,1990.856055197072,-597.8560551970716,0.4291859692728439,740.7271948131998,0.8892136087788667,mortgages,48,0.96093557071807,0,none,1787.5227108341533,0,0.7769140175804176,0.5437954,0.37,IT Support_mortgages,1.0,35554.905351033594,27021.72806678553,18595.21549859057,11910.893292596254,7333.9133200934375,13440.881378060656,16210.626052270743
name23,49,high school or lower,0,1,LowSkilled,Agriculture,3511,3681.122459235053,-170.12245923505316,0.0484541325078476,852.5782719775793,0.2236623283044901,auto loans,36,0.2912847425840594,22670,car,26727.474189029734,1,0.18774228988411285,0.10870601,0.29,Agriculture_auto loans,0.37005869432542415,30692.817791192858,2010.391501624925,1238.0377043904905,3373.3687908621623,5044.798272042848,4264.552194814668,5308.66757839738
name24,59,high school or lower,1,1,LowSkilled,Agriculture,4950,4344.998974130022,605.0010258699776,0.0,4767.145966305026,0.3842848333278225,auto loans,36,0.8408373617040502,0,none,8962.992193779266,0,0.3237096844276091,0.30031338,0.17,Agriculture_auto loans,1.0,171617.25478698095,57320.16309885164,54402.66976747296,28145.229785064876,79808.93012873188,80161.7588942812,74449.17424188706
name25,65,ausbildung,1,0,MediumSkilled,Teacher,9890,6218.494152683301,3671.505847316699,0.0,2043.295049243146,0.8630453217711287,auto loans,36,0.0,0,none,21740.84407374407,1,0.4057868949696769,0.5194132,0.65,Teacher_auto loans,1.0,73558.62177275325,30894.621144556364,38029.80745651343,48475.13174824439,32729.58634424433,28852.08531517684,22577.18293457399
name26,52,post graduate degree,0,0,HighSkilled,Consultant,16643,10053.23362083904,6589.766379160961,0.0,7686.838463435979,0.4628071729357176,mortgages,24,0.0659179285149923,67981,house,112442.37500714311,0,0.11431673725890966,0.1324035,0.07,Consultant_mortgages,0.7434332859715829,184484.1231224635,17692.561284264968,18926.92602502764,8229.098271751145,52479.015953022106,55261.19948540369,42669.45166990747
name27,65,ausbildung,0,0,MediumSkilled,Electrician,9998,8783.959749041656,1214.0402509583437,0.0,7723.955102677988,0.7723658291586151,auto loans,60,0.6511217095138673,14618,liquid assets,39112.74925418645,1,0.40918248891099457,0.48640174,0.43,Electrician_auto loans,0.969998500706479,463437.3061606793,195547.06908407915,211280.74130923493,210381.67432494037,199477.8906874815,184297.96632791348,195916.21050072106
name28,32,high school or lower,0,4,LowSkilled,Manufacturing,1014,845.584164567243,168.41583543275704,0.0,608.7798299345959,0.4966096602130763,simple loans,24,0.4342840182463894,0,none,1720.4295163526176,0,0.3937880497040754,0.27438274,0.15,Manufacturing_simple loans,1.0,14610.715918430302,5888.118515127412,3857.2290024656,2162.385955927685,6559.8764329582955,6824.024506333492,6122.800347809543
name29,45,bachelor degree,1,1,HighSkilled,Finance,7093,4667.762605086218,2425.237394913782,0.0,4280.649086131877,0.2788212175405868,mortgages,12,0.2615834895274348,79269,house,91853.4817006888,0,0.1266740691534311,0.12128736,0.09,Finance_mortgages,0.0,51367.78903358252,0.0,0.0,0.0,0.0,0.0,0.0
name30,49,post graduate degree,1,1,Unemployed_HighSkilled,Doctor,6502,3894.044864418559,2607.955135581441,0.0,5608.8651796831255,0.7203179271628637,auto loans,24,0.461536457105765,17078,liquid assets,36320.47867803478,1,0.4301741263473953,0.5462062,0.68,Doctor_auto loans,0.8792616425318304,134612.764312395,52670.12891350463,65808.07118181704,81549.92993574087,51575.41523423666,44571.96023254561,33673.10012808185
name31,37,ausbildung,0,0,MediumSkilled,Artist,1398,1320.9699988023997,77.03000119760031,0.0,571.2052973747508,0.8899402731217301,simple loans,48,0.3534873363212807,47676,car,54957.224200913006,0,0.4983715229316683,0.64718294,0.34,Artist_simple loans,0.0,27417.854273988036,0.0,0.0,0.0,0.0,0.0,0.0
name32,51,bachelor degree,0,1,HighSkilled,Consultant,15670,11985.372828995887,3684.627171004113,0.0,11498.421920292629,0.4012758393337476,auto loans,12,0.4986467612819728,30878,car,64500.44260504205,0,0.12965066139173856,0.16769344,0.18,Consultant_auto loans,0.808643786662194,137981.06304351153,13389.30351686161,20530.265392521138,19079.757511527798,44641.21853124447,48233.22683975693,49086.61855881878
name33,55,post graduate degree,0,4,HighSkilled,Consultant,18631,21439.824259874105,-2808.8242598741053,0.1507607890008107,3751.755865742653,0.9622737812092842,mortgages,60,0.3521324741354065,38150,car,75654.5033024268,0,0.6985456843532695,0.6093895,0.22,Consultant_mortgages,0.8555761447902025,225105.35194455917,135201.52797023408,117290.2144357159,40830.091067933936,52035.67601026434,64662.56994303922,88103.59244785296
name34,31,ausbildung,1,0,MediumSkilled,IT Support,1200,756.7559375140341,443.24406248596586,0.0,280.4688575781291,0.5954436475094371,simple loans,24,0.0,38074,car,42165.33935282978,0,0.3570054451907567,0.45658726,0.17,IT Support_simple loans,0.0,6731.252581875098,0.0,0.0,0.0,0.0,0.0,0.0
name35,46,high school or lower,2,0,LowSkilled,Construction,2472,2716.825959915025,-244.82595991502512,0.0990396277973402,1512.9647146880034,0.8527016166092511,simple loans,12,0.7110803699850439,8757,liquid assets,12820.381949811755,1,0.8954942171412619,0.80886906,0.87,Construction_simple loans,0.5441805832985471,18155.57657625604,9119.15900803154,8121.287870641307,8496.724536194068,993.9976022203574,1766.2750112049607,1226.3993379629042
name36,48,post graduate degree,0,0,HighSkilled,Engineering,11552,6510.444828988354,5041.555171011646,0.0,4933.887095043271,0.5524931270011241,mortgages,12,0.0,74837,house,98605.15307234286,0,0.04875633200043709,0.08099895,0.12,Engineering_mortgages,0.12020497680687131,59206.64514051925,419.89907094979776,597.8224060980172,854.0320087114532,1850.980397782151,2366.243708167339,2771.7330282429216
name37,31,bachelor degree,1,4,Unemployed_HighSkilled,Doctor,800,690.6498542635719,109.35014573642808,0.0,224.1280608478565,0.4756556785824087,simple loans,48,0.1434723938892854,74880,house,65200.90309213457,1,0.3772547912342111,0.57491124,0.64,Doctor_simple loans,0.0,10758.146920697112,0.0,0.0,0.0,0.0,0.0,0.0
name38,65,high school or lower,0,3,LowSkilled,Agriculture,4983,7271.086233474267,-2288.086233474267,0.4591784534365376,4153.222761074555,0.4457606700741798,mortgages,24,1.292656832139037,21526,car,25362.966946552315,0,0.5628209332393463,0.48405486,0.31,Agriculture_mortgages,0.8163058747724766,99677.34626578933,50284.93166318942,40195.39844921614,26118.872271656644,29809.138049444136,33455.61547139874,37955.51590643089
name39,33,high school or lower,2,1,LowSkilled,Manufacturing,1027,915.4379596959664,111.56204030403364,0.0,814.4045668559039,0.8974324556425533,mortgages,24,0.684364680186826,11294,liquid assets,13619.629400076046,1,0.8365932932013275,0.82063156,0.81,Manufacturing_mortgages,0.45360654300162245,19545.709604541695,7553.884623123762,7225.84033784726,7225.84033784726,1368.1345592223258,1493.5977867366803,1576.2727283154866
name40,39,bachelor degree,0,0,HighSkilled,Engineering,2493,3154.634626338976,-661.634626338976,0.2653969620292724,2314.568313770511,0.2539515008432778,mortgages,48,1.1938238829159595,42273,car,45780.0938494578,1,0.1426829898543771,0.31457335,0.82,Engineering_mortgages,0.6752576533644141,111099.27906098453,11403.137047318187,23781.542394735956,61141.820352396855,30964.0828823553,34964.42928737933,12679.882099614466
name41,30,bachelor degree,1,1,Unemployed_HighSkilled,Consultant,859,959.6493791273924,-100.64937912739242,0.1171704064346826,322.0376538499266,0.430939131508384,mortgages,48,0.4920687229072398,54992,house,54652.65063570771,0,0.6244812443252837,0.40274382,0.15,Consultant_mortgages,0.0,15457.807384796477,0.0,0.0,0.0,0.0,0.0,0.0
name42,41,ausbildung,2,0,MediumSkilled,Teacher,2127,1364.4601035353744,762.5398964646256,0.0,1288.4227119181046,0.7436343242549549,mortgages,12,0.2472415681492614,48373,car,51705.19812997332,0,0.41860194341042467,0.44153896,0.27,Teacher_mortgages,0.0,15461.072543017255,0.0,0.0,0.0,0.0,0.0,0.0
name43,38,bachelor degree,1,0,HighSkilled,Research,2302,1987.2378444334263,314.7621555665735,0.0,2144.9427727130937,0.4179607001473123,auto loans,24,0.7950393645293311,48200,car,53098.300491166905,0,0.1796692959987237,0.08572755,0.07,Research_auto loans,0.19991155881184922,51478.62654511425,2017.0698057128589,813.0026257720195,730.6732459470048,4525.467042813211,3507.5145061453227,3201.702097952979
name44,31,post graduate degree,1,1,HighSkilled,Research,1641,1374.7514270218549,266.24857297814515,0.0,845.1154248712663,0.825501040763402,auto loans,24,0.3527524996301774,48660,car,53298.73126230391,0,0.3343858542545248,0.3024982,0.09,Research_auto loans,0.0,20282.77019691039,0.0,0.0,0.0,0.0,0.0,0.0
name45,41,high school or lower,0,0,Unemployed_LowSkilled,Agriculture,689,301.4617045395159,387.5382954604841,0.0,236.88435375545197,0.8097891589752412,auto loans,24,0.0,7877,liquid assets,9043.185503132436,1,0.3430338729578115,0.3976454,0.76,Agriculture_auto loans,0.0,5685.224490130848,0.0,0.0,0.0,0.0,0.0,0.0
name46,49,high school or lower,0,0,LowSkilled,Cleaning Services,3513,2560.1309642285178,952.8690357714822,0.0,3220.4563058866697,0.5843219649184369,auto loans,24,0.6454845630843118,19250,liquid assets,31933.315525179336,0,0.3670235109114651,0.2380797,0.18,Cleaning Services_auto loans,0.7629545511596767,77290.95134128007,20816.22753051963,13386.072661269001,9729.964709732974,26931.379035953032,27258.660162286676,25942.611751562228
name47,53,high school or lower,1,0,LowSkilled,Agriculture,4464,3616.0081145027343,847.9918854972657,0.0,3904.357980344031,0.3454009348159566,auto loans,24,0.6846698241144188,6105,liquid assets,12974.341243927303,0,0.29570735969621387,0.17405872,0.14,Agriculture_auto loans,0.9382823574345432,93704.59152825674,28222.758178345146,15737.924342441687,12836.519296069753,41083.48493729088,38367.89093639293,36072.98945649906
name48,34,ausbildung,1,3,MediumSkilled,IT Support,1286,864.9173966139168,421.0826033860832,0.0,946.5608442915895,0.957801547472234,simple loans,24,0.4086144952608914,0,none,3317.4317338588426,1,0.6512137037516217,0.6164691,0.67,IT Support_simple loans,1.0,22717.46026299815,15197.980915945762,14016.672982269858,14289.282505425836,6952.416730531903,7516.208716295753,6635.239608348881
name49,49,ausbildung,1,0,MediumSkilled,Artist,6706,7949.32087883857,-1243.32087883857,0.1854042467698434,4600.184012087116,0.6690952419435314,auto loans,36,0.871384564707081,36886,car,47212.71811755344,1,0.7887906422547327,0.7740557,0.77,Artist_auto loans,0.8101055519792224,165606.62443513615,107192.91787365396,106387.96479825731,101960.72288357574,26314.107531158483,27997.783236239182,28457.202894671955
name50,61,bachelor degree,0,0,HighSkilled,Research,19831,14858.466248952056,4972.533751047944,0.0,15912.565023409525,0.6771750758770823,simple loans,24,0.5516631169563603,29840,car,95197.18355751432,0,0.10502624959467012,0.18622161,0.27,Research_simple loans,0.9332334969672552,381901.5605618286,32789.10625515379,68073.03581233016,104426.17535608761,132049.74556893762,158015.48343477273,166364.0962763493
name51,59,high school or lower,0,3,LowSkilled,Agriculture,4912,4504.500860815919,407.4991391840813,0.0,1945.38916303251,0.2693168388149902,auto loans,36,0.3130883599039961,22873,car,30876.962539535405,0,0.18250425182094954,0.11285416,0.16,Agriculture_auto loans,0.7212739998478588,70034.00986917036,8435.789640761395,6162.672671693952,7728.597694829301,22294.069554350233,19236.045231059506,21563.0917445013
name52,52,high school or lower,0,1,LowSkilled,Manufacturing,4294,2508.353324352338,1785.646675647662,0.0,3847.371831214537,0.4156122736699308,mortgages,24,0.4801409304999708,18402,liquid assets,25559.72378600073,0,0.17384879144673454,0.11498474,0.12,Manufacturing_mortgages,0.8103751861021709,92336.92394914888,13244.476691502652,9353.44399117419,8679.99602380965,32644.15511649409,28693.32779775853,29142.04549567454
name53,32,post graduate degree,1,1,HighSkilled,Engineering,1712,909.3200719352966,802.6799280647034,0.0,1462.5843139285914,0.6747491467892794,auto loans,36,0.3854581693130187,50667,house,46528.8223546033,0,0.292521171951375,0.19449879,0.22,Engineering_auto loans,0.33174870150442975,52653.03530142929,4925.856457807531,3074.293392106828,3248.969153021989,8163.5348633501435,7816.6838873984125,7990.643834743057
name54,45,bachelor degree,1,0,HighSkilled,Finance,6983,5064.955216439044,1918.044783560956,0.0,6246.535408880059,0.4392395777106612,auto loans,24,0.619861180770314,72394,house,89256.06976438951,0,0.26455091579602474,0.17270377,0.17,Finance_auto loans,0.6638436626850754,149916.8498131214,27368.371436491496,19207.620680883123,14928.20260172263,46410.51062610167,43345.74706135771,43173.295054872746
name55,36,bachelor degree,0,1,Unemployed_HighSkilled,Research,909,848.8641450308436,60.13585496915641,0.0,310.84927928213307,0.5283694449714027,mortgages,12,0.2758123479790722,13602,liquid assets,16503.453727777593,0,0.1583672500321692,0.077011935,0.08,Research_mortgages,0.0,3730.191351385597,0.0,0.0,0.0,0.0,0.0,0.0
name56,47,bachelor degree,0,0,HighSkilled,Engineering,9931,5045.830065552554,4885.169934447446,0.0,2268.8927654894374,0.3307014856009075,mortgages,12,0.0,56965,house,79488.55009779613,0,0.03919139224103577,0.050042916,0.11,Engineering_mortgages,0.0,27226.713185873246,0.0,0.0,0.0,0.0,0.0,0.0
name57,63,high school or lower,2,0,LowSkilled,Transportation,4991,3299.860643510485,1691.1393564895152,0.0,3946.9967444352474,0.632160917935084,mortgages,36,0.4519850506803709,0,none,9462.747094216496,1,0.492384855885314,0.6048588,0.72,Transportation_mortgages,1.0,142091.8827996689,68346.19562664074,87386.50792179638,103016.61502975995,57816.298169381604,48146.574584935304,35980.14984276738
name58,49,high school or lower,0,0,LowSkilled,Cleaning Services,3498,2174.480005322788,1323.5199946772118,0.0,2860.770060913814,0.5694110575087388,auto loans,12,0.4394654277405953,0,none,6466.326832098287,1,0.3012913835579218,0.4317816,0.6,Cleaning Services_auto loans,1.0,34329.24073096577,9921.150571249107,15001.878199432042,19533.337975919523,16033.410641773238,14936.65147785311,11745.230923433772
name59,32,high school or lower,0,1,LowSkilled,Agriculture,1057,1007.8993555935716,49.10064440642839,0.0,473.6278370569031,0.2633240973659252,mortgages,24,0.4016340517033819,8225,liquid assets,11736.093417544029,0,0.1422387093211946,0.105444886,0.21,Agriculture_mortgages,0.3150208566213561,11367.068089365675,519.2252113838622,401.0567149999488,744.8196135713334,1476.5321175211466,1328.7891546593853,1625.7980479642795
name60,54,bachelor degree,0,0,HighSkilled,Doctor,18232,8377.422909010978,9854.577090989022,0.0,17920.271375884946,0.937215042370712,auto loans,24,0.4423921832435237,10040,liquid assets,57541.39420109913,0,0.11288028673880723,0.2126008,0.28,Doctor_auto loans,0.9777751969102021,430086.51302123873,43734.90419560744,87049.28046625711,115224.65143842732,160154.39071091794,191328.83979118426,196507.2541450035
name61,62,post graduate degree,1,3,HighSkilled,Research,19928,16910.357077500863,3017.642922499137,0.0,19087.522748496816,0.5769893104481228,simple loans,24,0.8063970205739502,30981,car,79400.42002453085,0,0.22134914418772372,0.19061589,0.08,Research_simple loans,0.9422025106897218,458100.54596392356,90640.93175666363,91072.55524121916,34529.87876444329,197629.49207176908,192338.25056391105,142719.05740636605
name62,47,ausbildung,1,1,MediumSkilled,Teacher,5247,5607.377747619191,-360.3777476191908,0.0686826277147304,4502.141650700892,0.9239174600126682,mortgages,48,0.9267237275243152,44790,car,58435.08207484661,1,0.6131921238829228,0.5678075,0.86,Teacher_mortgages,0.8233370290922626,216102.7992336428,109602.06900692228,108356.59095002542,153193.8009983118,59271.58283455375,64624.26116720929,23707.31698949868
name63,34,bachelor degree,0,1,HighSkilled,Research,1711,1414.4791881793276,296.5208118206724,0.0,555.0362280202468,0.4798052170161011,mortgages,36,0.1510902490938482,73756,house,92523.70169712113,0,0.06234460452899755,0.08833749,0.04,Research_mortgages,0.0,19981.304208728885,0.0,0.0,0.0,0.0,0.0,0.0
name64,36,post graduate degree,0,2,HighSkilled,Consultant,2024,1716.9185595332408,307.0814404667592,0.0,2000.8724630942124,0.2497807012171785,auto loans,24,0.836853272049137,76220,house,87843.9579601896,0,0.15065030519455774,0.1799116,0.09,Consultant_auto loans,0.0,48020.9391142611,0.0,0.0,0.0,0.0,0.0,0.0
name65,30,bachelor degree,0,0,Unemployed_HighSkilled,Consultant,800,747.2725884501367,52.72741154986329,0.0,465.6503702410921,0.7989758771867146,mortgages,12,0.516153698364036,20740,car,19776.346492688324,0,0.4525420973384911,0.2592385,0.24,Consultant_mortgages,0.0,5587.804442893105,0.0,0.0,0.0,0.0,0.0,0.0
name66,49,post graduate degree,2,3,Unemployed_HighSkilled,Consultant,6552,4532.3550217698485,2019.6449782301515,0.0,3509.99264875781,0.6050176351321372,auto loans,60,0.2274645406788245,18067,liquid assets,34338.21975127756,1,0.8020630246208252,0.8596878,0.85,Consultant_auto loans,0.9183837111806621,210599.5589254686,153761.907576691,164399.52382413502,160918.12214315333,35722.08607797695,25825.504724224753,27520.338762184947
name67,59,bachelor degree,0,1,HighSkilled,Research,19585,13868.008516007178,5716.991483992822,0.0,8412.94252914876,0.5156753207500909,auto loans,48,0.1376538700615746,55964,house,109460.3747554388,0,0.16731047325249165,0.15383194,0.04,Research_auto loans,0.903570193354057,403821.2413991405,60935.099807639956,57286.291435924984,13500.590975345378,157638.37636473624,154040.0830998197,85385.92542017992
name68,58,ausbildung,0,0,MediumSkilled,Nursing,9718,6646.831870140228,3071.1681298597723,0.0,3200.0609672113965,0.2817935008443655,simple loans,60,0.0132633090503832,12267,liquid assets,34392.7510958331,0,0.1013684984739007,0.07070662,0.05,Nursing_simple loans,0.9391380559350693,192003.6580326838,19113.701866547068,13343.527718155503,7933.989454038407,65883.2270892486,56362.65479607851,47514.84306016571
name69,59,bachelor degree,0,0,HighSkilled,Consultant,19573,16888.763175992884,2684.2368240071155,0.0,6393.087550170311,0.6649592407706428,auto loans,48,0.1894881074011748,33491,car,81943.7704781036,0,0.3095794855923067,0.2817994,0.23,Consultant_auto loans,0.9067942229746623,306868.2024081749,85984.29076593088,83758.16026066405,64557.784652737755,129812.85801996717,130043.36485329323,128092.30505096466
name70,43,ausbildung,0,1,MediumSkilled,Teacher,2784,2911.14669375419,-127.14669375418998,0.045670507814005,2243.7583096144217,0.5393075860105323,mortgages,60,0.8516181764973462,0,none,5475.435109060811,0,0.27176210123018096,0.15487592,0.14,Teacher_mortgages,1.0,134625.4985768653,35945.008120023034,23694.08774952829,18982.195299338004,62857.21638412007,56944.83905062087,55235.08635748394
name71,35,bachelor degree,0,0,HighSkilled,Finance,1604,1628.857692489871,-24.857692489870946,0.0154973145198696,812.9626736244046,0.2580573190398664,auto loans,12,0.5223318990737379,47472,car,58686.86377879887,0,0.11446549113890289,0.10054945,0.16,Finance_auto loans,0.0,9755.552083492856,0.0,0.0,0.0,0.0,0.0,0.0
name72,46,bachelor degree,1,0,HighSkilled,Engineering,8441,6018.499478157933,2422.5005218420674,0.0,6588.526138829775,0.8714081387301085,simple loans,36,0.4935464538547219,36897,car,61812.612079269216,0,0.24393038343678394,0.29075593,0.08,Engineering_simple loans,0.8672973121570017,237186.9409978719,52456.45708357989,61919.190518264884,15634.081326870868,95334.87716325038,96145.61992170817,68019.85106737894
name73,46,high school or lower,0,0,Unemployed_LowSkilled,Transportation,1257,1412.758602489791,-155.75860248979097,0.1239129693633977,878.6905045594852,0.96036110037891,auto loans,36,0.8229507613757171,0,none,1990.7640209533504,1,0.73452537325199,0.81890404,0.6,Transportation_auto loans,1.0,31632.858164141468,23724.6436231061,26286.905134401557,19422.57491278286,7639.221874248218,5377.051537954384,10822.704376649246
name74,61,ausbildung,0,0,MediumSkilled,Electrician,9947,4193.291523991824,5753.708476008176,0.0,4797.0233123122425,0.364649905268805,auto loans,12,0.0,17739,liquid assets,51025.6279216008,0,0.13439933637915477,0.10206419,0.1,Electrician_auto loans,0.7059600541680937,57564.279747746914,5486.141076597007,4023.1701228378042,3941.893958740071,16455.067648932793,14888.388370264489,14767.734644864844
name75,47,high school or lower,0,1,LowSkilled,Agriculture,2833,1467.0464393830628,1365.9535606169372,0.0,2329.0354043589764,0.6393718776409181,simple loans,24,0.3399512332305115,0,none,5828.231477742486,0,0.1928512645789486,0.13625696,0.44,Agriculture_simple loans,1.0,55896.84970461544,10005.536097126163,8552.218004806162,23644.36742505233,24969.748815050152,22735.27359347573,24130.0161859704
name76,49,ausbildung,0,2,Unemployed_MediumSkilled,IT Support,3377,3363.759447922452,13.240552077547818,0.0,1572.524677455246,0.2141363758361141,mortgages,24,0.4617364895995552,31353,car,39691.30520922389,0,0.3608717737807593,0.43611315,0.12,IT Support_mortgages,0.29008952053835824,37740.592258925906,4193.1415699653635,4499.689778735677,1499.8965929118924,5016.578346479351,4744.04234652089,4263.823769385831
name77,50,bachelor degree,0,0,Unemployed_HighSkilled,Consultant,7253,3387.1502352660123,3865.849764733988,0.0,5850.690110151227,0.7900102280876462,auto loans,48,0.2736578443977994,75759,house,92624.3289758193,0,0.37972693431516896,0.49432522,0.11,Consultant_auto loans,0.8125399178474979,280833.1252872589,85114.1704570625,122308.83475867426,24416.1293268249,103428.70660301443,92617.24387270375,86062.64681054252
name78,45,high school or lower,0,0,LowSkilled,Agriculture,2223,2031.055890478201,191.94410952179896,0.0,2216.5483395353594,0.5283936694624132,auto loans,12,0.9107531399071348,0,none,3338.0530870172965,0,0.24517205989576,0.17721485,0.34,Agriculture_auto loans,1.0,26598.580074424313,6197.469157340865,4415.364292354437,9282.904445974085,12332.969395990312,11658.291363735303,12303.271597652038
name79,38,bachelor degree,1,2,HighSkilled,Research,2295,2302.9824731045896,-7.982473104589644,0.0034782017884922,1168.9997479398378,0.3692987220090895,simple loans,48,0.512846283679489,50685,house,54708.03635834926,0,0.22338250864296474,0.1594041,0.12,Research_simple loans,0.3718332574948542,56111.98790111221,4569.282410826346,3546.931551783008,2566.309299231235,9566.010730818589,8897.286401008407,8125.729878185375
name80,46,bachelor degree,0,0,HighSkilled,Engineering,8494,10117.806016264589,-1623.806016264587,0.1911709461107354,4351.860100814728,0.300632341875469,simple loans,36,0.7035161428160248,25771,car,45757.43877010771,0,0.12622307258973667,0.07634404,0.06,Engineering_simple loans,0.85956322932832,156666.96362933022,17506.47095421764,10638.547733716872,7810.579348804793,53387.310499509156,43602.98724988867,38907.775841329414
name81,48,bachelor degree,0,1,HighSkilled,Doctor,11442,13208.114662459457,-1766.1146624594548,0.1543536674060002,8790.56180084257,0.8263437923451075,auto loans,48,0.9226251060393308,0,none,25619.500984337137,0,0.30539642509613935,0.35101268,0.45,Doctor_auto loans,1.0,421946.96644044336,129537.71869721611,145993.65038839338,191985.86973040173,196968.9610940624,194272.17254507728,180320.51202906965
name82,38,high school or lower,0,1,LowSkilled,Manufacturing,1164,1426.231843396231,-262.23184339623094,0.2252850888283771,1078.1252694587035,0.987169681338297,simple loans,12,1.1515095471262324,10779,liquid assets,11930.48941711522,1,0.7907675519890465,0.6655365,0.91,Manufacturing_simple loans,0.21405577707992127,12937.503233504442,2196.092415340577,1861.0013910578411,2556.10756539641,538.4855517200292,818.1397647388568,241.0497553609096
name83,52,bachelor degree,1,0,HighSkilled,Engineering,16801,18651.25708507208,-1850.2570850720804,0.1101277950760121,16050.700665517545,0.6681896127330265,mortgages,24,1.0654697786197025,31240,car,66857.32469060483,0,0.22908323025856556,0.15462194,0.18,Engineering_mortgages,0.9307700193245858,385216.8159724211,84975.93838949296,50913.853381046414,64180.13912117823,164961.7678943195,151589.93808985315,157737.15319030936
name84,43,ausbildung,1,0,MediumSkilled,IT Support,2698,2197.410189660316,500.5898103396844,0.0,1900.1612349980533,0.6918633930497475,simple loans,60,0.5187440417562523,39501,car,42792.08484506353,0,0.5313978506891756,0.4995097,0.17,IT Support_simple loans,0.7046079057329782,114009.6740998832,43058.01508763848,42736.68661683521,13495.795773737436,30957.04971998907,32385.448298585186,34848.82586748895
name85,31,bachelor degree,1,0,HighSkilled,Engineering,1600,1939.1431948076115,-339.1431948076115,0.2119644967547572,328.6642172461363,0.2719121446659419,mortgages,24,0.4173796325335924,24311,car,28106.422317079865,0,0.1628117417681711,0.24054156,0.22,Engineering_mortgages,0.0,7887.94121390727,0.0,0.0,0.0,0.0,0.0,0.0
name86,51,ausbildung,1,1,MediumSkilled,Teacher,7983,8975.092946554047,-992.0929465540466,0.1242757041906609,3474.406964913044,0.9994279789900672,mortgages,24,0.5595014294710121,16443,liquid assets,24057.95813776284,0,0.6002530950523417,0.5689143,0.6,Teacher_mortgages,0.8129696208488915,83385.76715791305,41690.908738995946,39996.15635123188,41690.908738995946,23181.773947583282,24574.42171374763,23193.356716887356
name87,40,ausbildung,0,2,MediumSkilled,IT Support,1878,1767.2853395815907,110.71466041840928,0.0,1870.585663044172,0.9646794478606914,simple loans,24,0.9370985104503528,46293,car,47100.932163066966,1,0.5291080536157866,0.5516081,0.84,IT Support_simple loans,0.12106123382948211,44894.055913060125,2962.036741242425,3043.5606882490974,4630.560189978983,2101.6469306958443,2028.8450662361884,822.1319471623287
name88,52,high school or lower,0,1,LowSkilled,Manufacturing,4310,5159.411631916531,-849.4116319165314,0.1970792649458309,1621.8701405868037,0.8981383715365647,auto loans,24,0.573383241880124,21408,car,25589.98347480996,1,0.7026429240496337,0.72206384,0.8,Manufacturing_auto loans,0.5325032840150676,38924.88337408329,14447.156873942193,15524.993541725542,16727.19597886851,5533.762917140027,5214.313923491949,3865.348209347502
name89,42,high school or lower,2,1,LowSkilled,Agriculture,1513,1658.8848422913304,-145.8848422913304,0.0964209136096037,1063.5134774395774,0.8136265277624775,auto loans,12,0.7993379509126952,23519,car,24502.016877829257,1,0.8270647734275155,0.9002114,0.92,Agriculture_auto loans,0.0,12762.161729274929,0.0,0.0,0.0,0.0,0.0,0.0
name90,61,high school or lower,0,1,LowSkilled,Transportation,5000,5307.552717343496,-307.5527173434957,0.0615105434686991,2541.3648962550296,0.7742302315387507,mortgages,48,0.5697835227197051,7992,liquid assets,14208.813270289958,1,0.3827244806982031,0.43841407,0.26,Transportation_mortgages,0.9380345683963909,121985.51502024142,41880.146555340245,52407.39650914162,29293.217262751645,51765.30435417858,49473.20083247775,53307.23435204675
name91,45,high school or lower,1,0,Unemployed_LowSkilled,Cleaning Services,1109,474.5274333512917,634.4725666487084,0.0,324.4634634345234,0.6935110460993361,auto loans,12,0.0,7452,liquid assets,7529.857320695386,1,0.6034811675661083,0.70133996,0.75,Cleaning Services_auto loans,0.0,3893.561561214281,0.0,0.0,0.0,0.0,0.0,0.0
name92,59,high school or lower,0,0,LowSkilled,Agriculture,4922,3237.436559311997,1684.563440688003,0.0,3617.661648287653,0.9703220123491072,simple loans,36,0.3927464867126471,11446,liquid assets,21085.341904245703,0,0.29131041935438784,0.39976054,0.19,Agriculture_simple loans,0.9166664076029616,130235.8193383555,33904.71538576969,46201.14385314392,22921.497725590783,55796.34887350783,53365.61164789355,53162.113264441774
name93,38,ausbildung,0,1,MediumSkilled,Nursing,1526,1270.301899559698,255.6981004403021,0.0,1370.7124486797588,0.2722817878032929,mortgages,48,0.7306778166706793,17146,liquid assets,22321.06484437725,0,0.13500415200571253,0.12388557,0.2,Nursing_mortgages,0.7521713338001733,65794.19753662843,7274.810869663368,7571.741925567996,9452.305279630637,20068.27262832421,19492.362581170964,22269.285911501258
name94,33,ausbildung,0,0,MediumSkilled,Teacher,1256,1296.4651702073068,-40.46517020730676,0.0322174922032697,1142.6921063082948,0.9349746242016188,simple loans,12,0.9420042010474534,30954,car,34923.63283795707,0,0.4652196949169295,0.43853208,0.27,Teacher_simple loans,0.0,13712.305275699538,0.0,0.0,0.0,0.0,0.0,0.0
name95,45,high school or lower,0,0,LowSkilled,Agriculture,2168,1960.784537906656,207.2154620933441,0.0,914.8067791129752,0.3376741468274561,mortgages,24,0.3263797587728926,0,none,3403.616112586492,1,0.09935616781298275,0.08384543,0.51,Agriculture_mortgages,1.0,21955.362698711404,2217.491632569852,1932.0719174866035,11416.788603329931,7957.854665747714,7411.282371256262,8726.645606451855
name96,41,ausbildung,0,2,MediumSkilled,IT Support,2013,2074.457331984296,-61.45733198429616,0.0305302195649757,1996.7780214656489,0.3742484401021282,auto loans,24,1.0224716112518355,44931,car,41717.91110535349,1,0.3290123508185592,0.36031717,0.84,IT Support_auto loans,0.19930238328408184,47922.672515175575,2979.9440878325217,3304.6815845835013,7984.721978935859,4434.785073491223,4377.687601001552,1444.7779581940779
name97,32,ausbildung,2,0,MediumSkilled,Nursing,1278,753.2545645770489,524.7454354229511,0.0,718.2215567452644,0.7206889045212471,auto loans,24,0.1513897662928898,30692,car,32332.33877147398,1,0.5770715793645638,0.64462084,0.55,Nursing_auto loans,0.0,17237.317361886344,0.0,0.0,0.0,0.0,0.0,0.0
name98,58,ausbildung,0,2,MediumSkilled,IT Support,9701,7895.724062369422,1805.2759376305776,0.0,7980.741952537033,0.5321834837162625,simple loans,48,0.6365803540775647,27879,car,48975.19782882813,0,0.294249872067805,0.2690149,0.16,IT Support_simple loans,0.9378772300048084,383075.61372177757,109579.75812133067,103472.03389817454,60358.68644060182,167896.2449798782,167680.11501214537,153367.11868949697
name99,59,ausbildung,0,0,MediumSkilled,Nursing,9879,7596.762221178706,2282.2377788212943,0.0,6946.4437062076095,0.9881228582506674,auto loans,60,0.4721334069628823,32449,car,62004.78123569417,1,0.3846278110429629,0.45118105,0.66,Nursing_auto loans,0.9336425057628546,416786.6223724566,149814.93699489895,183669.2214586813,256436.47657048938,175817.8192694246,166091.66057450566,116565.44592689555
name100,30,post graduate degree,1,0,HighSkilled,Finance,1623,1105.2123511167338,517.7876488832662,0.0,887.3189366996272,0.4148086487663874,auto loans,12,0.2276840960051515,43222,car,52366.780685959726,0,0.2668061892444799,0.266979,0.07,Finance_auto loans,0.0,10647.827240395527,0.0,0.0,0.0,0.0,0.0,0.0
name101,42,ausbildung,0,0,MediumSkilled,IT Support,2383,1087.3369933400336,1295.6630066599664,0.0,1679.755836614415,0.6822552036307152,simple loans,24,0.1611803734596932,18679,liquid assets,24200.33700910549,0,0.19586445760851084,0.16009612,0.1,IT Support_simple loans,0.5597332377173285,40314.140078745964,4287.381188892616,3610.426264330624,1963.1692812297763,10112.21987248554,9634.123173803351,8200.10048739065
name102,65,high school or lower,1,1,LowSkilled,Agriculture,5000,2946.5078624993303,2053.4921375006697,0.0,1567.9991232204366,0.564120535416227,auto loans,48,0.0,9330,liquid assets,18044.509494129143,0,0.2978963973600632,0.26081735,0.15,Agriculture_auto loans,0.8824055622720616,75263.95791458095,20388.89387644803,16669.74711071158,11157.440297209347,31028.29829776448,30945.66649939105,27831.32555136814
name103,35,ausbildung,2,1,MediumSkilled,Nursing,1336,1238.2719825711067,97.72801742889328,0.0,714.9007851322034,0.3734470473444091,mortgages,36,0.4619556644485854,26576,car,29392.12641837662,0,0.4504337318203018,0.35856616,0.19,Nursing_mortgages,0.11928684574017807,25736.42826475932,1415.2779975762135,1145.116470923921,607.8634349676578,1311.3917526977111,1408.378364774645,1367.1032100187067
name104,35,ausbildung,0,1,MediumSkilled,Electrician,1308,1153.2246559256507,154.77534407434928,0.0,405.9363598808272,0.5091215154016969,simple loans,36,0.1920191252343103,0,none,2705.586911137685,0,0.2638123611415141,0.28603187,0.27,Electrician_simple loans,1.0,14613.708955709779,3931.087709085931,4296.430432978675,4164.907052377286,6813.883989731363,6830.371918057861,6821.475241087745
name105,65,high school or lower,0,0,Unemployed_LowSkilled,Cleaning Services,2500,2023.6651636009176,476.3348363990824,0.0,1102.9731711234049,0.7372468513759278,mortgages,12,0.2506553338897289,15858,liquid assets,23414.624186463847,0,0.29270099050855386,0.21862786,0.18,Cleaning Services_mortgages,0.0,13235.678053480859,0.0,0.0,0.0,0.0,0.0,0.0
name106,63,ausbildung,0,0,MediumSkilled,Nursing,9958,8998.180467621449,959.8195323785512,0.0,4634.166632415322,0.7204673013070269,simple loans,36,0.3689844446712965,43208,car,62521.35101059728,0,0.18324558440841013,0.09650313,0.12,Nursing_simple loans,0.7789230002998199,166829.99876695158,28328.60365314608,11565.347362981656,13774.45865703433,57405.26993471566,46547.91754459817,50608.93164768566
name107,34,high school or lower,0,0,LowSkilled,Agriculture,1024,570.089465660145,453.91053433985496,0.0,366.742840980656,0.8931494121688424,auto loans,48,0.0,0,none,2009.9072047604525,0,0.3398376940063906,0.29875356,0.27,Agriculture_auto loans,1.0,17603.65636707149,5985.243164804307,5404.322504690947,5105.060346450731,8143.1432491166,8223.820596437248,8217.140934210049
name108,35,post graduate degree,0,0,Unemployed_HighSkilled,Engineering,1009,547.6279897739196,461.3720102260804,0.0,442.50165179556456,0.5821857599283924,auto loans,24,0.0,0,none,3410.1850981009125,1,0.1675141726547917,0.19328447,0.19,Engineering_auto loans,1.0,10620.039643093549,1932.847215043026,1847.8868978982773,1720.446422181155,4589.59964817038,4746.303258405761,4729.18835280753
name109,37,high school or lower,0,0,LowSkilled,Manufacturing,1118,1187.2956838586024,-69.29568385860239,0.0619818281382847,953.4276937166672,0.2542157520161726,auto loans,48,0.9147794074912966,19188,liquid assets,22227.502460469103,0,0.3900285290301088,0.37348148,0.2,Manufacturing_auto loans,0.6013554029075324,45764.529298400026,10457.883842942909,10430.363095987797,5311.504162336793,12389.0125579036,12522.054781729323,12384.034008992387
name110,64,high school or lower,0,0,LowSkilled,Agriculture,4917,5254.875162643752,-337.87516264375245,0.0687157133707041,2660.821882725409,0.3875708588842758,auto loans,36,0.6098631371505311,11944,liquid assets,20349.805139531283,0,0.18195521498599812,0.11093912,0.05,Agriculture_auto loans,0.8815500834651119,95789.58777811473,15115.354119058538,10217.64161120717,4982.155826952256,37242.952886158535,31950.908316531735,22251.3134688748
name111,51,bachelor degree,1,0,HighSkilled,Engineering,15783,14386.217614589088,1396.782385410912,0.0,10246.178527389666,0.777171223819531,mortgages,36,0.5606916392307391,53310,house,85058.9281237367,0,0.24753758217694935,0.1439003,0.12,Engineering_mortgages,0.8995556310191678,368862.426986028,82289.44377013617,51099.090083068426,37826.59915240131,153990.48616439285,137313.78075300294,129226.3092167567
name112,44,ausbildung,1,1,MediumSkilled,Nursing,3224,3396.938997970258,-172.9389979702578,0.0536411284026854,705.5781949514371,0.4230140753181841,auto loans,48,0.2724929258441981,15919,liquid assets,25124.43420377321,1,0.33318579421367955,0.45550308,0.38,Nursing_auto loans,0.5530976045330629,33867.75335766898,6069.224133986033,8616.799696399925,6837.243237360809,8685.99564994241,7959.008799435234,8489.08720896084
name113,65,ausbildung,0,0,MediumSkilled,Teacher,10000,10453.954443284192,-453.95444328419217,0.0453954443284192,6812.032180064547,0.6974474191948408,auto loans,36,0.7265986623348739,40551,car,53244.30661724189,1,0.2576799142596167,0.41958544,0.74,Teacher_auto loans,0.8589138980570218,245233.1584823237,52869.1761893069,90151.42394033208,155869.28438281713,98068.58907950722,92658.54282344802,49926.83608076458
name114,53,ausbildung,0,3,MediumSkilled,Electrician,8872,10247.400241284182,-1375.400241284182,0.1550270785937987,7896.300742832584,0.645451423428634,simple loans,36,1.0450519594360643,18182,liquid assets,34751.257783064175,1,0.5595678278882014,0.6792068,0.84,Electrician_simple loans,0.93917179232302,284266.826741973,148972.2649244338,182344.1880705883,230132.78201588156,98349.92579299961,76115.34827724544,40384.881003547256
name115,56,high school or lower,0,0,LowSkilled,Agriculture,4805,4813.397447790248,-8.397447790247497,0.0017476478231524,2412.666544451525,0.5130055265957334,auto loans,24,0.5038634739316905,0,none,7326.11229474648,0,0.18187411164267803,0.108552955,0.09,Agriculture_auto loans,1.0,57903.9970668366,9785.775504295387,6311.535680285189,5153.455738948457,25535.39910670425,21729.053661468803,20149.360995997235
name116,58,ausbildung,2,4,MediumSkilled,IT Support,9754,9565.174619679943,188.8253803200569,0.0,5620.628386846131,0.2055859364921455,auto loans,24,0.5568795372694356,46132,car,64421.83097691922,1,0.5179787807899763,0.56658465,0.77,IT Support_auto loans,0.7074012169482478,134895.08128430715,50193.52089160799,52960.844286772684,75004.00650342942,37505.81413272741,34733.129942122665,20241.132764827973
name117,33,bachelor degree,0,3,Unemployed_HighSkilled,Engineering,841,927.4017627118502,-86.40176271185021,0.1027369354480977,651.9407269898774,0.4741350129829138,mortgages,60,0.8779339948890934,44824,car,48248.37017660082,1,0.3858238810677064,0.6244282,0.73,Engineering_mortgages,0.022266448808496188,39116.443619392645,324.87713995426935,548.7201023356292,636.6895155672141,393.21738505731435,283.3231503458254,213.5374574971479
name118,47,bachelor degree,1,0,HighSkilled,Consultant,10077,8428.189169496176,1648.810830503824,0.0,4791.510958268506,0.2985039057244834,mortgages,24,0.3118686243688282,44058,car,83814.41162634238,0,0.1421431647862076,0.21012266,0.12,Consultant_mortgages,0.6721784742334608,114996.26299844414,11053.615802492686,16464.476684831763,8580.079399137681,31866.348199213247,35098.684544942385,30104.181440829932
name119,35,bachelor degree,1,0,HighSkilled,Consultant,1836,1132.6851929255336,703.3148070744664,0.0,1581.414518594931,0.2556193387639492,auto loans,36,0.4782678167322792,56970,house,70786.03794713801,0,0.21510890258785967,0.14418553,0.06,Consultant_auto loans,0.30327085163277145,56930.922669417516,3556.690816851903,2348.106558698344,1001.398385327235,7870.475652600958,7149.339379246816,4988.3859012511575
name120,43,ausbildung,0,3,MediumSkilled,IT Support,2715,3650.9468686831433,-935.9468686831432,0.344731811669666,2693.097709313342,0.6184904906450555,mortgages,36,1.336664669611965,17181,liquid assets,25370.682517113608,1,0.6799648080272948,0.5522118,0.79,IT Support_mortgages,0.8318051135054327,96951.5175352803,55241.66611285109,44838.491034664534,62822.27430935912,22945.414571847246,30074.686848385463,15734.114016844984
name121,37,bachelor degree,0,0,HighSkilled,Consultant,2081,1644.0008151600196,436.9991848399805,0.0,1891.4983968791723,0.7530655982014747,auto loans,12,0.6989424373085977,58054,house,52137.99968091282,0,0.23445196656787565,0.19268033,0.08,Consultant_auto loans,0.0,22697.98076255007,0.0,0.0,0.0,0.0,0.0,0.0
name122,38,post graduate degree,0,1,HighSkilled,Finance,2369,1514.68692636668,854.3130736333201,0.0,1384.430762454581,0.4680058623721722,auto loans,12,0.2237727686033183,26809,car,37854.6472617013,1,0.17625453648338002,0.21874392,0.19,Finance_auto loans,0.0,16613.169149454974,0.0,0.0,0.0,0.0,0.0,0.0
name123,34,ausbildung,0,0,MediumSkilled,Teacher,1279,1102.4399919268044,176.5600080731956,0.0,835.4747006316147,0.5754185362198976,simple loans,24,0.5151795876140884,22074,car,24619.43451369521,0,0.24266705601338417,0.1510944,0.06,Teacher_simple loans,0.06241921833809175,20051.392815158753,286.6146289397026,188.99043218294798,85.10827409563223,579.7338161989442,525.6221234778039,361.6129881378286
name124,47,high school or lower,0,0,LowSkilled,Agriculture,2851,2171.888616868772,679.1113831312282,0.0,2013.836504743207,0.7322666265767952,mortgages,12,0.4681603372893647,0,none,5657.482574829255,0,0.18315439565613503,0.123453304,0.28,Agriculture_mortgages,1.0,24166.03805691848,5123.200068066718,3165.7509854563214,7032.317074563278,10674.295087946344,9506.779507635798,11292.476671093025
name125,47,high school or lower,0,0,LowSkilled,Construction,2809,2052.6861906538634,756.3138093461366,0.0,2080.095318230959,0.5048867968755009,mortgages,12,0.4712643321056683,12894,liquid assets,19697.37391409062,1,0.30522159368374335,0.41207382,0.63,Construction_mortgages,0.5092803196757322,24961.14381877151,4156.895712243153,5173.873256522823,7767.1659944359835,5934.332573677711,5627.708191224891,4085.0924231640465
name126,30,bachelor degree,0,0,HighSkilled,Doctor,1777,1026.8868328020103,750.1131671979897,0.0,466.6841689837426,0.2005529012571768,auto loans,24,0.0,73687,house,83333.29433456136,0,0.033024316216388495,0.043365486,0.03,Doctor_auto loans,0.0,11200.420055609822,0.0,0.0,0.0,0.0,0.0,0.0
name127,45,high school or lower,2,0,LowSkilled,Construction,2199,900.9178375802256,1298.0821624197745,0.0,2169.7564794601567,0.2049376422909407,auto loans,60,0.3963957785540619,13750,liquid assets,20440.227323921885,1,0.6900346516502756,0.7485107,0.73,Construction_auto loans,0.8996019101290005,130185.3887676094,83854.35747485921,87602.0382558585,84439.93259689034,32416.63057941488,26940.974743694474,28712.853779519824
name128,57,high school or lower,0,1,LowSkilled,Construction,4846,4375.776803769329,470.2231962306714,0.0,4093.843773820597,0.4459809265796289,simple loans,48,0.7477549685493037,9469,liquid assets,14255.787957522383,0,0.4368440259555071,0.42811194,0.16,Construction_simple loans,0.9543503906744025,196504.50114338865,85515.57123057502,80452.14924981729,30192.99773711092,81205.05666237892,81873.32300136461,80053.83078093892
name129,64,ausbildung,0,0,MediumSkilled,Artist,9989,7194.976182770857,2794.023817229143,0.0,4944.163214305883,0.5650346355037241,simple loans,36,0.2152507154947182,31497,car,54241.05094954627,0,0.2770007063455247,0.36517322,0.13,Artist_simple loans,0.8488986303145489,177989.8757150118,41400.12910698651,58020.61889446284,21455.5413620149,70588.6808596528,69075.63671398841,60506.94395545691
name130,34,ausbildung,0,1,Unemployed_MediumSkilled,IT Support,645,502.0230149221192,142.97698507788078,0.0,216.41863687917336,0.7701521902177881,simple loans,36,0.1138630260485156,30317,car,30154.198061552423,1,0.6460712059186541,0.6598042,0.67,IT Support_simple loans,0.0,7791.070927650241,0.0,0.0,0.0,0.0,0.0,0.0
name131,65,bachelor degree,2,0,HighSkilled,Engineering,19822,8782.747084449657,11039.252915550343,0.0,15295.811585065285,0.5324257149026935,mortgages,36,0.2147391115687085,79660,house,149527.84647606086,0,0.13710686218101356,0.13845062,0.28,Engineering_mortgages,0.8992961099565762,550649.2170623502,73784.30812936608,68337.14444196322,153510.9766449898,201820.2350866065,202453.93376218097,231399.00534168212
name132,33,high school or lower,0,0,LowSkilled,Transportation,1032,637.1383732979145,394.8616267020855,0.0,495.5669762618293,0.7919186038686806,simple loans,12,0.0975827030617673,13201,liquid assets,15652.951266701011,1,0.29449627908252335,0.37259993,0.68,Transportation_simple loans,0.0,5946.803715141952,0.0,0.0,0.0,0.0,0.0,0.0
name133,63,bachelor degree,0,1,HighSkilled,Finance,19900,10886.925145567466,9013.074854432534,0.0,19036.61120760057,0.3483492936295244,auto loans,24,0.503695294129047,0,none,52310.2300475544,0,0.08579696651558735,0.16053937,0.14,Finance_auto loans,1.0,456878.6689824137,37464.05085655793,69902.43635430929,62135.49898160827,155771.21563731076,195211.35840060053,187451.35953370255
name134,58,high school or lower,1,1,LowSkilled,Manufacturing,4891,5033.161028050708,-142.1610280507075,0.0290658409426921,2814.7745876436293,0.2005682798105474,auto loans,36,0.6045666766907252,16345,liquid assets,25275.60638604892,1,0.36939170670004606,0.3937344,0.26,Manufacturing_auto loans,0.8464474186037164,101331.88515517066,33879.98448167778,34566.161382572514,21957.66082863167,39119.89493192193,38511.19284579576,39958.12959415012
name135,57,ausbildung,1,1,Unemployed_MediumSkilled,IT Support,4793,4891.329653932631,-98.32965393263112,0.0205152626606783,2810.277377844596,0.8599215263505393,auto loans,36,0.6068447802581319,0,none,11597.53825401276,1,0.837619906626301,0.891426,0.81,IT Support_auto loans,1.0,101169.98560240545,83262.89815077967,91154.15702776732,83465.23812198448,15518.988000812713,10561.043355643797,17986.73339639159
name136,63,ausbildung,0,0,MediumSkilled,Teacher,9970,7497.051121639916,2472.948878360084,0.0,2425.236813996999,0.2814414277580095,mortgages,48,0.0,24514,car,41794.334405973415,1,0.09526431601063745,0.21984725,0.61,Teacher_mortgages,0.8201429762300084,116411.36707185596,8688.13082021575,19572.16283674977,57952.69678979078,34018.85373314027,43670.52850544011,32014.804224502415
name137,45,bachelor degree,1,0,HighSkilled,Finance,6945,6337.846155407837,607.1538445921633,0.0,1653.524143809885,0.3165748436196346,simple loans,36,0.1506652698657626,0,none,15130.266667390457,1,0.20885810303838231,0.3291912,0.64,Finance_simple loans,1.0,59526.86917715586,12441.115658025574,18512.856314095472,37620.981319962506,27001.062487436186,27638.086686177914,18703.015755039636
name138,31,ausbildung,0,0,MediumSkilled,Artist,1250,749.4266692055453,500.5733307944547,0.0,616.4776366905107,0.5703133052266348,simple loans,60,0.0927234447168448,11605,liquid assets,15179.061578864965,1,0.3635778875771651,0.5231591,0.64,Artist_simple loans,0.7028296640758888,36988.65820143065,8812.890188013656,13492.300907312943,15780.012814525928,11895.058044289513,10141.557783470937,8168.0287702323485
name139,33,high school or lower,0,0,Unemployed_LowSkilled,Transportation,502,364.6571107987773,137.34288920122276,0.0,433.5807843509695,0.7091061308391782,simple loans,12,0.5901153289835592,13920,liquid assets,14853.019320471689,1,0.47660802935271024,0.37612242,0.59,Transportation_simple loans,0.0,5202.969412211634,0.0,0.0,0.0,0.0,0.0,0.0
name140,62,high school or lower,0,0,LowSkilled,Cleaning Services,4989,2768.965395109381,2220.034604890619,0.0,2941.636498126088,0.2041267518425444,auto loans,12,0.1446385835308617,0,none,10820.314909552955,0,0.115748648660463,0.2240854,0.08,Cleaning Services_auto loans,1.0,35299.637977513055,3918.259815503949,7412.923975277741,2788.6714002235312,13568.99031395436,16191.705573262856,11672.050384664242
name141,65,ausbildung,0,0,Unemployed_MediumSkilled,Electrician,5000,4977.521083049953,22.47891695004728,0.0,1963.950813068658,0.4504683845043091,mortgages,12,0.3882943792237221,36952,car,41127.46605807106,0,0.3523783042253855,0.25530905,0.1,Electrician_mortgages,0.0,23567.409756823894,0.0,0.0,0.0,0.0,0.0,0.0
name142,44,bachelor degree,0,0,HighSkilled,Research,5876,5166.06079296269,709.9392070373096,0.0,2013.4510620473795,0.5211379773060634,simple loans,12,0.2218365988785006,0,none,13688.59796862209,0,0.06409690912536913,0.058930065,0.28,Research_simple loans,1.0,24161.412744568555,1546.3304156523875,1691.2988921197991,6958.486870435743,7208.9344876391515,6919.089026228981,11290.315322522563
name143,30,post graduate degree,0,0,HighSkilled,Engineering,1600,1700.8660822005013,-100.8660822005013,0.0630413013753133,434.5029260016801,0.3325752839687445,auto loans,48,0.3346056301263634,66904,house,69637.7185425484,0,0.09808373407943198,0.09724779,0.21,Engineering_auto loans,0.0,20856.140448080645,0.0,0.0,0.0,0.0,0.0,0.0
name144,59,bachelor degree,1,0,HighSkilled,Engineering,19445,13848.47807892532,5596.52192107468,0.0,15306.352899945843,0.7293298733720399,auto loans,24,0.4993484689571182,70437,house,123185.26262664024,0,0.1774283233801806,0.21403617,0.07,Engineering_auto loans,0.8666277448036253,367352.46959870023,58259.485136574585,68765.2939316946,22603.406801621833,139578.22728888,145005.46837605536,99044.7855851645
name145,52,high school or lower,1,0,LowSkilled,Construction,4310,2198.72676631897,2111.27323368103,0.0,2282.092952736426,0.5809562717531283,auto loans,48,0.0396333454884909,5864,liquid assets,14496.302313575376,1,0.602218899793438,0.63364303,0.66,Construction_auto loans,0.9493067622904916,109540.46173134845,59584.83811081335,66863.96318543279,69463.65071208258,35421.706313585026,33146.75970339777,31149.894831264624
name146,49,bachelor degree,1,0,HighSkilled,Engineering,13065,9977.362681407889,3087.637318592113,0.0,12216.79025310074,0.3238522087117403,simple loans,36,0.6987487894763588,41728,car,75820.29688297005,0,0.09716912631306315,0.07729478,0.07,Engineering_simple loans,0.9188543192802329,439804.44911162666,47281.59747147114,32329.29741639052,28288.135239341707,145162.48447628887,131581.74849639036,125725.20233166343
name147,41,ausbildung,1,1,MediumSkilled,IT Support,2096,1526.0340192901178,569.9659807098822,0.0,837.9754485230161,0.8600896948690373,mortgages,24,0.1278671125062662,36669,car,31204.0038610387,1,0.4386355205738465,0.5268122,0.3,IT Support_mortgages,0.0,20111.410764552387,0.0,0.0,0.0,0.0,0.0,0.0
name148,31,ausbildung,0,3,MediumSkilled,Electrician,1207,1096.9383765656962,110.06162343430378,0.0,357.35995822327413,0.8235922198328907,auto loans,24,0.2048867728160483,10158,liquid assets,14902.409191005245,1,0.5087012127271344,0.581621,0.59,Electrician_auto loans,0.0,8576.63899735858,0.0,0.0,0.0,0.0,0.0,0.0
name149,44,bachelor degree,3,0,HighSkilled,Doctor,5818,3951.77995501126,1866.22004498874,0.0,2563.3761879090725,0.5301855778044088,auto loans,48,0.1198274566724531,25976,car,40206.99248115851,0,0.48992207613807975,0.44679847,0.47,Doctor_auto loans,0.8198885744263706,123042.05701963548,51348.31535267743,48221.011274223594,46506.0380699102,41176.494442684394,43253.92837494159,42178.829134286265
name150,46,ausbildung,0,1,MediumSkilled,Teacher,4551,4944.822100757016,-393.8221007570155,0.0865352891138245,3457.830046612467,0.5919105774713587,simple loans,24,0.8463309486639161,0,none,8734.497173139136,0,0.2774943423810335,0.24928652,0.14,Teacher_simple loans,1.0,82987.9211186992,22738.690386523584,21327.895727505696,11369.345193261792,38771.94300501577,38538.07525834188,34048.86175409215
name151,37,bachelor degree,0,0,HighSkilled,Engineering,2180,1471.9015990063622,708.0984009936378,0.0,1945.1711457023075,0.4321224091871844,simple loans,48,0.5674645617929677,53268,house,59275.466759928815,0,0.08537848408187833,0.08354796,0.04,Engineering_simple loans,0.6032741909291544,93368.21499371076,5069.397092294717,6139.603145112492,2196.7387399943777,19163.854044446016,18984.23976098337,13181.020515671304
name152,40,bachelor degree,1,0,HighSkilled,Research,2850,2706.264273301783,143.73572669821715,0.0,1947.7811962133571,0.4822714128529339,simple loans,36,0.6329984103561895,11365,liquid assets,18628.33669769719,0,0.18449049762216035,0.08786539,0.31,Research_simple loans,0.8461334317256517,70120.12306368086,11094.893327487796,5458.450193202552,18867.251754765344,26250.1445435795,20436.58984079826,27676.236572417645
name153,43,ausbildung,2,1,MediumSkilled,Nursing,2716,1492.199256734721,1223.800743265279,0.0,1390.8188338766038,0.7766558550923023,mortgages,12,0.0614941423458486,29065,car,34502.523698469726,0,0.44810248745578946,0.42718697,0.44,Nursing_mortgages,0.0,16689.826006519244,0.0,0.0,0.0,0.0,0.0,0.0
name154,39,bachelor degree,0,1,HighSkilled,Consultant,2635,2699.9934796797784,-64.99347967977837,0.0246654571839766,2308.799444997406,0.9024813086072818,mortgages,24,0.900870180143144,79866,house,91899.18705834556,1,0.2634427193659428,0.32201707,0.75,Consultant_mortgages,0.0,55411.186679937746,0.0,0.0,0.0,0.0,0.0,0.0
name155,43,high school or lower,0,1,LowSkilled,Manufacturing,1693,807.3822665209523,885.6177334790477,0.0,1032.1114837603516,0.5471362214711453,auto loans,36,0.0865290905382775,0,none,3494.8169487581786,1,0.2734591021619971,0.23112483,0.59,Manufacturing_auto loans,1.0,37156.013415372654,10366.527742888971,8545.88308553571,22367.920076054335,17352.075341742046,17114.484206649595,12960.855844998836
name156,33,post graduate degree,1,0,HighSkilled,Consultant,1731,1624.1855000968264,106.81449990317356,0.0,618.5805072333276,0.2066483775301589,simple loans,24,0.2956476067765188,46192,car,50858.891723792185,0,0.1460753928916878,0.13591334,0.1,Consultant_simple loans,0.0,14845.932173599862,0.0,0.0,0.0,0.0,0.0,0.0
name157,60,high school or lower,1,0,LowSkilled,Agriculture,4986,2338.210482206846,2647.789517793154,0.0,2083.520565204313,0.2750897217550161,mortgages,36,0.0,0,none,10383.510821872836,0,0.11996477387312014,0.10524253,0.16,Agriculture_mortgages,1.0,75006.74034735525,8850.79536098792,7500.674034735526,13051.172820439813,29208.759297383705,27812.758607490054,32018.578916477658
name158,57,ausbildung,0,1,Unemployed_MediumSkilled,Nursing,4820,3065.368549598602,1754.631450401398,0.0,4014.59515918196,0.8826284365227972,simple loans,24,0.4688721387511538,28823,car,41598.30404488799,0,0.5291641942957829,0.49832857,0.29,Nursing_simple loans,0.7450170263724958,96350.28382036704,40341.82229140167,35819.51836905593,21104.084970946777,27755.465592238612,28983.793897842326,33550.373110243345
name159,50,ausbildung,0,1,MediumSkilled,Electrician,7376,3799.65953223771,3576.34046776229,0.0,6035.659093518378,0.3059853112191175,mortgages,12,0.3334217225808145,27981,car,38441.32308531838,0,0.14048108313936586,0.11126644,0.06,Electrician_mortgages,0.6699548322579946,72427.90912222053,6356.569029587464,5822.811324812943,2765.8353792861485,19930.148535434022,18380.254698365592,14019.503126398446
name160,46,post graduate degree,0,1,HighSkilled,Research,8412,8936.846910266448,-524.8469102664476,0.062392642685027,6426.433398197633,0.5822643939027917,simple loans,12,0.8263528659610178,65443,house,81212.62821863018,0,0.15295607946965872,0.12960039,0.08,Research_simple loans,0.4097091247296906,77117.2007783716,4297.004433221421,3886.2613623987845,2748.8190124284083,13316.553773181678,12639.47994771456,10447.293497081664
name161,41,ausbildung,3,1,MediumSkilled,Artist,2147,2084.852603533545,62.14739646645512,0.0,1909.545072149014,0.5203545473988215,mortgages,48,0.8604553682731992,33622,car,34516.20710954275,1,0.8771665006323552,0.76864845,0.9,Artist_mortgages,0.6871962671137665,91658.16346315267,55239.72860514895,48752.05238356362,56184.53582188468,7404.780114158171,13432.262375851475,6072.466780552183
name162,63,ausbildung,1,0,MediumSkilled,Nursing,9941,12134.279133190492,-2193.279133190492,0.2206296281249866,5330.440056574447,0.7251609955276901,auto loans,24,0.7568372588034342,30262,car,58175.39345700875,1,0.5940244119315835,0.7331459,0.67,Nursing_auto loans,0.7982602043585774,127930.56135778673,60966.76000374509,77612.62580041251,68830.14445983952,35349.08766932506,24776.555717552055,29827.415081719646
name163,40,ausbildung,1,0,MediumSkilled,Electrician,1873,1204.6779106138097,668.3220893861903,0.0,932.444346534717,0.8179894545351272,simple loans,12,0.1410156204743869,34488,car,42452.84379243239,0,0.4899039892664274,0.5546383,0.31,Electrician_simple loans,0.0,11189.332158416604,0.0,0.0,0.0,0.0,0.0,0.0
name164,64,ausbildung,0,0,MediumSkilled,Teacher,10000,4959.812300076061,5040.187699923939,0.0,2826.631370170056,0.480978206686421,auto loans,24,0.0,27615,car,53899.60349039873,0,0.14155276756276014,0.13248228,0.19,Teacher_auto loans,0.6522338033473023,67839.15288408134,5884.849497291983,6681.295293917966,8628.16279678148,18217.205341105797,17831.54189099135,19703.53695899378
name165,50,bachelor degree,0,3,HighSkilled,Finance,14479,13193.183525525696,1285.8164744743026,0.0,7960.235433047605,0.2580176203021037,mortgages,60,0.4609723709215624,33830,car,64794.13765326823,0,0.19578121267156345,0.22839786,0.17,Finance_mortgages,0.9394460685141391,477614.12598285626,85700.30816798953,99161.08955563186,74482.99034495425,201057.23999087897,206353.74792761437,194647.10589162307
name166,47,post graduate degree,0,0,Unemployed_HighSkilled,Engineering,4951,3099.5795795070776,1851.4204204929224,0.0,3579.0766887674763,0.6568476123101534,auto loans,24,0.3489509731921942,33764,car,49283.43519589864,1,0.2353509887526864,0.24977581,0.68,Engineering_auto loans,0.6644992788912119,85897.84053041943,14041.4470603309,13071.10315778771,39270.3885264539,26349.799711903812,26510.994786920262,16238.858263071417
name167,53,bachelor degree,1,1,HighSkilled,Finance,17551,17375.79236112234,175.2076388776586,0.0,10800.329406762188,0.2413319918016829,auto loans,12,0.6053855488510358,19722,liquid assets,70387.52399025024,1,0.2543361805029506,0.31836426,0.64,Finance_auto loans,0.8546325535661556,129603.95288114625,28577.04935839509,37548.91369184471,70445.74958116,51521.30738354198,51579.6591808359,34801.36490785962
name168,57,high school or lower,0,0,LowSkilled,Agriculture,4839,3748.077410785846,1090.922589214154,0.0,4408.769597982168,0.8359233351964284,auto loans,36,0.6856472429774777,9377,liquid assets,15410.06698359128,0,0.3294177252620147,0.3129779,0.14,Agriculture_auto loans,0.944071320289596,158715.70552735805,44652.00580903647,48997.3352334058,22625.680795854052,69564.70635636573,69857.08552734864,61476.96529387987
name169,37,bachelor degree,1,0,Unemployed_HighSkilled,Engineering,995,793.2666930176492,201.7333069823508,0.0,904.2244062437452,0.2372682725074859,simple loans,36,0.7060212052878337,64120,house,53580.23160257815,0,0.2638727257680532,0.19242553,0.1,Engineering_simple loans,0.0,32552.078624774826,0.0,0.0,0.0,0.0,0.0,0.0
name170,52,ausbildung,0,1,MediumSkilled,Artist,8420,7785.891115664365,634.1088843356347,0.0,5805.989498547543,0.6264345387309087,simple loans,36,0.6142376026379939,28713,car,47439.262749914174,1,0.4370178102191963,0.46897882,0.59,Artist_simple loans,0.8827683151277027,209015.62194771154,79155.80605310244,91333.62236896435,113659.61894804452,79883.2017186662,77236.13130875917,64362.07733064786
name171,50,ausbildung,1,0,MediumSkilled,IT Support,7385,5371.748478146729,2013.2515218532708,0.0,4567.030388827933,0.8055897878421825,simple loans,12,0.3458062108293381,33577,car,49425.19264265879,0,0.4554001108428755,0.46769756,0.13,IT Support_simple loans,0.4772683283994282,54804.364665935194,12267.345743645576,12398.127681211095,3321.8612141641543,11114.664235879598,10964.976423724343,10474.464970205725
name172,65,bachelor degree,1,0,HighSkilled,Research,20000,9263.132266437491,10736.867733562509,0.0,8775.203181595893,0.3974958896639835,mortgages,12,0.0,58396,house,122964.27704520116,0,0.10653690714337316,0.11351322,0.08,Research_mortgages,0.6136699278011428,105302.43817915072,6914.44054091116,6720.577722007108,5686.642687852168,24075.54890224645,24661.622784323237,21367.3257442714
name173,52,bachelor degree,0,0,Unemployed_HighSkilled,Doctor,8404,7870.350833205142,533.6491667948576,0.0,1702.923511108508,0.5960596968813261,mortgages,36,0.139133072859787,61620,house,92928.42117864388,0,0.1864804032931724,0.09103455,0.04,Doctor_mortgages,0.30084167408495277,61305.24639990628,3319.771132284899,1788.987776842418,719.2837453283948,8179.509273480379,6448.79270508241,4315.895027092176
name174,58,ausbildung,3,0,MediumSkilled,Teacher,9774,14044.697651753297,-4270.697651753297,0.4369447157513093,8819.008689690763,0.7531594747884451,auto loans,24,1.3392373993701718,48300,car,59005.382658153816,1,0.9377302837429576,0.91853833,0.85,Teacher_auto loans,0.805573570537814,211656.20855257832,161467.90132473627,158739.82696233314,144587.94120736682,10358.54187884854,13469.308982708135,24260.981549727563
name175,39,high school or lower,0,0,LowSkilled,Cleaning Services,1209,1135.7628526386118,73.23714736138822,0.0,864.995945424503,0.9745010140614,simple loans,24,0.6548873433110958,9881,liquid assets,10670.685491591868,1,0.6031876766153026,0.50718343,0.76,Cleaning Services_simple loans,0.5512033188182384,20759.90269018807,6819.984647660502,5664.248994281793,8399.1086097027,3890.3345543330393,4565.8725601313035,2523.199636300319
name176,38,ausbildung,0,0,MediumSkilled,Nursing,1509,1419.0126800364303,89.98731996356969,0.0,1489.3031085601244,0.8533560749104327,auto loans,36,0.9273133125225678,0,none,3360.8618125719263,0,0.39871967318000706,0.2605803,0.22,Nursing_auto loans,1.0,53614.91190816448,21821.269146622944,13618.18762467378,11634.435884071692,23985.2207180146,24980.759258829752,24526.451926970414
name177,48,high school or lower,1,1,LowSkilled,Cleaning Services,3175,2573.1765173143917,601.8234826856087,0.0,1553.7455868224886,0.2581963561018778,simple loans,24,0.2998179855549228,24050,car,25684.313136713758,1,0.3978331920691231,0.4056498,0.58,Cleaning Services_simple loans,0.4498986588476729,37289.894083739724,6828.106048096433,7331.406248201822,9613.033822012912,7510.174250304228,7465.511686421552,5962.169875689848
name178,56,post graduate degree,1,1,HighSkilled,Engineering,18937,17842.77837182316,1094.2216281768417,0.0,18764.037971722984,0.7809450730930015,auto loans,12,0.9330842447877776,14054,liquid assets,69010.5998800154,0,0.23304803610969643,0.24844025,0.04,Engineering_auto loans,0.940506626533693,225168.45566067583,47860.56796756055,45742.84372120831,9106.214259314616,97646.0655214093,98313.65378139712,49556.95836516354
name179,48,high school or lower,2,0,LowSkilled,Manufacturing,3155,2703.3609639367373,451.63903606326267,0.0,3108.194395945153,0.2569590197534908,auto loans,48,0.8420143771416451,23114,car,25866.71533431617,1,0.6924144213270282,0.76528114,0.6,Manufacturing_auto loans,0.8679050541416488,149193.33100536733,89863.03834050766,100869.3182525295,77432.41632222418,35602.284255395134,27979.724837181107,44301.55696532903
name180,43,ausbildung,0,0,Unemployed_MediumSkilled,Nursing,1362,957.79475477845,404.20524522155006,0.0,1017.7816042336252,0.7990834195519119,auto loans,24,0.4504965925198789,16681,liquid assets,18135.167685317,0,0.525367537581082,0.53690475,0.14,Nursing_auto loans,0.3525204679931065,24426.758501607004,4598.237868780944,4925.453297645505,1222.7523920728352,3348.335241620861,3290.534208546216,3532.953239658436
name181,56,ausbildung,0,0,MediumSkilled,Teacher,9620,7968.45723761236,1651.5427623876403,0.0,6610.82212876798,0.6475560857483905,auto loans,36,0.515517605652842,15146,liquid assets,34916.75166702463,0,0.2161304916069743,0.17472401,0.15,Teacher_auto loans,0.9394359538272994,237989.59663564726,49186.71641760438,39125.797150367114,35772.15739462136,101994.66486611741,97657.78346947447,93692.26795613467
name182,62,post graduate degree,0,1,HighSkilled,Consultant,19979,17898.640461141324,2080.3595388586764,0.0,10528.306310301554,0.9765283852674312,mortgages,24,0.4228413219602021,27807,car,76042.86696927372,0,0.33718404165865584,0.19080722,0.1,Consultant_mortgages,0.906107722233309,252679.3514472373,69373.27761335953,44188.259337882475,21750.69760154837,106015.6528645675,102047.6138705378,83201.32880445434
name183,43,high school or lower,3,0,LowSkilled,Transportation,1708,2135.93187998871,-427.9318799887101,0.2505455971830855,832.2301255859733,0.5520633793344938,auto loans,12,0.7377997690718288,8780,liquid assets,9942.396012389412,1,0.9040360682890259,0.82247305,0.87,Transportation_auto loans,0.17101286344084565,9986.761507031679,1549.0332664092002,1412.4040918637359,1511.4602434091976,158.20851177698611,284.9383758704812,211.99825077574368
name184,61,high school or lower,0,0,LowSkilled,Manufacturing,4972,4298.416938352874,673.5830616471258,0.0,2070.6897615050034,0.4820831504902372,mortgages,24,0.2809949114758402,12039,liquid assets,18617.13804262384,0,0.1603305786602101,0.10471002,0.07,Manufacturing_mortgages,0.769978701089588,49696.55427612008,6849.4866075177715,4591.834597218618,2602.03960509055,16343.827057104925,14160.87223431178,11904.771212589667
name185,52,high school or lower,2,0,LowSkilled,Manufacturing,4273,4120.644266603704,152.35573339629627,0.0,3554.46527609982,0.2080887530804406,mortgages,24,0.7961875831274337,18451,liquid assets,28767.64051309389,0,0.4459349154246209,0.42131662,0.21,Manufacturing_mortgages,0.7939190983487312,85307.16662639569,29867.60206552445,29799.875076713735,13545.39776214261,29064.32854346269,29748.4264055899,30749.679617588827
name186,37,high school or lower,1,0,LowSkilled,Manufacturing,1138,732.5131563976013,405.4868436023987,0.0,421.2775855569326,0.9029436879862384,auto loans,48,0.0138758716647925,0,none,2299.4026359190743,1,0.6352284040656878,0.75159943,0.81,Manufacturing_auto loans,1.0,20221.324106732765,12678.770214921444,15408.648969330367,16359.051202346809,6422.766878138196,4600.064658149454,3595.0935790306253
name187,49,bachelor degree,0,0,HighSkilled,Finance,12888,14285.296443359097,-1397.2964433590969,0.1084184080818666,12078.098747444988,0.7061769476669217,mortgages,24,1.0455769080388022,55600,house,95554.91681745616,0,0.3092638509202157,0.31341133,0.2,Finance_mortgages,0.866669150267091,289874.36993867974,78382.25425023676,74362.65146817332,49491.359254155905,117204.30225960405,117114.76506406702,113048.57031339068
name188,51,bachelor degree,0,0,HighSkilled,Consultant,15882,6401.231791594205,9480.768208405796,0.0,6994.851201424179,0.7463738136321856,mortgages,48,0.0,54201,house,90117.70154735672,0,0.21606373759533481,0.11396019,0.25,Consultant_mortgages,0.8878057175400853,335752.8576683606,68559.16054523039,32789.16373902323,73328.49345272467,135977.97410979393,113925.1915645127,138458.7857029305
name189,30,ausbildung,0,0,MediumSkilled,Artist,1290,816.0948050581875,473.9051949418125,0.0,1158.417497515831,0.8666677143996819,mortgages,48,0.5306296919178438,0,none,3170.6141577149133,1,0.5191675491849761,0.53256416,0.69,Artist_mortgages,1.0,55604.03988075988,29358.93305704122,29025.30881775666,38477.99559748584,21817.414241732065,21389.941079483175,15392.303265846464
name190,31,post graduate degree,0,1,HighSkilled,Engineering,1600,1093.1350609864448,506.8649390135552,0.0,741.1086248540691,0.8555521372206415,mortgages,24,0.1464023036503212,38340,car,38748.74339414818,0,0.11247795916979345,0.11427373,0.09,Engineering_mortgages,0.0,17786.60699649766,0.0,0.0,0.0,0.0,0.0,0.0
name191,45,ausbildung,0,0,MediumSkilled,Nursing,3834,2372.7232336007023,1461.2767663992977,0.0,2548.753823300612,0.9925150479469276,simple loans,24,0.2836403382632535,44492,car,53453.054095780586,0,0.24787490217483232,0.14740695,0.13,Nursing_simple loans,0.37989998010719367,61170.09175921469,6065.252843687507,3113.9612300924373,2997.7686468800325,10786.08176140386,9687.736343219338,9305.988008063685
name192,33,ausbildung,2,0,MediumSkilled,IT Support,1285,1337.8550389853383,-52.8550389853383,0.041132326058629,1220.5452652897554,0.8307049318837942,auto loans,12,0.9909729994358706,49868,car,58495.06611053727,1,0.8214875136389332,0.86183006,0.7,IT Support_auto loans,0.0,14646.543183477064,0.0,0.0,0.0,0.0,0.0,0.0
name193,47,high school or lower,0,0,LowSkilled,Construction,2821,2485.6576820449286,335.3423179550714,0.0,1749.6499397651928,0.351933387623882,auto loans,24,0.5013497418681749,23823,car,27982.098988677983,0,0.40300665514619316,0.35244352,0.13,Construction_auto loans,0.516094721764861,41991.598554364624,8473.612167599233,7368.3584066080275,2904.000077898458,9663.594398871983,9971.45303549651,8678.524844555257
name194,58,high school or lower,0,1,LowSkilled,Agriculture,4891,4287.54129802056,603.4587019794399,0.0,2519.053146243556,0.775916530998839,auto loans,12,0.3916570117080589,0,none,9632.29348231258,1,0.23753738908765487,0.26377496,0.6,Agriculture_auto loans,1.0,30228.637754922675,7103.729872406828,7798.98854077005,19013.813147846362,13969.602574062319,14094.493021339447,10342.271584589374
name195,34,ausbildung,1,0,MediumSkilled,Nursing,1316,1030.0187870412494,285.9812129587506,0.0,679.5621390650975,0.5596828671563325,auto loans,12,0.2990736520564946,26255,car,28752.86243991846,0,0.33041902766129416,0.3092404,0.14,Nursing_auto loans,0.0,8154.74566878117,0.0,0.0,0.0,0.0,0.0,0.0
name196,47,ausbildung,0,0,MediumSkilled,Teacher,5271,3165.476362998829,2105.5236370011708,0.0,2943.9664802171933,0.8974604844073734,mortgages,48,0.1590671301870655,36764,car,53235.49923940537,0,0.24226102355071485,0.1947418,0.16,Teacher_mortgages,0.7782034262146945,141310.39105042527,23533.20132168836,21553.77317313513,17704.88510650386,50928.205178367905,49223.0001853056,46942.80073322881
name197,42,ausbildung,1,0,MediumSkilled,Teacher,2386,1453.0684115919669,932.9315884080332,0.0,2350.762867987445,0.3458213992372407,auto loans,36,0.5942293711565012,44407,car,57638.82046188755,0,0.275130529328442,0.31666473,0.1,Teacher_auto loans,0.5514857421989172,84627.46324754803,14141.26433198414,15401.376995230254,3686.996310979364,21799.681992937443,21741.80280575544,16960.017226712913
name198,56,high school or lower,0,0,LowSkilled,Transportation,4777,4336.829069787006,440.1709302129939,0.0,4513.38570460454,0.4099456716419553,auto loans,24,0.852672131963899,0,none,6928.678990463566,0,0.22521943812659614,0.25940886,0.25,Transportation_auto loans,1.0,108321.25691050895,24588.92531868553,30221.630678032,28596.811824374363,49721.66285106132,50455.57573367007,50314.89305039568
name199,41,ausbildung,1,0,MediumSkilled,Nursing,2061,2112.805734831895,-51.80573483189482,0.0251362129218315,1347.5948944739655,0.8737369647206503,simple loans,36,0.6789910865142457,0,none,3527.399902298068,0,0.5056781878854906,0.3077049,0.3,Nursing_simple loans,1.0,48513.416201062755,24984.40934354732,14893.618773726266,13729.296784900758,19397.151556982357,22638.764380463523,22661.140275040114
name200,37,ausbildung,0,1,MediumSkilled,Electrician,1504,1510.616525373521,-6.616525373520972,0.0043992854877134,926.7210571000954,0.3984517064905218,auto loans,24,0.6205702011127768,27936,car,33918.98874498986,0,0.351281389433858,0.32819492,0.14,Electrician_auto loans,0.0,22241.30537040229,0.0,0.0,0.0,0.0,0.0,0.0
name201,55,bachelor degree,1,0,Unemployed_HighSkilled,Finance,9297,6291.5815454954045,3005.4184545045955,0.0,5710.06510801781,0.5045872617512815,auto loans,48,0.2909160646997112,11044,liquid assets,33604.325841102574,1,0.5540545304686025,0.647895,0.76,Finance_auto loans,0.9616450163414143,274083.1251848549,149708.14135366393,164468.0989519125,200313.71026194474,97994.82678866689,81302.69450305213,58118.12021784877
name202,51,high school or lower,1,0,LowSkilled,Transportation,4088,4116.029532723458,-28.029532723458036,0.0068565393159143,3741.3701548907216,0.3349048009285562,simple loans,24,0.922064502841042,10945,liquid assets,17307.97366531747,0,0.3788606872654908,0.34834623,0.16,Transportation_simple loans,0.8842542788509604,89792.88371737732,32156.895363170344,26995.912156735594,13577.355820005256,36008.45577744912,36600.72981214283,33893.84583030363
name203,54,high school or lower,0,1,LowSkilled,Agriculture,4636,3909.093310465557,726.9066895344426,0.0,2315.633966219555,0.4914359554452408,mortgages,12,0.3426935454454513,17790,liquid assets,29020.52480179835,0,0.1164864285383618,0.08385283,0.13,Agriculture_mortgages,0.3905532021895558,27787.60759463466,1269.7470778907525,965.8759823271533,1334.8623126543807,4181.378007178331,3663.538926748026,4345.95721100414
name204,37,bachelor degree,0,0,HighSkilled,Research,2163,1418.3956860455005,744.6043139544995,0.0,1408.473722586586,0.8993735856255456,auto loans,48,0.3069206697328185,78667,house,83444.85578888134,0,0.17160576628498567,0.09524681,0.12,Research_auto loans,0.191890302974156,67606.73868415612,2438.9385830090946,1089.7385158125742,1530.8231531652825,5641.284929672437,4622.159541351992,5052.444012830972
name205,61,bachelor degree,1,0,Unemployed_HighSkilled,Finance,9964,6117.836703036309,3846.163296963691,0.0,2882.202835000533,0.8706513169762348,mortgages,24,0.0,0,none,33182.477846135866,0,0.5522713092455066,0.6391816,0.63,Finance_mortgages,1.0,69172.86804001279,38183.42315808706,42956.351052847946,44478.15414972822,25793.974856405006,21774.53981426647,22228.814054605977
name206,53,high school or lower,0,0,LowSkilled,Construction,4487,2896.190424817868,1590.809575182132,0.0,3090.8136880848183,0.4207082967941276,auto loans,12,0.3343000028755708,14557,liquid assets,23807.77158737508,0,0.2929319236657268,0.3186706,0.13,Construction_auto loans,0.6266232208494624,37089.76425701782,6647.0139562340155,6972.392261783933,2998.128672567091,10861.723899990999,10822.05917088793,9307.105637581177
name207,60,bachelor degree,1,1,HighSkilled,Consultant,19831,15922.060700677768,3908.939299322232,0.0,12904.72106526469,0.2817980956597267,mortgages,12,0.4536221958520729,63250,house,124413.97355913628,0,0.14422328555333194,0.2258331,0.14,Consultant_mortgages,0.7153235889275754,154856.65278317628,14732.758012877019,25034.611360227114,16726.66511236413,45872.72119810277,50866.16977836976,45448.55997365562
name208,54,ausbildung,2,0,MediumSkilled,Teacher,9148,6506.058897994321,2641.9411020056787,0.0,5902.534739801741,0.7702937005691888,auto loans,12,0.3564269389807676,46093,car,67842.51564789523,0,0.5318182608616377,0.5013357,0.1,Teacher_auto loans,0.44432118375563645,70830.4168776209,16616.92806732802,16522.51370330911,3461.86001402667,12120.235927255317,12656.875145070537,11436.614822014457
name209,34,bachelor degree,0,2,HighSkilled,Finance,1770,1559.6800295128792,210.31997048712083,0.0,477.940012060337,0.926415775033204,auto loans,48,0.1511977636006871,52907,house,71280.43354210538,0,0.4273412304742137,0.5189057,0.35,Finance_auto loans,0.0,22941.120578896174,0.0,0.0,0.0,0.0,0.0,0.0
name210,50,post graduate degree,1,1,HighSkilled,Consultant,14668,15474.042203267354,-806.0422032673541,0.05495242727484,5312.09595773191,0.7388471125788438,auto loans,12,0.4171078648076946,14964,liquid assets,50382.512661339824,0,0.5235978899958633,0.2968682,0.18,Consultant_auto loans,0.7764044485060126,63745.15149278292,27567.054688655302,14550.653641767785,8859.071434953858,19294.902765365634,23124.526425993437,21773.164209270046
name211,51,ausbildung,3,0,MediumSkilled,Teacher,7984,5341.348138257524,2642.6518617424763,0.0,7084.163261084096,0.6197029229716289,auto loans,48,0.5563015279736497,32046,car,46109.668902722784,1,0.7558165764491213,0.76894754,0.4,Teacher_auto loans,0.9195954141967724,340039.8365320366,238276.6946311397,239840.1900027351,127893.9213965041,70040.73134837029,66605.60529251974,139755.23663390853
name212,49,ausbildung,1,0,MediumSkilled,Electrician,6635,6430.210127341137,204.7898726588628,0.0,2971.161800683752,0.4675224830058805,auto loans,12,0.4169362363262832,34828,car,52557.509922912286,0,0.4381860518146646,0.35755047,0.22,Electrician_auto loans,0.16530219249627787,35653.94160820502,2581.429526909104,2186.5533207380768,1267.1400645786698,2548.7384144203606,2705.1134669835315,2696.0956294329003
name213,35,post graduate degree,0,0,HighSkilled,Doctor,1858,1492.44540601507,365.5545939849301,0.0,1078.1857312430843,0.6945619535077081,auto loans,48,0.3835474366297924,25490,car,24878.74168961452,0,0.16952880094304487,0.21154231,0.19,Doctor_auto loans,0.5808732005329019,51752.91509966805,5320.953013260755,6493.366389063973,4960.210436090535,13031.86692694971,13665.879839681647,13386.795558594753
name214,39,bachelor degree,1,0,HighSkilled,Consultant,2484,1141.344242778789,1342.655757221211,0.0,884.9115744650217,0.9047052321230572,auto loans,12,0.0,29054,car,41721.84125409804,0,0.33266711555622513,0.31380972,0.11,Consultant_auto loans,0.0,10618.93889358026,0.0,0.0,0.0,0.0,0.0,0.0
name215,32,ausbildung,1,0,MediumSkilled,Teacher,1292,630.7767668621335,661.2232331378665,0.0,714.6807024781268,0.6493901038528187,auto loans,24,0.0413757502633593,0,none,3445.5449867694538,0,0.31579335479054427,0.23384254,0.17,Teacher_auto loans,1.0,17152.336859475043,5471.595458172539,4253.779541149811,2692.9168869375817,7992.018289602606,7912.05648715993,7440.844553140306
name216,46,post graduate degree,1,1,HighSkilled,Engineering,8654,4866.085394629465,3787.914605370536,0.0,6972.470276177046,0.883827797634038,auto loans,24,0.3679865577543922,44646,car,78620.73484219688,0,0.265583243220789,0.28248465,0.07,Engineering_auto loans,0.7722724518798371,167339.2866282491,34763.27919747939,35280.20528220027,8787.743440255012,60277.71975144905,60396.19416883198,40205.41229522559
name217,51,high school or lower,1,2,LowSkilled,Agriculture,4068,5704.978890084432,-1636.9788900844324,0.4024038569529086,2772.781683592071,0.8566096436240448,auto loans,12,1.0840119404317856,0,none,4966.283558937624,1,0.8454832768732723,0.8509763,0.83,Agriculture_auto loans,1.0,33273.380203104854,28315.64655284223,28249.09979243602,27883.092610201868,4869.666136284181,4705.156667768202,5329.677255262674
name218,43,high school or lower,0,1,LowSkilled,Construction,1727,1714.629698990244,12.370301009756076,0.0,1699.2004663869582,0.8697544004708602,auto loans,12,0.9767401073405918,15184,liquid assets,18801.93718557092,1,0.7019037640709168,0.654461,0.92,Construction_auto loans,0.2938462927589941,20390.405596643497,4188.15991960573,3990.4356315556743,5518.305130124288,1603.0941673959646,1819.371604833721,465.04162677458214
name219,53,ausbildung,0,0,MediumSkilled,IT Support,8861,3268.165692789553,5592.834307210447,0.0,4325.198518455741,0.2101029350674967,mortgages,36,0.0,22868,car,46566.63366436628,0,0.10504948305192618,0.14043202,0.1,IT Support_mortgages,0.8744629597610416,155707.14666440667,15386.094953075713,19198.578658262613,13616.013232810366,50452.560924496436,55919.221762520625,49480.108362722145
name220,37,bachelor degree,0,1,HighSkilled,Finance,2268,1384.2590551801625,883.7409448198375,0.0,2198.3097127745195,0.9973727605106631,auto loans,12,0.5796158588865441,50088,house,55745.18935363511,1,0.416201125660869,0.37127298,0.67,Finance_auto loans,0.0,26379.716553294234,0.0,0.0,0.0,0.0,0.0,0.0
name221,31,bachelor degree,0,3,HighSkilled,Engineering,1785,1791.860622029985,-6.860622029985052,0.003843485731084,919.0688587934278,0.7779455878448096,mortgages,24,0.5187280004612957,75223,house,84726.83862540987,0,0.13215275226154258,0.11888939,0.14,Engineering_mortgages,0.0,22057.652611042267,0.0,0.0,0.0,0.0,0.0,0.0
name222,64,high school or lower,0,0,LowSkilled,Construction,4962,3295.7814777530307,1666.218522246969,0.0,2404.6569743740665,0.4087386028685025,auto loans,12,0.1488187126414948,14287,liquid assets,21633.15592557407,1,0.22144350648490735,0.24632667,0.62,Construction_auto loans,0.5292068714538678,28855.8836924888,3634.434199801405,3939.8488384401794,9467.853797801981,6992.524093276919,7083.757818718201,5014.849502350327
name223,59,ausbildung,0,0,MediumSkilled,Electrician,9870,7538.513458524278,2331.4865414757223,0.0,8739.27414479773,0.8060027081438512,auto loans,36,0.6492186021602844,17675,liquid assets,39607.29005165878,1,0.37230049148060057,0.5166404,0.59,Electrician_auto loans,0.9465483577466673,314613.8692127183,110482.77649544823,154258.97095590885,171233.41370588337,135593.7938238988,117269.68949616597,103878.3970562537
name224,44,bachelor degree,1,2,HighSkilled,Doctor,5750,5459.140456680382,290.85954331961784,0.0,1299.608139279397,0.7630430219693667,auto loans,24,0.1754345384277876,36166,car,54227.36946130248,0,0.2570935194025022,0.16194946,0.1,Doctor_auto loans,0.010508572526098952,31190.59534270553,93.74182912123321,57.03174219263838,29.171408362901243,152.58073719948052,140.38146693344245,119.10995690031244
name225,65,bachelor degree,1,1,HighSkilled,Doctor,20000,18279.98763789557,1720.0123621044297,0.0,13208.545692700827,0.626539555067825,auto loans,12,0.5744266665298199,28403,car,68991.4739509085,0,0.20123777843799495,0.15083157,0.05,Doctor_auto loans,0.8468908211066983,158502.54831240993,24833.35535824318,17853.16898727753,5503.60848479984,60475.607606306156,56344.54082250984,35371.54513940956
name226,48,ausbildung,0,3,MediumSkilled,IT Support,5990,5328.610496966114,661.3895030338863,0.0,4898.169550187268,0.5663256983950697,mortgages,24,0.7073088559521505,10453,liquid assets,23598.88156264932,1,0.27246376684196083,0.2787567,0.31,IT Support_mortgages,0.9154794467777395,117556.06920449444,29810.78576059286,30779.36724739912,33362.25121221584,50252.98873730344,50285.19196324001,50201.78554170938
name227,65,post graduate degree,0,0,HighSkilled,Engineering,20000,17647.315858378006,2352.684141621994,0.0,7180.449899538641,0.897048374378128,mortgages,36,0.2413882878958323,68053,house,113689.02303353455,0,0.168968520221275,0.12772731,0.1,Engineering_mortgages,0.8170537317754261,258496.19638339107,38650.566588578964,26823.07080190999,22598.96516381393,91479.93447698938,84072.89788772195,76751.24911193951
name228,47,ausbildung,3,0,MediumSkilled,Teacher,5220,3142.823688918127,2077.176311081873,0.0,3614.080556574577,0.8761239068250976,auto loans,36,0.2944261006691004,0,none,11047.924379223185,1,0.780718539354847,0.7996559,0.89,Teacher_auto loans,1.0,130106.90003668476,101093.06132850406,106427.44423000813,116835.99623294293,26416.56779900484,24301.46909231149,13753.867862797817
name229,30,high school or lower,0,0,LowSkilled,Agriculture,1018,830.96212515885,187.03787484115003,0.0,586.5845280722165,0.6116807625913158,auto loans,24,0.3924819776336605,14786,liquid assets,15149.474509713084,0,0.2825761109880671,0.17602697,0.17,Agriculture_auto loans,0.004773279662588264,14078.028673733195,18.815543028146227,11.826912760549055,12.902086647871698,31.40519680152316,29.405523495103175,29.151282084429255
name230,55,ausbildung,0,0,MediumSkilled,Nursing,9356,6389.034513487238,2966.9654865127623,0.0,4611.499136845756,0.3590082077806302,simple loans,36,0.1757731562989518,0,none,19704.372454971075,0,0.09510775940496885,0.07448385,0.08,Nursing_simple loans,1.0,166013.9689264472,16767.41086157117,12949.089576262882,12285.033700557093,59113.39104521491,53153.361512782234,54893.57741011295
name231,47,ausbildung,0,0,Unemployed_MediumSkilled,Nursing,2602,1228.3969487899694,1373.6030512100306,0.0,1568.802770370144,0.5508161202166074,simple loans,24,0.0750191080553856,45491,car,43401.94784971889,0,0.27510546402433084,0.25656086,0.06,Nursing_simple loans,0.0,37651.266488883455,0.0,0.0,0.0,0.0,0.0,0.0
name232,64,ausbildung,1,1,MediumSkilled,Electrician,9975,7451.329703701072,2523.6702962989275,0.0,5055.113230446382,0.9470073648260148,simple loans,36,0.253778740265409,0,none,19824.71008808845,1,0.5762651105751389,0.6805066,0.75,Electrician_simple loans,1.0,181984.07629606975,103366.95533616761,127934.80563613703,136488.0572220523,65114.32991455979,51703.6941259066,41639.54355759004
name233,61,high school or lower,0,0,LowSkilled,Manufacturing,4960,5996.395957189184,-1036.3959571891835,0.2089507978203999,3587.3404748652497,0.6115313120293909,mortgages,36,0.932204925817426,11261,liquid assets,17719.798866332872,0,0.44597309566399673,0.3447142,0.23,Manufacturing_mortgages,0.9173652244473363,129144.25709514899,55918.996586994996,40636.05048588832,29736.58504944014,50839.242932690795,54696.73425381768,54535.56014035519
name234,44,high school or lower,0,0,LowSkilled,Transportation,1962,1563.5676915148886,398.4323084851114,0.0,1166.8972856190908,0.5381451992345611,simple loans,36,0.3916743002721607,13026,liquid assets,16529.35003230844,1,0.25100431376465043,0.21562707,0.65,Transportation_simple loans,0.7059455142639508,42008.302282287266,6880.09283346175,6405.603672533352,19631.989033412407,13779.611349215795,13523.735097284865,9102.118426586143
name235,65,high school or lower,1,0,LowSkilled,Transportation,5000,5948.00876337792,-948.0087633779204,0.189601752675584,1420.8100438621173,0.5940520877090123,simple loans,24,0.4737637614480075,0,none,7450.10747883098,0,0.48401330235591905,0.56826466,0.17,Transportation_simple loans,1.0,34099.44105269082,17117.91940845079,20255.067985298345,5796.904978957439,14021.326589218865,12375.366724900994,14792.657251357698
name236,45,ausbildung,0,0,MediumSkilled,IT Support,3831,3009.6563281482563,821.3436718517437,0.0,3611.078341887788,0.6304464978386173,auto loans,24,0.7282001226927811,24919,car,34063.86211613919,0,0.3456751582536908,0.27338645,0.27,IT Support_auto loans,0.7548320812911463,86665.88020530692,23812.21997055756,18578.76503197348,18055.419538115075,30190.33915186057,30550.40663837252,30536.295916642746
name237,38,ausbildung,1,0,MediumSkilled,Teacher,1473,1009.5147440454082,463.4852559545918,0.0,454.926607875786,0.2410709111413624,mortgages,24,0.0,33457,car,38825.23116438505,0,0.12753570577385745,0.23498505,0.12,Teacher_mortgages,0.0,10918.238589018863,0.0,0.0,0.0,0.0,0.0,0.0
name238,51,bachelor degree,0,0,HighSkilled,Doctor,15648,14619.000402316466,1028.9995976835344,0.0,4568.18156451697,0.3452131678621464,auto loans,24,0.2261747166943657,63314,house,120785.44096795568,0,0.09201756222377426,0.054301143,0.07,Doctor_auto loans,0.5976952803382203,109636.35754840728,5832.092877953941,3014.3401391672055,3473.044073388302,23016.053899456405,18012.653204777645,20386.866950519943
name239,39,bachelor degree,0,0,HighSkilled,Consultant,2506,3279.9730896745173,-773.9730896745173,0.3088480006682032,715.5296392701206,0.7119235248616965,auto loans,24,0.5943745925557214,59349,house,65935.91169676377,1,0.421621403199898,0.52767307,0.43,Consultant_auto loans,0.0,17172.711342482893,0.0,0.0,0.0,0.0,0.0,0.0
name240,64,bachelor degree,0,0,HighSkilled,Research,19987,16060.475967596789,3926.524032403211,0.0,19655.04701335433,0.2497299952455177,auto loans,36,0.7869376585255978,67074,house,122700.7723339326,1,0.04502841599704043,0.167295,0.29,Research_auto loans,0.933949836731199,707581.692480756,35685.673532984925,111022.09543595312,186358.5173389213,164828.31049534923,285496.34838784713,308871.82639517164
name241,57,high school or lower,1,1,LowSkilled,Manufacturing,4854,5174.030536003486,-320.0305360034863,0.065931301195609,4018.305353668626,0.3304860547540434,simple loans,12,0.8937651194215313,19901,liquid assets,26878.982175893936,1,0.3966045674264212,0.47583506,0.72,Manufacturing_simple loans,0.6071050326029162,48219.664244023515,12031.77874235049,13846.791593994603,21106.843000571058,13116.722698083746,12156.728959145976,7412.790285934148
name242,63,high school or lower,0,0,LowSkilled,Transportation,4999,3688.078270688567,1310.9217293114334,0.0,4296.90166682268,0.7748359559154866,auto loans,60,0.5973154505923677,23706,car,33408.27560732128,1,0.42102156418631925,0.35869873,0.23,Transportation_auto loans,0.9216956846778612,257814.10000936082,105268.38153848634,84357.28091684572,53703.50841466798,104401.92611657502,109004.31974093971,109384.71174090088
name243,53,post graduate degree,0,1,HighSkilled,Doctor,17466,16003.159068680534,1462.840931319466,0.0,16812.761796376668,0.2627226562539569,auto loans,24,0.8788458069997253,67570,house,96224.46614163429,0,0.060472566740488655,0.061698083,0.12,Doctor_auto loans,0.8833339585013781,403506.28311304003,27088.740978023874,21029.417338202744,38850.95745532372,103378.55119181598,104398.25810406786,138814.1451924519
name244,35,bachelor degree,0,3,HighSkilled,Engineering,1788,1745.2047627844354,42.79523721556461,0.0,1240.4209078598658,0.3490719505263469,auto loans,24,0.6698130149017344,0,none,3848.742794725963,1,0.08956092765581798,0.12030548,0.66,Engineering_auto loans,1.0,29770.101788636777,2738.8493645545836,3334.251400327319,19082.635246516176,10337.971227091615,11604.701397676596,8917.759637704712
name245,40,ausbildung,0,0,MediumSkilled,Artist,1813,1770.164470864986,42.83552913501399,0.0,1002.9733082620154,0.8579923297967412,simple loans,60,0.529585096043575,18933,liquid assets,20113.766020300514,1,0.5348263381563613,0.6809231,0.81,Artist_simple loans,0.7017546157572108,60178.398495720925,23057.836026633926,29519.097770361015,34713.44544669064,16189.404044235453,11984.713227439914,7508.038881535156
name246,33,bachelor degree,1,0,HighSkilled,Engineering,1600,1438.3740950040649,161.62590499593534,0.0,507.135876812168,0.8717442536369662,auto loans,24,0.2159437323851454,52194,house,50690.13930953992,0,0.2688549575825467,0.24092618,0.18,Engineering_auto loans,0.0,12171.261043492032,0.0,0.0,0.0,0.0,0.0,0.0
name247,65,ausbildung,0,1,MediumSkilled,Teacher,9966,5820.50686762229,4145.49313237771,0.0,4951.579361423728,0.3044342103670019,auto loans,36,0.0808836272372083,17845,liquid assets,44134.97383284576,0,0.08938684326394461,0.05909705,0.2,Teacher_auto loans,0.9045299851641581,178256.8570112542,12737.85510599614,8545.649628073357,32086.495773332044,55945.671058450775,46238.46061083709,72555.63243580023
name248,53,bachelor degree,1,0,HighSkilled,Consultant,17642,17035.211273345187,606.7887266548132,0.0,6768.307921823161,0.5331726162832167,auto loans,12,0.3492528735499574,44374,car,74758.38909877003,0,0.32644167408077945,0.29471055,0.29,Consultant_auto loans,0.5329497197838727,81219.69506187794,14067.954460351819,12120.083842764645,12726.088034902874,20114.199834204344,20227.722090089275,20231.391334548836
name249,61,bachelor degree,2,0,HighSkilled,Research,19814,20222.135444357507,-408.13544435750737,0.020598336749647,5443.0627242677065,0.5022765959165427,mortgages,12,0.2953062566178063,45298,car,94560.71416512916,0,0.3384774660879075,0.3457446,0.29,Research_mortgages,0.40691406385805684,65316.752691212474,9063.202098977194,9116.358709528378,7734.286835197545,12300.989745588602,12265.466272336578,12422.398109149664
name250,50,high school or lower,0,0,LowSkilled,Construction,3827,3558.111128944154,268.8888710558458,0.0,2952.0545453737845,0.8339030447667788,simple loans,36,0.7011146261609456,0,none,5960.007629231075,0,0.584701007828185,0.57275295,0.19,Construction_simple loans,1.0,106273.96363345624,62914.18647100609,61001.25512560388,18916.76552675521,37441.97756724472,38264.93543705519,47324.643590090316
name251,33,bachelor degree,0,2,HighSkilled,Research,1700,1888.5751209800571,-188.57512098005736,0.1109265417529749,1048.153732050747,0.4262168540461074,auto loans,12,0.7274875606063556,31921,car,37927.4717224608,0,0.17422690963378334,0.10640941,0.25,Research_auto loans,0.0,12577.844784608966,0.0,0.0,0.0,0.0,0.0,0.0
name252,44,bachelor degree,1,0,HighSkilled,Finance,5687,4258.928144195503,1428.071855804497,0.0,4910.881861288287,0.7173664465860308,auto loans,12,0.6124160375389115,55186,house,56685.11575355506,0,0.40420565031511435,0.26371324,0.12,Finance_auto loans,0.34922124158423745,58930.58233545945,8499.461996884638,5289.011460531119,1893.3426240033577,9168.225309948033,9595.479007725584,8014.932692472547
name253,36,high school or lower,0,1,LowSkilled,Manufacturing,1073,963.4254139884532,109.5745860115469,0.0,724.6149314675034,0.9182196571998104,mortgages,48,0.573196966874144,21305,car,29020.2941340248,0,0.6085273546984317,0.60007834,0.62,Manufacturing_mortgages,0.47885376941383084,34781.51671044016,10342.916697671864,9826.603625807407,10342.916697671864,5601.753190441577,5697.464912890704,5469.523308645824
name254,65,high school or lower,2,0,LowSkilled,Manufacturing,5000,3221.5832405715846,1778.4167594284154,0.0,3731.680501212344,0.6820165046378797,auto loans,24,0.3906527483567857,8556,liquid assets,16025.799718803224,1,0.6187370788939569,0.6707258,0.78,Manufacturing_auto loans,0.9094602549023564,89560.33202909626,50011.25931134143,56934.64211502876,63450.7671067345,26820.178968847074,23745.568176570454,16587.513889051144
name255,34,high school or lower,3,0,LowSkilled,Manufacturing,1023,777.6487643534789,245.3512356465211,0.0,212.82696187260063,0.7199183992054884,simple loans,24,0.0,8979,liquid assets,11723.735210178646,1,0.815291979399493,0.84400094,0.91,Manufacturing_simple loans,0.0,5107.847084942416,0.0,0.0,0.0,0.0,0.0,0.0
name256,30,high school or lower,0,1,Unemployed_LowSkilled,Construction,500,408.50592710990605,91.49407289009396,0.0,144.63116938997516,0.7104952665297712,mortgages,24,0.1062741929997624,0,none,922.8493900580078,0,0.5628719690094549,0.3354506,0.21,Construction_mortgages,1.0,3471.1480653594035,1961.1986569280627,1093.411640588212,767.1237224444282,1271.5552354516599,1608.2893827761786,1575.9845932812439
name257,39,bachelor degree,0,0,HighSkilled,Consultant,2537,1681.7401996577123,855.2598003422875,0.0,2074.636206891641,0.5112478511461602,simple loans,48,0.4806371330505926,16870,liquid assets,26990.715982593465,0,0.13465927119347434,0.076990284,0.1,Consultant_simple loans,0.8388961304219804,99582.53793079878,10525.965121696145,6348.994835308786,7017.310081130763,33848.01394628383,27152.36048522946,30357.923257637525
name258,57,bachelor degree,0,1,HighSkilled,Finance,19240,10907.089847860598,8332.910152139402,0.0,4225.967778866489,0.4354220747378553,auto loans,36,0.0,33394,car,92228.8821978211,0,0.29892289220301477,0.14095148,0.14,Finance_auto loans,0.8122983817408191,152134.84003919363,36455.77088921943,16312.412736871069,17671.780464943655,57730.91184430231,50811.40811687133,50702.80461211578
name259,47,bachelor degree,2,0,Unemployed_HighSkilled,Finance,5028,3455.2644493960647,1572.7355506039353,0.0,2609.538987999326,0.8966338122507844,auto loans,36,0.2062059342472932,55988,house,76175.15558378256,1,0.850751833651061,0.87946266,0.62,Finance_auto loans,0.5860696093155965,93943.40356797574,45807.73502394831,47569.57098640786,33860.28490351948,7796.755344838567,6356.264540348548,18080.629335053556
name260,53,high school or lower,0,0,Unemployed_LowSkilled,Transportation,2242,2267.984971982083,-25.984971982083152,0.0115900856298319,1087.7911400250714,0.3708969362673098,auto loans,60,0.496777926854217,0,none,3264.184413042145,0,0.34432166382839413,0.4799289,0.41,Transportation_auto loans,1.0,65267.46840150429,22125.671788109954,31197.849895919047,25389.04520818517,30137.785203510655,26971.20342948291,28942.92903688461
name261,41,bachelor degree,0,0,HighSkilled,Finance,3102,2703.282063267159,398.7179367328408,0.0,863.3547680010652,0.9591853318623076,simple loans,24,0.1497862125300529,18167,liquid assets,27280.722720756054,1,0.23811497318806638,0.34286213,0.65,Finance_simple loans,0.16734060859189087,20720.514432025564,904.9870922973683,1230.9211408642366,2125.5060826754284,1602.8256291202447,1602.045662808797,1064.236245774654
name262,60,ausbildung,1,0,MediumSkilled,IT Support,9887,4877.536658396296,5009.463341603704,0.0,7843.202598926058,0.4274744438889832,simple loans,48,0.2866126486621173,40866,car,69549.82080186217,0,0.26408977347358503,0.18692686,0.11,IT Support_simple loans,0.9072331642663882,376473.7247484508,88802.85662733947,63186.647984837706,40985.93382800283,159262.2499543251,151556.55251776477,128817.61317916421
name263,58,ausbildung,0,1,MediumSkilled,Electrician,9759,7694.553432278553,2064.4465677214466,0.0,9027.915871150752,0.8684672476274575,auto loans,36,0.7135433244624764,0,none,19325.258017400367,0,0.4394836452061436,0.4618149,0.25,Electrician_auto loans,1.0,325004.97136142704,144952.21722719647,147877.26196944932,80276.22792627248,140371.82839892842,137146.01016515796,150963.81671795982
name264,37,high school or lower,1,0,LowSkilled,Agriculture,1103,707.7424771939651,395.2575228060349,0.0,864.2700730728114,0.9794852006598876,auto loans,12,0.4252153674222815,14589,liquid assets,14705.935138312809,1,0.5652735097467829,0.5980003,0.8,Agriculture_auto loans,0.0,10371.240876873737,0.0,0.0,0.0,0.0,0.0,0.0
name265,44,high school or lower,0,0,LowSkilled,Construction,1922,1673.9218074025423,248.0781925974577,0.0,1480.935576976678,0.9879117646872684,simple loans,24,0.6414450491046932,7507,liquid assets,9778.434331612698,1,0.6667565311038813,0.5966899,0.83,Construction_simple loans,0.8010677149971239,35542.45384744027,19474.78800564845,16912.315899642068,24058.765884170956,8385.354281296492,9804.652995187998,4560.585741936206
name266,41,bachelor degree,1,0,HighSkilled,Research,3419,4639.436758256656,-1220.4367582566556,0.3569572267495337,1306.407123143019,0.63923133755392,auto loans,36,0.7390593393973894,43454,car,57291.714096314136,0,0.5270873949369393,0.47429726,0.23,Research_auto loans,0.21237757803191354,47030.65643314868,5223.858362111608,4524.680378654987,2277.3225746872786,3874.035729123437,4155.334494201917,4597.821547553591
name267,54,bachelor degree,0,0,HighSkilled,Doctor,18244,14758.69509512769,3485.3049048723096,0.0,3761.291199217502,0.4132256056538578,auto loans,36,0.0151275101044284,48089,car,93651.00104769303,0,0.10600669189623893,0.06719824,0.07,Doctor_auto loans,0.696273880443949,135406.48317183007,10276.519724809705,6788.1598182229245,5468.239853568468,35057.73147192851,28772.629260677713,29331.59135689382
name268,41,ausbildung,1,0,MediumSkilled,Teacher,2071,1831.7111278092425,239.28887219075773,0.0,1177.9116033272182,0.7688977623934088,auto loans,60,0.4532219850972769,31585,car,32048.58956692051,0,0.5432663882649222,0.5447553,0.22,Teacher_auto loans,0.6194663145644983,70674.6961996331,24035.545879675996,24779.81597066778,9981.975338007516,16564.34927668218,16525.192058146225,20027.686062479934
name269,32,bachelor degree,0,0,HighSkilled,Research,1662,1554.7657839704566,107.2342160295434,0.0,1634.7518876528218,0.7503088297972186,simple loans,24,0.9190840382811544,33073,car,38627.32091939212,0,0.20757867630561563,0.10806723,0.1,Research_simple loans,0.28126628130354436,39234.04530366772,2052.549808288678,1313.1904687438316,1158.697472421028,5000.098618810152,4133.972376843101,4010.1575720488
name270,36,ausbildung,1,0,MediumSkilled,Electrician,1369,1437.345664009029,-68.34566400902895,0.0499237867122198,1117.234599071341,0.7103966225309,auto loans,24,0.8660191841346749,46125,car,52148.84449079527,0,0.6886393791346916,0.80816114,0.15,Electrician_auto loans,0.0,26813.630377712187,0.0,0.0,0.0,0.0,0.0,0.0
name271,51,bachelor degree,1,2,HighSkilled,Consultant,15722,14899.036975336958,822.9630246630422,0.0,9167.701466837165,0.5816842303868106,simple loans,48,0.5307682509969548,31825,car,73336.18532804826,1,0.4324475082116586,0.49658912,0.75,Consultant_simple loans,0.9382265083070546,440049.67040818394,167623.7038939887,199827.27262239045,312952.6294375454,179526.10212418257,167083.50549998533,94467.40179693131
name272,42,ausbildung,0,1,MediumSkilled,IT Support,2295,2231.7822216614427,63.21777833855731,0.0,1417.2321875471634,0.2744026149977768,auto loans,24,0.5899844920298938,19871,liquid assets,24807.33672056473,0,0.1818127907834841,0.2049,0.11,IT Support_auto loans,0.4438951272824065,34013.57250113192,2914.002605280828,2974.396441659705,1645.7320413244054,6657.832988972334,6825.169808643433,5694.482808937166
name273,48,high school or lower,1,1,LowSkilled,Construction,3187,1752.568846148621,1434.431153851379,0.0,1019.6105777443408,0.2212224973777002,auto loans,48,0.0,20359,car,30650.53086916611,0,0.5160315760738531,0.60192496,0.2,Construction_auto loans,0.6450002576280784,48941.30773172836,16856.861355061006,19634.771091475555,6408.132687410833,12441.590122963236,10759.141290787873,14204.873701027916
name274,32,post graduate degree,0,0,HighSkilled,Engineering,1805,1710.8457991592254,94.1542008407746,0.0,625.1491741369756,0.357377090659567,simple loans,36,0.2941800406073135,37090,car,49994.888738778645,0,0.06601581942748172,0.04897079,0.08,Engineering_simple loans,0.0,22505.37026893112,0.0,0.0,0.0,0.0,0.0,0.0
name275,32,high school or lower,0,0,Unemployed_LowSkilled,Cleaning Services,510,353.09488598434785,156.90511401565217,0.0,377.0753147537953,0.3285978973422583,auto loans,24,0.4317062759571434,0,none,890.1116890470837,0,0.41741312903160177,0.21603392,0.17,Cleaning Services_auto loans,1.0,9049.807554091087,3873.317633150985,1891.4097788050371,1583.71632196594,3988.47310280463,4128.19961962176,3925.8913696432373
name276,30,post graduate degree,0,1,HighSkilled,Research,1600,1249.5545537129822,350.44544628701783,0.0,1096.006486147537,0.2880375076965931,mortgages,60,0.4659756499128245,31169,car,39378.88136855848,0,0.10248485356438236,0.13882133,0.13,Research_mortgages,0.5953408669520363,65760.38916885223,4423.932722174319,5402.678899646514,5128.6299699543,14366.50679174184,16019.530831903152,15677.765204418058
name277,52,bachelor degree,1,1,HighSkilled,Finance,16720,15302.069220862566,1417.930779137434,0.0,4269.595066745946,0.3945889513676034,simple loans,12,0.1705540841871119,35549,car,79082.65071600268,1,0.34911279031807757,0.26212016,0.33,Finance_simple loans,0.40647752903074896,51235.14080095135,7080.817366986492,5560.5242264276285,7143.295167283432,9596.840461443693,9706.878243387735,9666.942630335207
name278,41,ausbildung,0,1,MediumSkilled,Teacher,2099,1469.302595052948,629.6974049470521,0.0,844.7354230488432,0.5442987182779861,simple loans,24,0.1024478409251029,11186,liquid assets,17588.388329965874,0,0.139802074678301,0.12444017,0.11,Teacher_simple loans,0.47643789601205155,20273.65015317224,1332.960660837727,1313.6423903908035,1120.4596859215676,3961.2398444876308,3810.451603991801,3643.006159379547
name279,32,high school or lower,3,0,Unemployed_LowSkilled,Transportation,522,340.564057153349,181.43594284665105,0.0,500.4422716941918,0.3474161929844709,auto loans,48,0.6111232353401164,0,none,1055.232469633236,1,0.8775822405941497,0.8539241,0.75,Transportation_auto loans,1.0,24021.229041321207,20994.554182114734,20538.150830329632,18568.410048941292,2814.7595767603925,3332.8826676823687,5496.266669758858
name280,64,high school or lower,0,1,LowSkilled,Manufacturing,4983,3282.9185266510844,1700.0814733489156,0.0,3302.44846407042,0.8044417468038387,auto loans,24,0.3215667250093326,8884,liquid assets,17174.63127960117,0,0.33465407460332885,0.3890237,0.22,Manufacturing_auto loans,0.8937680253308483,79258.76313769008,24014.40344649142,28193.901391456002,16505.474935199116,32831.036029937524,31911.738066385537,32405.687079082785
name281,55,high school or lower,0,1,LowSkilled,Cleaning Services,4681,3754.590583595058,926.409416404942,0.0,4132.632203987406,0.2792102006533338,auto loans,24,0.6849439836749549,0,none,8420.930171401142,1,0.24884230826845577,0.3218048,0.56,Cleaning Services_auto loans,1.0,99183.17289569773,24795.793223924433,32036.16484531037,54848.29461132085,46051.62153197919,46147.58121049761,36510.96842570586
name282,31,high school or lower,1,4,LowSkilled,Transportation,1014,1066.89683164911,-52.89683164911003,0.0521665006401479,654.5578064351924,0.4656498684973392,mortgages,36,0.6976870198070044,18788,liquid assets,18212.7358050322,1,0.6031060528300528,0.51433563,0.33,Transportation_mortgages,0.24331393909321408,23564.081031666927,3485.9493811713533,2809.399994694018,1880.5779556319144,1949.5666115272138,2265.1570730912485,2661.351037141801
name283,54,ausbildung,0,0,MediumSkilled,Teacher,9196,6789.656423407835,2406.343576592165,0.0,5035.955104928096,0.8196140457055595,simple loans,12,0.2859516668481874,34052,car,57079.38958068626,0,0.21727098894729482,0.12560514,0.11,Teacher_simple loans,0.5191022850329152,60431.461259137155,6964.164337304153,3513.4522782795734,3387.9718397695883,14322.865458276548,12415.424268237428,11831.442458305524
name284,48,bachelor degree,0,0,HighSkilled,Engineering,11641,13232.733232081042,-1591.733232081042,0.1367350942428521,2402.6466092491823,0.8277270240906269,simple loans,24,0.3431303016347585,60257,house,87772.06775392716,0,0.23521251558056444,0.253796,0.21,Engineering_simple loans,0.27413114565263397,57663.51862198037,4109.915269773423,4141.530002617834,2987.5922537968345,7296.756336088795,7351.528758691695,7176.924024175175
name285,55,bachelor degree,2,0,HighSkilled,Engineering,18794,9429.457315639123,9364.542684360877,0.0,8125.977325860014,0.7972342312725871,mortgages,60,0.0,61189,house,100054.0907924809,1,0.4315960285408953,0.22257507,0.25,Engineering_mortgages,0.9128008437715852,487558.63955160085,198044.5522190182,101470.01776614867,118826.73133141093,193672.16972587985,203939.87001685664,206721.54995489836
name286,40,ausbildung,0,0,MediumSkilled,Teacher,1765,1390.8604103794332,374.1395896205668,0.0,1363.7341063317376,0.5683444363704192,auto loans,36,0.5606767800063291,0,none,3279.060200587315,0,0.22041181632562692,0.19310926,0.22,Teacher_auto loans,1.0,49094.427827942556,10064.357704728223,10506.207555179706,10800.774122147363,22464.861894421858,21937.130146003532,22458.53030713997
name287,50,ausbildung,0,1,MediumSkilled,Nursing,7347,4961.227401376368,2385.772598623632,0.0,6969.411462575748,0.8506382475455561,auto loans,24,0.623878979713096,0,none,15860.51546429404,0,0.268482796469417,0.20180322,0.12,Nursing_auto loans,1.0,167265.87510181795,47670.77440401811,34289.504395872675,17897.44863589452,78058.59920896558,75397.27732414058,65142.71303022838
name288,35,high school or lower,0,1,LowSkilled,Agriculture,1043,1034.536674580914,8.463325419086004,0.0,240.78013677782172,0.3063624665592069,auto loans,24,0.2227390329422202,5500,liquid assets,6316.201190629636,0,0.17158689638856991,0.08140933,0.31,Agriculture_auto loans,0.10736047608018613,5778.723282667721,98.64463075929514,48.39170565550327,198.530074484116,269.7735126835382,206.73430705824393,289.4022057879721
name289,32,high school or lower,1,1,LowSkilled,Manufacturing,1000,867.8462034553431,132.15379654465687,0.0,519.6030757095988,0.4570192018836225,simple loans,24,0.3874492791649419,16468,liquid assets,19187.86820960292,1,0.4746978295747822,0.5214987,0.57,Manufacturing_simple loans,0.0,12470.473817030372,0.0,0.0,0.0,0.0,0.0,0.0
name290,51,ausbildung,1,0,Unemployed_MediumSkilled,Nursing,3915,1446.027822241964,2468.972177758036,0.0,3128.890137570808,0.3661351156315847,auto loans,60,0.1685614201309761,39574,car,55156.85048041051,1,0.49818105663924034,0.5216504,0.77,Nursing_auto loans,0.8199254590823604,187733.40825424847,71422.31403985384,82197.2321062111,118678.02613087781,62163.5871219909,60180.519389294306,32650.42458034344
name291,64,ausbildung,0,1,MediumSkilled,IT Support,9968,11563.484259836308,-1595.4842598363066,0.1600606199675267,8036.911929858085,0.631335581103617,simple loans,48,0.9663318809886028,0,none,17258.79388349235,0,0.40399272392076513,0.34295166,0.17,IT Support_simple loans,1.0,385771.7726331881,149679.44778167698,140806.69701111366,64423.88602974242,171888.2405892902,178232.8622737851,167351.4120361551
name292,30,high school or lower,0,3,LowSkilled,Transportation,1007,912.8397826574268,94.1602173425731,0.0,649.4941180686294,0.8769043814082365,mortgages,24,0.5514735856266696,0,none,1640.8904001292728,0,0.5015557593961378,0.4403997,0.38,Transportation_mortgages,1.0,15587.858833647106,8355.09233483485,6624.84000430002,6188.379956957901,6267.132778792092,6726.45513356156,7064.139929322003
name293,63,high school or lower,0,3,LowSkilled,Cleaning Services,4979,5250.617967891531,-271.6179678915314,0.0545527149812274,4600.4781473055245,0.9660163380331388,auto loans,24,0.978529045028531,5846,liquid assets,14963.844924829804,0,0.6869375785737982,0.375536,0.17,Cleaning Services_auto loans,0.949917067015434,110411.47553533259,76144.14687389824,43630.8059222337,15627.380005800052,29281.042122319323,47662.63904067992,45498.684374074204
name294,59,bachelor degree,0,0,HighSkilled,Research,19504,12991.00642791293,6512.993572087071,0.0,5804.49995225446,0.749122183142669,auto loans,12,0.0,62828,house,109496.0782078656,1,0.17375644745800078,0.20580634,0.5,Research_auto loans,0.37258747361311506,69653.99942705352,5242.345950062198,5008.776081000021,13053.960459808344,11320.381729715511,11740.978302915832,10455.712197374349
name295,50,post graduate degree,0,0,HighSkilled,Engineering,14521,10311.589595197262,4209.410404802738,0.0,10363.331686839423,0.7651209117245638,auto loans,24,0.4237945927991658,0,none,41092.9631124652,0,0.12709060401281466,0.17023323,0.14,Engineering_auto loans,1.0,248719.96048414614,34572.07450729632,37059.27411213778,33825.91462584388,98836.60988778819,107934.80465835119,102046.55612345209
name296,37,ausbildung,0,0,MediumSkilled,Electrician,1474,662.0105171412674,811.9894828587326,0.0,1012.6109212004,0.6827389041021258,auto loans,60,0.1361068102725016,19164,liquid assets,25320.66952466212,1,0.35973156278021173,0.46223477,0.62,Electrician_auto loans,0.7003969409233819,60756.655272024,15787.450708000228,19532.182951407292,26681.21723427532,19510.113369144332,17948.565142023872,13974.495839926698
name297,43,ausbildung,0,2,MediumSkilled,Nursing,2724,2615.4291046743056,108.57089532569444,0.0,1017.417162293954,0.6811860061268729,simple loans,24,0.333644004026527,46407,car,52957.74294942085,0,0.19904782729272952,0.13379183,0.14,Nursing_simple loans,0.0,24418.011895054897,0.0,0.0,0.0,0.0,0.0,0.0
name298,65,ausbildung,2,0,MediumSkilled,IT Support,9997,6887.025093762601,3109.9749062373994,0.0,2257.6314800255363,0.2156772518879198,auto loans,24,0.0,10622,liquid assets,34580.90668151728,0,0.3572694891244296,0.24797583,0.11,IT Support_auto loans,0.8130843670709356,54183.15552061287,15683.749709608555,10837.647271246362,5727.211972609866,20223.662799497113,20448.959726326677,16615.81179936056
name299,53,bachelor degree,0,0,HighSkilled,Consultant,17716,9714.02686678319,8001.97313321681,0.0,17601.322121562618,0.5843891757863175,simple loans,36,0.5418462964747013,55877,house,104818.60699638016,0,0.12488530226335677,0.09380802,0.13,Consultant_simple loans,0.9386488643034057,633647.5963762542,70183.16641144414,61261.577460836845,79699.52795875861,234925.19303026554,210584.99251311604,238179.8605150031
name300,47,ausbildung,0,1,MediumSkilled,Teacher,5239,3060.132189155383,2178.867810844617,0.0,2215.6641108936383,0.8747509035377362,auto loans,48,0.0070235350351252,27118,car,34860.15431537161,0,0.32864475659783904,0.37080568,0.1,Teacher_auto loans,0.7828668771553899,106351.87732289464,27392.33012411854,32304.63248680241,7659.8613113036645,38663.52176350353,37942.97830488179,30256.15639071255
name301,58,high school or lower,0,0,LowSkilled,Construction,4896,2443.455347316754,2452.544652683246,0.0,4800.715640540073,0.8117788693762606,simple loans,12,0.4796100873890577,22819,car,33428.56923507628,1,0.4629649231411482,0.51131874,0.61,Construction_simple loans,0.6624559950559137,57608.587686480874,18013.00881997759,19157.903448366,22592.587333531217,16083.64149743324,15141.09964746203,12797.058466335127
name302,61,ausbildung,1,0,Unemployed_MediumSkilled,IT Support,4937,4425.807653260068,511.192346739932,0.0,2763.7274972200253,0.9789403450837492,mortgages,36,0.4562558538545864,16809,liquid assets,30294.95249958555,1,0.7567767759133546,0.76476973,0.42,IT Support_mortgages,0.8395267085779898,99494.18989992091,61810.74202929242,63481.3026246787,34413.5482649574,18642.54604750558,18084.866511909866,36731.00785894821
name303,45,high school or lower,1,0,LowSkilled,Agriculture,2183,1941.933153934597,241.06684606540307,0.0,1815.4936213562544,0.9478768047123846,auto loans,12,0.7212216103027262,0,none,3753.156774110482,1,0.5709050681890876,0.74466044,0.84,Agriculture_auto loans,1.0,21785.923456275053,12483.334140445604,16622.659597137867,18256.603856358495,7869.954279039755,5080.686095828258,3295.51702220164
name304,42,high school or lower,0,0,LowSkilled,Construction,1546,1123.7780848855484,422.2219151144516,0.0,1147.8227212476477,0.2165295971934949,auto loans,48,0.4693407542905538,0,none,2648.057631189119,0,0.3419704370288189,0.19338432,0.2,Construction_auto loans,1.0,55095.49061988709,18842.657792001384,11074.193614597305,11129.289105217193,25465.017284538768,24625.887288092097,24792.365944560286
name305,44,bachelor degree,1,1,HighSkilled,Finance,5798,3894.066579593999,1903.933420406001,0.0,4987.311510049713,0.578892763698486,mortgages,60,0.5318002914183706,25284,car,38985.06057983371,1,0.3854716102920405,0.56143475,0.69,Finance_mortgages,0.9279496920241124,299238.6906029828,105795.48974974663,151890.1125803449,200761.51991881052,125391.15091661747,101969.38003901938,76866.91352041131
name306,32,bachelor degree,2,0,HighSkilled,Consultant,1641,1022.8825554262752,618.1174445737249,0.0,1542.6104201347246,0.3637331032415795,mortgages,48,0.5633717096654477,47357,car,53851.9919872058,0,0.347881493380626,0.34427193,0.1,Consultant_mortgages,0.4535647654922507,74045.30016646678,11418.67532997432,11116.416277122058,3224.0965637574545,15484.447061487816,15508.16034414777,12204.429554970035
name307,53,high school or lower,0,3,LowSkilled,Transportation,4479,4639.718396017694,-160.71839601769443,0.0358826514886569,2273.7857704425123,0.8341245253139158,auto loans,12,0.5435374339049357,0,none,6537.115872834414,0,0.4594403205389916,0.5058005,0.45,Transportation_auto loans,1.0,27285.429245310148,12469.441165106738,14106.566919825347,12251.157731144256,11543.98240625474,10907.741622191712,11660.523629198171
name308,62,post graduate degree,0,2,HighSkilled,Consultant,19841,16667.558170984543,3173.441829015457,0.0,7815.036332583748,0.4679135794452195,mortgages,36,0.2339395445576478,70281,house,119271.33740938212,0,0.1740842197619149,0.21009399,0.09,Consultant_mortgages,0.8260969445944519,281341.30797301495,40672.65910832501,52061.00365865602,21614.613126138436,101427.03615245326,105530.21352690595,80875.55091723117
name309,52,ausbildung,1,0,MediumSkilled,IT Support,8412,7957.507925576954,454.4920744230458,0.0,5610.444192820526,0.8977944343966058,mortgages,24,0.6129282118874798,26289,car,47690.66854965043,0,0.5551767194558848,0.49817452,0.19,IT Support_mortgages,0.8335326613890505,134650.66062769262,63637.655230620454,52750.790050073396,19416.780167367437,41651.37357922393,45326.79039379707,49979.462811266996
name310,40,ausbildung,0,1,MediumSkilled,Electrician,1804,2497.601750811176,-693.6017508111759,0.3844799062146207,543.49750159192,0.3599745060250188,auto loans,12,0.6857534658553746,12897,liquid assets,16159.82624742114,1,0.5308924608610124,0.581833,0.77,Electrician_auto loans,0.0,6521.970019103041,0.0,0.0,0.0,0.0,0.0,0.0
name311,35,bachelor degree,0,0,Unemployed_HighSkilled,Research,940,749.6068767877788,190.3931232122212,0.0,810.6237821876337,0.3443620054060662,auto loans,12,0.659819849973843,34785,car,40575.69886797999,0,0.21094892038381088,0.06723012,0.13,Research_auto loans,0.0,9727.485386251603,0.0,0.0,0.0,0.0,0.0,0.0
name312,34,high school or lower,1,1,LowSkilled,Cleaning Services,1049,1412.6505862955464,-363.6505862955464,0.3466640479461834,592.8445306250328,0.3806377790856435,auto loans,60,0.9118161267117056,21444,car,23417.329765595576,1,0.8972576598389305,0.9337785,0.77,Cleaning Services_auto loans,0.4873494268360783,35570.67183750197,15705.823958155821,16329.896433314329,13434.893562440133,1715.604851999748,1118.597555613255,3677.099860306492
name313,57,bachelor degree,1,1,HighSkilled,Research,19246,15366.779920443692,3879.220079556308,0.0,16214.97924459246,0.2243401267949115,mortgages,36,0.6409518427224438,10577,liquid assets,55913.2566703702,0,0.0927585663776222,0.17831933,0.05,Research_mortgages,0.9827043804181519,583739.2528053286,59085.24143764297,98092.97364890242,21798.43858864498,202157.8512403874,251804.99991825,151158.35136592662
name314,39,bachelor degree,0,0,HighSkilled,Engineering,2690,1695.0118600693895,994.9881399306104,0.0,1602.7067141744808,0.8517568831160872,mortgages,48,0.2259176855925169,39333,car,41553.33973454181,0,0.09871094133557295,0.16547653,0.19,Engineering_mortgages,0.5643234380886161,76929.92228037507,4601.815972714036,7901.231198433534,9029.978512495469,15694.221517395516,18701.493987805396,19332.314662873938
name315,52,ausbildung,0,1,MediumSkilled,Teacher,8546,8041.599650466325,504.4003495336746,0.0,2956.03156700656,0.985514056838334,mortgages,24,0.2868747036593594,37911,car,57087.080505359445,0,0.31063534688000205,0.2759932,0.26,Teacher_mortgages,0.5443408052054955,70944.75760815744,12280.564221127534,10272.421644087814,10272.421644087814,18012.24879328081,18039.895787084402,17990.790428768407
name316,32,high school or lower,0,0,LowSkilled,Cleaning Services,1008,1195.8599370266031,-187.85993702660312,0.1863689851454396,944.4215655643565,0.9341713971236149,auto loans,60,1.123295141459285,6896,liquid assets,9229.126781164274,1,0.8822752619825294,0.88793296,0.86,Cleaning Services_auto loans,0.8856009186460416,56665.29393386139,44512.17585413677,45014.004217768525,42304.13105415704,5663.444548880979,5401.049887497644,6686.511109161488
name317,53,high school or lower,2,0,LowSkilled,Construction,4510,4072.020440523685,437.9795594763154,0.0,2223.123191279636,0.7466121001012083,mortgages,12,0.39581898709608,0,none,7308.431689979904,1,0.7351712506325322,0.8324494,0.85,Construction_mortgages,1.0,26677.478295355635,20595.01324401455,22435.75924639409,22409.08176809873,6428.497255610808,4215.105241551959,3795.9188657701893
name318,45,ausbildung,0,0,MediumSkilled,IT Support,3874,2652.0391404399247,1221.9608595600753,0.0,2155.244915878955,0.5246738472658414,simple loans,48,0.240909668641941,0,none,9419.580437815202,0,0.20305011184452423,0.12633902,0.16,IT Support_simple loans,1.0,103451.75596218984,21517.965240135487,15310.859882404096,16655.732709912565,46686.34433035767,41025.917236576744,44161.07401793468
name319,39,ausbildung,0,1,MediumSkilled,Artist,1645,1632.039326050667,12.96067394933334,0.0,1142.8507244892646,0.8957872398170625,simple loans,48,0.686863252607861,37278,car,50024.43749083132,1,0.621908956468136,0.7434527,0.76,Artist_simple loans,0.4207498398733871,54856.834775484705,14448.708784289023,17864.697442555436,18003.183469241914,7548.878314482084,5405.609266858618,5089.430413981071
name320,44,ausbildung,0,0,MediumSkilled,Teacher,3210,2885.641252294773,324.3587477052265,0.0,2259.032076109634,0.4884431575177385,auto loans,60,0.6027019714655475,22825,car,31617.083009233247,0,0.2828868943671565,0.28350022,0.16,Teacher_auto loans,0.8564569331221519,135541.92456657803,33316.630633820685,31227.085855392914,18921.988826873774,54253.460592199546,54254.680840467685,49554.25344869817
name321,50,ausbildung,0,0,MediumSkilled,IT Support,7377,4684.617795201833,2692.382204798166,0.0,5490.930286198986,0.2502232226031852,mortgages,24,0.3793612689983489,48849,car,66295.5723928732,1,0.08971336153114602,0.18053332,0.63,IT Support_mortgages,0.6828896632298073,131782.32686877568,8099.350993355274,16108.70919789549,57865.36320808268,31273.400702323223,39618.2352372101,28919.32957974534
name322,48,high school or lower,0,1,LowSkilled,Manufacturing,3186,2680.5735703245373,505.4264296754627,0.0,887.2971321558797,0.4872912335208096,simple loans,12,0.1198589775519199,20484,car,26020.76702750796,0,0.24600705975786738,0.16735165,0.19,Manufacturing_simple loans,0.0,10647.565585870556,0.0,0.0,0.0,0.0,0.0,0.0
name323,62,high school or lower,1,0,LowSkilled,Transportation,5000,3603.395950055151,1396.604049944849,0.0,3254.660506756476,0.2523148387383362,auto loans,24,0.3716112913623253,0,none,8690.57196270175,1,0.21862737950295366,0.25408614,0.64,Transportation_auto loans,1.0,78111.85216215542,17965.725997295747,20309.081562160412,51163.26316621181,35698.60076410075,36330.66988864422,24542.315459197172
name324,56,bachelor degree,0,1,HighSkilled,Research,19043,10562.638299060998,8480.361700939002,0.0,5666.0916338495,0.905752509061608,mortgages,12,0.0,52134,house,98169.47332789024,0,0.21262918280871235,0.12848718,0.16,Research_mortgages,0.46706802895016747,67993.099606194,6764.326842254094,3779.130958818015,4890.640064352725,14449.081845954737,12667.05387166064,13556.473857124489
name325,56,ausbildung,0,0,MediumSkilled,Artist,9503,11240.09042103504,-1737.09042103504,0.182793898877727,7952.421608682185,0.3736916818919218,mortgages,12,1.019626647344757,0,none,20503.16444711415,0,0.31459366607727374,0.26685286,0.29,Artist_mortgages,1.0,95429.05930418623,29392.150265689357,26147.56224934703,27388.140020301445,44475.8748294736,44521.69473547828,44602.45879359618
name326,63,ausbildung,2,2,MediumSkilled,Nursing,9932,7535.060815058463,2396.939184941537,0.0,5619.601943306753,0.2461258722721269,mortgages,48,0.3244726901294015,22299,car,41817.075122052,1,0.34034160175290007,0.34375978,0.72,Nursing_mortgages,0.9293829334400115,269740.89327872416,91502.79267240006,93006.94816838473,181250.73726615135,115943.52414545843,115786.05688507177,63479.74642184161
name327,56,bachelor degree,0,0,HighSkilled,Engineering,19112,12997.466035339674,6114.533964660326,0.0,4018.5237725978254,0.6385596989250464,auto loans,48,0.0,58454,house,117813.1270422644,0,0.1986100458150333,0.11703416,0.09,Engineering_auto loans,0.7892254931041706,192889.1410846956,31512.236689810827,17811.264215980034,13853.205501317801,68410.18389578498,58754.41007957514,52973.859866853716
name328,38,ausbildung,1,0,MediumSkilled,Teacher,1542,2135.02816656351,-593.0281665635098,0.384583765605389,341.38651374697906,0.590659723718871,auto loans,24,0.6059757978667243,33148,car,34291.66215891639,0,0.685670364503877,0.5818046,0.23,Teacher_auto loans,0.0,8193.276329927497,0.0,0.0,0.0,0.0,0.0,0.0
name329,65,bachelor degree,0,0,Unemployed_HighSkilled,Engineering,10000,6474.909845756539,3525.0901542434613,0.0,4513.537363853284,0.9381714766715946,simple loans,12,0.0988447209609822,53268,house,96131.66988255146,1,0.22346234304112722,0.44777396,0.64,Engineering_simple loans,0.31653644574538187,54162.448366239405,4474.685502565186,7612.108671030431,10869.542561786697,7860.882621849755,7343.551245466604,5386.672944766398
name330,32,bachelor degree,1,0,HighSkilled,Finance,1678,1792.9349241486264,-114.93492414862637,0.0684951872161062,1585.9883754449827,0.8383250164693408,mortgages,24,1.0136610843823652,59508,house,61561.79177629726,1,0.5999332441826835,0.5505127,0.82,Finance_mortgages,0.0,38063.72101067958,0.0,0.0,0.0,0.0,0.0,0.0
name331,47,bachelor degree,1,0,HighSkilled,Consultant,10145,6347.4374120776265,3797.5625879223735,0.0,7387.684781078202,0.6190242485822953,simple loans,24,0.3538809456043202,31784,car,66261.97689384609,1,0.2597977302483785,0.2268561,0.69,Consultant_simple loans,0.8468715440810443,177304.43474587685,37088.057865137394,30781.58648725978,99552.15532221092,69947.88591430077,68992.80989699347,41565.63349483798
name332,65,ausbildung,0,2,Unemployed_MediumSkilled,Artist,4989,3813.423040018273,1175.5769599817272,0.0,2121.333795601758,0.3115505957000026,simple loans,36,0.1895684176428203,0,none,9727.443012643946,0,0.4077455912613569,0.45030493,0.4,Artist_simple loans,1.0,76368.01664166329,32685.511122631884,34441.975505390146,30318.102606740325,33926.9352938765,32625.808238927766,34131.31382067113
name333,56,bachelor degree,0,1,HighSkilled,Engineering,19201,16606.45944671151,2594.54055328849,0.0,5378.495096495531,0.5961873532714153,simple loans,12,0.1449900808919868,14154,liquid assets,54954.69244153664,0,0.11532835907916215,0.07823156,0.1,Engineering_simple loans,0.7909078427124591,64541.94115794636,6533.981113050346,4236.878377993584,4900.48583478776,19595.871046039254,16711.27898015486,18550.199404106617
name334,49,high school or lower,1,0,LowSkilled,Manufacturing,3517,3954.3222742999255,-437.3222742999256,0.1243452585441926,2520.562868823093,0.9462281128160568,simple loans,36,0.8410250620196243,22105,car,29296.26900731254,1,0.8232032566770243,0.77908146,0.54,Manufacturing_simple loans,0.792820497241799,90740.26327763135,59494.99251889259,56185.71844891792,38560.23698927017,11956.160041024013,14706.831730760188,27359.069212995386
name335,40,ausbildung,0,0,MediumSkilled,Electrician,1836,2394.3716418482018,-558.3716418482018,0.3041239879347504,1638.167476075986,0.3764211040658727,simple loans,48,1.196372068586159,29721,car,35533.627083793064,1,0.6380449206695397,0.7695359,0.9,Electrician_simple loans,0.6778725337729351,78632.03885164733,32621.129640204006,41735.857039672774,48292.06446736083,16822.40213668734,11327.141976331037,5138.788917997386
name336,52,ausbildung,0,1,MediumSkilled,Nursing,8388,8912.639887762227,-524.6398877622269,0.0625464816120919,5279.510638197066,0.8885676256285551,simple loans,48,0.6919588132998681,38995,car,54665.53100596136,0,0.4118017698046804,0.3978484,0.57,Nursing_simple loans,0.8688378407296022,253416.5106334592,92694.87649358608,82126.33950619386,126382.08814089884,97494.68155522803,98562.77214958057,79664.11395774296
name337,62,ausbildung,0,0,Unemployed_MediumSkilled,Teacher,4968,3031.92912723621,1936.0708727637896,0.0,1778.6139050427153,0.8628280581340755,mortgages,24,0.0,39399,car,39023.46314666833,0,0.3467762708710395,0.42124113,0.19,Teacher_mortgages,0.2133768596901704,42686.733721025164,3224.359861905289,3834.6200617574204,1685.0468204872275,4201.520952629561,4001.024100843702,4056.0258821204566
name338,50,high school or lower,0,0,LowSkilled,Agriculture,3817,3091.368800925914,725.631199074086,0.0,1967.344733155972,0.7522509764067196,auto loans,48,0.3253113791149819,14895,liquid assets,20898.23844044149,0,0.29496236412602916,0.24692264,0.14,Agriculture_auto loans,0.850346034273802,94432.54719148666,22403.795420972565,22403.795420972565,11643.54959154488,37524.109702631264,37257.98124671213,32946.183095927925
name339,50,post graduate degree,1,0,HighSkilled,Engineering,14445,13350.555628031852,1094.4443719681476,0.0,11071.038111609423,0.4760385835880097,mortgages,48,0.6906606950253565,31051,car,59740.286920618935,0,0.1761974273894154,0.12537287,0.09,Engineering_mortgages,0.9500885972928005,531409.8293572523,81791.59993658541,67149.89377509791,41905.57280701599,220986.60529795656,199691.90580780443,175689.74925775145
name340,46,high school or lower,0,0,LowSkilled,Agriculture,2499,2118.969773325575,380.0302266744252,0.0,1138.7132161287727,0.728606102206611,auto loans,60,0.303594633635193,0,none,4224.191989856698,1,0.3105546591753417,0.3508689,0.67,Agriculture_auto loans,1.0,68322.79296772636,22546.5216793497,25279.433398058754,45912.91687431212,31867.545450703998,31459.134638050433,19955.49224271643
name341,36,post graduate degree,0,0,HighSkilled,Research,2037,1880.1123280070208,156.88767199297922,0.0,866.4856566064749,0.3607955876950636,auto loans,12,0.3483544352545388,35193,car,39943.8491028317,1,0.07614372212212166,0.124784224,0.17,Research_auto loans,0.0,10397.827879277698,0.0,0.0,0.0,0.0,0.0,0.0
name342,57,high school or lower,0,0,LowSkilled,Construction,4855,5040.02438434713,-185.02438434712985,0.038110068866556,2656.91720088204,0.7395971835318882,simple loans,24,0.5853638692542059,19204,liquid assets,29947.07369229492,0,0.48962417768545924,0.46033734,0.17,Construction_simple loans,0.7136620972727684,63766.01282116896,24346.45174790256,21251.949469664476,6917.122739591007,18581.73722456182,19234.499063032774,19741.530925419007
name343,52,high school or lower,0,0,LowSkilled,Construction,4312,1940.91155392476,2371.08844607524,0.0,2427.0593556796325,0.475962400753957,simple loans,48,0.0129802666058424,0,none,8843.56648909177,1,0.2942425637631354,0.29071805,0.65,Construction_simple loans,1.0,116498.84907262237,35998.14436344031,32969.17428755213,77704.73233143913,54441.77673631492,54449.361355565095,35756.73066993454
name344,60,ausbildung,1,0,MediumSkilled,Teacher,9878,8457.464703138234,1420.5352968617665,0.0,2837.74814251592,0.3024778233776469,auto loans,24,0.1434716385557961,18166,liquid assets,36407.10326305143,0,0.19300647054376194,0.12907393,0.17,Teacher_auto loans,0.7457249096992101,68105.95542038207,10157.66149116857,6551.6916618037285,7973.764270567328,22691.50412732828,20289.301144208217,22032.4439749599
name345,57,high school or lower,0,0,LowSkilled,Cleaning Services,4874,3624.326807346881,1249.6731926531188,0.0,2384.7784173638497,0.3403108879039703,auto loans,48,0.2328898696575155,0,none,9496.994056769949,0,0.23509689531223266,0.30610618,0.16,Cleaning Services_auto loans,1.0,114469.36403346478,28159.463552232337,35371.03348634062,17628.282061153575,52836.528471723745,53430.00449921128,48864.22671950888
name346,36,high school or lower,0,0,LowSkilled,Agriculture,1069,1175.9248835916069,-106.92488359160666,0.1000232774477143,1066.1763928837229,0.4741002065645884,mortgages,24,1.0973819237374458,0,none,1619.663152996089,0,0.3160515903788034,0.2570378,0.35,Agriculture_mortgages,1.0,25588.23342920935,8597.646432214342,6704.11715845285,9109.411100798528,11921.998393171385,11911.487755473729,11786.695767427893
name347,61,ausbildung,1,1,MediumSkilled,IT Support,9945,8123.616296609077,1821.383703390923,0.0,3554.15031799876,0.219697697399972,simple loans,24,0.1742349537061676,36504,car,52589.003421853726,1,0.22414937607114518,0.18681891,0.64,IT Support_simple loans,0.6340278370879945,85299.60763197024,11573.617706509473,10329.724214688362,33963.700559289486,24808.205821588344,23995.02019406864,16992.370070940182
name348,61,high school or lower,0,1,Unemployed_LowSkilled,Cleaning Services,2482,2876.425481108779,-394.42548110877897,0.1589143759503541,573.0900524037121,0.4020909869294131,auto loans,60,0.3898128660404879,6374,liquid assets,11436.538413645245,1,0.5497561636193907,0.6958685,0.71,Cleaning Services_auto loans,0.8248914390966275,34385.40314422273,15430.13822785424,19883.32150317247,19798.2288291218,10620.344016891979,7722.702594495098,7408.096005513824
name349,60,high school or lower,2,1,LowSkilled,Manufacturing,4947,5030.432280802333,-83.43228080233257,0.0168652275727375,2879.2931141223617,0.2561535679688753,auto loans,24,0.5988933484788143,24333,car,31155.208081268756,1,0.5896415828523075,0.6674182,0.74,Manufacturing_auto loans,0.6994218787854981,69103.03473893668,28709.31158581066,31899.235095345182,35572.48034874856,16870.82630152994,14210.482604468782,11456.22559711452
name350,63,bachelor degree,0,0,HighSkilled,Consultant,19856,14725.821810175486,5130.1781898245135,0.0,9234.625901566957,0.6342728916116064,auto loans,48,0.2067107026461745,73550,house,119635.79387932149,0,0.20532418638431207,0.26104507,0.04,Consultant_auto loans,0.8845887388140621,443262.0432752139,77244.60852951824,101162.98985084116,13723.6614138738,177315.55224139403,182713.16257112782,91756.5729176925
name351,38,post graduate degree,1,0,HighSkilled,Engineering,2307,1865.5346221147784,441.4653778852216,0.0,1486.6023723132914,0.9852068711518224,auto loans,24,0.4530286061673471,57131,house,67316.40786613389,1,0.3579863524979015,0.35493577,0.76,Engineering_auto loans,0.0,35678.456935518996,0.0,0.0,0.0,0.0,0.0,0.0
name352,50,high school or lower,0,0,LowSkilled,Transportation,3836,3914.1055143717663,-78.10551437176628,0.0203611872710548,1710.8900896898929,0.2621425362018715,auto loans,24,0.4663700740515274,20171,car,22579.39285728081,0,0.2264054002981205,0.1456383,0.1,Transportation_auto loans,0.5813209155545457,41061.36215255743,5657.149387784624,3246.296695100038,2100.544920358848,10964.72388983895,9914.529701044123,8674.21092748802
name353,35,bachelor degree,1,0,HighSkilled,Research,1822,856.7656236094035,965.2343763905964,0.0,723.7810880127436,0.8954702257647538,auto loans,48,0.0,12940,liquid assets,18049.836796455027,0,0.2844261330415357,0.22301535,0.13,Research_auto loans,0.6471452483589851,34741.49222461169,6564.97515130496,5171.042071233359,2855.3145349853767,10508.008631023451,10305.619484530498,9003.3538873023
name354,37,high school or lower,0,0,LowSkilled,Agriculture,1095,563.8620888335373,531.1379111664627,0.0,1008.6169314309832,0.6113579098415243,auto loans,12,0.4360538997849502,0,none,2014.6143050660264,0,0.2256911077270575,0.14751756,0.17,Agriculture_auto loans,1.0,12103.403177171798,2795.8861339266855,1863.9240892844568,2481.1976513202185,5557.330201858952,5046.841175034911,5250.569782016057
name355,50,post graduate degree,0,0,HighSkilled,Engineering,14372,17396.76789962436,-3024.7678996243594,0.2104625591166406,6920.962624153057,0.2984606465616429,mortgages,12,0.69202132784424,27751,car,68360.45650326656,0,0.1227195353179761,0.14792417,0.07,Engineering_mortgages,0.714379668195753,83051.55148983668,7594.28349394586,7653.613833742312,4509.105824530354,23291.316646683932,24759.896328671184,18458.35096071961
name356,57,high school or lower,0,0,LowSkilled,Manufacturing,4819,3408.4433364648903,1410.5566635351097,0.0,4244.822989600341,0.7611876821639036,mortgages,24,0.5881440809431898,0,none,8721.373734497076,0,0.2725096167411001,0.16623612,0.14,Manufacturing_mortgages,1.0,101875.75175040819,27506.452972610212,16300.120280065312,13651.350734554699,47570.93012771696,43938.84517841588,41798.29233801911
name357,51,ausbildung,1,0,MediumSkilled,IT Support,8023,5741.673263415444,2281.326736584556,0.0,3701.486033788603,0.5223028997873953,simple loans,24,0.1770110055096656,21011,car,37271.98344278464,1,0.3744579793355056,0.31391278,0.61,IT Support_simple loans,0.7981793161730428,88835.66481092648,27582.741384128985,21981.10495907451,45096.71856119803,32244.025965638557,33051.59948918367,23776.817112140994
name358,62,high school or lower,1,2,LowSkilled,Transportation,4953,4775.598410583216,177.4015894167842,0.0,1989.5712377184043,0.7658750167179227,auto loans,12,0.3658731371495296,5000,liquid assets,12592.829816909958,0,0.5165657608510847,0.5703216,0.53,Transportation_auto loans,0.8019682509362877,23874.85485262085,10090.403434619922,10952.012836058055,10415.900319607663,7540.655485753967,6923.74521128999,7394.058221451667
name359,63,ausbildung,1,1,MediumSkilled,Nursing,9952,12716.496292847709,-2764.496292847707,0.2777829876253725,4165.587150790346,0.6568686208299042,auto loans,12,0.6963508283398365,45645,car,48997.69777373713,0,0.5570146168886501,0.68448365,0.29,Nursing_auto loans,0.22136402880245362,49987.045809484145,6030.606947334519,7856.387032307353,3164.6854806195815,4093.8504122997815,3110.1034836804433,5171.811402163084
name360,31,ausbildung,0,1,MediumSkilled,IT Support,1207,1467.0133827502302,-260.0133827502302,0.2154211953191634,1162.6320275387395,0.6824141782028508,auto loans,48,1.1786623117555677,31450,car,35110.64330095436,0,0.7501816093973576,0.555808,0.4,IT Support_auto loans,0.5201479147634543,55806.33732185949,21509.414541516402,15907.097393726031,12714.066894985404,6637.399461208021,10760.998749281733,12973.34226647895
name361,58,ausbildung,0,0,MediumSkilled,Teacher,9841,5581.948302701754,4259.051697298246,0.0,3417.2570212415576,0.540375410763601,auto loans,48,0.0,0,none,26006.86737413667,0,0.1673725799749321,0.18038519,0.17,Teacher_auto loans,1.0,164028.33701959476,25752.44891207638,33625.809089016926,26736.618934193946,70871.5327101953,72197.62597488191,71157.03055929071
name362,49,bachelor degree,0,1,HighSkilled,Consultant,13066,17827.73207778724,-4761.732077787241,0.3644368649768285,9683.775974730665,0.5399047679785745,simple loans,24,1.1055799825897676,75384,house,87298.81741401217,1,0.3988063573816836,0.8096414,0.77,Consultant_simple loans,0.7746475264341507,232410.62339353596,71474.41686794217,147809.81422816252,136467.52641284675,80536.01925892437,32064.526525273883,38188.53610887368
name363,40,bachelor degree,0,0,HighSkilled,Finance,2928,1453.61296069274,1474.38703930726,0.0,2683.5963862262797,0.5965949154174234,auto loans,36,0.4129813343302661,0,none,8545.598696646215,0,0.18620083063137907,0.2315113,0.15,Finance_auto loans,1.0,96609.46990414607,18259.189811883607,22316.787547857744,16133.781473992394,42831.8486947238,44508.857460912215,40485.38752195184
name364,51,high school or lower,0,0,LowSkilled,Manufacturing,4062,4521.5236846329335,-459.5236846329335,0.1131274457491219,1208.6411146564706,0.6659818509468995,auto loans,24,0.4106757260682925,11665,liquid assets,17713.133609172542,0,0.43497647025881525,0.44817287,0.11,Manufacturing_auto loans,0.6187560861851426,29007.386751755294,7681.95675750524,8292.205658802386,1956.38618357026,7785.881324137905,7684.833566186555,6769.39332178136
name365,46,high school or lower,0,0,LowSkilled,Agriculture,2476,1166.7776198378383,1309.2223801621617,0.0,1013.2992814519354,0.2103189810642951,auto loans,48,0.0,0,none,4195.740320006426,0,0.09898186314170664,0.10151287,0.08,Agriculture_auto loans,1.0,48638.3655096929,4572.006357911133,4766.5598199499045,3939.707606285125,17602.526156045686,17781.17677432669,16082.585697295232
name366,58,high school or lower,1,3,LowSkilled,Manufacturing,4899,3670.0445971651034,1228.9554028348975,0.0,1477.2728792113328,0.2761380993704805,simple loans,24,0.0506873803585293,16145,liquid assets,24936.143771791,0,0.2787202626484409,0.32096183,0.23,Manufacturing_simple loans,0.5665255987529197,35454.549101071985,5945.429258767881,6286.889722953874,4700.102859971907,9385.0540969821,9347.52082266814,9246.000487577796
name367,59,bachelor degree,0,0,HighSkilled,Research,19631,12451.953136179416,7179.046863820584,0.0,11047.849204887732,0.7043983624976295,mortgages,12,0.1970761724347791,55963,house,92139.20777265278,0,0.09582486124245734,0.09665836,0.04,Research_mortgages,0.7063878884225062,132574.1904586528,10114.070665400379,8053.797011337338,3745.952098296437,33448.89701598973,33567.46416880829,21914.797511164816
name368,61,bachelor degree,0,0,Unemployed_HighSkilled,Research,9936,9620.67930889795,315.3206911020497,0.0,5135.0352783194285,0.7159303866301892,mortgages,48,0.4850759447682547,33033,car,53834.10294788022,0,0.27182237307559215,0.12570466,0.12,Research_mortgages,0.8856598551758331,246481.69335933257,58722.415087068446,27942.264428047438,29470.357013956283,101925.53402571531,86420.41256870596,85017.8510682768
name369,59,ausbildung,0,1,MediumSkilled,Nursing,9953,6121.065457265346,3831.9345427346543,0.0,9297.1373134815,0.2828925999225403,auto loans,60,0.5491010520191747,24472,car,45294.288736459705,0,0.14282102716067585,0.16067849,0.34,Nursing_auto loans,0.96252973588312,557828.23880889,79465.0875705923,92888.24425481395,183091.8571727836,221678.1135585602,229468.02390085364,248357.23098258962
name370,43,high school or lower,0,3,LowSkilled,Agriculture,1713,1819.314497089578,-106.31449708957804,0.0620633374720245,1432.0209510847278,0.2400916299695884,simple loans,48,0.8980358716720992,0,none,2773.3778338606376,0,0.2763942781628483,0.1556653,0.4,Agriculture_simple loans,1.0,68737.00565206693,18215.306497797737,11135.394915634843,27288.591243870575,32110.735499552546,29117.105384190298,30720.770476629263
name371,32,bachelor degree,1,0,HighSkilled,Finance,1645,1869.5700220646509,-224.57002206465089,0.1365167307383895,1137.4047487383475,0.5095230829675952,mortgages,48,0.8279481889379929,44022,car,46910.58431540587,1,0.47519171379887737,0.6721735,0.78,Finance_mortgages,0.3121158584671982,54595.42793944068,7685.0845857258655,11212.3850496843,13137.916220830692,7081.593937081173,4949.09041102392,3470.195883177878
name372,59,ausbildung,0,0,MediumSkilled,Nursing,9846,6680.274446654845,3165.7255533451557,0.0,8245.34477332595,0.3289794397538809,auto loans,48,0.5159068880744258,40631,car,68615.65177873641,0,0.11472887183365511,0.16610284,0.24,Nursing_auto loans,0.9122323648926105,395776.5491196456,41158.580220459386,61737.87033068908,92065.24522997494,138330.49878126426,155683.16813000396,167038.61383057802
name373,39,bachelor degree,2,1,Unemployed_HighSkilled,Consultant,1340,1494.1176553199214,-154.11765531992137,0.1150131756118816,1040.8180252206582,0.845503115913746,mortgages,24,0.8917430451795371,41159,car,44935.97769903923,1,0.8640668337348116,0.7602771,0.81,Consultant_mortgages,0.0,24979.632605295796,0.0,0.0,0.0,0.0,0.0,0.0
name374,30,post graduate degree,0,1,HighSkilled,Research,1681,1360.501477001271,320.49852299872896,0.0,1547.542842166341,0.215395365034563,auto loans,12,0.7299490298439095,23351,car,29978.86488273608,1,0.11028685385296516,0.14697754,0.67,Research_auto loans,0.0,18570.51410599609,0.0,0.0,0.0,0.0,0.0,0.0
name375,54,bachelor degree,1,1,HighSkilled,Consultant,18253,14685.669508502786,3567.330491497214,0.0,7166.585717817237,0.6486704914568512,auto loans,24,0.1971870501462786,56258,house,113502.86865044766,0,0.44786649649890853,0.37076643,0.32,Consultant_auto loans,0.772431457816283,171998.0572276137,60715.51650925362,48226.98576117957,42647.003937572015,56901.8540957564,60546.87137091891,61843.34975936079
name376,38,high school or lower,0,0,LowSkilled,Manufacturing,1136,486.6863993137213,649.3136006862787,0.0,246.62512977532063,0.8970075523738197,auto loans,24,0.0,0,none,2075.8941717485573,1,0.38830823886775606,0.3653588,0.44,Manufacturing_auto loans,1.0,5919.003114607695,2414.9532707599396,2201.869158634063,2645.79439222964,2667.7202198360155,2705.692073939831,2555.1644093548925
name377,35,ausbildung,0,0,MediumSkilled,Electrician,1248,607.478324187005,640.521675812995,0.0,388.6214376455159,0.637307106275067,auto loans,36,0.0,40362,car,43247.21082574996,1,0.2978406841631836,0.44111004,0.54,Electrician_auto loans,0.0,13990.371755238573,0.0,0.0,0.0,0.0,0.0,0.0
name378,62,ausbildung,0,0,MediumSkilled,Nursing,9881,3264.735915511736,6616.264084488264,0.0,5129.747407934525,0.836204598541141,simple loans,36,0.0,32476,car,54251.51870451833,0,0.1827339238561677,0.09040569,0.11,Nursing_simple loans,0.8500024919250007,184670.9066856429,31865.058366375684,12557.658469507658,16795.868202966492,69298.53928335618,54726.18537923089,59202.53999638774
name379,60,high school or lower,1,0,LowSkilled,Agriculture,4936,2710.328521425737,2225.671478574263,0.0,2765.6435405495467,0.6441896716279992,auto loans,12,0.1093946640954789,23094,car,32001.206475365223,0,0.2979838472873367,0.21628995,0.17,Agriculture_auto loans,0.4067131128872173,33187.72248659456,3914.385757426392,2713.0742663541546,2402.622982144475,6306.162390013758,6158.4146416551785,5855.507736483957
name380,65,post graduate degree,0,0,HighSkilled,Research,20000,15940.545035089724,4059.454964910277,0.0,5209.156059268638,0.836203388942997,auto loans,36,0.057485054717918,41805,car,112756.36692829228,0,0.25930309023905934,0.16393004,0.1,Research_auto loans,0.8096329575165491,187529.61813367097,39779.50175009643,25203.806452351175,18371.449281533085,70719.9566692267,65241.68478571051,55174.54051336605
name381,53,bachelor degree,2,0,HighSkilled,Doctor,17536,7880.095471007051,9655.904528992947,0.0,10815.5826301846,0.6583747925838073,simple loans,12,0.0661312785807282,12129,liquid assets,62592.33716351615,1,0.2508572615135482,0.5007877,0.65,Doctor_simple loans,0.9108944547360066,129786.99156221519,30146.673982277127,60884.45921910871,79208.90811029676,54929.86335399964,47580.085402570316,36285.690533981055
name382,44,high school or lower,0,1,LowSkilled,Agriculture,1883,1447.9867465000218,435.0132534999782,0.0,1496.1547829659985,0.8728024803533241,mortgages,48,0.5635377214370791,15172,liquid assets,17632.90299134699,1,0.34680464577494724,0.4637826,0.68,Agriculture_mortgages,0.7998735841079515,71815.42958236793,20966.791744819806,26883.448045412795,39808.18268263048,26497.208614303872,24187.112732211903,16342.475722246652
name383,61,high school or lower,0,0,LowSkilled,Manufacturing,4972,4617.301511278573,354.69848872142666,0.0,4428.378927338228,0.2713214313190438,mortgages,36,0.819324303824779,6561,liquid assets,14810.191928546888,0,0.1714976576598969,0.10868155,0.1,Manufacturing_mortgages,0.9609640163972462,159421.6413841762,26962.929101711576,16085.838384543837,16851.830688569735,66607.07990605403,57515.26346388144,55671.776400572264
name384,64,ausbildung,0,0,MediumSkilled,Teacher,9935,7915.185187304624,2019.814812695376,0.0,8130.599766449667,0.5425047289869254,mortgages,12,0.6150764925771808,23546,car,45560.14143128579,0,0.11435203854340432,0.1242019,0.11,Teacher_mortgages,0.7939210059232594,97567.197197396,8055.907323783244,10147.344802073125,8675.592502535801,29642.540777186645,30537.159174291446,29214.790854003313
name385,34,bachelor degree,0,0,HighSkilled,Research,1767,839.4138111986501,927.58618880135,0.0,584.0143602257712,0.3936341801819854,auto loans,24,0.0,0,none,5719.564226993635,0,0.05283146483163229,0.093738794,0.05,Research_auto loans,1.0,14016.344645418507,700.8172322709254,1373.6017752510138,630.7355090438327,3799.4509181403587,4961.106800278355,3693.389621745941
name386,46,post graduate degree,1,0,HighSkilled,Research,8509,4760.219647253116,3748.780352746884,0.0,8153.261505855385,0.2209324875584782,mortgages,48,0.5176261785296158,64095,house,101276.11919736143,1,0.10153054036853096,0.20040482,0.75,Research_mortgages,0.8859176322078464,391356.55228105845,37097.934705607186,73155.74040077679,260725.67194968785,126758.621672803,156076.4257060679,79330.19583751383
name387,42,bachelor degree,0,0,HighSkilled,Engineering,4016,3351.3239652683533,664.6760347316467,0.0,2558.1117907969497,0.4701189044755216,auto loans,60,0.4714730468290097,12541,liquid assets,24123.20570857065,1,0.09168880777463062,0.12606904,0.66,Engineering_auto loans,0.922342571184697,153486.70744781697,14439.867087789473,19960.992739003093,95133.24199014241,49648.88874916573,56099.96748270416,42407.08951642555
name388,57,bachelor degree,1,0,HighSkilled,Finance,19129,13519.585696971086,5609.414303028914,0.0,12669.31534883931,0.5329740681572686,auto loans,24,0.3690679620372417,47448,car,96340.41984174526,1,0.30370789494019185,0.24204564,0.52,Finance_auto loans,0.8665792156472709,304063.56837214343,86953.40563365798,64029.3259666027,133065.0601363554,123029.86836594492,122017.99875222085,103264.10158766544
name389,34,ausbildung,1,0,MediumSkilled,Teacher,1299,750.5791495407747,548.4208504592253,0.0,1240.3384401388364,0.2687143356394165,auto loans,36,0.5326540336255666,24194,car,26771.17228639577,0,0.32106645298369607,0.31970587,0.11,Teacher_auto loans,0.5378716131801059,44652.18384499811,7253.176931330586,7997.708338189025,2834.0227744934077,11176.728958557964,11180.526235314574,9058.22258240229
name390,57,bachelor degree,0,0,HighSkilled,Research,19541,26069.941238137573,-6528.941238137573,0.3341150011840527,18642.82755413905,0.501050158349726,auto loans,24,1.2881515169273132,32116,car,83297.53213427502,0,0.26535412566005395,0.5610638,0.6,Research_auto loans,0.9387182104473414,447427.86129933724,109622.26580969393,239404.94832002118,254945.26952675942,195896.8288642187,154333.38813781395,143699.62301069332
name391,38,bachelor degree,0,0,HighSkilled,Engineering,2231,1809.5228797313507,421.4771202686493,0.0,642.878223548707,0.369180105028117,auto loans,60,0.0992385043837102,47168,car,55333.102214039405,0,0.05586365642826965,0.0718885,0.17,Engineering_auto loans,0.0,38572.69341292242,0.0,0.0,0.0,0.0,0.0,0.0
name392,47,high school or lower,0,0,LowSkilled,Agriculture,2791,2269.40862164549,521.5913783545102,0.0,2630.310745489141,0.8577923606596678,auto loans,24,0.7555425894427199,0,none,5486.871663155177,1,0.3623189541874565,0.41344082,0.63,Agriculture_auto loans,1.0,63127.45789173938,23041.522130484875,26513.532314530537,41222.23000330582,28903.91108799561,27915.011251417738,20286.11163561614
name393,51,bachelor degree,0,0,HighSkilled,Finance,15647,10120.135879972877,5526.864120027123,0.0,4185.873821242376,0.7863684759484424,simple loans,60,0.0,60200,house,98572.63652143796,0,0.38582987550656694,0.20343691,0.08,Finance_simple loans,0.8334533711777498,251152.42927454255,85404.12625420632,42702.06312710316,14443.344881226072,94501.63800655046,94498.49579392036,69214.26206757147
name394,43,bachelor degree,2,0,Unemployed_HighSkilled,Finance,2388,1821.5800135247632,566.4199864752368,0.0,963.7501749457354,0.9648977698778384,auto loans,36,0.1663861760764232,65948,house,73638.96581562994,1,0.8458593505537948,0.8905404,0.85,Finance_auto loans,0.0,34695.00629804647,0.0,0.0,0.0,0.0,0.0,0.0
name395,55,ausbildung,1,0,MediumSkilled,Electrician,9313,4761.444244692069,4551.555755307931,0.0,5447.597073561339,0.4876291319283599,mortgages,12,0.0962140361058099,21150,car,48729.76664725648,1,0.30592967743093374,0.24830303,0.61,Electrician_mortgages,0.7236133053274076,65371.16488273607,14569.460965721077,11021.702613678608,28618.58403980926,22080.037423799,21959.158731315616,15862.026051925532
name396,49,bachelor degree,1,0,HighSkilled,Research,13175,9608.789232625875,3566.210767374123,0.0,3340.0371451405936,0.9088754041075348,mortgages,12,0.0,55393,house,85204.96068248291,1,0.28691152689260324,0.21880333,0.68,Research_mortgages,0.03960634825580327,40080.44574168712,438.13346547289217,312.7256981817382,1119.1452650666263,741.9673805896412,725.5801195641593,451.62302568103075
name397,34,bachelor degree,1,1,HighSkilled,Engineering,1928,1394.3642765670695,533.6357234329303,0.0,828.0005995476422,0.6747723651495816,mortgages,36,0.1526788776528589,50062,house,52207.63321964499,0,0.17185837022725167,0.2131155,0.05,Engineering_mortgages,0.0,29808.02158371512,0.0,0.0,0.0,0.0,0.0,0.0
name398,58,post graduate degree,0,0,HighSkilled,Engineering,19447,13271.102016690476,6175.897983309524,0.0,9614.66507077064,0.6623441515335395,simple loans,24,0.176827638579787,26163,car,84840.30421337845,1,0.12738483984486024,0.13227953,0.58,Engineering_simple loans,0.9031252581197355,230751.96169849535,28758.913645941277,29175.709495882453,117328.03175844156,82879.14068577903,83941.62089268774,74061.39497793237
name399,53,bachelor degree,1,0,HighSkilled,Engineering,17554,15617.82077331663,1936.1792266833709,0.0,3990.581038540278,0.5861145694835883,simple loans,48,0.1170332580526892,64500,house,97316.24198039708,0,0.26765789548669555,0.17314404,0.08,Engineering_simple loans,0.7657984256944567,191547.88984993333,39018.76128291832,23469.931598747862,12761.775306819149,68445.45867460243,63928.98947274436,48503.01586657171
name400,65,high school or lower,1,0,LowSkilled,Transportation,4944,3337.859202928757,1606.140797071243,0.0,4252.856137785379,0.3461034470176945,mortgages,24,0.5353388634130535,0,none,10047.452664353556,1,0.1897769412477892,0.20638719,0.47,Transportation_mortgages,1.0,102068.5473068491,20515.77800867667,19699.229630221875,48380.49142344647,45440.49225527528,46200.10128260567,42675.44280121167
name401,35,bachelor degree,0,0,HighSkilled,Engineering,1722,1320.549348046838,401.4506519531619,0.0,361.4604594981643,0.4619196879935902,auto loans,12,0.0,45309,car,47142.02292867517,0,0.04187581219097599,0.041962065,0.07,Engineering_auto loans,0.0,4337.525513977972,0.0,0.0,0.0,0.0,0.0,0.0
name402,58,ausbildung,0,1,MediumSkilled,Nursing,9773,7472.933198162316,2300.066801837684,0.0,2158.430387625606,0.8974684727208059,auto loans,60,0.0,41449,car,63313.311931548415,1,0.34518586177335114,0.4675147,0.33,Nursing_auto loans,0.7270997242080398,129505.82325753635,31544.822205253095,45198.55121946712,30885.676666635867,43465.22799919544,39482.39638315556,43708.70528574155
name403,46,high school or lower,0,0,LowSkilled,Agriculture,2514,2606.6392877237927,-92.63928772379268,0.036849358680904,2485.1255224029724,0.7628471242885414,simple loans,12,1.025363886287496,6417,liquid assets,9599.944480607828,1,0.37367437393908565,0.47426027,0.9,Agriculture_simple loans,0.7971828048579043,29821.50626883567,8629.668700529512,11339.812589952004,21443.419195255152,10815.657190441705,9890.600312296616,2291.9265889324884
name404,51,high school or lower,1,0,LowSkilled,Cleaning Services,4078,2183.224609554393,1894.7753904456072,0.0,1716.151185012418,0.6024150184916162,auto loans,48,0.0,0,none,8132.12623237424,1,0.49759158838266615,0.57587075,0.79,Cleaning Services_auto loans,1.0,82375.25688059606,42258.50677974578,47612.89847698452,63511.32305493957,33292.960472400686,29495.002943007137,16071.739249785272
name405,32,ausbildung,2,1,MediumSkilled,IT Support,1294,1624.4010456506116,-330.40104565061165,0.2553331110128374,352.5788961473043,0.3576025047854664,simple loans,24,0.5278052100447572,44389,car,46679.4203717117,0,0.7184640889367441,0.75737906,0.27,IT Support_simple loans,0.0,8461.893507535304,0.0,0.0,0.0,0.0,0.0,0.0
name406,49,high school or lower,0,1,Unemployed_LowSkilled,Manufacturing,1770,1524.2924738321185,245.70752616788167,0.0,1613.864507131579,0.7702916836214826,simple loans,60,0.7729700457422021,14881,liquid assets,14925.772880886148,1,0.6283811597767242,0.5610356,0.8,Manufacturing_simple loans,0.8545780311524472,96831.87042789474,51718.99323942448,45264.462883144304,66531.31290319565,26686.979408765914,30408.326823234544,15431.532501200543
name407,58,bachelor degree,1,0,HighSkilled,Research,19531,19035.2245769768,495.7754230231985,0.0,19303.37767425593,0.2181898954560264,auto loans,48,0.9629615611710988,24151,car,63619.15091792793,0,0.14389705643450543,0.20076191,0.13,Research_auto loans,0.9777095025063149,926562.1283642848,131356.7466468144,190240.8054884898,115956.30048822236,374889.28110864013,407947.5167574058,362775.93251901225
name408,55,ausbildung,0,0,MediumSkilled,Teacher,9360,6718.635964605328,2641.364035394672,0.0,5389.7302287697175,0.2666132113458818,auto loans,12,0.2936288668135732,18715,liquid assets,36838.377155708135,0,0.08390572474537998,0.054564912,0.07,Teacher_auto loans,0.7240447991250316,64676.762745236614,4167.769758403963,1873.1549475972868,3043.8767898455912,15812.57082960309,12903.9282961927,14569.001098417222
name409,54,high school or lower,0,0,Unemployed_LowSkilled,Construction,2307,1490.0536832156358,816.9463167843642,0.0,860.4995089916556,0.8475765639411124,auto loans,12,0.0188787135705641,11561,liquid assets,16560.314965359936,0,0.5322973334772191,0.44464168,0.23,Construction_auto loans,0.0,10325.994107899867,0.0,0.0,0.0,0.0,0.0,0.0
name410,59,ausbildung,2,1,MediumSkilled,Electrician,9879,8108.616034942721,1770.383965057279,0.0,2814.9117837242625,0.2257987971526928,simple loans,24,0.1057321407700155,0,none,29884.738936440142,0,0.4381571446208455,0.28442866,0.27,Electrician_simple loans,1.0,67557.8828093823,28576.98442836871,19862.017545958395,19456.6702491021,29216.441547191076,31575.209147866506,31535.07616178783
name411,43,high school or lower,0,0,LowSkilled,Manufacturing,1705,962.246014223184,742.7539857768161,0.0,794.4889608902125,0.7313021348910751,auto loans,24,0.0303430939081504,10665,liquid assets,12723.995245815417,1,0.31051791435637494,0.3199092,0.63,Manufacturing_auto loans,0.4710868377457642,19067.7350613651,2820.5235300922113,2946.279356274667,6090.175010836048,4189.728952872886,4181.3769246395095,2886.5600009490067
name412,65,high school or lower,1,1,LowSkilled,Agriculture,4972,2959.5230433973443,2012.476956602656,0.0,2346.707497339203,0.3238176840279786,simple loans,60,0.067222554452242,22508,car,34436.59401254192,0,0.23119395975561058,0.19180924,0.17,Agriculture_simple loans,0.8636047382447962,140802.4498403522,28818.646092749008,24076.337242043475,20428.407356885375,56011.40212703161,54257.464378029275,52750.20626168517
name413,33,high school or lower,0,0,LowSkilled,Cleaning Services,1033,392.5730860521724,640.4269139478276,0.0,832.7741456191775,0.3662746501091473,auto loans,60,0.1862025476005323,0,none,1969.2608181435548,0,0.335576366166655,0.24215886,0.19,Cleaning Services_auto loans,1.0,49966.44873715065,17038.55901936837,12191.813491864757,9193.826567635719,23149.9575915591,23139.326856394353,22250.458128238628
name414,51,bachelor degree,0,0,HighSkilled,Engineering,15869,12654.693088867349,3214.3069111326517,0.0,7759.072846264909,0.377984687188612,auto loans,48,0.2863927112692834,76815,house,127421.2629602054,0,0.0807918318287317,0.075733155,0.11,Engineering_auto loans,0.8563861871500223,372435.4966207156,29662.22118666159,28067.47811210989,33489.604565585665,105924.21571336116,102896.140922519,120293.56063073227
name415,63,high school or lower,1,1,Unemployed_LowSkilled,Manufacturing,2493,2769.304604788099,-276.3046047880989,0.1108321719968307,2195.7792340669694,0.3736205410424763,mortgages,48,0.9916100436642872,10611,liquid assets,18061.94191464317,0,0.6101955677636751,0.46718544,0.32,Manufacturing_mortgages,0.9044667879939723,105397.40323521453,59961.59553248074,44804.37186051819,31172.403400828614,31953.199778249196,39985.738397435896,44374.35428736569
name416,46,bachelor degree,0,0,HighSkilled,Engineering,8597,8407.362008408534,189.63799159146583,0.0,7712.121773583557,0.4543415476300388,simple loans,48,0.8750126534828535,56318,house,87493.67440377949,0,0.09804038843817874,0.067050174,0.08,Engineering_simple loans,0.8941458037672854,370181.84513201076,33099.65434556185,21845.771868070824,25486.73384608262,119328.46180841226,100908.75550165455,109446.11768610193
name417,43,high school or lower,0,1,LowSkilled,Manufacturing,1676,1587.245059517189,88.75494048281098,0.0,1327.795871775032,0.3357712516460543,auto loans,12,0.7392845652101556,0,none,2577.553497427143,0,0.27280700553005616,0.20837629,0.28,Manufacturing_auto loans,1.0,15933.550461300385,4525.128331009309,3107.0423399535753,4971.26774392572,7440.461614443932,7224.446270712466,7445.54181567244
name418,38,ausbildung,0,0,MediumSkilled,Teacher,1506,1414.4002966403,91.59970335970002,0.0,1355.729318523268,0.522037186932464,auto loans,12,0.839395494796526,30614,car,27825.562636718427,0,0.24954071009759832,0.1938347,0.08,Teacher_auto loans,0.0,16268.751822279215,0.0,0.0,0.0,0.0,0.0,0.0
name419,62,high school or lower,0,0,LowSkilled,Construction,4983,5644.096421881781,-661.0964218817808,0.1326703636126391,3118.8484291591667,0.361294366396977,auto loans,36,0.7585681017541536,9327,liquid assets,14993.656672770538,0,0.46953274881045737,0.327944,0.29,Construction_auto loans,0.9212714997329178,112278.54344973,46857.87701662743,34341.75534110443,30411.072500857535,43271.67357251174,48044.70715680876,48346.22446275425
name420,36,post graduate degree,0,0,HighSkilled,Consultant,1878,1599.9620932432697,278.0379067567303,0.0,615.0339146296893,0.573851043304619,simple loans,48,0.1794440936490729,0,none,4949.639373500686,0,0.1479690235000834,0.128342,0.22,Consultant_simple loans,1.0,29521.62790222509,4014.9413947026123,3867.333255191487,6199.541859467268,12321.168280709553,11770.73679982628,13504.839638458345
name421,46,high school or lower,0,4,LowSkilled,Transportation,2508,2179.315543655702,328.6844563442978,0.0,2122.943734437858,0.331795986402047,simple loans,36,0.7154143852047689,0,none,3914.4643725764254,0,0.29184155335220147,0.19406365,0.08,Transportation_simple loans,1.0,76425.97443976288,23768.478050766254,16355.158530109256,6801.911725138896,35718.85731783329,34184.654868299156,25270.73577712711
name422,42,post graduate degree,0,1,HighSkilled,Consultant,3913,3548.1772082055936,364.8227917944064,0.0,800.5833789119109,0.3240606985207355,simple loans,12,0.1113622762886543,0,none,9029.702856042768,0,0.07535202348945445,0.07575891,0.13,Consultant_simple loans,1.0,9607.00054694293,557.20603172269,806.9880459432062,1104.805062898437,3092.2157100312224,3099.7971532184224,3847.174639360623
name423,34,ausbildung,1,1,MediumSkilled,Electrician,1294,1198.2860647709267,95.71393522907329,0.0,1213.1873325191111,0.4686090744312017,auto loans,48,0.8635806779675718,0,none,2278.966101998509,1,0.6351340142872973,0.6443432,0.6,Electrician_auto loans,1.0,58232.99196091734,36919.71690322159,37210.88186302618,35056.26116047223,18500.09940265325,18113.472136583296,19923.538166880833
name424,47,high school or lower,1,0,LowSkilled,Construction,2806,2804.5231308456373,1.4768691543627028,0.0,2368.65510911686,0.4167664687588754,auto loans,48,0.8436130577200631,0,none,4624.602295521037,0,0.6770844075259934,0.68211126,0.42,Construction_auto loans,1.0,113695.44523760927,78336.16176871277,77881.37998776235,47865.7824450335,32598.498649453435,32162.717893344,49996.96873112939
name425,32,ausbildung,1,1,MediumSkilled,IT Support,1224,1442.4554323750328,-218.45543237503284,0.1784766604371183,1038.603100717903,0.3021830790722257,auto loans,36,1.0270086054680851,21471,car,24729.62741620322,1,0.7012511682012414,0.63482535,0.74,IT Support_auto loans,0.5108420200974026,37389.71162584451,13599.367902277694,12319.652102484708,14516.17922153237,5120.130068753102,6072.193114152892,4527.348774654726
name426,45,post graduate degree,1,1,HighSkilled,Engineering,6946,8606.863652957069,-1660.8636529570686,0.2391108052054518,2159.962913478957,0.2716229571332834,simple loans,24,0.5500758085856645,34020,car,42881.72804869672,0,0.24285901839479734,0.1382377,0.05,Engineering_simple loans,0.4397570341957893,51839.109923494965,5927.119441179471,2895.1698808838187,1504.5764735301734,10560.174820275504,9315.469153815377,6007.042268453016
name427,63,bachelor degree,0,0,Unemployed_HighSkilled,Research,9922,5786.420395137997,4135.579604862003,0.0,8421.339192101304,0.5206003442873063,auto loans,12,0.4319451307437312,62869,house,85482.85762728956,0,0.1419158719681598,0.19955947,0.12,Research_auto loans,0.5670058363501217,101056.07030521566,8079.212814294835,11631.774477318098,6704.027654414864,23610.031542212408,25773.07456008126,22315.59290933239
name428,61,post graduate degree,2,0,HighSkilled,Finance,19924,17451.332018787765,2472.6679812122347,0.0,13069.023396608654,0.9872649206242954,auto loans,48,0.5318387580504126,49843,car,86118.65037843857,1,0.7692132420068546,0.73181003,0.8,Finance_auto loans,0.932227424061924,627313.1230372154,454973.2304864564,421639.7161706106,463160.4094412255,124432.56145420841,142516.31997214246,109054.91924130797
name429,38,high school or lower,0,1,LowSkilled,Manufacturing,1157,1012.4879194950848,144.51208050491528,0.0,760.4620957474158,0.9876328678711916,auto loans,12,0.5323682067783064,14390,liquid assets,14444.028780727956,1,0.5580437366872093,0.63093424,0.87,Manufacturing_auto loans,0.0,9125.54514896899,0.0,0.0,0.0,0.0,0.0,0.0
name430,37,high school or lower,1,0,LowSkilled,Cleaning Services,1081,1535.1074238407505,-454.10742384075047,0.420080873118178,610.1992719505275,0.2443659231412216,mortgages,36,0.9845575354220888,22019,car,23505.465245435505,0,0.8048417718681412,0.87753344,0.74,Cleaning Services_mortgages,0.1470549709778304,21967.173790218993,2658.6044717447576,2787.819755912182,2345.2574076387536,588.8401197436096,378.67466284076625,765.7008322073912
name431,64,high school or lower,1,0,Unemployed_LowSkilled,Transportation,2492,2302.737579421301,189.2624205786992,0.0,1348.1065953952668,0.8183025723442013,simple loans,12,0.4650257523340961,0,none,4273.241876621353,1,0.5058897996101558,0.6742665,0.83,Transportation_simple loans,1.0,16177.279144743203,8719.553459016586,11259.38628474127,13459.496248426343,6466.315479408295,4672.893110294433,2591.250909389951
name432,52,high school or lower,1,0,LowSkilled,Agriculture,4276,3540.7912051906496,735.2087948093504,0.0,2812.746418748606,0.6998698427515772,auto loans,36,0.485860061725738,7088,liquid assets,14760.359374110209,0,0.45885722850950766,0.4752999,0.21,Agriculture_auto loans,0.9337224350674288,101258.87107494983,43586.480328921534,43775.5756882661,19665.917371834443,40026.85959959516,39287.49452829111,42926.91746025446
name433,49,high school or lower,1,0,LowSkilled,Transportation,3488,2084.4773395287143,1403.5226604712857,0.0,2637.4178369582105,0.3818177722244297,auto loans,48,0.3537543510570312,9875,liquid assets,16470.999312751213,1,0.38043367867267797,0.3483171,0.31,Transportation_auto loans,0.9259978759012892,126596.0561739941,44194.835026203764,43139.785914172375,35988.89748818184,53110.83449294312,54038.88437386292,54683.421043711074
name434,55,high school or lower,1,1,LowSkilled,Manufacturing,4695,3913.043112736576,781.956887263424,0.0,4194.474939394663,0.924217014596876,auto loans,12,0.7268409056722553,9956,liquid assets,16406.86187385683,1,0.6655730711025648,0.7096816,0.74,Manufacturing_auto loans,0.8126515332666995,50333.69927273596,27364.614027723495,29655.22446950603,31086.855995620113,12082.952789636767,10693.446042693598,9695.460303415959
name435,38,ausbildung,3,0,MediumSkilled,Teacher,1545,1805.7689705672697,-260.76897056726966,0.1687825052215337,582.4641668735577,0.2598221643907026,simple loans,24,0.5457819659811181,44291,car,43771.42359785801,1,0.6630847911168298,0.660364,0.76,Teacher_simple loans,0.0,13979.140004965386,0.0,0.0,0.0,0.0,0.0,0.0
name436,63,high school or lower,0,0,LowSkilled,Cleaning Services,4988,2475.4090886320187,2512.5909113679813,0.0,3650.079417812847,0.7419245487200841,auto loans,24,0.2280450093113203,14369,liquid assets,19854.88453779253,0,0.2964080620406284,0.17990579,0.1,Cleaning Services_auto loans,0.8443529851569849,87601.90602750833,21968.17846535119,14201.650725075518,7100.825362537759,34561.27578775227,32536.478339439524,26879.31989798681
name437,46,high school or lower,0,1,LowSkilled,Agriculture,2495,1978.9023643555945,516.0976356444057,0.0,1299.3383225229168,0.4582314330407384,auto loans,48,0.3139241229973992,0,none,4165.930630850945,0,0.2082899126929137,0.15103656,0.17,Agriculture_auto loans,1.0,62368.239481100005,12536.016135701102,10103.6547959382,11163.9148671169,28276.38029473444,26189.38786387262,27055.927063112515
name438,34,post graduate degree,0,0,HighSkilled,Research,1873,1182.587657612151,690.4123423878493,0.0,528.3119478177268,0.9592866029423694,mortgages,60,0.0,15791,liquid assets,21908.87590167134,0,0.1647910847329908,0.15665506,0.17,Research_mortgages,0.527714691651153,31698.71686906361,3094.6575406845946,2358.6308823596096,2843.739361710168,7198.058690266688,7098.71151775598,7256.710579640861
name439,62,high school or lower,0,1,Unemployed_LowSkilled,Construction,2476,2303.24767681081,172.7523231891901,0.0,1743.7060031397602,0.8255376111165513,auto loans,36,0.6344724070882756,11586,liquid assets,16139.880152832353,1,0.682476601157957,0.652098,0.82,Construction_auto loans,0.8252065724761973,62773.416113031366,34965.69899844828,33256.26482519081,43202.063651416094,14639.24752321785,15819.494887920351,8755.33768914682
name440,62,ausbildung,1,1,MediumSkilled,Electrician,10000,8343.266700907201,1656.733299092799,0.0,8740.156674696585,0.2390327303525778,mortgages,48,0.7083423375603787,32690,car,48558.39127396379,1,0.29714783623214464,0.29935977,0.67,Electrician_mortgages,0.9334089347754354,419527.52038543613,113952.90415037736,120609.94666088051,263148.97453283024,182962.0068024024,182927.53217654198,114374.50890659304
name441,50,ausbildung,0,1,MediumSkilled,Teacher,7363,4415.104260351852,2947.8957396481483,0.0,5881.760534098114,0.6046023712218568,auto loans,48,0.398460518056494,44083,car,63297.30573756897,0,0.22089142930346803,0.20515072,0.05,Teacher_auto loans,0.8666779776487872,282324.50563670945,50894.361769870724,48202.83302242564,11010.799421366264,112000.32345770297,110632.89480505195,64475.79330304394
name442,52,ausbildung,0,0,MediumSkilled,IT Support,8429,6537.351733238602,1891.6482667613984,0.0,8151.136443342502,0.6243590167898199,mortgages,60,0.7426133795920161,37425,car,54485.86607949491,0,0.27384332971289843,0.23272723,0.04,IT Support_mortgages,0.9347001018225638,489068.18660055014,128911.24763546644,101940.45469045751,19199.547520175856,213493.11255171202,210743.00127935715,106973.68027946974
name443,38,bachelor degree,0,0,HighSkilled,Consultant,2310,1996.7907856881052,313.2092143118946,0.0,2148.008818662492,0.2803493435751171,mortgages,36,0.7942855430089165,66901,house,69048.52415785257,0,0.09532389605061196,0.10404659,0.07,Consultant_mortgages,0.39772089593833615,77328.31747184972,2921.7333320992757,3506.0799985191306,2183.611227147879,10961.328235140702,11353.308136759773,9568.2614436113
name444,63,ausbildung,0,0,MediumSkilled,Electrician,9950,11624.910567081492,-1674.9105670814915,0.1683327203096976,8976.817190836924,0.743583482932703,mortgages,60,1.0705254028058708,27943,car,44948.11462690591,0,0.5438917510257001,0.5730145,0.21,Electrician_mortgages,0.9558027154020869,538609.0314502155,266668.4589465057,298071.5014093181,103990.40290964121,194582.4402150242,185273.75161940142,233733.3693545748
name445,39,ausbildung,2,0,MediumSkilled,Teacher,1708,1528.714536720046,179.285463279954,0.0,1613.5808901102844,0.6057564248903056,simple loans,12,0.8397514208608492,19270,liquid assets,25620.088387077158,1,0.5462275025008395,0.54193205,0.73,Teacher_simple loans,0.05360044679683666,19362.97068132341,566.6736783888091,554.2193118308134,791.8901403125666,390.8255149399737,393.5039814935066,254.45098932246717
name446,62,high school or lower,0,3,Unemployed_LowSkilled,Agriculture,2466,2870.0054495618183,-404.0054495618183,0.1638302715173634,1456.739235454001,0.3602167940352468,mortgages,60,0.7545598884897888,13948,liquid assets,16514.050559003084,0,0.3628440268360872,0.33533683,0.27,Agriculture_mortgages,0.8487253803533443,87404.35412724005,28708.54766235674,26631.443438723694,20993.589117433996,33956.1127789226,34372.314076705334,34627.2586475719
name447,49,high school or lower,0,0,LowSkilled,Construction,3502,1414.3173327272464,2087.682667272754,0.0,1611.537456292641,0.8069321898741848,simple loans,24,0.0,9825,liquid assets,18969.76547277817,0,0.42393461072524136,0.52444386,0.15,Construction_simple loans,0.7590828316357099,38676.89895102339,12066.536659573361,15384.100266706671,3846.025066676668,12865.875904786992,11431.670883919329,12303.237745198276
name448,61,high school or lower,0,0,LowSkilled,Agriculture,4980,4305.829583899776,674.1704161002244,0.0,4647.983042344801,0.4457113210152775,auto loans,48,0.7979543426193929,6880,liquid assets,15844.473439384128,0,0.21044405882675163,0.114431605,0.08,Agriculture_auto loans,0.9707606224407531,223103.18603255047,46131.494788933924,25989.57452897686,21008.239410922964,98368.1375977693,82901.80029062346,71613.48783318225
name449,39,bachelor degree,0,1,HighSkilled,Research,2455,3639.1519383965488,-1184.1519383965488,0.482342948430366,1635.125061983182,0.2961444082177781,mortgages,12,1.148381670215776,58611,house,63940.216974741,0,0.2743735728403999,0.30465662,0.63,Research_mortgages,0.0,19621.500743798184,0.0,0.0,0.0,0.0,0.0,0.0
name450,40,post graduate degree,0,0,HighSkilled,Consultant,2966,1460.92542324111,1505.07457675889,0.0,1852.6760137843137,0.3905595673180903,auto loans,24,0.1171953597523344,42957,car,46824.61830594232,0,0.08958998381799739,0.09264757,0.03,Consultant_auto loans,0.17462037339639197,44464.22433082353,597.8556780680592,667.7349131669233,201.87334584116286,2696.6230393783553,2734.8780834552635,1545.799738285862
name451,57,post graduate degree,0,0,HighSkilled,Engineering,19307,10561.461821727422,8745.538178272578,0.0,5069.9401750349925,0.9421380095020594,auto loans,48,0.0,24424,car,75748.48590370634,0,0.3395877091079288,0.30330348,0.17,Engineering_auto loans,0.9143947174402594,243357.12840167963,74990.74728706932,65199.67048994453,36271.489043894064,102945.75968160164,103905.31377449541,96533.20267158002
name452,63,bachelor degree,1,0,HighSkilled,Research,19949,13182.98948608224,6766.010513917761,0.0,6558.381874484262,0.6442925757650568,auto loans,60,0.0,13986,liquid assets,53628.680228640354,0,0.3157693475337641,0.22997725,0.1,Research_auto loans,0.9661477287854326,393502.91246905574,129261.86135182658,85160.75571414457,33456.011173413935,177144.19268863756,175004.1411764739,138156.7682261283
name453,34,ausbildung,2,1,MediumSkilled,Nursing,1256,1006.8616756374824,249.13832436251755,0.0,449.3576253782564,0.7893871854846888,auto loans,24,0.1594102715093462,37971,car,43592.10123606773,0,0.6101691144956343,0.7469412,0.3,Nursing_auto loans,0.0,10784.583009078153,0.0,0.0,0.0,0.0,0.0,0.0
name454,38,high school or lower,0,0,LowSkilled,Agriculture,1139,1089.8372618637136,49.16273813628641,0.0,419.4348041358117,0.2508434753948595,auto loans,24,0.3250852203683277,13252,liquid assets,14459.921340734174,0,0.1350453692897468,0.061460834,0.09,Agriculture_auto loans,0.0,10066.435299259481,0.0,0.0,0.0,0.0,0.0,0.0
name455,54,bachelor degree,0,1,HighSkilled,Finance,18207,11290.675733031065,6916.324266968937,0.0,17625.370774614326,0.5186918607108242,auto loans,48,0.588182924569967,23572,car,86244.07416698062,0,0.2209852970272377,0.17104998,0.15,Finance_auto loans,0.9761893112316965,846017.7971814877,198209.64737288485,137095.0060995787,128010.39726165481,378054.14994646306,358833.16964934627,346092.4686628592
name456,53,ausbildung,1,1,MediumSkilled,Electrician,8807,7748.02870967583,1058.9712903241698,0.0,2007.073678876226,0.7711466103411333,mortgages,12,0.1076532745034695,13279,liquid assets,31764.115427255903,0,0.47780113146071046,0.42517957,0.29,Electrician_mortgages,0.47555304291334594,24084.884146514712,5119.777055008442,4982.333375679357,3252.8337441216954,4745.225104624062,5013.705807666772,5353.301262402496
name457,34,high school or lower,1,0,LowSkilled,Manufacturing,1063,446.8882999654933,616.1117000345066,0.0,295.5045975997708,0.7480240662217208,simple loans,48,0.0,7725,liquid assets,9924.24848013366,1,0.5672665963815462,0.62804604,0.8,Manufacturing_simple loans,0.4866560780569032,14184.220684789,3982.9370694504896,4376.398790349412,5660.326511177473,2509.542945053909,2227.8013378203837,1287.2610967629162
name458,42,high school or lower,0,0,Unemployed_LowSkilled,Manufacturing,758,285.4662683908452,472.53373160915487,0.0,526.0795914181971,0.2460481693410984,simple loans,48,0.0706409760013749,0,none,1478.8447757864756,0,0.22101567555901094,0.14584827,0.13,Manufacturing_simple loans,1.0,25251.820388073458,5631.155946540382,3535.2548543302846,3484.7512135541374,11559.579898190006,10493.163355164921,10112.226237522127
name459,42,ausbildung,1,1,MediumSkilled,Electrician,2338,2116.249576602393,221.7504233976069,0.0,2006.149932408631,0.8878170584372008,auto loans,12,0.7632162142904294,40176,car,43415.49053447442,1,0.6914973594981484,0.79763776,0.73,Electrician_auto loans,0.0,24073.799188903573,0.0,0.0,0.0,0.0,0.0,0.0
name460,60,bachelor degree,1,1,HighSkilled,Engineering,19701,10695.063870448575,9005.936129551425,0.0,10096.471520125428,0.493325512096008,mortgages,12,0.0553543165612914,53898,house,113014.99804467168,0,0.11561800127781158,0.08104616,0.05,Engineering_mortgages,0.690236690405588,121157.65824150512,10286.17770815466,5603.039889807824,4265.000513137298,32132.615964741,27811.688835394427,22036.330050296285
name461,65,high school or lower,2,1,LowSkilled,Agriculture,5000,4156.553327367914,843.4466726320861,0.0,2020.3437110649215,0.2000176345523469,auto loans,24,0.2353794076865671,17622,liquid assets,28291.286407272182,0,0.2796372092731659,0.2929288,0.21,Agriculture_auto loans,0.6537380577672418,48488.24906555812,8526.927103767455,9509.584130595673,7544.270076939233,14812.000917598165,14814.211226004478,14391.93200264597
name462,42,post graduate degree,1,2,HighSkilled,Engineering,3928,4703.337268600588,-775.3372686005878,0.1973872883402718,1083.3012998409645,0.4197551577626219,mortgages,24,0.4731768249596619,50949,house,58577.03906480017,0,0.2477885353697697,0.21432331,0.07,Engineering_mortgages,0.0,25999.231196183147,0.0,0.0,0.0,0.0,0.0,0.0
name463,36,high school or lower,0,1,LowSkilled,Construction,1073,919.9284876780796,153.0715123219204,0.0,931.5547263248033,0.3221449420939634,auto loans,24,0.7255202367221647,0,none,1914.5893298459275,0,0.45486314688552715,0.3272446,0.17,Construction_auto loans,1.0,22357.31343179528,10194.934924898647,7534.414626515009,3778.3859699734026,9505.760605319852,10386.564754411427,9698.812193041082
name464,38,ausbildung,1,0,MediumSkilled,Teacher,1582,552.4903905626419,1029.509609437358,0.0,768.2840908948642,0.3134050146222533,simple loans,36,0.0,24537,car,27798.85420052761,0,0.19826837323021343,0.21190925,0.15,Teacher_simple loans,0.24335757069910094,27658.22727221511,1346.1677997619781,1561.5546477238947,1137.5117907988715,3023.66763064375,3060.678026308265,2820.6409318367473
name465,36,bachelor degree,2,0,HighSkilled,Doctor,2039,1063.3649552779389,975.6350447220613,0.0,1501.437070687714,0.5554781370578977,auto loans,12,0.2578724992475002,29308,car,33809.79115745016,0,0.25879227939422533,0.14904447,0.13,Doctor_auto loans,0.0,18017.244848252565,0.0,0.0,0.0,0.0,0.0,0.0
name466,34,bachelor degree,0,0,HighSkilled,Finance,1871,1167.6154002974524,703.3845997025476,0.0,1203.2569553974306,0.271177923569442,simple loans,60,0.2671685492757258,69289,house,67529.3244408916,0,0.12059381172087234,0.083935305,0.08,Finance_simple loans,0.33214487474874343,72195.41732384583,3117.3139197800647,2110.181730312659,1846.409014023577,9355.397713106577,8098.277902689942,7928.920962015083
name467,58,high school or lower,2,1,LowSkilled,Construction,4920,5664.42034500181,-744.4203450018103,0.1513049481710996,2493.656795596196,0.9622742646188256,simple loans,48,0.6581457602841476,15639,liquid assets,21390.606377442786,1,0.9331132125169707,0.7477069,0.64,Construction_simple loans,0.8762017179172943,119695.5261886174,98899.41241009263,78448.31440376383,68799.59124180357,6833.977488579366,24195.39310229055,32951.91183130244
name468,55,bachelor degree,0,1,HighSkilled,Engineering,18873,13872.610562638823,5000.3894373611765,0.0,9989.123324188711,0.2872277554993745,mortgages,60,0.2643317907501476,60122,house,110033.1205569367,0,0.06975867191546163,0.07841847,0.02,Engineering_mortgages,0.9301509027618916,599347.3994513226,45156.16549807882,52403.45131875814,7247.285820679317,173159.4632417606,182699.97142064752,87150.80800277543
name469,42,post graduate degree,0,0,HighSkilled,Engineering,4119,2455.711427288838,1663.288572711162,0.0,1917.3394850722016,0.7604525908287916,simple loans,36,0.0616778131490749,51774,house,54784.82301638219,1,0.1059076838311854,0.091398776,0.15,Engineering_simple loans,0.47907874007789364,69024.22146259926,3902.028372272828,2976.1233347843604,4861.001446814455,12291.795306915357,11581.86978110371,13857.5679590803
name470,54,ausbildung,0,0,Unemployed_MediumSkilled,Teacher,4534,5710.836663169485,-1176.8366631694853,0.2595581524414392,4326.01283898728,0.7588466931948472,auto loans,24,1.213685377626106,0,none,8699.977970245256,1,0.7830403317541296,0.8672951,0.94,Teacher_auto loans,1.0,103824.30813569471,81813.55481092744,89392.72930483315,97387.20103128163,20874.817701959826,13144.351571951065,6082.028215197282
name471,41,bachelor degree,0,1,HighSkilled,Engineering,3502,3233.5866170518075,268.4133829481925,0.0,1295.4651432283338,0.5944162565584424,simple loans,24,0.2932757739235126,70491,house,89055.99874236072,0,0.071921410516718,0.068634175,0.09,Engineering_simple loans,0.0,31091.163437480012,0.0,0.0,0.0,0.0,0.0,0.0
name472,36,bachelor degree,0,3,HighSkilled,Research,1971,2203.8847167342487,-232.88471673424877,0.1181556147814554,532.6974770411581,0.8899965761726093,auto loans,24,0.3884232337774768,34363,car,39859.48040863343,0,0.3107336048410083,0.21173234,0.19,Research_auto loans,0.0,12784.739448987795,0.0,0.0,0.0,0.0,0.0,0.0
name473,55,ausbildung,0,0,MediumSkilled,Nursing,9416,8712.483110943942,703.5168890560581,0.0,8858.475802474912,0.6748489923678651,mortgages,24,0.8660746509578222,20912,car,31705.974366172464,0,0.19744137434002137,0.15981095,0.19,Nursing_mortgages,0.9161677035923141,212603.4192593979,40709.100757340115,32917.885301389855,36618.712642966224,87428.07977689515,83119.93844614795,86737.25952721806
name474,37,high school or lower,0,1,LowSkilled,Transportation,1106,903.6484310531852,202.35156894681484,0.0,1084.845812003762,0.6424089126516352,simple loans,60,0.7979152288037499,24174,car,26146.64797925825,1,0.5400215631229327,0.41093946,0.72,Transportation_simple loans,0.6838826240675221,65090.74872022572,23815.2211399596,18785.090319743835,32005.876634824213,16928.270879863587,19724.89416755234,11271.832727602836
name475,51,ausbildung,0,0,MediumSkilled,IT Support,7969,4034.307980177908,3934.692019822092,0.0,7513.202078138295,0.6731748053516379,simple loans,48,0.4490538409231024,0,none,20527.460807356656,0,0.24396294092277812,0.14701903,0.29,IT Support_simple loans,1.0,360633.69975063816,78257.51284588849,59865.19415860594,108911.37732469272,167134.11387998718,150222.33077106508,168556.0965390797
name476,60,ausbildung,0,1,MediumSkilled,Nursing,9895,5794.336473406292,4100.663526593708,0.0,6208.468283374973,0.2419590188110626,simple loans,24,0.2130171558141753,0,none,21321.440394353165,0,0.06445127866127742,0.054484975,0.1,Nursing_simple loans,1.0,149003.23880099936,10132.220238467957,5960.129552039974,15645.340074104932,44575.59644211173,41028.14137321249,54147.24762828595
name477,40,high school or lower,2,0,LowSkilled,Construction,1301,1114.4295565151165,186.57044348488355,0.0,1231.2104625386164,0.8568807633562237,auto loans,48,0.8029515903564434,22782,car,23491.28432720729,1,0.9381216812196775,0.9258453,0.89,Construction_auto loans,0.6722703418748365,59098.10220185359,37505.02689459606,37067.997979510736,35717.18133288333,2398.807383536089,2863.5944341011964,4199.929546473489
name478,52,ausbildung,2,0,MediumSkilled,Teacher,8511,9873.354716047665,-1362.3547160476628,0.1600698761658633,5354.748924024877,0.5742500366607107,auto loans,60,0.7892261355977606,11009,liquid assets,24060.975074711987,1,0.7598407706543212,0.7605164,0.83,Teacher_auto loans,0.9674688648074659,321284.9354414926,237476.5432332891,242760.70715340154,259545.69842905286,68580.95094883295,68405.62918284675,49788.764341297014
name479,45,ausbildung,0,0,MediumSkilled,IT Support,3834,3692.923889091381,141.07611090861883,0.0,2553.7861864231786,0.2685289615177389,mortgages,12,0.6292931861018675,11039,liquid assets,19134.81199954709,1,0.12187811547860887,0.13791342,0.61,IT Support_mortgages,0.6575409127623312,30645.434237078145,2659.8827376325194,3244.250914839664,12050.074826547321,7891.322046843845,8228.027655079955,6757.008275749461
name480,37,high school or lower,0,1,LowSkilled,Transportation,1077,614.9410814520377,462.0589185479623,0.0,849.5463939606769,0.8623141642289838,auto loans,60,0.359784099733254,19875,liquid assets,24027.640342415463,0,0.5097280987772922,0.5008267,0.36,Transportation_auto loans,0.630007608915816,50972.78363764062,16666.772358913928,15767.601595812597,10982.728606451954,12768.913121853182,12923.722657830496,14721.299920525596
name481,46,post graduate degree,1,0,HighSkilled,Engineering,8575,7514.2602648615,1060.7397351384998,0.0,2337.170289361746,0.6245003357772407,auto loans,48,0.1488548751280753,39037,car,58653.29688307617,0,0.24255922951598544,0.22374131,0.12,Engineering_auto loans,0.7029550165442916,112184.17388936382,18216.758824665656,16166.387701543112,10015.27433217549,36526.25514848213,36164.80804684809,30712.67355219627
name482,54,ausbildung,0,1,MediumSkilled,Teacher,9121,8757.407365752026,363.5926342479743,0.0,5138.678361577069,0.6062781598639978,auto loans,24,0.5235265571021922,41091,car,58822.14628678037,0,0.2313047354761661,0.24144311,0.12,Teacher_auto loans,0.7154419387943125,123328.28067784966,19676.23200470157,20205.63735011955,11382.214926486558,40645.7100980333,40848.44406147539,34363.355617954076
name483,49,ausbildung,0,0,MediumSkilled,Teacher,6626,4161.91291656067,2464.08708343933,0.0,1970.769784985175,0.343830834672314,simple loans,12,0.0,29191,car,46687.312908821405,0,0.09494138598302101,0.09130669,0.12,Teacher_simple loans,0.0,23649.2374198221,0.0,0.0,0.0,0.0,0.0,0.0
name484,38,ausbildung,0,0,MediumSkilled,Electrician,1552,1329.1023521943875,222.89764780561245,0.0,585.9239674016877,0.7788754133623274,mortgages,24,0.2339087110799454,0,none,3084.1600716788794,0,0.2823848000179393,0.23972644,0.15,Electrician_mortgages,1.0,14062.175217640506,3740.538607892375,3403.0464026690024,1926.5180048167495,6571.912208498489,6505.193178981308,5892.927615197802
name485,50,high school or lower,1,0,LowSkilled,Agriculture,3822,2076.369704931434,1745.6302950685658,0.0,3618.6668900951386,0.9803913724489244,auto loans,36,0.4900671363230174,20686,car,23047.500357160818,0,0.6190594419392461,0.7540138,0.55,Agriculture_auto loans,0.8650572803987441,130272.00804342498,68066.42039003763,83843.40524865563,65249.10166528441,37081.86675469387,25410.512991149622,42178.520942460935
name486,50,bachelor degree,0,0,HighSkilled,Engineering,14467,6738.301065830719,7728.698934169281,0.0,13861.153375017378,0.7292646671463685,auto loans,24,0.4238926135928733,0,none,48153.24723939008,0,0.07827539527122418,0.103957914,0.11,Engineering_auto loans,1.0,332667.6810004171,31270.762014039206,33599.43578104213,38922.118677048806,108933.5140896207,122763.98271758195,125467.79632687313
name487,57,ausbildung,0,0,MediumSkilled,Electrician,9666,11042.823636980174,-1376.8236369801743,0.1424398548500076,6252.535268537103,0.5501169854018222,auto loans,24,0.7892984590851725,0,none,16512.11782719094,1,0.41390130079633103,0.37323454,0.75,Electrician_auto loans,1.0,150060.84644489046,61524.94704240508,55972.69572394414,116147.09514834522,66331.61415886976,68288.34602743074,34335.23019709276
name488,31,bachelor degree,2,0,HighSkilled,Finance,1600,910.9254896651604,689.0745103348396,0.0,388.9816137084369,0.8878569019391942,mortgages,12,0.0,0,none,4289.355083004547,1,0.4799810683364314,0.44197437,0.71,Finance_mortgages,1.0,4667.7793645012425,2207.859639409088,1993.1417886420304,3365.468921805396,1928.7970496551634,2011.104444303025,1219.1187332128704
name489,49,bachelor degree,0,1,HighSkilled,Finance,13298,10752.135711340012,2545.864288659988,0.0,8227.210804126584,0.8409649557357263,simple loans,12,0.4272331565247853,77229,house,104740.80932914592,0,0.2498720349870535,0.23637937,0.2,Finance_simple loans,0.45611169621876524,98726.52964951901,11662.854149160694,10897.33862585671,7835.276532640774,20915.52599364559,20798.270373267394,20263.15186539204
name490,39,ausbildung,0,1,MediumSkilled,IT Support,1701,876.4164171081312,824.5835828918688,0.0,362.89782900824247,0.7707290242655022,auto loans,12,0.0,32334,car,41142.95961238677,0,0.282537588425936,0.41502652,0.08,IT Support_auto loans,0.0,4354.773948098909,0.0,0.0,0.0,0.0,0.0,0.0
name491,50,high school or lower,0,1,LowSkilled,Manufacturing,3800,3238.432209630121,561.5677903698788,0.0,1222.7752584118327,0.2741274153954567,mortgages,48,0.1740019652741984,0,none,5581.692282899842,0,0.16137530967249478,0.08984169,0.07,Manufacturing_mortgages,1.0,58693.212403767975,9919.152896236788,6397.560152010709,3521.5927442260786,25113.657412887227,20408.811048368218,18260.13330241532
name492,42,post graduate degree,1,1,HighSkilled,Consultant,3984,2672.1394803722087,1311.8605196277913,0.0,1533.7878702964863,0.8125638554783148,auto loans,36,0.0557046562923431,39660,car,51684.01583732343,0,0.38585828043133225,0.38659215,0.13,Consultant_auto loans,0.3873715984495792,55216.36333067351,8170.693852958727,8812.371380677998,2416.985354409257,9656.237876478883,9651.47531159893,8565.439681985377
name493,34,ausbildung,1,1,MediumSkilled,Electrician,1251,1263.7490016892705,-12.749001689270472,0.0101910485126062,988.3100209945868,0.4666642864919412,mortgages,24,0.8002070525050817,13779,liquid assets,17873.808847684806,1,0.4994322821586281,0.45241216,0.27,Electrician_mortgages,0.4485509775407201,23719.440503870082,5436.722272836966,4862.195848701554,2830.074607778147,4289.644627310064,4535.3374909033955,4966.313162560035
name494,62,ausbildung,0,1,MediumSkilled,Teacher,9954,7384.320125001092,2569.6798749989075,0.0,4687.915573572939,0.6155007572757368,simple loans,24,0.2128024611788257,10865,liquid assets,35769.1145225284,0,0.15598706069042542,0.10169151,0.18,Teacher_simple loans,0.9080622133236322,112509.97376575053,13281.58725383246,9194.94502188401,19207.21849015771,43303.13141431352,37375.86881345176,44946.20235624464
name495,44,ausbildung,2,0,MediumSkilled,Nursing,3241,2950.270582145099,290.72941785490093,0.0,1834.2058096982084,0.520575826422025,auto loans,36,0.4762346164280492,10558,liquid assets,17160.549949844408,1,0.5115526573825395,0.6168266,0.71,Nursing_auto loans,0.8483180740138507,66031.4091491355,29240.162949251535,36130.0864028108,39939.14977551023,22216.784971044948,18519.196870493397,14630.02170912775
name496,51,bachelor degree,1,1,HighSkilled,Finance,15826,12313.755598075655,3512.244401924345,0.0,10242.967928537631,0.6647880478759276,auto loans,24,0.4252953068756026,0,none,39880.290110950846,1,0.41679355030765386,0.56584084,0.67,Finance_auto loans,1.0,245831.23028490314,98578.32334424616,135453.00788698165,165198.58675145492,108401.04206925596,89594.06319747095,71801.56132207767
name497,30,high school or lower,0,0,LowSkilled,Agriculture,1000,597.3350773250075,402.66492267499245,0.0,512.3718992158387,0.8588879474875746,auto loans,24,0.1097069765408462,12606,liquid assets,15078.571829827535,0,0.33039735100967993,0.28100705,0.4,Agriculture_auto loans,0.029619931156888244,12296.925581180127,122.74688804554954,96.52203362632234,152.61408335633607,169.0481287267355,170.21206466670262,162.787886184086
name498,50,bachelor degree,0,2,HighSkilled,Consultant,14485,13703.559542425786,781.4404575742137,0.0,7424.952708546039,0.6907877933520641,simple loans,60,0.4586477218482447,38035,car,78967.5333181912,1,0.31757732009644907,0.41139436,0.7,Consultant_simple loans,0.9271133934473111,445497.1625127623,133407.5227129988,173471.08216550923,288292.417503632,192370.30402249322,182949.0485706556,111122.96317429474
name499,38,bachelor degree,0,2,HighSkilled,Consultant,2314,2527.644599419944,-213.64459941994392,0.0923269660414623,1824.0073912758887,0.5609857697079316,mortgages,24,0.8805756225997549,0,none,6456.048090757931,0,0.21577140155380933,0.16141985,0.12,Consultant_mortgages,1.0,43776.17739062133,9061.668719858615,7529.502511186868,4771.6033355777245,19965.25008560934,18732.36672918772,17048.898704423318
name500,56,ausbildung,1,4,MediumSkilled,Teacher,9517,12135.373001582428,-2618.373001582428,0.2751258801704768,2081.188588354472,0.3609663919273378,auto loans,36,0.4938070389762424,33030,car,46489.66097147314,1,0.6411416923574214,0.6743519,0.41,Teacher_auto loans,0.6238317285660782,74922.78918076098,30333.749291273263,33091.36286320719,19209.81657737028,14646.684216118461,13497.84949864381,20726.554294973033
name501,39,bachelor degree,0,0,HighSkilled,Consultant,2477,1972.5682704403744,504.4317295596256,0.0,1010.1610438681404,0.8701278678295854,mortgages,12,0.204170090556526,10113,liquid assets,12953.678916011164,0,0.1414952141888356,0.07661209,0.17,Consultant_mortgages,0.2112316514818386,12121.932526417684,381.51983817928686,199.7217944831166,440.41216219353925,1054.079770777452,830.3873548250693,1110.7844496854002
name502,64,high school or lower,1,0,LowSkilled,Cleaning Services,5000,2918.331284787716,2081.668715212284,0.0,4832.984350559068,0.8144973411507823,simple loans,60,0.5502631270693568,10785,liquid assets,18467.860487284444,1,0.6064514504035042,0.5792971,0.32,Cleaning Services_simple loans,0.964755944453214,289979.0610335441,172331.55810582894,157224.57086927904,81969.39370942838,94490.0875703273,99549.70611948661,130224.77442275103
name503,59,post graduate degree,1,1,HighSkilled,Research,19679,16861.94535255874,2817.0546474412586,0.0,16331.82823066873,0.4793543233857452,simple loans,24,0.6867611963629997,27696,car,68368.68708361589,0,0.19488844747521983,0.12995039,0.04,Research_simple loans,0.9396041514434019,391963.8775360495,74763.04996939124,43458.32461274959,16573.08989469264,164876.4227714888,147465.0553393189,86183.91257691932
name504,49,high school or lower,1,2,LowSkilled,Cleaning Services,3497,3671.996432640569,-174.9964326405693,0.0500418737891247,930.819102318038,0.7389286892471552,mortgages,12,0.3162183399938825,13166,liquid assets,17118.43576741122,1,0.582726221365905,0.55041075,0.76,Cleaning Services_mortgages,0.0,11169.829227816455,0.0,0.0,0.0,0.0,0.0,0.0
name505,37,bachelor degree,0,0,HighSkilled,Finance,2092,1967.454919580572,124.5450804194279,0.0,1076.17330714097,0.546008983003365,mortgages,48,0.4548892097139303,37577,car,44166.185334516806,1,0.17807162904780513,0.2583702,0.73,Finance_mortgages,0.3792549978575846,51656.31874276657,3663.501489120186,4466.729088339051,14497.278620047795,8596.730193491925,9122.943256560886,4803.06553009348
name506,54,post graduate degree,1,1,HighSkilled,Consultant,18186,17961.693102548386,224.3068974516136,0.0,16315.484698607695,0.7191115927131643,auto loans,24,0.8848112724709163,48561,car,94916.77691193606,0,0.3949026964839674,0.33614242,0.12,Consultant_auto loans,0.8940471475311194,391571.6327665847,141783.81803827255,127430.39448378075,40259.60265284283,157053.36406752764,162164.47974934528,136342.15018344283
name507,63,ausbildung,1,0,MediumSkilled,IT Support,9942,3974.184294694612,5967.815705305388,0.0,9787.521530986764,0.4102724189912829,mortgages,60,0.3841989363992534,45313,car,80635.40913464497,0,0.2081941715777852,0.26256186,0.11,IT Support_mortgages,0.9340503116078889,587251.2918592058,117932.28421294369,139324.65204691954,60337.44773685491,248667.725949046,255689.0038494909,206878.7626346921
name508,53,high school or lower,0,0,LowSkilled,Agriculture,4460,2770.26064041726,1689.7393595827402,0.0,2565.2403225784265,0.222338509796396,simple loans,24,0.1963006643488085,0,none,8086.0005467470755,0,0.075397018533807,0.05428698,0.06,Agriculture_simple loans,1.0,61565.767741882235,4248.037974189874,3386.117225803523,3632.3802967710517,19821.625133571288,16920.967491638858,17787.726756490763
name509,62,bachelor degree,0,0,HighSkilled,Engineering,19666,16019.402493141984,3646.597506858016,0.0,7373.502478736014,0.4855864596849979,mortgages,60,0.1895100667079222,44664,car,87491.60348876307,0,0.08534859804416055,0.072204486,0.09,Engineering_mortgages,0.9137285918133674,442410.14872416086,37190.33780218563,31530.938571418257,37998.823406580974,137513.58142975686,127591.39364131771,140667.90833303944
name510,64,high school or lower,1,0,Unemployed_LowSkilled,Cleaning Services,2498,1423.5015316956417,1074.4984683043583,0.0,991.4822074832672,0.7002692872346208,auto loans,36,0.0,9374,liquid assets,15485.841850700435,1,0.5575654523906726,0.70590013,0.71,Cleaning Services_auto loans,0.7512379453959659,35693.35946939762,14935.51275986294,18260.474307839613,19064.900488801704,9911.324153393336,7090.06608365236,7003.266079483797
name511,36,high school or lower,1,0,LowSkilled,Manufacturing,1074,781.9297843684166,292.07021563158344,0.0,914.3311196026116,0.5953718519665512,simple loans,12,0.579386316546581,0,none,1938.0845914791612,1,0.5021257729229881,0.5489293,0.55,Manufacturing_simple loans,1.0,10971.973435231339,5518.902637921364,5979.72552220108,5793.201973802147,4407.953783341063,4113.726943449528,4106.5784219938405
name512,51,ausbildung,0,0,MediumSkilled,Nursing,7989,5645.592359360409,2343.4076406395907,0.0,6784.423790096857,0.2213703747338872,auto loans,12,0.5558913693149664,22591,car,42794.1009350845,0,0.1016931426007654,0.09845791,0.19,Nursing_auto loans,0.7627822920176951,81413.08548116228,7203.653353452207,7389.954733282866,11612.786009444506,22718.63697153556,22426.49628773262,27653.830092812652
name513,31,high school or lower,0,1,LowSkilled,Cleaning Services,1000,1136.4060207630152,-136.40602076301525,0.1364060207630152,567.5946820229263,0.2985582512603537,mortgages,36,0.7040007027859416,16451,liquid assets,17894.440558129227,1,0.423845167135348,0.5615611,0.66,Cleaning Services_mortgages,0.23576889929722766,20433.40855282535,2105.274700361513,2726.7402297588474,3078.4222735263315,2111.3510462631975,1768.7297985620537,1443.1211028856378
name514,32,ausbildung,0,1,MediumSkilled,Nursing,1300,1223.064753480732,76.93524651926805,0.0,1270.459283401664,0.987446958877797,mortgages,48,0.9180954129864584,45905,car,56099.37222046047,0,0.4663247514816487,0.48976249,0.25,Nursing_mortgages,0.3584093825691126,60982.04560327987,9988.437551800163,10775.272895049191,5638.986626618035,9176.711755352237,8922.979851289498,10152.294837546075
name515,63,bachelor degree,0,0,HighSkilled,Doctor,19994,22088.47252433294,-2094.472524332941,0.1047550527324668,6145.084371092285,0.5682546010379188,auto loans,24,0.4121014752138255,20237,car,62986.410173772376,0,0.2173853794722652,0.16994162,0.21,Doctor_auto loans,0.8828261368206881,147482.02490621485,28904.61895825505,24477.785424107882,28644.216985658157,59451.66275097366,56477.45140335017,59114.37500581743
name516,43,post graduate degree,1,0,HighSkilled,Engineering,4876,4307.462932120452,568.537067879548,0.0,4417.515253060523,0.2292176365402816,simple loans,60,0.789372064229076,67932,house,84511.23598704599,0,0.1384898345315399,0.10863419,0.16,Engineering_simple loans,0.8215545753735207,265050.91518363135,31138.792266875334,24170.670920441695,31574.299851027437,89033.52934345984,81737.64185487102,92953.8724608122
name517,46,high school or lower,0,0,LowSkilled,Construction,2510,1086.856584185065,1423.143415814935,0.0,1567.6485017595096,0.608079806194553,auto loans,24,0.0575717473882767,9584,liquid assets,15904.60633943413,0,0.379114908002977,0.45491937,0.22,Construction_auto loans,0.7585231557623218,37623.56404222823,10730.417542654626,12528.333247939843,6506.742552460784,12940.31148575719,12133.051193963587,13055.030965051039
name518,59,bachelor degree,0,0,Unemployed_HighSkilled,Consultant,9856,10575.403950915716,-719.4039509157174,0.0729914722925849,8542.122156055972,0.527958702214997,auto loans,12,0.939684061178134,71175,house,96244.58810032504,1,0.33562899962496623,0.6260471,0.61,Consultant_auto loans,0.5168150785963183,102505.46587267166,17270.29675090107,33216.184241763716,32474.515056142194,24544.02628883265,17172.285333140415,17764.299680145836
name519,31,high school or lower,0,4,LowSkilled,Cleaning Services,1017,751.4042998874038,265.5957001125962,0.0,687.8710462122453,0.4692903475250908,mortgages,60,0.4152166628315134,0,none,1664.0968257575098,0,0.470141902245114,0.20141007,0.17,Cleaning Services_mortgages,1.0,41272.26277273472,20718.67591191283,9162.442335547108,5943.205839273799,17253.35104748996,18597.11902297054,17904.294567223045
name520,60,high school or lower,1,0,LowSkilled,Agriculture,4916,3132.0683755675764,1783.9316244324236,0.0,3080.853536991452,0.3129240995063171,mortgages,48,0.2638164997068813,0,none,9480.463013469409,0,0.1605936901105079,0.13296376,0.21,Agriculture_mortgages,1.0,147880.9697755897,25731.28874095261,20999.097708133737,34308.38498793681,63191.23715107307,59667.83313639513,67141.51215029998
name521,43,high school or lower,0,0,Unemployed_LowSkilled,Manufacturing,865,851.2797893796082,13.720210620391754,0.0,838.433424454323,0.3297007548223686,simple loans,12,0.9534256807328684,10909,liquid assets,11147.866110718363,0,0.3758991895303332,0.23070785,0.56,Manufacturing_simple loans,0.0,10061.201093451877,0.0,0.0,0.0,0.0,0.0,0.0
name522,47,ausbildung,0,1,Unemployed_MediumSkilled,Nursing,2622,2453.5218682179266,168.47813178207343,0.0,1276.0955062145924,0.9654461317704004,simple loans,48,0.4224322556950873,14772,liquid assets,21500.571387979428,1,0.6418212832204238,0.6791851,0.78,Nursing_simple loans,0.7713444608395968,61252.58429830044,31135.668621388373,31182.915462998975,37844.72013009422,14782.549888433125,13470.97366301973,9621.763148217951
name523,57,ausbildung,2,1,Unemployed_MediumSkilled,Teacher,4799,2709.286460106015,2089.713539893985,0.0,2289.056619181333,0.2526245606817208,auto loans,12,0.0415384620311207,17546,liquid assets,28476.26270258257,1,0.5177878958844565,0.4574684,0.44,Teacher_auto loans,0.39139688485553714,27468.679430176,5633.6055134747185,5053.0431132311405,4859.522313149948,4226.786062480244,4558.367015809432,4641.148097848232
name524,44,ausbildung,1,0,MediumSkilled,Teacher,3251,1699.9532229223082,1551.0467770776918,0.0,3020.9038525498127,0.9336208719383416,simple loans,36,0.4521246002682623,34047,car,42305.84770434337,1,0.48708817568196644,0.52977735,0.75,Teacher_simple loans,0.7332471834846667,108752.53869179325,38754.85144858641,41944.551156288995,60923.26441711938,32664.560837660207,30804.910773579875,18245.77768255299
name525,59,bachelor degree,1,0,HighSkilled,Consultant,19592,11670.545547998605,7921.454452001395,0.0,16333.870526954854,0.6259658278710575,auto loans,60,0.4293801589910911,55964,house,111919.0174640953,0,0.33712722623211144,0.30177703,0.1,Consultant_auto loans,0.9602908455613636,980032.2316172912,303980.4616618223,294569.30185805063,75289.2784301727,435785.28784791386,439522.92878070864,341998.2038409043
name526,36,high school or lower,1,1,LowSkilled,Agriculture,1047,914.5520690789969,132.44793092100326,0.0,329.18811607401744,0.2722668721272576,mortgages,36,0.1879084862970527,0,none,1896.2735112297707,0,0.20970252827605712,0.14396724,0.26,Agriculture_mortgages,1.0,11850.772178664629,2654.572968020877,1718.361965906371,3401.171615276748,5379.218301993366,4904.906189899584,5520.846765763929
name527,33,post graduate degree,0,4,HighSkilled,Engineering,1722,1572.5014677157874,149.49853228421262,0.0,1408.1737881995914,0.2054472799454827,simple loans,48,0.7309380115652606,46447,car,56034.698059810646,0,0.10021974019972026,0.050066907,0.16,Engineering_simple loans,0.4124732611439902,67592.34183358039,3373.484073399207,1366.1216495583567,3958.964780352788,10140.40941477742,7351.640774750309,11901.317854174986
name528,58,post graduate degree,0,0,HighSkilled,Research,19470,8530.69696730832,10939.30303269168,0.0,4432.92920744014,0.4798325786977461,simple loans,36,0.0,54314,house,100854.3386010433,0,0.1731338874855825,0.14172474,0.11,Research_simple loans,0.7631254360170673,159585.45146784504,20337.880777974424,18511.125019473726,14735.829785238951,53074.86290920048,50159.424563817796,45931.527173954855
name529,31,ausbildung,1,0,MediumSkilled,Nursing,1200,838.5884810998158,361.4115189001842,0.0,845.2800755403745,0.4776523566485158,auto loans,24,0.4032237972001585,33773,car,40176.423282257565,1,0.33610304740123953,0.36316407,0.63,Nursing_auto loans,0.0,20286.721812968986,0.0,0.0,0.0,0.0,0.0,0.0
name530,51,bachelor degree,0,0,Unemployed_HighSkilled,Research,7796,7761.010005503647,34.989994496352665,0.0,5543.122130482055,0.2733235828369707,auto loans,60,0.7065331113373142,58821,house,75229.35621232756,0,0.24010237102680854,0.12833889,0.16,Research_auto loans,0.8769074483379873,332587.3278289233,64745.9237091144,39664.16947945747,50455.15676430986,134940.0241952056,116283.79279376459,124497.6681579122
name531,65,bachelor degree,0,0,HighSkilled,Engineering,20000,15358.952407470126,4641.047592529874,0.0,6763.031477519672,0.4609238028044102,auto loans,12,0.1060991942494899,74726,house,127802.22458376162,0,0.06862627464268682,0.10493497,0.2,Engineering_auto loans,0.35868901909619133,81156.37773023607,2241.4624171522937,3143.869364317503,6753.49715297834,8972.576040405342,10781.752179844523,13099.136118221704
name532,45,post graduate degree,1,0,HighSkilled,Finance,7227,5748.439300873783,1478.5606991262166,0.0,4169.251553831005,0.7051982218480769,simple loans,24,0.3723108972886106,11964,liquid assets,30280.09790777961,0,0.38445958265904306,0.35268128,0.2,Finance_simple loans,0.8862810536361223,100062.03729194413,34675.08734547175,31837.22853458915,18623.448446417053,40073.538655213655,40799.92301457298,39906.41597138723
name533,42,high school or lower,0,0,LowSkilled,Agriculture,1508,1169.5102622476302,338.4897377523698,0.0,755.6018811153132,0.33630955546142,simple loans,60,0.276599564564286,23844,car,27675.297539873947,0,0.19017893895217292,0.17785114,0.27,Agriculture_simple loans,0.5516631562349597,45336.11286691879,4651.908939499514,4076.6728878409717,6102.5042002036635,11139.513288155695,10971.554439205816,11674.441521529034
name534,50,high school or lower,0,0,LowSkilled,Manufacturing,3854,4785.894031808854,-931.8940318088544,0.2417991779472896,1005.1252399386236,0.9482048192591216,simple loans,12,0.5025997072515511,23807,car,33903.43812348947,0,0.6630687741654243,0.6457376,0.25,Manufacturing_simple loans,0.0,12061.502879263484,0.0,0.0,0.0,0.0,0.0,0.0
name535,43,ausbildung,1,1,MediumSkilled,IT Support,2737,3047.3193647493995,-310.3193647493995,0.1133793806172449,1771.586703572808,0.484526347351532,auto loans,48,0.7606525642390235,0,none,5366.78465638581,1,0.5934298351900519,0.52447075,0.63,IT Support_auto loans,1.0,85036.16177149478,49576.08231278145,44558.94876826327,55273.50515147161,29468.66859965867,33109.712094136135,27326.509388660026
name536,48,ausbildung,3,0,MediumSkilled,IT Support,5962,5571.253165135464,390.74683486453614,0.0,5766.190449031087,0.9418784059902044,simple loans,36,0.9016175132785224,24367,car,31978.63170593097,1,0.9056660538777225,0.90471524,0.8,IT Support_simple loans,0.9000794041300125,207582.85616511913,170959.56393850647,173201.65658032295,147230.75014594872,17022.860720275843,17189.269188969145,34842.66138046595
name537,62,ausbildung,0,1,MediumSkilled,Nursing,9912,9599.761178890332,312.2388211096677,0.0,6073.561731606612,0.3875708157508746,auto loans,12,0.5812472669992882,22034,car,44742.94255831641,0,0.1472367203524808,0.10769855,0.17,Nursing_auto loans,0.7416915895812337,72882.74077927934,7459.7991889036575,6540.838419256104,8649.042537859312,22527.36864420295,20223.928573568162,23450.223424716092
name538,37,bachelor degree,0,1,HighSkilled,Consultant,2094,1217.831988740356,876.1680112596441,0.0,672.0122174431363,0.7668593812917022,auto loans,24,0.0,12308,liquid assets,17328.94676789651,0,0.1653245742549556,0.0985459,0.1,Consultant_auto loans,0.2765855622761938,16128.29321863527,615.5977206835553,432.70274569786125,428.2418926494297,1921.1672327133438,1611.5402808625322,1621.0581500809494
name539,38,high school or lower,1,4,LowSkilled,Construction,1139,1186.6436839789146,-47.64368397891462,0.0418293976987836,572.2402397142046,0.7706656567425096,mortgages,36,0.5442352271230195,10228,liquid assets,12259.577555721804,1,0.8198922637549373,0.8039613,0.73,Construction_mortgages,0.530930508580496,20600.648629711366,9045.323130308241,8826.572873227027,8017.196922026531,1849.6804039641565,2002.0804897626756,2681.527915675049
name540,33,bachelor degree,0,1,Unemployed_HighSkilled,Consultant,914,969.3495295864,-55.34952958639985,0.0605574721951858,375.18614817057664,0.8812736309656709,auto loans,60,0.4710455992964732,0,none,1925.24073234726,1,0.655909942164911,0.7409968,0.43,Consultant_auto loans,1.0,22511.1688902346,14429.659258640379,16568.220303212664,9252.09041388642,6811.491788664007,5317.481563894411,9810.843863600858
name541,46,high school or lower,0,0,LowSkilled,Construction,2520,2867.554616552502,-347.554616552502,0.1379184986319452,2080.688931334739,0.3726121589852781,auto loans,48,0.963588709479064,0,none,4161.779710694847,1,0.6044061736546946,0.53219306,0.81,Construction_auto loans,1.0,99873.06870406748,60822.6988407771,52932.72641315577,80597.56644418246,33871.86962393602,38441.12689208038,17756.158109177897
name542,44,high school or lower,1,3,LowSkilled,Transportation,1940,1696.7993062581368,243.20069374186323,0.0,1740.3477121291753,0.9696305412517772,simple loans,36,0.7717252672099547,9398,liquid assets,13899.742691460498,0,0.7654721379760026,0.6076064,0.43,Transportation_simple loans,0.8582018533798711,62652.517636650315,41132.9076673366,32422.40957307708,22744.07835723318,11609.876066668252,18118.15496535667,23433.453283629922
name543,55,bachelor degree,0,0,HighSkilled,Consultant,18705,10972.119074215285,7732.880925784717,0.0,7953.649353091317,0.2998361668400617,auto loans,60,0.0118026424649344,20790,car,90550.03781170354,0,0.18354601359603703,0.18399228,0.09,Consultant_auto loans,0.9627422647025733,477218.961185479,74429.09587901623,79023.4845135234,37673.98680295884,203035.93480381163,203147.9170241072,159874.96518718195
name544,53,bachelor degree,2,1,HighSkilled,Engineering,17669,15877.453644842826,1791.5463551571738,0.0,13049.116271043118,0.4602199819173109,simple loans,36,0.637136788493177,18210,liquid assets,61678.17999669339,0,0.2744295182117262,0.16939653,0.16,Engineering_simple loans,0.9630260206204546,469768.1857575523,127124.1152189163,84146.21149721861,76907.82771251164,211296.83096577018,196076.32750068884,193118.27957486067
name545,39,high school or lower,0,0,Unemployed_LowSkilled,Manufacturing,606,318.361476374472,287.638523625528,0.0,446.2157189371696,0.6582345861178527,auto loans,36,0.2616785401182204,16932,liquid assets,20738.61684605061,0,0.4645011299892928,0.43925163,0.17,Manufacturing_auto loans,0.0,16063.765881738105,0.0,0.0,0.0,0.0,0.0,0.0
name546,32,bachelor degree,0,0,HighSkilled,Engineering,1661,813.1834982506336,847.8165017493664,0.0,1002.9714780149416,0.657727561466653,auto loans,24,0.0934105817372517,63939,house,60040.491709543625,0,0.07936322824881967,0.06637854,0.03,Engineering_auto loans,0.0,24071.315472358598,0.0,0.0,0.0,0.0,0.0,0.0
name547,31,ausbildung,2,4,MediumSkilled,Teacher,1214,1350.4251391121406,-136.42513911214064,0.1123765561055524,853.5563045219986,0.3272574415668002,auto loans,24,0.8154707113955019,35219,car,45518.14385199504,1,0.7311535803304494,0.69613045,0.74,Teacher_auto loans,0.0,20485.351308527966,0.0,0.0,0.0,0.0,0.0,0.0
name548,65,bachelor degree,3,0,HighSkilled,Consultant,19904,22790.45387119179,-2886.4538711917885,0.1450187837214524,8227.370618451647,0.4810181111143436,auto loans,48,0.5583714072369089,17077,liquid assets,69505.24047027333,1,0.7985416719753458,0.7370436,0.69,Consultant_auto loans,0.9587816780325354,394913.789685679,306316.6097159957,287763.4405242976,257093.91594210273,71086.96646471278,90662.75363547538,104813.99881602376
name549,56,ausbildung,1,1,MediumSkilled,Electrician,9568,10414.629368699225,-846.629368699223,0.0884855109426445,7287.481513902169,0.4398016023730614,auto loans,24,0.8501370069608478,0,none,17001.812085225774,0,0.5316710774405808,0.4242559,0.25,Electrician_auto loans,1.0,174899.55633365206,94795.55953283943,75381.70877980403,42325.6926327438,67372.03669326358,76623.66275421438,81240.30981988733
name550,35,bachelor degree,1,0,HighSkilled,Doctor,1904,1488.0020093772812,415.9979906227188,0.0,1141.6547951481527,0.3009561418347324,auto loans,24,0.3811222712843665,53331,house,54316.13996035143,0,0.11977499208152767,0.0641279,0.03,Doctor_auto loans,0.0,27399.715083555668,0.0,0.0,0.0,0.0,0.0,0.0
name551,62,bachelor degree,0,0,HighSkilled,Doctor,19894,18298.69314642895,1595.3068535710518,0.0,9467.14519613091,0.5616515535769391,auto loans,36,0.3956890691947249,55855,house,100183.58325132208,0,0.1321985379011676,0.08375365,0.08,Doctor_auto loans,0.8859766179848724,340817.22706071276,45897.32631569935,25666.268005489776,24760.39972294307,121601.58819386965,101880.05215069947,99843.70795804253
name552,36,ausbildung,0,1,MediumSkilled,Electrician,1395,699.646719486695,695.353280513305,0.0,831.0760092775035,0.3630362392906733,simple loans,12,0.0972922786840133,10487,liquid assets,16276.0743839578,0,0.16712305923539733,0.12363284,0.12,Electrician_simple loans,0.001808290832955962,9972.912111330043,3.1018351943924998,2.326376395794375,2.182104991404026,7.788863133895042,7.09805947285317,7.023422058554712
name553,62,ausbildung,0,0,MediumSkilled,Teacher,9870,7039.2019115203175,2830.7980884796825,0.0,6988.870113342477,0.490469855561635,mortgages,60,0.4212838930965344,48666,car,59354.86696830067,0,0.11463103762311827,0.18867642,0.14,Teacher_mortgages,0.9008933803483412,419332.20680054865,44577.28589427016,71399.21215268696,56288.26778174791,144696.22207807007,167972.3070985941,154995.58517798214
name554,51,bachelor degree,1,0,HighSkilled,Finance,15778,12373.585896660476,3404.4141033395226,0.0,5422.833268501551,0.7746223038715907,auto loans,24,0.127926173479657,31835,car,79719.55224483075,0,0.5317094147985301,0.4968583,0.23,Finance_auto loans,0.7911190686633586,130147.99844403722,56629.40982459584,51378.319095406034,23166.57674642557,39659.30775043244,41653.46289890689,47396.00679505323
name555,51,high school or lower,0,0,LowSkilled,Transportation,4063,2352.5364365437963,1710.4635634562037,0.0,823.9383073795043,0.5117185554028119,auto loans,24,0.0,7762,liquid assets,17872.255649358995,0,0.20518224781533678,0.18133269,0.07,Transportation_auto loans,0.6274376582297313,19774.519377108103,2679.972076207689,2282.939176028772,806.473078488425,5610.048679332361,5467.777483911667,3860.0468999068153
name556,58,ausbildung,2,2,Unemployed_MediumSkilled,IT Support,4849,3465.3062683135813,1383.6937316864187,0.0,2438.4918676463258,0.3545082436292492,simple loans,36,0.217529003085153,38385,car,40581.57958683478,1,0.7308723985984432,0.7583163,0.76,IT Support_simple loans,0.6266057439612668,87785.70723526774,40595.18695279482,41475.29940705596,43290.53134396955,13447.104191120552,12206.455499343238,12129.214043145661
name557,64,ausbildung,1,0,MediumSkilled,Artist,9964,7582.081394458269,2381.9186055417317,0.0,9557.69208551584,0.8275798071076653,mortgages,48,0.7201699598528813,39278,car,52504.62330810789,1,0.5407111632591051,0.6478171,0.4,Artist_mortgages,0.9269921327867441,458769.2201047604,224120.16626156078,280681.8021492032,173937.66224094562,161552.20748891038,131207.36378540227,190069.22987894772
name558,38,bachelor degree,0,0,HighSkilled,Finance,2410,2199.2855100402176,210.71448995978244,0.0,1153.669290338824,0.6846696437076171,auto loans,24,0.3912675520244985,21221,car,27910.848417852463,0,0.26707568989896463,0.1607651,0.23,Finance_auto loans,0.3471528784735894,27688.06296813178,2527.9535695499203,1326.4547247068024,2162.697920717612,4484.579570922287,4108.516962280119,4424.617692460538
name559,32,high school or lower,0,0,LowSkilled,Cleaning Services,1017,540.4468588008309,476.5531411991691,0.0,648.0635355107237,0.57048451433784,auto loans,24,0.168643455566917,14398,liquid assets,16901.295247907594,0,0.36128087889081295,0.3459367,0.19,Cleaning Services_auto loans,0.12193219641680868,15553.524852257367,730.1430471947767,680.8346855660386,375.5021385573138,868.8039230209848,875.1223301344312,844.5156419351108
name560,52,ausbildung,1,2,MediumSkilled,Teacher,8457,8097.684068473231,359.3159315267694,0.0,7043.648178954216,0.8700552437935827,simple loans,36,0.7903904750416751,0,none,20676.320164555265,0,0.5347028791451467,0.67014307,0.2,Teacher_simple loans,1.0,253571.33444235177,139971.3766121782,167864.22340083687,55785.69357731739,97227.07910466903,74034.94958453649,114104.31681093092
name561,49,post graduate degree,0,0,HighSkilled,Research,13120,14025.230195669998,-905.2301956699976,0.068996203938262,8603.191018663996,0.3243004871889171,mortgages,24,0.7247272267022861,17412,liquid assets,42137.98028562941,0,0.08364230548581351,0.056459464,0.11,Research_mortgages,0.9196021278629106,206476.58444793592,16898.991270684714,9873.567933433767,23544.66199511129,64027.14253731892,53227.90552342126,71613.09348891475
name562,64,post graduate degree,0,0,HighSkilled,Consultant,19865,15713.04192682246,4151.958073177539,0.0,11896.700813587502,0.2776106596179646,auto loans,48,0.389868751090358,25188,car,78531.68724555871,0,0.14929881928796251,0.11464016,0.07,Consultant_auto loans,0.9622739625623122,571041.6390522001,76380.29161103853,57147.84408307917,37915.39655511984,229953.78490736795,210477.09033086203,170955.30237871257
name563,54,high school or lower,1,0,LowSkilled,Agriculture,4614,3683.590152247415,930.4098477525854,0.0,2266.199676530776,0.9435692437900988,auto loans,48,0.2895079819631969,22129,car,30817.56918783552,0,0.6028844523956715,0.7556168,0.45,Agriculture_auto loans,0.8268937873692578,108777.58447347724,53069.03019563025,67550.57911342088,43084.85671814727,30598.6128285673,20162.068253493133,38439.38251409156
name564,37,ausbildung,0,0,MediumSkilled,Nursing,1454,722.0069463881464,731.9930536118536,0.0,1221.3190441649256,0.4691043657613422,auto loans,60,0.3365378201878074,18031,liquid assets,22841.38227209964,0,0.1828159145782042,0.2725005,0.21,Nursing_auto loans,0.7662037026112859,73279.14264989554,10387.148828168154,15777.236868731088,11959.257839999009,24789.893590173317,26217.720804818848,25491.97324993782
name565,32,ausbildung,1,0,MediumSkilled,Nursing,1235,1184.4865714456223,50.51342855437747,0.0,790.8739613053175,0.928057172450178,simple loans,48,0.5994822127537975,33376,car,35320.916211747375,0,0.6074303271843804,0.59032226,0.23,Nursing_simple loans,0.2514411301535975,37961.95014265524,6175.741583417329,5574.394257674991,2052.217064041307,3217.5554161441664,3327.5410217561903,4393.870385068628
name566,51,bachelor degree,2,0,HighSkilled,Engineering,16003,14491.880697042488,1511.1193029575115,0.0,5481.798074785888,0.5447637617099237,simple loans,12,0.2481209005704165,71854,house,125500.5700996542,1,0.30008950504227594,0.35412538,0.69,Engineering_simple loans,0.23947730711679313,65781.57689743066,4883.490416920813,5482.111822865944,11106.002399771525,7358.422074241137,7242.5536668262575,4360.7974119062355
name567,34,ausbildung,0,2,MediumSkilled,Teacher,1290,1276.608814277103,13.391185722897037,0.0,374.648783891567,0.5884410544571579,simple loans,24,0.280044649743155,47434,car,51406.2824320039,0,0.19796507723040377,0.20221232,0.06,Teacher_simple loans,0.0,8991.570813397608,0.0,0.0,0.0,0.0,0.0,0.0
name568,48,ausbildung,0,0,MediumSkilled,Nursing,6035,5852.2423212361045,182.75767876389543,0.0,3685.44750984914,0.3137751892423044,auto loans,36,0.5803959952088227,0,none,11662.267407538007,0,0.1363096600263304,0.16158772,0.14,Nursing_auto loans,1.0,132676.11035456904,17380.570456448546,23218.31931204958,17778.598787512252,53970.94937394162,56789.84606590603,54435.27779267986
name569,44,ausbildung,2,1,MediumSkilled,Electrician,3277,2625.9369583192947,651.0630416807053,0.0,1918.1352647767264,0.8932053945870716,mortgages,48,0.3866561559646082,30674,car,34450.78863374785,1,0.792019578298292,0.8541198,0.82,Electrician_mortgages,0.7163303909126583,92070.49270928287,52168.73759886367,56917.34582530891,53883.51279174667,12753.24226752509,9139.12450510018,11147.26443527386
name570,31,bachelor degree,2,0,HighSkilled,Engineering,1600,2097.088862815554,-497.088862815554,0.3106805392597212,1371.9214725188476,0.4140156362077319,auto loans,12,1.1681314595840009,25406,car,26871.95016117025,1,0.6328773316626715,0.63267297,0.89,Engineering_auto loans,0.0,16463.05767022617,0.0,0.0,0.0,0.0,0.0,0.0
name571,48,ausbildung,0,1,MediumSkilled,Electrician,5926,5605.429162735672,320.5708372643285,0.0,5849.785983093315,0.7518357866951926,mortgages,12,0.9330433928162312,0,none,13570.35428652788,0,0.34745058303538495,0.25821847,0.2,Electrician_mortgages,1.0,70197.43179711977,25200.878015166,17830.147676468423,14601.065813800913,32371.392893324482,32687.689464828323,31588.07368627571
name572,58,bachelor degree,0,1,HighSkilled,Consultant,19671,9531.749339361762,10139.250660638238,0.0,12903.70583469124,0.2813232741725229,simple loans,24,0.1405345520844391,0,none,51928.38427863688,0,0.07069089731492358,0.1532351,0.24,Consultant_simple loans,1.0,309688.9400325898,21368.536862248697,40878.94008430185,71847.83408756083,96790.59242839034,130593.09816925523,143280.48373502732
name573,42,bachelor degree,2,1,HighSkilled,Engineering,3953,5570.292505270505,-1617.292505270505,0.4091304086188983,2174.0070068291097,0.7228576243412967,auto loans,60,0.959094235289556,45688,car,53247.36708159267,0,0.7976731363897392,0.802969,0.31,Engineering_auto loans,0.7017563654343904,130440.42040974658,73229.91626598212,72497.61710332229,30115.80306438514,17254.398183538648,16834.54098770516,42699.62493514164
name574,63,high school or lower,1,0,LowSkilled,Manufacturing,5000,3716.7578849050487,1283.2421150949513,0.0,1646.8659006402634,0.6067408581055667,auto loans,48,0.0727247571090624,0,none,9381.024031082225,1,0.41222473844833485,0.42457756,0.36,Manufacturing_auto loans,1.0,79049.56323073265,32726.519177523314,34307.510442137966,28378.793199833017,34990.94919536389,34621.74373833347,36237.772119043795
name575,50,ausbildung,0,1,MediumSkilled,Nursing,7324,8702.415250060247,-1378.4152500602468,0.1882052498716885,4760.046839805788,0.8436275891118534,auto loans,48,0.8381297228107639,46808,car,55085.24450673354,1,0.5251788471077731,0.65570194,0.61,Nursing_auto loans,0.8254338269531866,228482.24831067782,96184.45807311503,120702.06503292866,114101.17085144039,73355.76021275029,57095.15482698477,63241.27504292891
name576,36,bachelor degree,1,0,HighSkilled,Research,1887,1670.3449815927015,216.65501840729823,0.0,707.1007569983185,0.9369442559164084,mortgages,48,0.2599076516115635,52383,house,58169.51224976631,0,0.31732632276707773,0.205659,0.17,Research_mortgages,0.0,33940.83633591929,0.0,0.0,0.0,0.0,0.0,0.0
name577,63,ausbildung,1,0,MediumSkilled,IT Support,9917,7066.03012177926,2850.96987822074,0.0,9639.41890869478,0.569808028141539,simple loans,12,0.6845264727714067,18525,liquid assets,44165.99658773613,0,0.26312176299432416,0.16656017,0.1,IT Support_simple loans,0.8473719466466517,115673.02690433737,26366.86297727606,19505.59751850534,9311.717408331693,45695.867085709615,42296.678759716,35619.42131776108
name578,55,bachelor degree,2,0,HighSkilled,Engineering,18663,8859.385845345256,9803.614154654744,0.0,12984.287293203455,0.2391188446207441,simple loans,24,0.1704266805202117,54471,house,113117.26636538304,0,0.150586815438961,0.094400205,0.1,Engineering_simple loans,0.8781849109361733,311622.89503688295,42691.353794487455,27639.914956687393,25450.614762098292,114814.16503696443,97145.14070960692,99447.9891200489
name579,51,post graduate degree,0,0,HighSkilled,Doctor,15717,7423.348811255071,8293.651188744929,0.0,6623.454833060615,0.6831170500971664,simple loans,36,0.0,0,none,48350.11112214952,1,0.11784247215770509,0.278898,0.65,Doctor_simple loans,1.0,238444.37399018212,27897.991756851312,61280.20411547681,159519.28619943184,92258.2904828745,111413.56195104518,73185.19735086142
name580,62,high school or lower,0,0,LowSkilled,Agriculture,4969,5495.40705905543,-526.4070590554302,0.1059382288298309,2076.8279100275327,0.675538118376003,simple loans,12,0.5238951437075796,9110,liquid assets,14449.957504559898,0,0.23584965765012658,0.33969414,0.2,Agriculture_simple loans,0.6539335546777201,24921.934920330394,3895.052188563731,5752.943190640155,3536.511819741965,7525.303822894864,7539.254790193018,7333.601360865993
name581,62,high school or lower,0,1,LowSkilled,Agriculture,4982,3884.101840998572,1097.8981590014282,0.0,3456.784791557494,0.5791941567671735,mortgages,24,0.4734818612115748,15947,liquid assets,24587.678338611444,0,0.13310091223816997,0.10182775,0.11,Agriculture_mortgages,0.8172611236732532,82962.83499737986,9085.508166912367,7187.0437738262,8136.275970369283,27366.5920516042,24817.598534840254,25572.08175537209
name582,37,high school or lower,0,1,LowSkilled,Cleaning Services,1091,1005.588537591102,85.41146240889805,0.0,936.6202129651168,0.7326219077129462,simple loans,12,0.7802096705373225,19959,liquid assets,22362.6299317351,0,0.49631304540641563,0.303944,0.54,Cleaning Services_simple loans,0.0,11239.442555581401,0.0,0.0,0.0,0.0,0.0,0.0
name583,57,high school or lower,0,1,LowSkilled,Manufacturing,4859,5946.774963786608,-1087.7749637866082,0.2238680723989726,2620.025410495776,0.5937502145001732,auto loans,24,0.7630788998317316,13511,liquid assets,23805.750379355835,1,0.5311443659787606,0.48741367,0.67,Manufacturing_auto loans,0.7959664845945772,62880.609851898625,27227.666737300515,25225.63241838136,33984.53256365267,19295.148073013228,20493.775991505143,14618.686746206062
name584,49,high school or lower,1,1,LowSkilled,Agriculture,3476,1944.9273881438487,1531.0726118561508,0.0,1698.7391919585723,0.9750076548390452,simple loans,36,0.0482354948510994,0,none,5837.457314694649,0,0.46546988678031204,0.49799782,0.28,Agriculture_simple loans,1.0,61154.6109105086,28559.203295207517,30577.3054552543,17490.218720405457,25701.201139169145,24703.228947196258,28576.75782063008
name585,33,post graduate degree,2,1,HighSkilled,Research,1761,1532.5857363398616,228.41426366013843,0.0,471.2042616845525,0.4009745567240736,auto loans,48,0.1378705269871744,26804,car,32131.70001781389,1,0.378398563558716,0.30076158,0.38,Research_auto loans,0.0,22617.80456085852,0.0,0.0,0.0,0.0,0.0,0.0
name586,56,high school or lower,0,0,LowSkilled,Manufacturing,4774,3827.662170491936,946.3378295080638,0.0,2915.928495432216,0.2506832635514717,mortgages,60,0.4125661218944599,7154,liquid assets,14934.91934383427,0,0.17526016200068203,0.12560306,0.05,Manufacturing_mortgages,0.9612248009813412,174955.70972593297,29766.402805349084,18667.066166066375,8576.76013035482,73512.4678411613,66557.36833842617,44314.25422167041
name587,55,high school or lower,0,1,LowSkilled,Transportation,4708,4841.62990304652,-133.62990304651976,0.0283835817855819,3750.406351456539,0.4373848902455725,simple loans,24,0.8249864601748214,11252,liquid assets,19624.13904523048,0,0.2629926859937626,0.31348714,0.07,Transportation_simple loans,0.8812539092833428,90009.75243495694,21575.433368285423,25700.148571045866,6504.358588968398,36978.498401772515,36977.07432248977,24677.81404627894
name588,42,bachelor degree,0,1,HighSkilled,Engineering,4110,4102.13078227139,7.869217728610238,0.0,2548.1968335466177,0.6844202096970823,auto loans,36,0.6180845780579094,45091,car,54525.309387465415,0,0.13059124216266982,0.105742045,0.11,Engineering_auto loans,0.5804872810075239,91735.08600767824,7348.644989643212,5005.598761061318,5538.109267557203,21357.287902844368,19782.050372843933,20083.982781261508
name589,54,bachelor degree,1,0,Unemployed_HighSkilled,Engineering,9123,5806.033843453923,3316.9661565460774,0.0,6321.955539713847,0.3451799646282877,auto loans,12,0.3293860992182143,28477,car,53354.20025791501,0,0.21751117076668383,0.15660709,0.1,Engineering_auto loans,0.6790784281426963,75863.46647656617,11385.310828608153,7933.655509527854,4997.1726261311815,23525.653300706686,21860.179165463407,18721.183291514782
name590,51,ausbildung,0,0,MediumSkilled,Nursing,7960,3830.676292819433,4129.323707180567,0.0,7019.020880798112,0.4091087292356652,auto loans,12,0.363027283117782,0,none,20370.14362751058,0,0.09175366151469977,0.09436737,0.09,Nursing_auto loans,1.0,84228.25056957734,7748.9990524011155,9180.879312083931,6232.890542148723,29548.318714771856,29895.183602854493,29309.64204126991
name591,52,ausbildung,0,1,MediumSkilled,IT Support,8408,7857.777011908674,550.2229880913264,0.0,7357.176387948863,0.9362751484473352,mortgages,24,0.8095805661105538,41094,car,55751.44012586412,0,0.3741589670605373,0.3506071,0.07,IT Support_mortgages,0.8015208319877221,176572.2333107727,58591.89786656081,51940.160669149314,9906.84263444265,64368.98882018688,65173.34477960594,44030.466630088005
name592,38,ausbildung,0,1,MediumSkilled,Teacher,1520,1467.8954704973737,52.10452950262629,0.0,562.3133408841204,0.924538395524852,mortgages,24,0.3356636916983514,11876,liquid assets,16119.63582861988,0,0.27030264040597546,0.21021965,0.3,Teacher_mortgages,0.16678438902180548,13495.52018121889,627.9849425397347,459.17178594303175,740.5270469375366,1050.7094327964694,1022.1202712474349,1051.3926308701919
name593,30,bachelor degree,0,1,HighSkilled,Doctor,1600,1515.2156462656335,84.7843537343665,0.0,957.7827312133552,0.5465533464953898,mortgages,24,0.545623985924368,38241,car,46934.71092842218,0,0.08672552622858351,0.037766367,0.14,Doctor_mortgages,0.0,22986.785549120526,0.0,0.0,0.0,0.0,0.0,0.0
name594,61,ausbildung,0,0,MediumSkilled,Nursing,9953,9234.960917517192,718.0390824828082,0.0,4171.648255061922,0.6054449360139276,auto loans,24,0.3469917786174132,11380,liquid assets,34210.60777013625,1,0.17520407460004583,0.11559823,0.55,Nursing_auto loans,0.8917998480730639,100119.55812148613,16696.59545699224,10089.38655957285,47321.90156259832,39026.55565192494,34304.90180197658,33418.095176914416
name595,31,high school or lower,0,0,LowSkilled,Construction,1021,461.2648692765295,559.7351307234705,0.0,380.2203695941007,0.2123014068259984,auto loans,24,0.0,12981,liquid assets,14188.01012013466,0,0.26551504691538214,0.313242,0.31,Construction_auto loans,0.0,9125.288870258417,0.0,0.0,0.0,0.0,0.0,0.0
name596,37,high school or lower,0,0,LowSkilled,Agriculture,1090,913.9269695799088,176.07303042009107,0.0,426.3955707495537,0.7867553737241602,auto loans,60,0.2296537067242776,24328,car,28047.939195587987,1,0.4137951815415014,0.5842844,0.68,Agriculture_auto loans,0.1908151101213751,25583.734244973224,2050.3404882536356,2767.959659142408,3431.8794362912045,2158.083531260011,1721.2545812018504,1388.850273974046
name597,45,ausbildung,1,1,MediumSkilled,Nursing,3777,2992.526384591007,784.4736154089928,0.0,2904.9782721307542,0.5925274951620727,auto loans,48,0.5614256438236064,28814,car,30129.02826479674,0,0.4428431013349832,0.482994,0.23,Nursing_auto loans,0.8239298552801109,139438.9570622762,46414.719563943254,56295.080659238105,25734.894015651706,49456.504448549225,47299.82995716461,52885.519240481335
name598,33,high school or lower,0,1,LowSkilled,Agriculture,1038,730.0461886874191,307.9538113125809,0.0,723.9351862606542,0.4889005054307149,simple loans,36,0.4007527696994925,12192,liquid assets,13451.980085130928,0,0.23831146690927782,0.16738957,0.29,Agriculture_simple loans,0.5570401617555465,26061.66670538355,3658.3835493708707,2569.578921581921,4195.527165746752,6711.400959396157,6272.680050221382,6785.265606281014
name599,30,bachelor degree,0,0,Unemployed_HighSkilled,Consultant,862,706.223317693601,155.77668230639904,0.0,478.1763380387778,0.3751582625509406,auto loans,48,0.3740135217312979,78242,house,85043.8046832338,0,0.3042293103783013,0.18154974,0.25,Consultant_auto loans,0.0,22952.464225861335,0.0,0.0,0.0,0.0,0.0,0.0
name600,35,ausbildung,0,0,MediumSkilled,IT Support,1312,1083.179053927612,228.82094607238787,0.0,1131.419778527022,0.5098591913018404,auto loans,60,0.6879564271757881,36442,car,41469.95094633501,1,0.3871873801702225,0.3686672,0.58,IT Support_auto loans,0.542028480417391,67885.18671162131,14460.71190628733,12768.109494864384,20936.7559152099,16596.650799314408,16789.108489576764,13076.623541100309
name601,32,bachelor degree,0,1,HighSkilled,Doctor,1671,794.9914840317405,876.0085159682595,0.0,1514.3291126636757,0.3500078523393152,mortgages,60,0.3819991602007276,0,none,5243.474476275642,0,0.06010005140190542,0.071529046,0.12,Doctor_mortgages,1.0,90859.74675982054,5724.164045868694,7359.639487545464,10176.291637099901,26272.931630103634,28553.515282450237,35385.88134352745
name602,61,bachelor degree,0,1,Unemployed_HighSkilled,Engineering,9935,7017.487141937984,2917.512858062016,0.0,5085.318815535682,0.2008527890458442,simple loans,36,0.2181988885227646,62775,house,84829.72273036106,0,0.08807259586168983,0.13501601,0.16,Engineering_simple loans,0.7611348036544311,183071.47735928456,10589.997546068511,20065.258508340336,22016.04752998454,48044.71427905717,56506.75369210348,59481.78975997422
name603,48,high school or lower,0,0,LowSkilled,Agriculture,3162,2251.106194505151,910.893805494849,0.0,2303.6251123195416,0.909251378962024,simple loans,60,0.4404589838155258,6208,liquid assets,11069.927772379784,0,0.3914260747382608,0.37318492,0.24,Agriculture_simple loans,0.9576458348833204,138217.5067391725,50165.736042319084,48312.64816740492,32031.947552087648,59527.865364723744,60236.53502893847,61239.173708872906
name604,59,ausbildung,2,0,MediumSkilled,Teacher,9861,8029.443869666108,1831.556130333892,0.0,9095.132625984188,0.8903820856298961,mortgages,24,0.7365963386725785,17417,liquid assets,38974.27672632118,0,0.5313410868597569,0.4867205,0.16,Teacher_mortgages,0.9240985176835073,218283.1830236205,114574.21421266354,96016.41895286595,36712.16018786051,77740.28747370979,82665.57373638518,86107.36751210323
name605,52,bachelor degree,1,1,HighSkilled,Engineering,16762,13423.8051780877,3338.1948219122987,0.0,13539.616031562437,0.581730403685595,auto loans,12,0.6086040573708469,20217,car,79445.5029802838,0,0.20716657698286886,0.12544368,0.22,Engineering_auto loans,0.8936388655392729,162475.39237874924,33394.694824380545,18149.29066542421,27296.533160798015,65764.86213609412,57438.289497779304,66419.98491413792
name606,64,ausbildung,0,0,MediumSkilled,Nursing,9971,7662.041654820793,2308.958345179207,0.0,8689.497648838516,0.2609613315298925,simple loans,48,0.6399096684043034,17280,liquid assets,41116.47816222553,0,0.07987993436344816,0.049415447,0.17,Nursing_simple loans,0.9604993823354199,417095.8871442488,42465.756249529666,18027.915388951275,70108.55984592163,132379.2292587378,104924.10622642198,173792.8606403158
name607,63,ausbildung,1,0,MediumSkilled,IT Support,9955,6915.866151842065,3039.133848157935,0.0,5657.410176399474,0.5706545084749379,auto loans,36,0.2630111831483213,19583,liquid assets,41740.32374021734,0,0.3362852987147691,0.23119844,0.13,IT Support_auto loans,0.9084158840972206,203666.76635038108,60869.64732746775,45328.460775773856,20721.582068925192,85697.21571457073,85223.06880765538,74089.89398023495
name608,43,high school or lower,0,1,LowSkilled,Construction,1696,1762.436647160364,-66.43664716036392,0.039172551391724,773.2073525490736,0.374989372470349,mortgages,60,0.4950731130362249,16280,liquid assets,17729.109686051946,0,0.4212736216916625,0.51850384,0.19,Construction_mortgages,0.6670190373541746,46392.44115294441,14172.645778763006,15843.656416433754,5817.592590409268,13592.64677751878,12153.345723294628,13779.895630352647
name609,46,ausbildung,1,1,MediumSkilled,Electrician,4482,3482.3214187700164,999.6785812299836,0.0,2478.488623806973,0.3143257576836917,mortgages,24,0.3299442308293149,44223,car,59412.35690761595,0,0.27782742188584175,0.32248646,0.22,Electrician_mortgages,0.36429395636582496,59483.72697136735,6414.1904223840465,6977.59904056643,4442.260258745709,10124.298684710155,10080.532774567382,9912.866730320373
name610,47,ausbildung,0,1,MediumSkilled,Nursing,5220,7421.417876324451,-2201.417876324451,0.4217275625142626,1324.924769949132,0.2542725666505188,mortgages,48,0.6755445682516442,0,none,7819.265095276752,0,0.3344881189668024,0.31447023,0.25,Nursing_mortgages,1.0,63596.38895755834,22131.5433572303,19905.66974371576,15135.940571898884,29476.09892881122,29640.630861031812,29540.328464195238
name611,52,high school or lower,0,1,Unemployed_LowSkilled,Transportation,2143,1994.151367127079,148.84863287292092,0.0,1200.5137170825258,0.9082552093282688,mortgages,24,0.4907443230096149,5814,liquid assets,9932.715656524442,1,0.4796315674330695,0.60460067,0.86,Transportation_mortgages,0.8098439459367877,28812.32920998062,11106.741420423265,14023.427717803324,20510.138043176576,9645.81701193775,7910.446386058803,3109.0239998760762
name612,30,high school or lower,1,0,Unemployed_LowSkilled,Manufacturing,500,369.5277949687997,130.4722050312003,0.0,299.8206671195407,0.5726300961495598,mortgages,12,0.3386969241766808,20539,car,21277.52654133005,1,0.6158435898283391,0.4881343,0.68,Manufacturing_mortgages,0.0,3597.848005434488,0.0,0.0,0.0,0.0,0.0,0.0
name613,49,ausbildung,2,0,MediumSkilled,Teacher,6665,5787.965547480702,877.0344525192977,0.0,3190.574183539255,0.5338114972506154,mortgages,48,0.3471177390877655,23251,car,40393.414021542325,0,0.5153568157596786,0.391515,0.24,Teacher_mortgages,0.8704748995940123,153147.56080988425,66388.93159428783,54657.55412381127,30528.24364476288,52592.23185379236,59950.3212341698,61677.63041489302
name614,43,bachelor degree,2,0,HighSkilled,Engineering,4827,4657.288536302785,169.71146369721464,0.0,2127.3971713724563,0.509954346302735,auto loans,12,0.4055698586441354,0,none,12013.020078315103,0,0.2338902849205299,0.21647713,0.21,Engineering_auto loans,1.0,25528.766056469474,6407.720280173838,5258.925807632711,5718.443596649162,11776.24022462873,11649.111918122566,11590.672951115193
name615,43,bachelor degree,1,1,Unemployed_HighSkilled,Research,2360,2398.521051695668,-38.52105169566767,0.0163224795320625,969.884720978026,0.7861563822775216,simple loans,60,0.4272905816413956,76317,house,79726.88173236985,1,0.5541013232882582,0.6003487,0.7,Research_simple loans,0.08910421752831105,58193.08325868157,2945.221516816417,3116.3347387441313,3624.48915537795,1927.7116903196334,1772.8338673061862,1395.0688615782196
name616,45,ausbildung,0,0,MediumSkilled,IT Support,3767,2253.0591148077606,1513.9408851922394,0.0,2246.245439442371,0.5284593586935347,auto loans,24,0.1943999347624453,13928,liquid assets,24517.7560702829,0,0.19002591802747756,0.17216505,0.12,IT Support_auto loans,0.7543376511945267,53909.89054661691,7889.254480951269,6831.931715462954,4676.619924275236,18109.538970814425,17698.02056051921,15837.722532052647
name617,38,bachelor degree,1,3,HighSkilled,Engineering,2321,2341.908119192793,-20.90811919279304,0.009008237480738,906.9986697740444,0.729761570190454,auto loans,24,0.399787500631985,56050,house,64472.98777925551,0,0.2929533827818133,0.15415883,0.29,Engineering_auto loans,0.0,21767.968074577067,0.0,0.0,0.0,0.0,0.0,0.0
name618,61,bachelor degree,0,1,HighSkilled,Finance,19850,9938.110794350803,9911.889205649197,0.0,12553.735140526202,0.4808191027776347,simple loans,12,0.1330904753086653,24323,car,69843.62035758475,1,0.14098233895871978,0.11289465,0.21,Finance_simple loans,0.8619614491881467,150644.82168631442,21295.404725401786,15711.853486424488,24931.2055321777,53393.569488669316,49454.59879558476,58955.03187816207
name619,57,bachelor degree,0,3,HighSkilled,Research,19137,20195.9837590214,-1058.9837590213974,0.0553369785766524,15043.152478128151,0.2527544729743267,auto loans,24,0.8414138181088755,48299,car,79352.22411997018,1,0.09568669843548476,0.36312088,0.73,Research_auto loans,0.8855467176235836,361035.65947507566,35168.5337512541,123729.2960157758,229554.6112127313,114125.96711610991,146323.94368503673,78383.62113420214
name620,41,ausbildung,0,2,MediumSkilled,Teacher,1998,2181.537577185873,-183.53757718587303,0.0918606492421787,1971.448007880564,0.4331746136281845,auto loans,48,1.0785713638971155,37360,car,45281.03647657095,1,0.4035015953275843,0.29610813,0.83,Teacher_auto loans,0.6630576194343233,94629.50437826707,25599.88407173188,18886.188984292392,51827.2162824768,27967.83150406855,29318.31827571711,10050.364750866589
name621,44,high school or lower,1,1,Unemployed_LowSkilled,Agriculture,972,641.101211965387,330.8987880346129,0.0,902.0292274144008,0.4532539770664594,auto loans,48,0.5875827565635678,19932,liquid assets,23872.15459751411,0,0.5221813548620174,0.44554117,0.18,Agriculture_auto loans,0.5623726074375573,43297.40291589124,12783.368520869233,11444.158485349599,4212.424293543575,9512.41817663158,10453.406061881391,10712.04481467288
name622,31,bachelor degree,0,0,HighSkilled,Finance,1600,1636.1032842233506,-36.10328422335056,0.022564552639594,1303.6424404011552,0.7647733890063997,auto loans,24,0.8373410778903161,10435,liquid assets,14144.313326429354,0,0.38587305093695673,0.2737798,0.29,Finance_auto loans,0.6843747423651981,31287.418569627727,8671.989204258743,5524.378307898161,6123.923240538272,9666.556356582616,10000.06048357016,10007.874790510508
name623,47,post graduate degree,2,1,HighSkilled,Research,10090,7114.051055355874,2975.9489446441257,0.0,4811.427445135415,0.515494404898287,simple loans,60,0.1819106541616738,0,none,25739.090497163863,1,0.39101511717993315,0.31559718,0.77,Research_simple loans,1.0,288685.6467081249,113742.14480300121,90358.6074196431,224597.4331389212,129868.18252063532,134516.87728290306,61234.76962011403
name624,60,bachelor degree,0,1,HighSkilled,Engineering,19943,20292.356789719743,-349.3567897197463,0.0175177651165695,4820.1341652047295,0.636875795716603,auto loans,24,0.2592133056673758,16234,liquid assets,58193.08657637915,0,0.17612338555251675,0.10956965,0.12,Engineering_auto loans,0.866242033447922,115683.2199649135,17636.901514884947,10622.224776010251,14630.61148393865,43856.863878504395,37738.53490939921,39027.2649561386
name625,47,bachelor degree,1,0,HighSkilled,Engineering,10178,5352.460494772487,4825.539505227513,0.0,7076.596519867968,0.7623692035277052,auto loans,24,0.2211688951307187,71743,house,116790.84980902036,0,0.17776150164713356,0.17381626,0.1,Engineering_auto loans,0.7062283588316635,169838.3164768312,20030.754130531586,20390.58803706808,11394.740373655692,52611.214930476606,52324.44107041044,43587.45442732047
name626,45,bachelor degree,1,1,HighSkilled,Doctor,7201,9247.669583391687,-2046.6695833916876,0.2842201893336602,4469.428664422792,0.9290172604906104,mortgages,24,0.9048879666455324,0,none,15250.649263849666,1,0.4966159516736424,0.6396197,0.88,Doctor_mortgages,1.0,107266.28794614701,53418.611397181216,68972.22314937253,95681.52884796314,43408.24711258589,33731.89195053433,12330.608051247704
name627,34,ausbildung,0,0,MediumSkilled,Artist,1256,671.7096246128447,584.2903753871553,0.0,321.6132249101518,0.4782604856609701,auto loans,12,0.0,36787,car,43229.87596297101,0,0.2454117340710013,0.20610394,0.14,Artist_auto loans,0.0,3859.358698921822,0.0,0.0,0.0,0.0,0.0,0.0
name628,50,high school or lower,2,0,LowSkilled,Manufacturing,3819,4500.225864779902,-681.2258647799017,0.1783780740455359,3739.026798910218,0.3184943905488415,mortgages,48,1.1574371991856822,11416,liquid assets,18948.511170138216,1,0.7574498376495137,0.605885,0.58,Manufacturing_mortgages,0.9396252223611207,179473.28634769047,129850.9724760939,103543.50272769046,100508.02544902852,37543.60943681387,57023.43274589822,59931.20072072813
name629,57,high school or lower,0,0,LowSkilled,Transportation,4858,2506.684883544838,2351.315116455162,0.0,1087.2686284458505,0.9510669891448807,simple loans,12,0.0,11647,liquid assets,20411.655696774596,0,0.2847438954365436,0.5211884,0.11,Transportation_simple loans,0.15332237289413173,13047.223541350206,544.1173062668773,1080.2328874415946,178.0383833005591,934.9691333010107,782.6265247616001,754.47576625688
name630,60,high school or lower,1,0,LowSkilled,Construction,4954,3581.28417276084,1372.7158272391598,0.0,3431.01595793249,0.3348616152493563,simple loans,36,0.4154824648149637,0,none,10116.31791928871,0,0.4145969318548832,0.4266222,0.46,Construction_simple loans,1.0,123516.57448556964,50024.21266665571,55705.97509299191,57805.7568592466,54566.50502489148,53997.77100159812,52225.741695774086
name631,51,ausbildung,0,0,MediumSkilled,Nursing,7972,5541.6235480609785,2430.376451939021,0.0,1845.3256925383896,0.4267181040531322,auto loans,24,0.0,10209,liquid assets,32003.065067591968,0,0.12755395145359982,0.08135396,0.06,Nursing_auto loans,0.780462756801141,44287.81662092135,4078.668991414785,2903.4592820240846,1970.2045128020575,13752.629811517627,11514.425030911425,9986.598817027829
name632,53,high school or lower,1,1,LowSkilled,Transportation,4461,5212.960992084441,-751.9609920844414,0.1685633248339927,1260.2088546154664,0.829507998646479,auto loans,48,0.4510580243667133,0,none,7037.027090801673,0,0.7451983657259654,0.7860728,0.22,Transportation_auto loans,1.0,60490.02502154239,45548.98884122142,48331.52999221237,13973.195779976291,14080.100257142494,12005.387962138417,27671.5122332631
name633,59,bachelor degree,0,0,HighSkilled,Consultant,19640,14056.24172855008,5583.758271449919,0.0,17852.209562661414,0.5858243335583697,mortgages,12,0.6246665626889764,52090,house,100380.16571634974,0,0.0960071489513705,0.13033678,0.05,Consultant_mortgages,0.8307736087966974,214226.51475193695,16551.55733271772,24560.375396935975,8186.7917989786565,63617.015304927205,71332.72147507287,46897.130566941756
name634,64,bachelor degree,0,0,HighSkilled,Engineering,19977,8840.633019448062,11136.366980551938,0.0,5061.487953749606,0.9106521697117502,auto loans,48,0.0,0,none,67176.16422924794,1,0.23319237688240135,0.3702513,0.72,Engineering_auto loans,1.0,242951.42177998112,58065.389805415485,85518.90046655334,174439.12083802643,112030.90757184701,110753.36004405201,61519.549096843046
name635,35,high school or lower,0,1,LowSkilled,Transportation,1045,758.6882857307589,286.31171426924107,0.0,849.8667699661061,0.4526887188478355,mortgages,36,0.5392871346381484,23468,car,23747.16209854754,0,0.3079690364924445,0.19095474,0.16,Transportation_mortgages,0.346655480056683,30595.20371877982,3478.766370681527,2110.5930114805606,1686.3532101779354,4949.075941682169,4727.983672495456,4527.444965150345
name636,57,bachelor degree,0,0,HighSkilled,Engineering,19423,6922.04791749139,12500.952082508613,0.0,6507.059782914225,0.2433015238993679,mortgages,24,0.0,32413,car,99203.83582171844,0,0.05134096644437471,0.06963238,0.45,Engineering_mortgages,0.8223296130417429,156169.4347899414,6549.560294867771,10273.820070380818,62285.03417668371,34305.38934794299,39855.432151416084,54881.91179610862
name637,60,ausbildung,0,0,MediumSkilled,Teacher,9911,9744.40592120569,166.5940787943091,0.0,4849.8766496325225,0.6896789465105664,auto loans,36,0.472533807974797,0,none,19541.161198941816,1,0.2351222574217078,0.29798606,0.7,Teacher_auto loans,1.0,174595.55938677082,39633.191980796975,55521.38788499312,123439.06048644696,80590.48297505282,81570.40806367634,46974.18026712129
name638,39,bachelor degree,3,2,HighSkilled,Doctor,2459,1637.7738312926558,821.2261687073442,0.0,985.348865717252,0.8261818365693165,simple loans,12,0.0667436750751963,31305,car,44013.035499331,1,0.5198542912796377,0.45083767,0.4,Doctor_simple loans,0.0,11824.186388607024,0.0,0.0,0.0,0.0,0.0,0.0
name639,41,high school or lower,0,0,LowSkilled,Agriculture,1406,760.9502793968705,645.0497206031295,0.0,306.3766154645479,0.3236104332923497,auto loans,24,0.0,17152,liquid assets,20594.66654353808,0,0.10651283809033524,0.05684669,0.13,Agriculture_auto loans,0.0,7353.038771149149,0.0,0.0,0.0,0.0,0.0,0.0
name640,62,ausbildung,1,0,MediumSkilled,Artist,9950,6695.568308378916,3254.431691621084,0.0,4361.729515374941,0.8975770307229598,auto loans,60,0.1112862134425987,0,none,21963.272511460647,0,0.6601982394511662,0.65834576,0.27,Artist_auto loans,1.0,261703.77092249645,174556.41520530515,168537.22847408772,69874.90683630656,78355.93764619231,78715.58323789068,122159.66523334953
name641,40,ausbildung,1,0,MediumSkilled,Electrician,1811,1465.9446260482716,345.0553739517284,0.0,626.5956395771665,0.9618545703618768,mortgages,48,0.1554612179047146,30152,car,31013.18073446513,1,0.6147117471476852,0.7166483,0.81,Electrician_mortgages,0.14698491704956163,30076.590699703993,2603.854256397339,3200.662956929836,3479.173683845002,1468.0384225665343,1131.2642861428799,785.9627918378213
name642,45,bachelor degree,0,0,Unemployed_HighSkilled,Consultant,3571,2750.450012328603,820.549987671397,0.0,746.865114718234,0.2574318105390816,mortgages,12,0.0,54479,house,54570.62570159858,0,0.11964031981685226,0.12121121,0.04,Consultant_mortgages,0.0,8962.381376618809,0.0,0.0,0.0,0.0,0.0,0.0
name643,52,bachelor degree,0,1,HighSkilled,Finance,16716,17916.43205811489,-1200.4320581148895,0.0718133559532717,6840.512477328531,0.89295755585952,simple loans,12,0.4810328149942223,59510,house,83785.01760337084,1,0.45415172402470644,0.5220208,0.73,Finance_simple loans,0.49634412870663214,82086.14972794236,18904.742008037334,22490.124113009933,29171.972581367954,17335.980513358078,15920.587346626739,9988.873666345935
name644,43,bachelor degree,1,0,HighSkilled,Engineering,4776,2092.952625236258,2683.047374763742,0.0,2243.7497945049445,0.757802467839078,auto loans,12,0.0,68053,house,67145.659663836,0,0.13627954145231536,0.10191173,0.13,Engineering_auto loans,0.0,26924.997534059334,0.0,0.0,0.0,0.0,0.0,0.0
name645,48,bachelor degree,1,0,HighSkilled,Finance,11597,12615.399879708755,-1018.399879708757,0.0878158040621503,11122.225154515409,0.3692933220021941,simple loans,36,1.0468763502823286,55586,house,94246.79521843132,0,0.38734038560036754,0.30246654,0.21,Finance_simple loans,0.9033797813401945,400400.10556255473,147940.7641629818,115748.27513974126,73789.52540158505,163133.36847375144,168915.1047794615,164226.553149987
name646,52,ausbildung,0,3,MediumSkilled,Electrician,8353,9387.50779458935,-1034.50779458935,0.1238486525307494,6779.6762697682525,0.2695979274138955,mortgages,24,0.9354943211250571,49833,car,62839.413898584935,1,0.2814748092944363,0.28082767,0.74,Electrician_mortgages,0.7381779869705881,162712.23047443805,32429.858421721066,33510.85370244511,90203.05064708341,56130.877645710105,56128.919875141946,28469.937382955413
name647,43,post graduate degree,1,0,HighSkilled,Doctor,4727,5083.4259367497325,-356.4259367497325,0.0754021444361608,1366.7775372706794,0.4976553581130509,auto loans,36,0.3645448432452743,18606,liquid assets,26919.868962807457,0,0.20572736041863918,0.14624,0.07,Doctor_auto loans,0.640419635936708,49203.99134174446,6081.662028790594,4632.1467265918,1922.1833355244883,14254.917936034517,13104.889167897047,9803.497364047915
name648,55,high school or lower,0,1,LowSkilled,Cleaning Services,4693,2992.996415337181,1700.0035846628189,0.0,4037.7304184836753,0.969234025563414,mortgages,36,0.4981305846624454,17942,liquid assets,28452.19724900502,0,0.45375446687013266,0.44178578,0.17,Cleaning Services_mortgages,0.8827827414092958,145358.2950654123,57358.948009378415,55819.1104789253,20531.16707270816,54622.56832175436,55296.6958473976,55666.32987613273
name649,52,bachelor degree,0,1,HighSkilled,Research,16693,10036.357267379066,6656.642732620934,0.0,11281.024733453074,0.5171417960911575,mortgages,36,0.2770252202020092,39982,car,92465.46178612082,0,0.08107742738978593,0.13428697,0.01,Research_mortgages,0.9158410301693991,406116.89040431066,30870.89643599738,43516.80581941799,2603.569578939538,123715.3777423373,150563.01235811153,37292.32428653082
name650,54,bachelor degree,0,0,HighSkilled,Engineering,18330,18087.31093667144,242.68906332856204,0.0,11544.707876764654,0.793615228271822,simple loans,48,0.6165858599801469,77919,house,115612.42700704116,0,0.14985375827817468,0.1908857,0.23,Engineering_simple loans,0.9022648092229627,554145.9780847034,76497.92152533485,106497.10643723088,124996.60379956676,209464.8680086763,222868.86442283212,230155.10461903838
name651,48,high school or lower,0,0,LowSkilled,Agriculture,3188,2478.983979879504,709.0160201204963,0.0,1007.3897078326868,0.6642970310892219,simple loans,12,0.0935927502233973,13180,liquid assets,19218.35116625832,0,0.15833892512622402,0.12790029,0.14,Agriculture_simple loans,0.0,12088.676493992241,0.0,0.0,0.0,0.0,0.0,0.0
name652,35,ausbildung,0,0,MediumSkilled,Teacher,1342,909.2249282035592,432.7750717964407,0.0,395.6498534826094,0.8226583351674599,mortgages,48,0.0,27897,car,30362.21069230643,0,0.23288589232061774,0.18357384,0.2,Teacher_mortgages,0.0,18991.19296716525,0.0,0.0,0.0,0.0,0.0,0.0
name653,44,bachelor degree,1,1,HighSkilled,Finance,5764,5960.484371578148,-196.48437157814809,0.0340881977061325,5561.43571479353,0.8400593977894584,auto loans,60,0.9989451919451212,14341,liquid assets,28845.100015925644,0,0.6625814074009796,0.65224737,0.35,Finance_auto loans,0.959185286408639,333686.14288761176,218285.5838817211,208363.51188709738,115544.1287115855,95262.71187775828,97709.95817545906,147432.2352696228
name654,49,post graduate degree,2,3,Unemployed_HighSkilled,Research,6581,5248.041365958642,1332.958634041358,0.0,4539.140406379768,0.8637912072390798,auto loans,60,0.4871876268558593,0,none,14114.459761643184,1,0.8362397520155331,0.85760486,0.73,Research_auto loans,1.0,272348.4243827861,224142.75326703294,230134.41860345425,202627.22774079285,42112.35986582484,36880.270477478676,66771.11263932506
name655,40,high school or lower,0,1,Unemployed_LowSkilled,Construction,645,657.128973660739,-12.128973660739009,0.0188046103267271,305.1607832232533,0.8452305286964024,mortgages,24,0.4919221036961121,24863,car,23425.639231522862,1,0.720102654221525,0.70814425,0.86,Construction_mortgages,0.0,7323.85879735808,0.0,0.0,0.0,0.0,0.0,0.0
name656,56,bachelor degree,2,0,HighSkilled,Finance,19091,16396.151526061807,2694.848473938193,0.0,6113.831631944384,0.6463523737848951,simple loans,48,0.179088741187271,78057,house,132349.04767300666,0,0.6530193377214897,0.5067205,0.12,Finance_simple loans,0.8149857726487024,293463.9183333304,155459.79684781327,118388.61452256548,29656.945860198222,72877.77438578916,95491.68640668964,93145.79077384486
name657,51,high school or lower,0,0,LowSkilled,Agriculture,4087,1535.845752889392,2551.154247110608,0.0,920.6184335127026,0.2072652466736698,auto loans,36,0.0,24684,car,35430.16249204707,0,0.1168039963490007,0.08668966,0.06,Agriculture_auto loans,0.3638952365794209,33142.263606457294,1290.4533685758759,892.4630773328488,699.49808763926,4651.343505846892,4130.286441275355,3484.4937334221713
name658,54,post graduate degree,0,0,Unemployed_HighSkilled,Finance,9147,9175.282713932242,-28.28271393224168,0.00309202076443,6658.1473527606895,0.2217643668462504,simple loans,60,0.7309970555037643,0,none,19834.75571300796,1,0.3291894872349494,0.3920409,0.68,Finance_simple loans,1.0,399488.8411656414,131831.31758466165,153803.20384877193,262464.1686458264,185481.1668244816,179584.4814365396,113653.64907246227
name659,49,high school or lower,0,1,LowSkilled,Transportation,3507,3458.447448741541,48.55255125845906,0.0,3281.5845515095084,0.7501735474325109,auto loans,12,0.921879669304548,0,none,4729.636181684491,1,0.41642937672597996,0.5498608,0.79,Transportation_auto loans,1.0,39379.0146181141,17208.629388115864,21815.974098435214,30991.2845044558,17369.825297883937,14742.074907968372,7683.001896712663
name660,48,bachelor degree,2,0,HighSkilled,Engineering,11515,8375.755845620084,3139.244154379916,0.0,4787.817462884096,0.5745556538653176,simple loans,24,0.1431674605735284,40271,car,59988.72440584983,0,0.26121518114458964,0.15255247,0.14,Engineering_simple loans,0.7006331779844747,114907.6191092183,22622.77338866505,12076.213552668174,10868.592197401358,37516.70504878412,33905.55390371635,33031.41953068666
name661,61,high school or lower,0,0,LowSkilled,Manufacturing,4936,5877.988154389755,-941.9881543897554,0.1908403878423329,2621.0174696273675,0.3420095997881271,auto loans,48,0.7218406855788336,10181,liquid assets,17367.73507625025,0,0.3933423246390837,0.34821713,0.15,Manufacturing_auto loans,0.923246579817061,125808.83854211363,45996.421638326254,41814.928762114774,19745.938582109757,52166.47862914438,53545.63746615292,48675.1683181749
name662,43,bachelor degree,1,0,HighSkilled,Finance,4841,3728.142372378523,1112.8576276214771,0.0,3240.3482725544945,0.9819142774701052,mortgages,36,0.4394733825517491,0,none,12809.955397001935,1,0.43968844832852977,0.5095817,0.52,Finance_mortgages,1.0,116652.53781196181,50043.938721331615,55293.302922869894,60309.362048784256,50372.9161435988,46392.919694212156,45716.282312414754
name663,54,post graduate degree,1,1,HighSkilled,Engineering,18266,14922.640790454789,3343.359209545213,0.0,6272.327487856449,0.2513506147159257,mortgages,24,0.1603508309597742,0,none,52413.46135277143,1,0.11908773563352286,0.09664571,0.71,Engineering_mortgages,1.0,150535.85970855478,18816.982463569348,16257.872848523915,109138.49828870222,58466.643374223204,53955.172792405385,39316.57266979951
name664,64,ausbildung,0,0,MediumSkilled,Teacher,9937,4880.941390795037,5056.058609204963,0.0,3176.5395501332687,0.6207935079481073,auto loans,12,0.0,21244,car,51934.98797772902,0,0.1675550741794508,0.12836069,0.23,Teacher_auto loans,0.5240856806895834,38118.47460159923,3555.9677141001353,2676.9644589293152,4754.608516605799,8634.040644379167,7965.6766696288705,9196.026495771324
name665,31,bachelor degree,1,1,Unemployed_HighSkilled,Research,910,600.3410648340752,309.65893516592485,0.0,764.9820639083658,0.7475505319036353,auto loans,12,0.5003550865301549,61065,house,67110.13714871959,0,0.5647561420550381,0.41520122,0.12,Research_auto loans,0.0,9179.78476690039,0.0,0.0,0.0,0.0,0.0,0.0
name666,30,high school or lower,0,0,LowSkilled,Agriculture,1048,610.6346149940872,437.3653850059128,0.0,547.9279783285167,0.2533531232881493,simple loans,24,0.1054986577505762,0,none,1894.207073469684,0,0.10924077938956259,0.088616356,0.04,Agriculture_simple loans,1.0,13150.2714798844,1472.830405747053,1393.9287768677464,683.8141169539888,4946.676122081733,4546.072531954215,3077.300821113775
name667,35,high school or lower,0,0,LowSkilled,Cleaning Services,1057,1348.3548134949322,-291.35481349493216,0.2756431537321969,318.5078152367775,0.7474835269677594,auto loans,48,0.5769750508341625,13099,liquid assets,15382.768078674282,1,0.7573090555745668,0.86580753,0.9,Cleaning Services_auto loans,0.18973837617783304,15288.37513136532,2242.3118077190406,2506.283831654917,2599.1091587532474,646.1400080212891,371.1821041465744,279.6595888229792
name668,46,bachelor degree,0,0,HighSkilled,Doctor,8461,8298.34277984975,162.6572201502495,0.0,4417.436039321013,0.3538304148642468,auto loans,48,0.5028694975973009,18789,liquid assets,33052.086156058576,0,0.0756918941119733,0.04397513,0.1,Doctor_auto loans,0.9156068474158474,212036.92988740862,13201.68761387628,7571.556131487865,18637.676631354745,62616.87032691462,47816.26758742811,70550.68203372583
name669,40,high school or lower,2,2,LowSkilled,Transportation,1276,1296.0025696489697,-20.00256964896971,0.0156759950227035,1040.9097175336424,0.3804121183015621,mortgages,24,0.831435961741859,10106,liquid assets,10535.391994185908,0,0.6425369054392801,0.5704345,0.26,Transportation_mortgages,0.6177172435687347,24981.833220807417,9968.884115067349,8672.620545925465,3873.358998269202,4820.268291431498,5579.185409681446,7189.075977680488
name670,61,high school or lower,0,0,LowSkilled,Agriculture,4967,4959.577914706795,7.422085293204873,0.0,1089.776026142454,0.9484223391446034,mortgages,12,0.2179089874872657,21647,car,27709.17480512252,0,0.24685557232137983,0.17081676,0.22,Agriculture_mortgages,0.0,13077.312313709448,0.0,0.0,0.0,0.0,0.0,0.0
name671,46,ausbildung,0,0,MediumSkilled,Nursing,4496,2768.377694318909,1727.622305681091,0.0,3959.535575372904,0.8007481699821463,auto loans,48,0.4964219905898161,24687,car,31541.39134583216,0,0.32123866282801156,0.33238432,0.12,Nursing_auto loans,0.8893977774534069,190057.7076178994,52570.476753150484,56289.28861350197,18425.022399014157,78660.3433435899,78402.4826873492,65832.45052357021
name672,64,high school or lower,1,0,LowSkilled,Manufacturing,4997,3442.305117279236,1554.694882720764,0.0,1484.7938117045594,0.6067358406084222,mortgages,36,0.0,16317,liquid assets,24475.60393965048,0,0.2907759327978962,0.26525214,0.13,Manufacturing_mortgages,0.7098910432429072,53452.57722136414,10890.360166808823,10586.796120347255,4287.842156269677,17734.98641038275,17697.863996823762,15195.480307069813
name673,62,high school or lower,2,1,LowSkilled,Agriculture,4976,3976.975498012677,999.0245019873232,0.0,4326.135925126191,0.5244672821095623,auto loans,36,0.6686317168687436,13233,liquid assets,22418.611633750683,0,0.5325954555208632,0.62481683,0.25,Agriculture_auto loans,0.9192601844878988,155740.89330454287,71726.36755803357,92485.49589319299,38368.59581946706,55071.096200660904,46531.53865276834,66500.35668125072
name674,37,high school or lower,0,0,LowSkilled,Transportation,1121,1354.6171405000407,-233.6171405000407,0.2084006605709551,448.5820741154525,0.8894133332212779,simple loans,24,0.6085630817265774,0,none,1475.135853686607,1,0.5941762064306912,0.63003373,0.79,Transportation_simple loans,1.0,10765.96977877086,6739.497081510558,7019.4122957586005,8386.6904576625,3725.507189787579,3459.404058543844,2100.4833928017933
name675,33,high school or lower,1,2,LowSkilled,Agriculture,1033,1055.7916816823342,-22.79168168233423,0.0220635834291715,538.8639880273386,0.3207804741905372,mortgages,24,0.5437131362145913,0,none,1381.2337188647043,0,0.31791790226867916,0.16530536,0.15,Agriculture_mortgages,1.0,12932.735712656126,4513.524763716988,2340.8251639907585,1914.0448854731064,6023.0503106024535,5569.603506657863,5419.622088449106
name676,65,ausbildung,0,0,MediumSkilled,Electrician,10000,11749.47196073749,-1749.47196073749,0.174947196073749,5754.149448978061,0.2919155936977446,mortgages,48,0.7503621409715551,35113,car,50844.933143281225,0,0.2833873983030221,0.2687398,0.2,Electrician_mortgages,0.8914456880932431,276199.1735509469,67709.55463714997,71156.58650958668,46781.1468402127,115073.04493222613,114907.66502694337,110794.75009464848
name677,55,bachelor degree,1,1,HighSkilled,Doctor,18680,13337.126062637097,5342.873937362905,0.0,12921.490246643158,0.3909198109110846,mortgages,24,0.4057075112034397,79431,house,125265.50727049116,0,0.08775421186177151,0.07438164,0.09,Doctor_mortgages,0.8215928643625255,310115.76591943577,23695.36773773268,19873.53423164676,23185.78993692122,87714.73822198033,81525.57970688016,88661.12517452614
name678,42,ausbildung,1,0,MediumSkilled,IT Support,2383,1460.8086297028078,922.1913702971922,0.0,2015.7185730164604,0.2129953984448955,simple loans,36,0.4588867825091348,44030,car,48616.36631603987,0,0.23974226885368763,0.30350167,0.08,IT Support_simple loans,0.4813050673381873,72565.86862859258,8696.653751397962,10373.117125161425,2759.1793026523655,16157.108580839667,16308.05056627492,11548.610509757329
name679,45,high school or lower,1,0,LowSkilled,Construction,2165,1969.5899995728007,195.41000042719884,0.0,614.7879812707283,0.7733737504740815,simple loans,60,0.1937080742926233,18362,liquid assets,21585.00848651633,1,0.703686247682159,0.6915292,0.85,Construction_simple loans,0.5277523125531306,36887.2788762437,13354.599857280682,13568.740671318708,16313.636560351619,5181.352563977647,5365.9252149436015,2769.9945213536917
name680,65,post graduate degree,1,1,Unemployed_HighSkilled,Consultant,9990,8324.57531272216,1665.4246872778403,0.0,5338.176378931619,0.7927398942267628,auto loans,24,0.3676428119773552,28527,car,41795.20220035133,0,0.6344649108579172,0.60292435,0.22,Consultant_auto loans,0.8101369089818942,128116.23309435886,65492.55580283414,61652.26330726384,22315.213149935564,33023.37865738414,35305.35801387423,47480.10920435198
name681,42,bachelor degree,0,0,HighSkilled,Consultant,3990,2501.760856147786,1488.239143852214,0.0,2634.664837221382,0.3035411094847261,auto loans,48,0.2873247351802427,15322,liquid assets,25319.688242853183,0,0.09361510744253228,0.056817528,0.14,Consultant_auto loans,0.8847195638766584,126463.91218662634,9510.233265050487,8615.152487163383,14992.603029609005,39580.251574167945,31464.05665363677,45904.99625456365
name682,53,post graduate degree,0,1,HighSkilled,Finance,17568,21393.588436410268,-3825.588436410268,0.2177589046226245,15393.230631992765,0.5583479583892774,simple loans,12,1.0939673877733969,32390,car,67075.52289898013,0,0.383623342853136,0.39639798,0.3,Finance_simple loans,0.8502815138586006,184718.76758391317,61411.614755683775,63610.496102434605,43663.50102833783,71011.72762254783,70384.4648428664,73365.80056295851
name683,58,bachelor degree,1,1,HighSkilled,Engineering,19611,20218.904721431885,-607.9047214318853,0.0309981500908615,18400.63300530893,0.5438887068987152,mortgages,36,0.9692793700851978,19349,liquid assets,57764.6853802415,0,0.13517737868317584,0.11866228,0.1,Engineering_mortgages,0.9721559972690226,662422.7881911214,83073.19892852895,81785.24235599361,61821.91548169595,261251.58327069896,249792.28341422687,234019.42141905086
name684,45,bachelor degree,0,0,HighSkilled,Consultant,7136,6532.578198718564,603.4218012814363,0.0,3453.144081977128,0.7240593772155302,auto loans,24,0.3993444900078042,48410,car,67002.37609802507,0,0.1864230045682118,0.17949261,0.07,Consultant_auto loans,0.5012288792698465,82875.45796745108,8183.295864452152,8723.310312360161,2118.5182187160394,18421.45886363126,18262.484472154898,12923.438805044518
name685,38,ausbildung,1,1,MediumSkilled,Teacher,1525,1302.5822697514532,222.41773024854683,0.0,558.4085717230749,0.8140542963170814,mortgages,24,0.2203218632619856,13862,liquid assets,14138.500238857969,0,0.3543185391907342,0.27438787,0.19,Teacher_mortgages,0.02126660526436429,13401.805721353798,103.1739501822743,79.5180444774987,56.14714968482884,131.02211471290155,133.1161716549722,126.9176322547929
name686,39,ausbildung,0,0,MediumSkilled,Teacher,1621,918.4595090084714,702.5404909915286,0.0,734.5009387899827,0.9216282016249764,auto loans,48,0.0197165008010204,37893,car,43102.131785328034,1,0.2989080561605814,0.36483127,0.66,Teacher_auto loans,0.08430297939892929,35256.04506191917,888.6847025222656,1156.1817701711084,2035.949903771746,1388.4851687542396,1359.0362821086533,890.3319511709819
name687,30,bachelor degree,1,0,HighSkilled,Doctor,1676,1233.224617186766,442.7753828132341,0.0,1668.223829747075,0.3750989648432187,simple loans,60,0.7311744910106448,47328,car,56205.30951335094,0,0.18345861032835767,0.15516922,0.09,Doctor_simple loans,0.5960766362552288,100093.42978482449,11276.374083166163,8531.859756046357,6145.325558550871,26363.66393481241,25250.48812678959,20761.5801630774
name688,39,high school or lower,1,0,LowSkilled,Construction,1177,1103.9422333442203,73.05776665577946,0.0,1017.5747419367456,0.6767140008287484,auto loans,36,0.8024783137476347,0,none,1664.631651243668,0,0.7809781513141913,0.7932863,0.5,Construction_auto loans,1.0,36632.69070972284,29416.05063990744,28866.560279261597,18499.508808410035,7429.7106890922905,7043.701923117123,14758.700912612005
name689,37,bachelor degree,1,0,HighSkilled,Consultant,2025,1386.7271560236538,638.2728439763462,0.0,664.5838746894866,0.4567895969870634,mortgages,12,0.012993101586736,31771,car,29708.00164737685,1,0.1265308495315302,0.15299265,0.62,Consultant_mortgages,0.0,7975.00649627384,0.0,0.0,0.0,0.0,0.0,0.0
name690,40,bachelor degree,0,0,HighSkilled,Engineering,2923,1625.8433923434109,1297.1566076565891,0.0,2716.527959340932,0.728469557698608,auto loans,36,0.4855871883969698,10090,liquid assets,19964.46856352904,0,0.11509009424267891,0.23135464,0.12,Engineering_auto loans,0.9021067014180614,97795.00653627355,12086.349714338581,20996.724321259724,10586.583691391457,33840.79393824562,40640.975449372956,34358.4120669669
name691,51,bachelor degree,1,1,HighSkilled,Engineering,15692,15979.090601173995,-287.0906011739972,0.0182953480228139,11708.827618252928,0.5342600419982927,auto loans,12,0.7644607583116827,24268,car,48861.27084485152,0,0.22313942219158356,0.10082868,0.16,Engineering_auto loans,0.8524903123990155,140505.93141903513,27309.82754420676,12816.454154518087,16409.852515597926,54908.91983489569,43671.37586060927,51131.18655281542
name692,42,ausbildung,0,1,MediumSkilled,Nursing,2339,1879.0510617948544,459.9489382051456,0.0,2185.574781953224,0.3846115842138589,auto loans,36,0.7377622247747235,45559,car,47537.85272078874,0,0.18155554013055406,0.20746978,0.2,Nursing_auto loans,0.5053742999676488,78680.69215031606,7634.534345555723,7833.350344137903,7833.350344137903,17528.28069765688,18015.18191675375,17893.003354809567
name693,40,high school or lower,2,1,LowSkilled,Agriculture,1287,1001.893067413048,285.106932586952,0.0,687.1748392589989,0.598071927795697,auto loans,12,0.3124070758912563,0,none,2629.618438714524,0,0.5493988760962415,0.54387903,0.66,Agriculture_auto loans,1.0,8246.098071107986,4205.510016265073,4593.076625607149,5483.655217286811,3089.3586043998466,3116.872413547882,2470.153480467789
name694,33,post graduate degree,1,0,Unemployed_HighSkilled,Doctor,800,895.4796901384356,-95.47969013843556,0.1193496126730444,429.47031057930826,0.9065693262575656,mortgages,48,0.6561875008971798,25542,car,24349.506464809543,0,0.720569807740772,0.70586973,0.5,Doctor_mortgages,0.0,20614.574907806797,0.0,0.0,0.0,0.0,0.0,0.0
name695,42,bachelor degree,0,0,HighSkilled,Engineering,4161,2520.7898333218764,1640.2101666781236,0.0,1021.2111321208612,0.6996601901308276,auto loans,36,0.0,0,none,12329.702648133856,0,0.08103401627999689,0.08087184,0.29,Engineering_auto loans,1.0,36763.600756351,2757.270056726325,2757.270056726325,10367.33541329098,12225.531207194606,12214.702433065611,17182.889570487838
name696,60,bachelor degree,1,1,HighSkilled,Research,19858,17861.20248841776,1996.797511582241,0.0,4613.298790766725,0.5648832972381984,mortgages,12,0.131760563963364,13611,liquid assets,58528.16645726479,0,0.22237706057645526,0.13919339,0.05,Research_mortgages,0.7655165953045244,55359.5854892007,10552.291668889506,5721.121989156961,1864.6619816511577,19417.365198860363,17355.531191347727,11167.03291977724
name697,41,ausbildung,3,3,MediumSkilled,Artist,2064,1851.3946673795328,212.60533262046735,0.0,1593.1312174273253,0.481762253860852,mortgages,36,0.6688594403134002,41975,car,50509.40665593071,1,0.8491110057060683,0.8403578,0.82,Artist_mortgages,0.3749658078466987,57352.723827383714,18408.54572135487,17806.397029534848,17419.30144193627,3077.199934656439,3246.1859653397623,3634.7971202664035
name698,47,bachelor degree,0,0,HighSkilled,Consultant,10030,8828.726305298407,1201.2736947015928,0.0,6671.9847665883,0.4375796417307223,auto loans,60,0.5454348027803297,34369,car,71748.7808672863,0,0.19082543068615904,0.13110994,0.1,Consultant_auto loans,0.9266425162397194,400319.085995298,68997.19943705696,48594.80175405625,31901.930922510208,165341.0127344672,148975.32877597542,134802.8879276583
name699,40,bachelor degree,0,0,HighSkilled,Doctor,2960,2092.152302127632,867.8476978723679,0.0,2848.462846959967,0.5410677938661937,auto loans,36,0.6691267395566213,45729,car,58617.83940694692,0,0.09339126458084382,0.055423364,0.07,Doctor_auto loans,0.6191193304716325,102544.66249055881,5904.326598967269,3174.3691392297146,4698.066326059978,22436.895341147858,17632.60871562088,19751.654836901307
name700,33,post graduate degree,1,0,HighSkilled,Engineering,1601,1302.5810465438049,298.41895345619514,0.0,893.3918407429886,0.726091526388871,mortgages,24,0.3716257884364731,68329,house,68173.134821452,0,0.17520509873589868,0.14143437,0.08,Engineering_mortgages,0.0,21441.404177831726,0.0,0.0,0.0,0.0,0.0,0.0
name701,42,ausbildung,0,2,MediumSkilled,Teacher,2362,2331.7028099716954,30.29719002830461,0.0,2336.3068507734406,0.8208513989034287,simple loans,24,0.9762953686473904,17061,liquid assets,20490.880018432497,1,0.3753914675689823,0.4196389,0.86,Teacher_simple loans,0.711306702614805,56071.364418562574,15155.896187558721,16073.226746279384,34419.837920692575,18126.516791798997,17544.240431724065,5314.255020224903
name702,44,post graduate degree,0,0,HighSkilled,Research,5885,3931.391138184382,1953.6088618156184,0.0,3484.812770724258,0.2887258550712892,mortgages,36,0.2601875801034222,74824,house,85292.7871693555,0,0.0436920168017195,0.12853763,0.15,Research_mortgages,0.5846675951028253,125453.25974607328,4107.513517718618,8068.330124090142,11662.404452093931,18003.06427631924,29260.35886767378,30737.57319056366
name703,61,bachelor degree,0,3,HighSkilled,Consultant,19778,16009.726447068204,3768.273552931796,0.0,17546.46023831612,0.6376733683004782,simple loans,36,0.6966420611479585,18147,liquid assets,75387.74453206435,0,0.1679645862309605,0.35400158,0.1,Consultant_simple loans,0.9726075757340551,631672.5685793803,92155.4288375542,211957.48632637467,57750.7354048673,265693.90017897694,282473.877391543,223259.70297519307
name704,54,ausbildung,0,1,MediumSkilled,Teacher,9190,6149.74047690818,3040.25952309182,0.0,5401.548590046251,0.3725576539536197,auto loans,24,0.2569411389504278,46350,car,77901.13474035272,0,0.12284254549662474,0.13598938,0.08,Teacher_auto loans,0.6941990721806625,129637.16616111001,10349.310053954889,12959.136067560903,8099.460042225564,35341.428387610715,36580.4526954369,29757.090099984318
name705,60,ausbildung,0,1,MediumSkilled,Nursing,9899,7305.40159960398,2593.59840039602,0.0,8429.78656324657,0.6043912896164402,mortgages,36,0.5895735087231588,35805,car,64388.89210818485,0,0.14474915743705163,0.13281287,0.13,Nursing_mortgages,0.8992358283986259,303472.3162768765,39569.51105987659,37113.47244236701,30018.249769561553,113136.07193297255,110067.01808348775,109281.53018789936
name706,62,high school or lower,1,0,LowSkilled,Transportation,5000,3252.731500298737,1747.2684997012625,0.0,4002.454976708447,0.3106346746160686,auto loans,60,0.4510372954014368,17311,liquid assets,23309.516665771087,0,0.3049956147188094,0.26525193,0.17,Transportation_auto loans,0.9314562297537483,240147.2986025068,69119.18947862812,59276.97479558722,39368.858732163586,104424.9290054695,104327.94675117187,97037.3866349605
name707,65,ausbildung,0,1,MediumSkilled,Nursing,9890,7457.47071651353,2432.529283486469,0.0,8676.067527873858,0.6393509168337582,simple loans,36,0.6312981035780979,49490,car,82116.69188762963,0,0.1430930513782464,0.064699575,0.25,Nursing_simple loans,0.8646394039140628,312338.4310034589,40509.01722034265,13232.945625311933,63194.06686373454,111564.35618940614,80940.25393636677,125442.09863333163
name708,45,ausbildung,0,0,MediumSkilled,IT Support,3861,2749.767406796104,1111.2325932038962,0.0,3564.8304926802134,0.6417892665845438,auto loans,24,0.6354824914468576,44724,car,54768.39471090562,1,0.2819016473974059,0.2880811,0.63,IT Support_auto loans,0.5536785744747514,85555.93182432512,13405.84764280943,13832.182020142594,30459.22273613592,22137.9570331136,22140.926178066216,15222.583117324108
name709,62,high school or lower,0,0,LowSkilled,Construction,4991,5164.52247573924,-173.52247573923978,0.0347670758844399,3066.5734468718474,0.2191646555444565,auto loans,24,0.649187722422578,0,none,9088.748101384266,0,0.2761714485594183,0.13481937,0.12,Construction_auto loans,1.0,73597.76272492434,20607.373562978817,10671.675595114028,8242.949425191526,34380.72114037988,29831.530948903677,28663.096605557872
name710,42,bachelor degree,2,0,HighSkilled,Consultant,3962,3366.2032971229864,595.7967028770136,0.0,2760.423388599981,0.9459616853600346,simple loans,36,0.546346967623162,0,none,9554.89114118586,1,0.606072449166619,0.7571858,0.79,Consultant_simple loans,1.0,99375.24198959932,61314.52430758278,72245.80092643871,79301.44310770027,33590.21899801477,22145.642927879184,19388.503752482575
name711,58,bachelor degree,1,0,HighSkilled,Engineering,19529,13299.11478521683,6229.885214783169,0.0,11276.941174507208,0.7502840209364635,auto loans,36,0.2584390373149695,37241,car,100163.81476298351,0,0.2536311155646748,0.18109086,0.08,Engineering_auto loans,0.9216477612644716,405969.8822822595,98404.40431746258,63233.24840171551,29558.7374185534,174002.30088727426,164838.4211317904,123718.79757104424
name712,30,ausbildung,1,0,MediumSkilled,Electrician,1297,1224.507443698608,72.49255630139191,0.0,740.8597420902512,0.3139518154871821,mortgages,24,0.5153177993746024,0,none,3204.321452138116,0,0.3473762394435426,0.3198929,0.23,Electrician_mortgages,1.0,17780.63381016603,5796.486622114126,6169.879932127612,3893.9588044263605,8199.76431008069,8276.90969700389,8184.829648119124
name713,54,ausbildung,0,0,MediumSkilled,Artist,9152,7085.274334703984,2066.725665296016,0.0,7289.332593267761,0.9826812722680152,mortgages,48,0.5706519807661434,31177,car,47505.76223943084,0,0.5157126396353313,0.6359821,0.37,Artist_mortgages,0.9240827771660682,349887.9644768525,170715.8333288773,208544.91003243538,122540.3424841752,127490.12195745068,102521.16740170491,147414.47854390164
name714,43,ausbildung,0,1,MediumSkilled,IT Support,2773,3177.7432932548,-404.7432932548,0.1459586344229354,1368.562348421511,0.2726587056390785,mortgages,60,0.639489953723877,31179,car,33783.18249158832,1,0.29925709690313124,0.22888565,0.3,IT Support_mortgages,0.6761727567194181,82113.74090529066,16823.491589399753,11992.984103334476,17156.6300367146,25937.27481331935,25542.285629042086,25935.42734076868
name715,45,bachelor degree,0,1,Unemployed_HighSkilled,Finance,3570,4029.804020981355,-459.8040209813548,0.1287966445325923,1491.4792720993128,0.9088641141890552,mortgages,24,0.5465779532438845,60967,house,72691.7642356975,1,0.6310277879474818,0.7851146,0.54,Finance_mortgages,0.0,35795.50253038351,0.0,0.0,0.0,0.0,0.0,0.0
name716,35,bachelor degree,0,0,HighSkilled,Engineering,1894,858.7762865477413,1035.2237134522588,0.0,1138.3405410636176,0.4551229463709162,simple loans,12,0.0544439427726287,37486,car,44239.71998628443,0,0.038927643829556,0.039865978,0.17,Engineering_simple loans,0.0,13660.08649276341,0.0,0.0,0.0,0.0,0.0,0.0
name717,57,bachelor degree,2,0,HighSkilled,Finance,19250,11369.43908566631,7880.56091433369,0.0,15369.754632954013,0.5949436546215733,auto loans,24,0.3890490243439128,33915,car,102674.89348823333,0,0.5027056745231894,0.34132197,0.14,Finance_auto loans,0.9214023360259574,368874.1111908963,175718.71882715877,111481.12142225933,50982.2201626186,136440.4200034828,157132.72226251525,139448.9336788196
name718,47,ausbildung,3,0,MediumSkilled,IT Support,5240,3669.1896643550986,1570.8103356449014,0.0,3330.7845337142357,0.8807322287612531,auto loans,36,0.33587293856285,0,none,12620.402542446427,1,0.8452916216846751,0.80585253,0.91,IT Support_auto loans,1.0,119908.24321371249,101802.0984884419,95806.68632775628,109116.50132447836,17569.597442682723,21751.67807202572,10437.063133126803
name719,31,high school or lower,1,1,LowSkilled,Transportation,1022,709.2517108712395,312.74828912876046,0.0,650.4960939847322,0.7654835575443244,auto loans,36,0.3304773041643559,18256,liquid assets,16719.97442620885,1,0.6285296139488125,0.574811,0.52,Transportation_auto loans,0.26133495111036475,23417.85938345036,4033.0174853379585,3604.62412574212,3225.1900072429503,1973.0242564172154,2195.4472903574638,2398.3988365781843
name720,59,high school or lower,0,0,LowSkilled,Agriculture,4913,6929.474801247148,-2016.474801247148,0.410436556329564,3681.951969975689,0.253322076810693,mortgages,12,1.1598670407536815,22735,car,26158.109835868785,1,0.346719530130991,0.3610342,0.76,Agriculture_mortgages,0.5617290238033639,44183.423639708264,8810.784557445446,9083.794783169107,19209.992246374015,11448.881833403348,11371.466623235323,5472.688194435571
name721,36,ausbildung,0,1,MediumSkilled,Nursing,1319,1554.97542140056,-235.97542140056,0.1789047925705534,867.6084287416443,0.609334554177634,auto loans,48,0.8366822214876454,0,none,2169.010154730913,1,0.45434614145401775,0.3461713,0.75,Nursing_auto loans,1.0,41645.204579598925,17490.985923431548,15866.82294482719,30734.160979744007,17716.21815987324,19215.131280784924,9528.785953974195
name722,53,high school or lower,0,0,LowSkilled,Agriculture,4476,4480.99159714407,-4.991597144069601,0.0011151914977814,4426.407867859406,0.6941220215367695,auto loans,12,0.9900356266763796,9299,liquid assets,15883.26452985372,1,0.3019721046599298,0.2920753,0.81,Agriculture_auto loans,0.8340710411345503,53116.894414312876,14044.134506035636,13202.372500942016,35885.643375043735,20690.192030798702,20705.642382269296,7876.555315178978
name723,49,ausbildung,0,0,MediumSkilled,IT Support,6655,8702.49282938563,-2047.49282938563,0.3076623334914545,3127.5296771155786,0.9013385275198376,simple loans,24,0.777614200826628,0,none,11754.6091639005,1,0.6379733533738706,0.661982,0.79,IT Support_simple loans,1.0,75060.71225077388,48789.462963003025,51191.405755027794,59673.26623936524,23693.21121071397,22374.123222286777,14644.642589051089
name724,60,ausbildung,0,0,MediumSkilled,Nursing,9896,6220.073038756429,3675.926961243571,0.0,8933.565000459841,0.4470627908843485,auto loans,48,0.5312892117235519,30742,car,52895.23015188056,1,0.14481946059992737,0.15332837,0.63,Nursing_auto loans,0.9387713988374129,428811.12002207234,56357.78609722221,69642.12139156743,247571.70321279755,166916.4180569628,169784.07964145494,129361.90396002331
name725,30,ausbildung,0,0,MediumSkilled,Electrician,1225,1176.6402339830024,48.35976601699758,0.0,1189.3308322358464,0.6873752810438917,auto loans,24,0.9314049520153868,19340,liquid assets,23507.662887396276,0,0.5094359027961706,0.49430555,0.2,Electrician_auto loans,0.35629378216523433,28543.939973660315,5390.115015489812,5074.844137225314,1840.7751279314261,4045.4512386306214,4127.926869373299,4576.401103150977
name726,30,post graduate degree,1,0,Unemployed_HighSkilled,Doctor,800,556.7303249018207,243.26967509817928,0.0,375.0039404212139,0.2362247946182622,auto loans,48,0.1646678316537932,10390,liquid assets,12914.04178108468,0,0.28858138231997144,0.15954451,0.14,Doctor_auto loans,0.45321104083416086,18000.189140218266,2447.3653366350236,1223.6826683175118,970.7882501985595,3812.9770449814546,3479.6627128482437,3347.07360161706
name727,45,ausbildung,1,0,MediumSkilled,Nursing,3793,4085.760212603053,-292.7602126030524,0.0771843428956109,3146.399120777872,0.8322878737344376,auto loans,24,0.9067121891328564,10859,liquid assets,15410.28799305643,1,0.5792940091940407,0.65009725,0.71,Nursing_auto loans,0.8638840810923859,75513.57889866893,37118.7028899013,43576.965782871834,46643.0097825649,23213.40628859276,20017.78121894512,17037.905694366887
name728,62,ausbildung,0,0,MediumSkilled,Artist,9952,8338.06485922272,1613.9351407772792,0.0,2031.927430373598,0.8124064323708992,auto loans,36,0.0420008329578294,11429,liquid assets,27290.737744441896,1,0.4327873460343584,0.5696547,0.74,Artist_auto loans,0.8515593395750604,73149.38749344953,27408.059405866505,36253.387668668875,45783.917416617915,27077.288480042414,22551.654367512965,14764.911014051646
name729,49,high school or lower,1,0,LowSkilled,Construction,3510,4291.380116874513,-781.3801168745131,0.2226154179129666,1333.6013603414158,0.5147804386168067,mortgages,48,0.6025588254176435,19174,liquid assets,24286.836046846794,0,0.7366802210724144,0.6645428,0.14,Construction_mortgages,0.7155628100802862,64012.86529638796,33392.00958835239,29956.61765539433,6046.289802006195,10981.43144032771,13566.135928111806,18793.28676906389
name730,58,ausbildung,0,0,MediumSkilled,Electrician,9735,6943.152578215306,2791.8474217846942,0.0,9620.044283326662,0.9769412291447744,auto loans,24,0.7014069708825853,39700,car,54300.31785378041,0,0.43583904026364295,0.50228447,0.2,Electrician_auto loans,0.8533898230553987,230881.06279983988,88073.1025503302,95757.33297418451,41770.68845787472,85399.9591881794,79139.99087670026,88662.03419994302
name731,49,bachelor degree,2,0,HighSkilled,Research,13264,14994.53698879156,-1730.5369887915604,0.1304687114589535,12612.86521792633,0.4629391461175347,mortgages,24,1.0813783328345816,0,none,31628.879270155507,1,0.3490786256506216,0.55008084,0.7,Research_mortgages,1.0,302708.7652302319,110185.99054380442,167700.6559375485,217647.60220053673,139493.9513054024,113282.60164511505,81442.48431234747
name732,42,bachelor degree,0,0,HighSkilled,Research,4033,3725.825691651815,307.17430834818515,0.0,3615.819832742917,0.937967316382458,mortgages,24,0.8203931377125543,73840,house,85906.40423674925,0,0.16063223726170292,0.10206476,0.16,Research_mortgages,0.408891343883318,86779.67598583,5783.803708703603,3938.663875252147,5677.353333696789,15163.488827120853,12999.94161399067,15147.03752871689
name733,57,ausbildung,0,0,MediumSkilled,IT Support,9673,7393.306984826359,2279.693015173641,0.0,8603.554452070237,0.3116521770107403,auto loans,36,0.6537642341462417,13239,liquid assets,28908.399623196136,0,0.16092073891778522,0.08385509,0.1,IT Support_auto loans,0.9592977563581145,309727.96027452854,48727.899329127795,29117.891062527586,29415.012399900315,127034.24441983183,100301.72017597577,107972.83844182338
name734,60,post graduate degree,0,0,Unemployed_HighSkilled,Engineering,9832,8269.568631726219,1562.4313682737811,0.0,8198.777418301372,0.9801147918891652,auto loans,12,0.6749741710768501,59051,house,84002.40114459857,1,0.3453060805366886,0.5345598,0.44,Engineering_auto loans,0.5830440727351409,98385.32901961646,20708.036837363234,30803.921832864427,25124.986522895008,26476.98685679231,21999.55734850661,24762.928749411018
name735,59,bachelor degree,0,1,HighSkilled,Finance,19674,9403.80770725382,10270.19229274618,0.0,14473.334529166565,0.9215259799394988,auto loans,48,0.213639434605082,12924,liquid assets,79322.60501674187,0,0.33171106196005573,0.33652392,0.29,Finance_auto loans,0.9822844032352899,694720.0573999952,236797.19891856296,231337.89750257306,197899.67632963473,316586.25953651004,316061.49744192837,318951.9369466191
name736,62,high school or lower,0,3,LowSkilled,Transportation,4960,4332.480381624102,627.5196183758981,0.0,2518.740274719012,0.790726842922158,auto loans,36,0.3812944871659503,23802,car,29381.283138444727,0,0.442155721715913,0.3931149,0.17,Transportation_auto loans,0.7764943620284307,90674.64988988444,31613.351133860317,28444.975185032443,12955.137212985072,30329.85387934259,31626.951190744152,30543.8043085248
name737,46,bachelor degree,2,0,HighSkilled,Research,8374,4784.37284973707,3589.6271502629297,0.0,3366.799767173793,0.8006211459571981,auto loans,36,0.0,48164,car,70959.02148781961,0,0.39716226628661594,0.29754347,0.19,Research_auto loans,0.6608294825642936,121204.79161825655,30436.3658971741,22186.50882504533,14817.70444994002,35873.06902181045,37421.76666754914,35667.25388982967
name738,53,ausbildung,1,0,MediumSkilled,IT Support,8876,7455.680107938142,1420.319892061858,0.0,2950.509908987562,0.5190052041160156,mortgages,12,0.172396351613982,0,none,18493.485602955945,0,0.26723856601400076,0.1851355,0.17,IT Support_mortgages,1.0,35406.118907850745,9913.713294198209,6443.913641228835,6585.538116860239,16519.590315819332,15677.232061843793,15359.506356580634
name739,57,high school or lower,0,0,LowSkilled,Transportation,4853,2766.988141778173,2086.011858221827,0.0,1786.1269202210606,0.6394910441211406,auto loans,12,0.0,16919,liquid assets,26610.40847285112,0,0.1825269837320658,0.26283696,0.12,Transportation_auto loans,0.24930264413419181,21433.523042652727,1116.7776992376907,1448.070605231647,625.181774214401,2358.3754776239975,2490.9466319344583,2081.032878573413
name740,34,post graduate degree,1,1,HighSkilled,Finance,1774,1499.3951647147142,274.60483528528584,0.0,672.7627227704945,0.842611671952709,simple loans,48,0.2244407483005686,42888,car,52608.57943069791,0,0.5080765713637713,0.4490574,0.22,Finance_simple loans,0.0,32292.610692983737,0.0,0.0,0.0,0.0,0.0,0.0
name741,34,high school or lower,2,0,LowSkilled,Transportation,1028,689.5894737060747,338.4105262939253,0.0,873.7407826719186,0.2935455421882215,auto loans,12,0.5207492766322892,17265,liquid assets,17546.285799917656,0,0.5366814343891048,0.42095202,0.22,Transportation_auto loans,0.0,10484.889392063023,0.0,0.0,0.0,0.0,0.0,0.0
name742,44,bachelor degree,0,0,Unemployed_HighSkilled,Doctor,3017,1935.7433461860508,1081.2566538139492,0.0,1109.733770689009,0.8923291012607779,auto loans,48,0.0094388852751274,48976,car,61830.253601889504,0,0.2674396085084479,0.23523912,0.28,Doctor_auto loans,0.21588685366548888,53267.22099307243,3012.9194988490553,2771.4259512313824,3162.4155045171383,5365.652496171395,5308.384553460295,5373.657515853227
name743,49,high school or lower,1,0,LowSkilled,Construction,3492,3372.0468671512867,119.95313284871328,0.0,1519.8462733685565,0.3397472157892063,auto loans,12,0.40088577907212,19721,liquid assets,26255.56164676549,1,0.4677990463112406,0.4739195,0.69,Construction_auto loans,0.0,18238.155280422678,0.0,0.0,0.0,0.0,0.0,0.0
name744,64,post graduate degree,1,1,HighSkilled,Doctor,19841,16485.77970741928,3355.220292580721,0.0,15388.280301427028,0.7917212842638359,mortgages,48,0.6064744724986798,54640,house,112095.0744971333,0,0.2574458813622414,0.092013896,0.26,Doctor_mortgages,0.9485838093434046,738637.4544684973,171661.58491944347,74970.56974032837,191280.0517673799,326197.67456192535,246091.3085116304,326411.97074323473
name745,54,high school or lower,0,1,Unemployed_LowSkilled,Manufacturing,2317,1673.5620591966565,643.4379408033435,0.0,1798.1847513197306,0.9955999150663908,auto loans,12,0.4983801512802706,6258,liquid assets,9914.500754813658,1,0.601286713910111,0.7550135,0.7,Manufacturing_auto loans,0.7267517646394062,21578.217015836766,9487.614412889016,12122.191638286296,11385.137295466819,5351.72691083582,3523.0401744379424,4219.176250343739
name746,63,ausbildung,2,1,MediumSkilled,Nursing,10000,8347.66529158407,1652.3347084159304,0.0,3154.663751049221,0.3037732628953224,auto loans,36,0.1502329042633291,43831,car,71451.6613199121,1,0.35691716453510225,0.37448493,0.68,Nursing_auto loans,0.6699230964333337,113567.89503777196,26172.124029297283,28302.413194472647,54170.21020017345,34931.40882148429,34596.7193645997,21645.08315312368
name747,39,ausbildung,1,0,MediumSkilled,Artist,1653,988.0738042495686,664.9261957504314,0.0,454.5230332583535,0.2366554335932834,simple loans,48,0.0,38492,car,40741.81814465709,0,0.31173347810739693,0.27286708,0.11,Artist_simple loans,0.0,21817.10559640097,0.0,0.0,0.0,0.0,0.0,0.0
name748,47,bachelor degree,0,1,HighSkilled,Doctor,10046,7394.711195540675,2651.2888044593246,0.0,7533.289529695007,0.6882493456301384,simple loans,36,0.4859646352016407,50125,house,72380.38915836073,0,0.12769363354076896,0.0853722,0.1,Doctor_simple loans,0.8715323900998176,271198.42306902027,29072.059811383304,19145.014997740225,24344.89561441041,94076.8420949973,80412.9359967512,85891.73376791798
name749,42,post graduate degree,0,0,HighSkilled,Research,3932,3417.957310175127,514.0426898248729,0.0,2716.7164323160277,0.7864037160856896,auto loans,36,0.5601916944280657,23460,car,36847.49667070415,1,0.22585065068769725,0.21797168,0.68,Research_auto loans,0.7955813044310298,97801.791563377,18985.463565474693,16028.71104298273,54777.73094300894,35729.9728467314,35543.78798134844,22136.558874697414
name750,34,bachelor degree,2,0,HighSkilled,Finance,1839,1476.9322460173523,362.0677539826477,0.0,1682.1232968968984,0.8622191914094066,simple loans,12,0.717811605717374,30409,car,33102.670258185186,0,0.686101425654999,0.5020301,0.15,Finance_simple loans,0.0,20185.479562762783,0.0,0.0,0.0,0.0,0.0,0.0
name751,38,ausbildung,0,0,MediumSkilled,Electrician,1507,798.2809991030143,708.7190008969857,0.0,816.2702187725548,0.709963548232387,auto loans,12,0.071367762359369,29033,car,34894.35214077189,0,0.30508918515463596,0.3189593,0.15,Electrician_auto loans,0.0,9795.242625270657,0.0,0.0,0.0,0.0,0.0,0.0
name752,63,ausbildung,0,0,MediumSkilled,Teacher,9961,3600.8333668603677,6360.166633139633,0.0,6368.512169235706,0.2369943725558705,simple loans,48,0.0008378211119439,0,none,26141.77914917,0,0.05999671994579676,0.06570722,0.11,Teacher_simple loans,1.0,305688.5841233139,18952.69221564546,19869.757968015405,36071.25292655104,88317.89118726326,92299.4847854456,115292.4531078391
name753,40,post graduate degree,1,0,HighSkilled,Research,2849,2699.2970607336124,149.7029392663876,0.0,1677.392062783899,0.2261700952875487,mortgages,60,0.5362194185740651,53535,house,47375.6258628199,1,0.1494611818708712,0.17742547,0.25,Research_mortgages,0.6300691383776998,100643.52376703394,10272.805285116883,10970.34144645198,16677.455493739137,26545.35832340736,27801.90104888352,29454.85607716142
name754,39,bachelor degree,0,0,HighSkilled,Research,2509,1560.692385682912,948.307614317088,0.0,1774.0244968439745,0.6185006773871651,mortgages,24,0.3291019858616527,11957,liquid assets,20424.96102566512,0,0.07082889707377889,0.032461215,0.13,Research_mortgages,0.7333314751161029,42576.587924255386,2279.2608980370396,905.4598088092349,4215.071523767128,9767.270835198286,6503.415516032498,12503.317678172067
name755,57,bachelor degree,1,0,HighSkilled,Engineering,19312,13015.2664265657,6296.733573434301,0.0,17463.434528539783,0.9964293940608264,mortgages,60,0.5782260229445672,58700,house,113528.95894118489,0,0.2728551163256039,0.18361384,0.16,Engineering_mortgages,0.961101045788003,1047806.071712387,261832.35293950659,175226.26696720824,162134.64932023291,470262.03485044994,445073.3986427959,429884.4352396117
name756,44,bachelor degree,0,1,HighSkilled,Consultant,5798,4118.83617748929,1679.16382251071,0.0,5011.08724526935,0.9644267417539544,simple loans,24,0.5746677169297414,54426,house,71357.0146422725,0,0.2892890861344058,0.26921585,0.14,Consultant_simple loans,0.6857443386350178,120266.0938864644,24494.122524679973,21607.609769246308,10226.50233353642,38546.83594095219,38491.99717041913,33837.10112312067
name757,36,bachelor degree,0,1,HighSkilled,Doctor,1891,1602.4755740645846,288.52442593541537,0.0,689.1206042241423,0.8691747539763243,mortgages,36,0.211843563346762,55802,house,56975.01647992789,0,0.12321568911500631,0.05352953,0.02,Doctor_mortgages,0.0,24808.341752069122,0.0,0.0,0.0,0.0,0.0,0.0
name758,62,bachelor degree,0,1,HighSkilled,Research,19946,16542.553947749366,3403.4460522506342,0.0,17904.879291434914,0.7831038883042107,auto loans,24,0.7270346555291427,50871,house,95899.30442049303,1,0.15555802775512118,0.3370369,0.65,Research_auto loans,0.917696680338524,429717.1029944379,60729.89367101323,132107.2362323989,256721.82324564684,167014.47187375324,182610.40487430195,121036.94914095683
name759,62,ausbildung,0,4,MediumSkilled,Nursing,9973,7746.6428926081,2226.3571073919,0.0,2636.684414640756,0.7656935953501038,auto loans,12,0.0411438190362835,27401,car,43391.27317364797,0,0.2760361237659202,0.20700051,0.4,Nursing_auto loans,0.2612493773861441,31640.21297568907,2107.8264147672608,1859.8468365593478,3198.9365588820783,3861.351231202868,3743.4906340269545,3694.3339970214693
name760,42,high school or lower,2,0,LowSkilled,Manufacturing,1522,1332.8296176287404,189.1703823712596,0.0,1408.4821415727918,0.5729314187953725,auto loans,12,0.801124677530573,0,none,2538.9429074774457,1,0.7208396515948774,0.7609998,0.78,Manufacturing_auto loans,1.0,16901.7856988735,12034.071417597932,12777.749988348367,13301.705345013444,4268.461888186714,3712.7825844432564,3442.028572339473
name761,60,post graduate degree,0,1,HighSkilled,Doctor,19673,11284.382456553369,8388.617543446633,0.0,10152.042716031558,0.4535280725410186,mortgages,48,0.0896368206468217,42077,car,117125.63800547726,0,0.07815110166444902,0.08064859,0.04,Doctor_mortgages,0.9261615037623353,487298.05036951473,34300.06882841198,40618.502559961555,17150.03441420599,147680.34342303098,149766.4705698367,105612.818607656
name762,65,bachelor degree,1,0,Unemployed_HighSkilled,Engineering,9942,6353.423129660449,3588.5768703395506,0.0,3922.103432211679,0.2786047998235665,simple loans,36,0.0335472301219199,58300,house,84831.02396090735,1,0.16204062675875014,0.19238047,0.32,Engineering_simple loans,0.7124601026531281,141195.72355962044,15491.83323402636,18509.722825070457,34102.15237879829,43091.43085831054,44914.582090595264,46826.4898308889
name763,46,ausbildung,2,0,MediumSkilled,Artist,4427,4184.00590190004,242.99409809996,0.0,932.092995549382,0.7295308272603355,auto loans,24,0.1556582104019476,14874,liquid assets,23415.325238655438,0,0.7317162225603198,0.7371337,0.58,Artist_auto loans,0.36843303160998525,22370.231893185166,6016.610618583951,5925.949362687481,4747.353036033363,2009.1989486021,1972.889193830389,2929.055112011188
name764,33,high school or lower,3,0,LowSkilled,Agriculture,1016,577.1224294606665,438.87757053933353,0.0,869.6795727997813,0.8372079077388002,auto loans,48,0.4240177187602832,0,none,1272.2610897122838,1,0.8693450230574953,0.92486566,0.73,Agriculture_auto loans,1.0,41744.6194943895,36777.009774557155,37820.62526191689,30807.529186859454,5206.782643197152,3047.617027567549,10234.443972505027
name765,41,bachelor degree,1,0,Unemployed_HighSkilled,Engineering,1719,1436.8408122598337,282.1591877401663,0.0,774.0168971072848,0.7558290830237412,mortgages,36,0.2861301392478874,56650,house,67504.51657847337,0,0.3690342469916331,0.30496725,0.06,Engineering_mortgages,0.0,27864.60829586225,0.0,0.0,0.0,0.0,0.0,0.0
name766,59,high school or lower,0,1,LowSkilled,Agriculture,4914,5799.810352376085,-885.8103523760847,0.1802625869711202,2617.0656298230247,0.7956065621661101,simple loans,12,0.712835975213494,16361,liquid assets,25791.176544825576,1,0.3752481960527302,0.56544864,0.68,Agriculture_simple loans,0.5053117501343279,31404.787557876298,5887.476228646346,8728.064489906983,10410.200555234509,7212.890790675705,5787.515382577221,4514.752928782633
name767,62,ausbildung,1,1,MediumSkilled,Nursing,9973,6709.799174520363,3263.2008254796374,0.0,5449.112446672939,0.3086790033909218,auto loans,24,0.2191829561008023,15036,liquid assets,38955.79670858095,0,0.17203188790152743,0.08072592,0.12,Nursing_auto loans,0.8903747865940033,130778.69872015054,20260.917737735213,10130.458868867607,12575.742044111512,50665.922534600504,38656.9409814414,45349.067355759216
name768,62,high school or lower,0,0,LowSkilled,Manufacturing,4979,6224.429331156483,-1245.4293311564834,0.2501364392762569,3926.5338224758857,0.924905841215008,mortgages,24,1.0387554034208413,7326,liquid assets,13729.196850145576,1,0.6193722184644972,0.5015874,0.78,Manufacturing_mortgages,0.9265687092863308,94236.81173942126,52477.445493413354,45404.77813074035,68019.85031508986,28712.80817149817,35104.464064400985,17781.97905684548
name769,49,high school or lower,0,1,LowSkilled,Transportation,3514,4295.139679894123,-781.1396798941232,0.2222935913187601,3276.086906025232,0.9937790609229504,simple loans,24,1.154589239020875,18194,liquid assets,22009.488503567583,0,0.7123523063682135,0.66652614,0.41,Transportation_simple loans,0.7807159333196031,78626.08574460557,44319.70857489489,39408.93754166554,25720.163286538722,15917.846673246691,18089.18581214369,27221.083683067623
name770,43,ausbildung,2,0,MediumSkilled,IT Support,2759,1921.120417763262,837.8795822367381,0.0,824.8295140602604,0.4346905786652345,auto loans,36,0.0,15983,liquid assets,24374.58921582962,1,0.46309132520239477,0.5480267,0.8,IT Support_auto loans,0.48811338549525973,29693.862506169375,6899.130556006935,8131.118155293889,11508.213574515772,6107.543174368818,5442.173426714387,2702.8778769154706
name771,33,ausbildung,0,4,Unemployed_MediumSkilled,Nursing,640,777.4464067119305,-137.44640671193054,0.2147600104873914,318.3227525612195,0.3196275212992404,auto loans,12,0.7121393113642969,16442,liquid assets,15656.151451258133,1,0.6409546732318449,0.57424533,0.81,Nursing_auto loans,0.0,3819.873030734634,0.0,0.0,0.0,0.0,0.0,0.0
name772,47,high school or lower,1,1,LowSkilled,Manufacturing,2827,1625.7082373647363,1201.2917626352637,0.0,2714.8594758217696,0.9144683480080714,simple loans,12,0.5353971394363304,0,none,5358.923173264315,1,0.5998654385619501,0.72550243,0.75,Manufacturing_simple loans,1.0,32578.313709861235,20426.602696082995,23945.06057674801,24596.62685094523,11149.136120039324,8105.4598687608495,7454.202259694612
name773,47,ausbildung,0,0,MediumSkilled,Teacher,5142,4496.296590403856,645.7034095961444,0.0,4851.607711204404,0.9922788906245936,mortgages,12,0.8179510504877985,40592,car,43433.39095426668,0,0.28862466619129395,0.23614438,0.29,Teacher_mortgages,0.4057782250432235,58219.29253445285,6543.881569048985,5433.547873217568,6331.264478357863,11041.857784073758,10910.072503001751,11041.646009101125
name774,55,bachelor degree,0,1,HighSkilled,Research,18591,10313.318020062685,8277.681979937315,0.0,14356.692500252171,0.8979031721284176,simple loans,48,0.3269867419888579,60212,house,103862.67428535092,0,0.18634325344038655,0.16847752,0.05,Research_simple loans,0.9393006295836256,689121.2400121042,119101.73068691854,106155.8903948622,38190.22886156627,287025.876217291,280152.9614315821,170565.27000814822
name775,46,bachelor degree,0,0,HighSkilled,Finance,8398,3901.8229766201,4496.1770233799,0.0,4596.909929694014,0.9242131023060882,auto loans,12,0.011994868577532,10702,liquid assets,33690.20676677228,0,0.23569870752113012,0.2923227,0.42,Finance_auto loans,0.8155295350909846,55162.919156328164,11831.578321035153,13945.96684228478,18669.600772736077,20771.267546340077,21024.99542268123,19782.790052219894
name776,40,bachelor degree,1,0,HighSkilled,Engineering,2929,3046.212619409555,-117.21261940955492,0.040017964974242,898.4254170449104,0.6339580536741796,auto loans,60,0.3467524876935696,34781,car,44847.30982422955,1,0.25693294775350406,0.2929162,0.71,Engineering_auto loans,0.4497911364961716,53905.52502269462,6037.310613481777,6764.697434383197,17190.575200636868,11286.451032574336,11331.376543572378,6332.567947241491
name777,63,high school or lower,0,0,LowSkilled,Construction,4994,4830.114780085554,163.88521991444577,0.0,4576.455521152411,0.4170696298732538,auto loans,48,0.8835743494669535,5068,liquid assets,12106.069301680163,1,0.4385868555931368,0.31999674,0.24,Construction_auto loans,0.97817523478057,219669.86501531574,96049.40293815095,68330.44772781208,48776.76614532498,92887.45545525833,100022.33920308799,99414.21553208107
name778,36,ausbildung,1,0,MediumSkilled,Nursing,1397,1116.4222699034744,280.5777300965256,0.0,1095.2677573696476,0.8061987211647091,simple loans,12,0.583171100410252,0,none,3615.4807856782368,0,0.3994451557756005,0.20298241,0.16,Nursing_simple loans,1.0,13143.213088435772,5480.719857877717,2484.067273714361,2037.1980287075446,5876.572545590548,5930.980052188856,5610.522514900906
name779,38,post graduate degree,0,0,HighSkilled,Finance,2280,1627.5876412697985,652.4123587302015,0.0,1441.7131811498489,0.2069841832952809,mortgages,48,0.3461845712366873,61287,house,69987.81624647985,0,0.10381827658039375,0.17282285,0.07,Finance_mortgages,0.3834004176284348,69202.23269519274,3024.6668004419007,4643.128860327479,2016.4445336279334,9785.975519422327,11557.866025473002,8254.461603461179
name780,31,ausbildung,1,0,MediumSkilled,Teacher,1224,506.14351384614,717.85648615386,0.0,863.1695969348293,0.4200905418466673,auto loans,60,0.1187198617491579,46809,car,42339.735107537366,1,0.3043297827257978,0.34115767,0.51,Teacher_auto loans,0.2286046323320405,51790.17581608976,3445.28696334704,4629.234373431934,6132.847584239748,5527.583623014539,5473.933832744001,4705.8614363468405
name781,51,bachelor degree,2,4,HighSkilled,Finance,15806,13085.98811369069,2720.0118863093103,0.0,10739.798277998943,0.8959061687011503,mortgages,48,0.5073887379279788,48617,car,106687.19732176588,1,0.7437960603289201,0.8044832,0.73,Finance_mortgages,0.9195056952434845,515510.3173439493,355511.00456590304,384425.8996039299,347452.7551290759,110881.39090294477,86552.05258672689,116213.21907374507
name782,51,high school or lower,0,2,LowSkilled,Cleaning Services,4081,3647.304990529021,433.6950094709796,0.0,3650.804101728317,0.2024450818174595,mortgages,24,0.788313916260068,0,none,6013.443813436406,0,0.21301261449359127,0.16262148,0.19,Cleaning Services_mortgages,1.0,87619.29844147961,19889.58074621587,14457.184242844136,15683.85442102485,39877.254558174354,37569.02547874356,39017.57240050278
name783,30,ausbildung,0,0,Unemployed_MediumSkilled,Nursing,600,333.14869983835786,266.85130016164214,0.0,325.98709124385874,0.9361867464211684,simple loans,36,0.0985596518036943,36430,car,39847.04600091275,0,0.5955190173546671,0.5780697,0.26,Nursing_simple loans,0.0,11735.535284778915,0.0,0.0,0.0,0.0,0.0,0.0
name784,52,bachelor degree,1,0,Unemployed_HighSkilled,Finance,8284,7919.092295421246,364.9077045787544,0.0,5504.715928302686,0.5449502155661081,auto loans,60,0.6204500511496779,60817,house,85501.38615677434,1,0.6863213463027745,0.75254303,0.75,Finance_auto loans,0.8719573336468222,330282.95569816115,193243.06506310482,210234.63114167884,214554.52082267226,80538.75842019067,65289.19313752248,65895.22856313529
name785,45,ausbildung,1,0,MediumSkilled,Teacher,3777,2916.022457684988,860.9775423150122,0.0,2761.494605721788,0.278812975670678,auto loans,24,0.5031816424164086,0,none,7585.256281135745,0,0.21257785088363404,0.21710236,0.23,Teacher_auto loans,1.0,66275.87053732292,14249.312165524427,16237.588281644114,16237.588281644114,30153.186502312106,30256.335407235398,30508.28873257809
name786,41,bachelor degree,2,1,HighSkilled,Finance,3306,2869.3776961280564,436.6223038719436,0.0,1462.0910316006082,0.5327496924609166,mortgages,36,0.31018412816959,55104,house,72882.03195158787,0,0.473157972893297,0.47878978,0.11,Finance_mortgages,0.27186871501019355,52635.277137621895,7255.111775922616,6439.448321824808,1531.1577120783431,5961.178596258392,5921.547444911201,5397.066980680717
name787,30,ausbildung,1,4,MediumSkilled,Electrician,1203,1189.496237721319,13.503762278681052,0.0,1150.0487907229472,0.5071054275749463,auto loans,36,0.944758959637794,36749,car,34298.556635945846,0,0.7513336049594374,0.70684177,0.24,Electrician_auto loans,0.24291051525116542,41401.7564660261,7723.716092517634,7170.585382767022,2282.921292970707,2290.0198840363937,2651.733152199756,4652.928994636099
name788,64,high school or lower,1,0,LowSkilled,Agriculture,5000,2313.193395136275,2686.806604863725,0.0,4197.35911924913,0.3170430632970739,auto loans,36,0.302110502877081,15503,liquid assets,23014.35992729289,1,0.17434949326997015,0.10684888,0.54,Agriculture_auto loans,0.9024122760206877,151104.9282929687,24953.686433360526,17863.02143590289,77179.16131848119,59530.01725120258,50860.071352680876,51857.31624776069
name789,36,high school or lower,0,0,LowSkilled,Transportation,1107,626.3589812222989,480.6410187777011,0.0,369.01961366095634,0.6864537458966298,auto loans,24,0.0,0,none,2316.420901732364,0,0.26816403287287094,0.2662615,0.24,Transportation_auto loans,1.0,8856.470727862952,2488.6682745294897,2470.955333073764,1974.9929723134383,4132.862886242108,4131.471036906759,4097.52899131553
name790,45,bachelor degree,3,0,HighSkilled,Engineering,7123,2874.3596089940806,4248.64039100592,0.0,2365.87969946192,0.4048422031260266,auto loans,24,0.0,15769,liquid assets,40304.87658491849,1,0.32595059553773864,0.21975428,0.32,Engineering_auto loans,0.735276025095298,56781.11278708608,13318.183300473887,9351.953163969125,13276.43350956331,19403.113336748807,19095.451703972893,19434.07239268298
name791,35,bachelor degree,0,1,HighSkilled,Engineering,1786,1106.288559930386,679.7114400696139,0.0,731.6808044087106,0.5634113795911067,auto loans,24,0.029098188319763,79604,house,78632.10742053682,0,0.056484307100418206,0.06436428,0.01,Engineering_auto loans,0.0,17560.339305809055,0.0,0.0,0.0,0.0,0.0,0.0
name792,32,high school or lower,0,1,LowSkilled,Agriculture,1047,650.9143930093729,396.0856069906271,0.0,353.68462692699467,0.4596622472425824,auto loans,36,0.0,9384,liquid assets,12370.004813989612,0,0.2028682475111039,0.14580908,0.32,Agriculture_auto loans,0.302633468603237,12732.646569371807,678.1851992587049,635.7986243050358,1260.0372736227075,1738.6605672131445,1601.0827791449756,1793.680765517557
name793,32,ausbildung,0,0,MediumSkilled,Artist,1206,1019.35792465061,186.64207534938987,0.0,480.4264925256815,0.5732522241763215,auto loans,36,0.2436023359670742,0,none,2265.729206718448,0,0.3669974584442847,0.32128555,0.17,Artist_auto loans,1.0,17295.353730924533,6676.00654013687,5551.808547626775,2905.619426795322,7898.907247667118,8048.1960299954535,7502.886612927877
name794,40,high school or lower,1,0,Unemployed_LowSkilled,Transportation,636,468.36080979409473,167.6391902059053,0.0,391.30062591531424,0.6361375524099036,simple loans,36,0.3516689240713977,8005,liquid assets,9074.501446550496,0,0.600465146330381,0.5930291,0.41,Transportation_simple loans,0.46464960896144775,14086.822532951313,4117.079609728992,3868.3530196340766,2794.901420277074,2237.366442281206,2270.0223609213313,2902.5808895604246
name795,44,ausbildung,0,0,MediumSkilled,Teacher,3294,1760.968764823648,1533.031235176352,0.0,2876.092442375515,0.7260448418924244,auto loans,48,0.4077295710987137,0,none,8808.323767509986,1,0.25104230387228715,0.235633,0.67,Teacher_auto loans,1.0,138052.43723402472,34927.266620208255,36031.686118080455,91942.92319786047,64147.573982109505,63739.098805545545,40321.8928947037
name796,52,ausbildung,0,0,MediumSkilled,IT Support,8433,5945.755195833895,2487.2448041661046,0.0,2469.076328726582,0.4470295816935348,mortgages,12,0.0,41802,car,56592.14231454547,0,0.11916810944737856,0.19127874,0.05,IT Support_mortgages,0.0,29628.91594471898,0.0,0.0,0.0,0.0,0.0,0.0
name797,50,ausbildung,0,0,MediumSkilled,Artist,7414,5098.342812939878,2315.657187060122,0.0,2033.4034085071476,0.9657805773789466,simple loans,60,0.0,14399,liquid assets,31568.33400224256,0,0.5200792000311262,0.7151286,0.14,Artist_simple loans,0.8879181343564124,122004.20451042886,56764.78672193002,75939.15170242927,16791.11057614342,42449.72192882253,27852.273579306562,44446.2818667731
name798,49,high school or lower,0,0,LowSkilled,Construction,3494,2888.252529876703,605.7474701232968,0.0,2814.0834873058348,0.2225337669705121,mortgages,12,0.6320366391478357,0,none,6091.657808044846,0,0.21157953287463308,0.14254612,0.15,Construction_mortgages,1.0,33769.00184767002,6720.031367686334,4626.353253130793,4491.277245740113,15351.56247547093,13933.680321120273,14151.315884342266
name799,47,ausbildung,0,2,Unemployed_MediumSkilled,Teacher,2628,2860.01134076673,-232.01134076673,0.0882843762430479,2577.079852029327,0.7060729310589979,simple loans,60,1.0689083686438572,25035,car,29307.83033315346,1,0.7967742455691413,0.8515338,0.86,Teacher_simple loans,0.8622037957543423,154624.79112175963,104121.42190368762,112920.41530399924,115186.8226949886,25233.38933027277,18785.333455780674,17763.699698231514
name800,47,high school or lower,1,0,LowSkilled,Transportation,2859,3276.7210577136552,-417.7210577136552,0.1461074003895261,2605.11752431074,0.2476124095846351,simple loans,48,1.0573062546430203,8106,liquid assets,12190.716258665252,1,0.5512141197033477,0.5078669,0.8,Transportation_simple loans,0.9386684081186443,125045.64116691552,67960.93151013149,60331.46596927044,95427.00745723124,43844.56511388727,46790.92356364179,21888.690075682956
name801,39,bachelor degree,1,1,HighSkilled,Finance,2494,2187.223574265713,306.7764257342865,0.0,719.5249058358786,0.4128334950390269,auto loans,48,0.1654965838418573,23938,car,30039.932228967053,0,0.33344475254992684,0.35290948,0.16,Finance_auto loans,0.4090145921632577,34537.19548012217,4689.90401868994,4760.5351033087645,1991.7965862508474,6549.666022822468,6498.275268724911,6030.143281393726
name802,35,ausbildung,0,0,MediumSkilled,Nursing,1336,1186.8870947946798,149.1129052053202,0.0,323.6190844367887,0.9390503504886474,auto loans,12,0.1306183976283446,45687,car,47045.67713795687,0,0.24647059098426433,0.2323284,0.15,Nursing_auto loans,0.0,3883.4290132414644,0.0,0.0,0.0,0.0,0.0,0.0
name803,53,high school or lower,0,0,Unemployed_LowSkilled,Construction,2224,1720.348911708559,503.65108829144106,0.0,1850.0091233742148,0.903913291015344,simple loans,24,0.6053768143357796,0,none,3908.339063643143,1,0.6548789172589742,0.690164,0.79,Construction_simple loans,1.0,44400.218960981154,29748.146703857376,31124.553491647788,34498.970132682356,13468.515066690841,12285.235352878037,8662.658773964331
name804,56,ausbildung,0,0,MediumSkilled,Electrician,9624,6038.093666006064,3585.906333993936,0.0,9109.162432602314,0.6347491331406188,auto loans,12,0.5739044158986262,26509,car,50610.80445615198,0,0.2900977839058186,0.1985524,0.17,Electrician_auto loans,0.7929333305017128,109309.94919122776,24789.19359178354,17855.153426249683,13954.755833136891,40511.06655855854,38947.84988714736,37600.645483232875
name805,53,ausbildung,0,0,MediumSkilled,Electrician,8828,3929.6515145780977,4898.348485421902,0.0,2834.5812361772323,0.4359990791538826,auto loans,36,0.0,28471,car,47530.07526839398,0,0.2645187358340177,0.18551722,0.05,Electrician_auto loans,0.7617176292777418,102044.92450238037,19743.272164831946,13835.836398976717,4352.847406419642,36247.88572091431,34433.14704874925,20482.160856051796
name806,64,bachelor degree,0,0,HighSkilled,Engineering,20000,14346.430857443009,5653.569142556993,0.0,12296.262030314629,0.7117653960122868,auto loans,36,0.3321346443878817,0,none,59872.49564125032,0,0.104469195520028,0.086571544,0.06,Engineering_auto loans,1.0,442665.4330913266,46037.20504149797,41167.88527749338,24346.598820022966,163670.34063952562,151510.52473383758,127895.94050681502
name807,35,high school or lower,1,1,LowSkilled,Construction,1074,831.4194570610165,242.5805429389835,0.0,252.086220689908,0.2512133409772796,auto loans,48,0.0088507241628719,22850,car,24326.26900476635,1,0.5702847286835011,0.6587857,0.72,Construction_auto loans,0.0,12100.138593115584,0.0,0.0,0.0,0.0,0.0,0.0
name808,47,ausbildung,1,1,MediumSkilled,Teacher,5225,4142.735871194376,1082.2641288056238,0.0,2342.3660889641883,0.3512845668211687,auto loans,24,0.241167839264797,23162,car,31490.171976588157,0,0.28146736912315384,0.26343778,0.05,Teacher_auto loans,0.6483980435819372,56216.786135140515,9914.632327845085,9732.378057112639,1786.091853177975,17034.448919187358,16994.47561481542,9605.015416942091
name809,40,high school or lower,0,2,LowSkilled,Agriculture,1274,1231.668046532486,42.33195346751404,0.0,554.5614538847869,0.4608939533246078,auto loans,12,0.4020639720700729,6071,liquid assets,9258.747648639415,1,0.2248217351517184,0.12339154,0.72,Agriculture_auto loans,0.13935311762246652,6654.737446617443,183.6169652087324,114.99244285799404,683.4631482769483,425.57075408712814,364.7533608400046,234.8233684961027
name810,35,ausbildung,0,0,MediumSkilled,Teacher,1291,550.5376211825333,740.4623788174667,0.0,1185.1351735342737,0.296085806676593,auto loans,48,0.3444405845986109,26047,car,28923.2431599652,1,0.1721344525767883,0.23052539,0.42,Teacher_auto loans,0.6094649410297447,56886.48832964514,5859.284123131578,8008.843978954996,15081.58931101915,15087.90520673167,15964.239785134052,15246.089358071345
name811,63,bachelor degree,1,0,HighSkilled,Engineering,19900,19218.289579673128,681.7104203268718,0.0,8437.354964091217,0.7693246555029427,auto loans,24,0.3897308815961982,0,none,55062.74035842534,0,0.2728925799312994,0.15947315,0.16,Engineering_auto loans,1.0,202496.5191381892,55079.05320558747,33006.93261952484,29564.49179417562,94560.45827109985,86362.13064308537,86440.90848785637
name812,30,high school or lower,0,1,LowSkilled,Agriculture,1000,873.6904294759221,126.30957052407793,0.0,985.5478938253664,0.4108040698426968,auto loans,48,0.8592383233012885,0,none,1584.637941831705,0,0.35919075542681045,0.27844676,0.17,Agriculture_auto loans,1.0,47306.298903617586,16841.04240968786,14144.583372181658,7900.151916904138,21695.03252548826,22103.204298535606,20521.916017044878
name813,46,bachelor degree,0,1,HighSkilled,Engineering,8496,7647.173010050045,848.8269899499546,0.0,3506.429890054577,0.2236179377492047,auto loans,48,0.3128063677147625,19193,liquid assets,36044.42417717913,0,0.05833371851343233,0.031158037,0.07,Engineering_auto loans,0.8913038275676342,168308.6347226197,9300.876081139133,4500.423910228612,10500.989123866762,42743.559146065076,30523.919671162796,46671.12098801848
name814,63,ausbildung,0,4,MediumSkilled,Teacher,9929,11562.59435827931,-1633.5943582793095,0.1645275816577006,2471.777429663966,0.5829548367416568,simple loans,36,0.4134728359294264,22236,car,48201.30316508367,1,0.4232082128605636,0.5196515,0.68,Teacher_simple loans,0.7868499826278984,88983.98746790277,29967.296969124018,35708.69498657302,49151.968393282856,30703.121284811452,27453.55185361782,19919.688099803934
name815,60,bachelor degree,1,1,HighSkilled,Consultant,19839,20362.436476894472,-523.4364768944724,0.0263842167898821,15166.57788687715,0.6201773393814747,auto loans,12,0.7908671991416716,77902,house,121934.91122854078,1,0.3038816758291112,0.7350008,0.75,Consultant_auto loans,0.7021118225435976,181998.9346425258,37440.595884937065,93154.24709938267,97243.3224178741,59662.7661307337,30809.862061270043,29238.002800170518
name816,60,high school or lower,0,0,LowSkilled,Manufacturing,4972,2601.201778504215,2370.798221495785,0.0,2868.3396356358,0.5213546584860596,auto loans,24,0.1000686673652482,0,none,11203.4573958083,0,0.18112818783799156,0.1320974,0.12,Manufacturing_auto loans,1.0,68840.1512552592,11909.346167159842,9499.94087322577,9293.420419459993,30329.29325093334,27715.74634175839,26810.215864109192
name817,41,bachelor degree,2,0,HighSkilled,Finance,3364,3563.051754157029,-199.05175415702888,0.059171151651911,2584.5275807647176,0.6158324381457858,auto loans,12,0.8274611578245382,25404,car,32237.574288419662,0,0.6629489590613128,0.5871668,0.26,Finance_auto loans,0.30170771371445604,31014.33096917661,6157.078981023671,5371.068898339798,2376.7447738298065,2782.473916263391,3281.541788160396,4359.2108411856325
name818,33,post graduate degree,0,0,HighSkilled,Consultant,1717,1798.96606413505,-81.96606413505015,0.0477379523209377,931.6786332758834,0.2800850390491628,auto loans,36,0.5903580066458552,0,none,4032.896456894335,0,0.15520201116463728,0.12861498,0.17,Consultant_auto loans,1.0,33540.430797931804,5534.171081658747,4091.93255734768,5936.656251233929,14195.705607807462,13382.777551013045,14550.153361459135
name819,30,ausbildung,1,1,MediumSkilled,Teacher,1301,974.3583124540454,326.6416875459546,0.0,733.0253618806892,0.922089265699293,auto loans,24,0.3123625475286199,18441,liquid assets,21148.21041141445,1,0.5415458417887768,0.59518677,0.3,Teacher_auto loans,0.005668097543149601,17592.60868513654,53.24867618314508,59.33139012915978,29.21697026528372,37.83036250590095,34.43905902617231,46.57871033079478
name820,36,ausbildung,0,0,MediumSkilled,Nursing,1375,1047.8793482264423,327.1206517735577,0.0,460.257944792958,0.3391186076089119,mortgages,60,0.0968271221959274,31193,car,40846.77180509615,0,0.112520497534389,0.2060052,0.12,Nursing_mortgages,0.03573803496149584,27615.47668757748,110.53536158996997,197.3845742678035,111.52228446130896,375.4130919704825,446.5695336483611,384.3631186066587
name821,43,ausbildung,0,0,MediumSkilled,Electrician,2759,3535.570502336686,-776.5705023366859,0.2814681052325791,1846.8170377036397,0.7194307076513959,mortgages,48,0.9508472417688748,19607,liquid assets,25433.161764535424,0,0.6232348446117069,0.6105254,0.22,Electrician_mortgages,0.790144572098321,88647.21780977471,43847.617857990954,44688.14727379908,14989.441248578374,22843.47855958745,23462.246472186493,32042.08738502627
name822,40,bachelor degree,0,1,HighSkilled,Doctor,2996,1679.7069593360166,1316.2930406639834,0.0,2867.337643589486,0.8515091392855959,simple loans,12,0.5177051411633854,77255,house,87160.44707370603,1,0.10245583412580367,0.14327508,0.24,Doctor_simple loans,0.0,34408.05172307383,0.0,0.0,0.0,0.0,0.0,0.0
name823,48,ausbildung,0,0,MediumSkilled,Nursing,5934,3640.64166301032,2293.3583369896805,0.0,4527.120256580517,0.2929509104487023,mortgages,48,0.37643443201733,16441,liquid assets,35955.72385006449,0,0.0838224429641073,0.10601719,0.08,Nursing_mortgages,0.927902907460057,217301.7723158648,18147.145169530286,21776.57420343634,15122.62097460857,68056.03087540448,74980.21914147402,66671.8807243878
name824,48,high school or lower,0,0,LowSkilled,Cleaning Services,3180,2805.169924041264,374.830075958736,0.0,855.6623200634615,0.7262432791261851,mortgages,24,0.1512051082090331,20947,car,27800.95896894667,0,0.35689372963352983,0.3735822,0.33,Cleaning Services_mortgages,0.1313079141870778,20535.895681523078,968.0527004176126,1051.6449948826435,841.3159959061147,1238.069849167967,1226.8567295456787,1251.6681968133653
name825,46,high school or lower,0,1,LowSkilled,Transportation,2478,2016.3011286036624,461.6988713963374,0.0,1395.6161188874387,0.3136235190472968,simple loans,48,0.376883473563802,24566,car,28177.237575636555,0,0.24021121100028667,0.16640617,0.27,Transportation_simple loans,0.6872777507594012,66989.57370659706,10865.544675770672,8011.0371762038,12707.16241742672,21303.061310742054,19862.507186436582,21491.036030497726
name826,32,high school or lower,1,1,LowSkilled,Cleaning Services,1050,922.3160455676308,127.6839544323692,0.0,963.610745761932,0.4291597925844224,auto loans,36,0.7961207536472027,0,none,2014.8415158937692,0,0.6700532908764597,0.5515895,0.22,Cleaning Services_auto loans,1.0,34689.98684742955,23797.330977336675,19669.222542492553,7839.937027519079,10130.743171233229,12950.0757381639,15869.135367005118
name827,31,high school or lower,0,1,LowSkilled,Transportation,1000,792.9260270697878,207.07397293021225,0.0,287.0147912528019,0.84141199711763,mortgages,60,0.0799408183225896,18240,liquid assets,20229.973591814785,1,0.3959414510142905,0.54657483,0.68,Transportation_mortgages,0.0,17220.887475168114,0.0,0.0,0.0,0.0,0.0,0.0
name828,35,bachelor degree,1,1,HighSkilled,Finance,1773,1109.5531028209712,663.4468971790288,0.0,1677.4641719151166,0.849878911781948,simple loans,48,0.5719217567603427,77676,house,89671.69389195037,0,0.5079425585536032,0.5602258,0.16,Finance_simple loans,0.3298200897299518,80518.2802519256,14287.42197266423,14924.779086686427,4381.830158902599,10585.4048534887,9772.167071021066,11336.35288352772
name829,49,ausbildung,2,3,MediumSkilled,Nursing,6673,5055.509029775103,1617.490970224897,0.0,4103.240156921704,0.5746431593828938,auto loans,12,0.3725084949343333,14844,liquid assets,29831.875541897298,1,0.5189953043342315,0.52275634,0.71,Nursing_auto loans,0.7130816392783718,49238.88188306044,17731.228017750465,19416.572463001998,24507.71714136599,13780.081350084618,13705.304734979158,9170.29109150212
name830,44,bachelor degree,1,0,Unemployed_HighSkilled,Engineering,2936,2142.82444532996,793.1755546700401,0.0,1128.9809787800946,0.9350248644644884,simple loans,24,0.1143751444516534,0,none,7351.159593451818,0,0.3858844705833706,0.41581646,0.26,Engineering_simple loans,1.0,27095.54349072227,10838.217396288908,11136.268374686852,7044.841307587791,12232.145118936947,11957.863728068185,12622.835153027649
name831,58,ausbildung,1,0,MediumSkilled,Electrician,9715,4832.746144377223,4882.253855622777,0.0,6782.694733491873,0.5016924306052604,mortgages,48,0.1956192360132883,37937,car,56821.84304081153,1,0.32387348181533376,0.3278837,0.28,Electrician_mortgages,0.9004864423045817,325569.3472076099,87071.7226075505,97919.04158559552,80328.7945941712,136330.1009220536,136172.60752500792,136994.9108755927
name832,51,high school or lower,0,1,LowSkilled,Agriculture,4054,3162.920934812793,891.0790651872071,0.0,2176.7527242935707,0.5959153423329305,mortgages,12,0.3171370644070951,21124,car,26612.51503784885,1,0.17876295331881917,0.1117324,0.66,Agriculture_mortgages,0.31091410552972887,26121.03269152285,1478.094347693169,950.2035092313231,5400.729347340426,3567.0563944666783,3081.152999063271,2432.7989025170928
name833,63,ausbildung,0,1,MediumSkilled,Teacher,9996,7633.072130597769,2362.9278694022314,0.0,8669.530356942965,0.727738774028214,auto loans,24,0.6309126137995932,22005,car,48307.11603083341,0,0.24929602908943416,0.24002956,0.22,Teacher_auto loans,0.9097618357060973,208068.72856663115,49026.884009537316,43915.97332128439,42590.92240210771,87904.50292590683,87579.33772150443,86593.17373079555
name834,56,bachelor degree,0,1,HighSkilled,Engineering,19024,16693.03145269918,2330.968547300821,0.0,14103.161991622466,0.29190152238505,auto loans,48,0.6188074770984885,19139,liquid assets,54651.78361377348,0,0.06777876464062307,0.04485611,0.07,Engineering_auto loans,0.9730271735964272,676951.7755978784,48084.550519589306,38862.8558993941,41497.62579087845,201842.2658244403,163956.75526974106,204926.80273113603
name835,55,bachelor degree,1,0,HighSkilled,Research,18693,8630.026741146516,10062.973258853484,0.0,6489.691575854016,0.4748569935389803,mortgages,48,0.0,40257,car,87049.914448484,1,0.19678050271564188,0.17490986,0.64,Research_mortgages,0.8895378438696858,311505.1956409928,55973.323337108064,45997.8795740591,184545.70961640577,124292.55336624764,121066.72423730495,87061.93636345286
name836,39,bachelor degree,1,1,Unemployed_HighSkilled,Research,1154,681.8846481917515,472.1153518082485,0.0,848.3203492983238,0.8189260262488525,auto loans,36,0.3260008643761484,22308,car,28680.693278273888,0,0.6002422176742909,0.32639128,0.18,Research_auto loans,0.3781796285339922,30539.532574739656,7241.492036117432,3869.0587433801275,1917.2052280629882,3949.5740902794087,5366.8823917264,5080.973055899518
name837,40,ausbildung,0,1,MediumSkilled,Electrician,1878,1644.4057447897387,233.59425521026128,0.0,1408.722870311812,0.3288392738008637,mortgages,60,0.6257340868485362,0,none,4908.579050344198,0,0.25689436543695626,0.19284783,0.4,Electrician_mortgages,1.0,84523.37221870871,20116.56258805267,17411.814677053993,33978.3956319209,39344.627750853884,37757.396749211846,37776.20356326319
name838,45,bachelor degree,0,3,HighSkilled,Research,7051,7402.175542539809,-351.1755425398087,0.049805069144775,2143.796230737691,0.9790165181592296,simple loans,48,0.3538465144344773,42765,car,50172.126082446,1,0.31277015898486654,0.20520496,0.43,Research_simple loans,0.6459416997816042,102902.21907540917,21801.777650684973,13692.579865978976,27850.441572064035,30989.99147746129,30055.0151849257,28968.52483765383
name839,38,bachelor degree,1,1,HighSkilled,Consultant,2258,2676.403876748119,-418.4038767481188,0.1852984396581571,2074.2087409643777,0.7178207972844447,auto loans,48,1.103902842211026,68643,house,68083.0193808315,1,0.6705165060718844,0.7606582,0.86,Consultant_auto loans,0.5213626145819136,99562.01956629014,34518.763364700884,39450.01527394386,45367.51756503544,15140.897652352707,11417.323342480397,6916.365720741808
name840,58,ausbildung,0,2,MediumSkilled,Electrician,9810,8001.36174715359,1808.63825284641,0.0,5082.597602383543,0.5800310768656712,mortgages,24,0.3337369367520013,11252,liquid assets,34829.03844744118,0,0.25532458503523897,0.18876614,0.2,Electrician_mortgages,0.912176712893426,121982.34245720503,28373.710304281634,22253.890434730696,23477.85440864088,51771.6364232297,49479.66916907733,50070.03196998883
name841,44,bachelor degree,0,1,HighSkilled,Finance,5839,3248.4579310932745,2590.542068906725,0.0,2284.9495282164394,0.3556205287067878,auto loans,48,0.0,58919,house,76108.55933766969,1,0.14692214889967747,0.09200087,0.6,Finance_auto loans,0.626152583849964,109677.5773543891,10644.609259882529,6112.065962126097,40586.864984455315,28600.892973125377,24119.126463870147,23496.07867152979
name842,38,high school or lower,1,1,LowSkilled,Agriculture,1144,1014.6313772718188,129.3686227281812,0.0,481.88232198861584,0.5942649309881001,simple loans,36,0.3081413455073729,15427,liquid assets,17859.088818274053,0,0.3941338625502628,0.33241317,0.24,Agriculture_simple loans,0.15640487698680797,17347.76359159017,1104.3028560293267,927.9399920442992,651.1859593293327,1217.8958383369682,1258.4556065981421,1255.3219697958064
name843,44,ausbildung,0,1,MediumSkilled,Teacher,3184,4203.549177697217,-1019.5491776972168,0.320210168874754,1986.940588208176,0.8215964772375748,auto loans,36,0.944249298337121,11187,liquid assets,15068.678938844174,0,0.6513613469441493,0.4569326,0.27,Teacher_auto loans,0.8521649541220216,71529.86117549434,39498.99608179637,28588.00796660879,15970.273107146066,18648.047887553443,25859.256806163005,28453.055117545173
name844,32,ausbildung,0,2,MediumSkilled,Teacher,1212,826.9224692865149,385.0775307134851,0.0,536.6387943301298,0.5664350424577532,auto loans,24,0.1250505475384857,13067,liquid assets,17182.75658821687,0,0.2078465627828287,0.24499531,0.21,Teacher_auto loans,0.037509025351067406,12879.331063923117,103.86459840701865,119.80660653460757,99.03368685320382,218.94051744041474,223.97934039994914,219.33498764559945
name845,64,post graduate degree,1,1,HighSkilled,Doctor,19837,19208.598575092437,628.4014249075663,0.0,15053.79927209863,0.8722307330512391,auto loans,60,0.7271965441947403,18304,liquid assets,67588.4488973773,0,0.3683254957039791,0.17036958,0.11,Doctor_auto loans,0.9807070552946684,903227.9563259177,307373.30416994955,156786.95918755356,87694.400901513,404250.9848461423,384482.09681497846,334086.0412557909
name846,33,bachelor degree,1,1,HighSkilled,Finance,1831,919.1392728298558,911.8607271701442,0.0,734.4066814051586,0.5258757574740829,simple loans,24,0.0,35284,car,42755.23604101802,0,0.2553281918329517,0.33951655,0.19,Finance_simple loans,0.0,17625.760353723806,0.0,0.0,0.0,0.0,0.0,0.0
name847,52,post graduate degree,0,0,HighSkilled,Research,16770,11905.272718377626,4864.727281622374,0.0,16071.195217068636,0.6498302537699213,mortgages,48,0.6682449573909518,32763,car,75487.36508741873,0,0.11521599926960865,0.0956935,0.09,Research_mortgages,0.963731355467834,771417.3704192946,87725.81474702303,63192.32418217761,63935.76329020323,285289.80727996514,265387.8044873724,258701.01763198976
name848,40,bachelor degree,1,0,HighSkilled,Consultant,3053,2365.5240048050914,687.4759951949086,0.0,1807.6257896113173,0.2678264751969637,auto loans,48,0.3669013411124824,10053,liquid assets,15242.16733283114,0,0.1960593147264318,0.13243414,0.14,Consultant_auto loans,0.890096963339689,86766.03790134322,15909.418492542403,11043.91672055128,9885.463917696252,34616.42639743195,31120.01609398721,31686.538475588484
name849,62,high school or lower,2,1,LowSkilled,Agriculture,4968,6471.566243015238,-1503.566243015238,0.3026502099467065,4733.44274952686,0.8384315702978987,auto loans,48,1.2554365927017106,23143,car,29764.76015495853,1,0.9190124410291722,0.8998493,0.88,Agriculture_auto loans,0.9134108786940025,227205.25197728927,190306.6136977132,185325.85172525395,182835.47073902434,16301.347814196066,20036.92188531727,23856.448305310045
name850,49,ausbildung,1,0,MediumSkilled,IT Support,6761,5582.308390415255,1178.6916095847446,0.0,1648.0503960351236,0.2692977881512336,auto loans,24,0.0694215036903385,0,none,14162.139976935649,0,0.24696398145272272,0.22829531,0.22,IT Support_auto loans,1.0,39553.20950484297,10165.174842744644,8464.386834036395,8978.578557599354,18352.295871879855,18189.429567953226,18093.844733710986
name851,45,high school or lower,1,1,LowSkilled,Transportation,2193,1704.385142706389,488.6148572936111,0.0,513.3510602929573,0.9014596097271246,auto loans,36,0.0112796183307552,20722,car,24263.01818919873,1,0.634014895638207,0.67540336,0.79,Transportation_auto loans,0.04655724698990383,18480.638170546463,550.6608869357927,591.10004582014,681.4428475830435,274.0325049833613,247.79214129147218,167.86894141943017
name852,46,ausbildung,0,0,MediumSkilled,Electrician,4433,3080.666407600874,1352.3335923991258,0.0,1478.0002602360746,0.4216415852585925,auto loans,12,0.0283479963539248,36140,car,48639.93723436976,0,0.18462465731925673,0.17245065,0.09,Electrician_auto loans,0.0,17736.003122832895,0.0,0.0,0.0,0.0,0.0,0.0
name853,30,bachelor degree,0,0,HighSkilled,Doctor,1600,1510.0222520499792,89.97774795002078,0.0,1364.2229619350162,0.651547213908426,mortgages,24,0.7964032587406221,73259,house,84633.02336942531,0,0.10545741891101798,0.04136679,0.2,Doctor_mortgages,0.0,32741.351086440387,0.0,0.0,0.0,0.0,0.0,0.0
name854,62,high school or lower,1,0,LowSkilled,Agriculture,4977,3742.3747405795457,1234.6252594204543,0.0,2160.68632941264,0.3651038023025637,simple loans,12,0.1860681273844054,16898,liquid assets,25042.288100837137,1,0.1492753141089608,0.11923317,0.55,Agriculture_simple loans,0.37970172877251007,25928.235952951683,1466.9044062882383,1181.3995218428765,5463.972788523304,4119.734507629444,3825.3795511984536,3684.774524832708
name855,38,bachelor degree,2,0,HighSkilled,Doctor,2474,1640.177337452935,833.822662547065,0.0,1075.780133103152,0.691460567348715,simple loans,12,0.0978001093597764,0,none,6147.500780273818,0,0.21930208893551456,0.19613416,0.45,Doctor_simple loans,1.0,12909.361597237823,2801.3314666006077,2362.4131722945217,6235.2216514658685,5902.61246916751,5786.73141843735,5516.860834004594
name856,61,post graduate degree,1,2,HighSkilled,Doctor,19843,22376.458462239312,-2533.458462239312,0.1276751732217564,12782.03035036505,0.4293132892726085,mortgages,36,0.7718333322886843,75055,house,143552.28951787893,0,0.23295706166832042,0.17774485,0.47,Doctor_mortgages,0.8864748029104182,460153.0926131418,80766.99617240517,76687.8549515766,187640.49615811298,188075.91536436876,178919.02082862778,170551.2250744574
name857,33,post graduate degree,0,0,HighSkilled,Doctor,1774,1091.7369345466768,682.2630654533232,0.0,1247.722822603491,0.8960468691993307,auto loans,36,0.318748453861425,22977,car,29510.261831058717,1,0.21275549085352571,0.24261606,0.7,Doctor_auto loans,0.5646317082687414,44918.02161372568,5376.773526471758,5681.119197781481,18210.01600003171,11540.487167370842,11747.415348823703,6823.573901227267
name858,32,high school or lower,0,1,LowSkilled,Transportation,1034,1132.303885249123,-98.30388524912291,0.0950714557535037,688.4105588989249,0.4690762807734949,simple loans,24,0.7608456906654234,15137,liquid assets,18501.970688829973,0,0.4103768096208591,0.34806767,0.38,Transportation_simple loans,0.1304057216507855,16521.853413574197,863.9722311796606,773.4813740486237,792.8722720052745,955.1427364934183,993.2967871842773,976.401056623115
name859,49,high school or lower,0,1,LowSkilled,Agriculture,3489,3093.765215052846,395.2347849471539,0.0,1992.9458532243664,0.9965541050885508,auto loans,48,0.4579280791852142,20193,car,28957.4589276208,1,0.5273871510076709,0.62499374,0.77,Agriculture_auto loans,0.8204650169701515,95661.40095476959,40028.284808449185,48190.91543605451,61219.72970703993,30428.27669617548,25499.788325756756,16648.292664300756
name860,30,bachelor degree,0,0,HighSkilled,Engineering,1725,842.581288010087,882.418711989913,0.0,784.5698660498151,0.3886069762129159,simple loans,24,0.0,16784,liquid assets,21428.887462167902,0,0.03811716479280783,0.040332306,0.11,Engineering_simple loans,0.1525775510044517,18829.676785195563,86.18957910271547,149.39527044470682,316.0284567099568,654.7621023925781,675.3481241070846,1083.565489323349
name861,62,ausbildung,0,2,MediumSkilled,Electrician,9957,8588.53736950132,1368.4626304986796,0.0,7708.448394678685,0.9101546930031092,auto loans,24,0.6367365435552883,19738,liquid assets,49831.85712066196,1,0.4450142213936833,0.7034117,0.66,Electrician_auto loans,0.8984481294110693,185002.76147228843,78121.2309409101,116184.55410148118,114189.96948171328,71396.07857329292,44275.07906971369,49790.52009529435
name862,37,post graduate degree,0,0,HighSkilled,Doctor,2057,2110.0016719049763,-53.00167190497632,0.0257664909601246,1799.4320573653836,0.4389347552551165,mortgages,48,0.9005511566700826,58566,house,49536.11004539171,0,0.11568861796068863,0.089770325,0.34,Doctor_mortgages,0.52874558341055,86372.7387535384,5251.9584764457695,3379.5211065824947,16395.2442873394,17551.65237158267,15874.767872039594,21124.45930000224
name863,45,ausbildung,0,0,MediumSkilled,Nursing,3827,5617.039136139267,-1790.0391361392667,0.4677395181968296,981.0080618497504,0.5330127606537133,auto loans,24,0.7240781808176162,32638,car,36613.55299379346,1,0.5372094605781805,0.59664303,0.75,Nursing_auto loans,0.0,23544.19348439401,0.0,0.0,0.0,0.0,0.0,0.0
name864,56,high school or lower,0,0,LowSkilled,Manufacturing,4834,2330.5150476893464,2503.4849523106536,0.0,2850.904272914741,0.2734113492357575,simple loans,60,0.0718699463392816,0,none,10073.518366752338,0,0.14748814878674446,0.092317514,0.2,Manufacturing_simple loans,1.0,171054.25637488445,25658.138456232668,17789.642662987982,33184.525736727584,71321.40908100025,60161.727659052995,76972.53754720191
name865,58,ausbildung,0,0,MediumSkilled,Nursing,9740,6488.912634686282,3251.087365313718,0.0,9503.523648714186,0.8048226460285994,simple loans,12,0.6419339100000481,18630,liquid assets,37379.41547681823,0,0.1555463696716661,0.08765136,0.16,Nursing_simple loans,0.8445384849334556,114042.28378457023,16565.852781312806,9342.370463879899,14639.590829997363,40789.49970840631,33140.55825857962,41113.75192174744
name866,65,high school or lower,1,0,Unemployed_LowSkilled,Manufacturing,2485,1872.806972369233,612.1930276307667,0.0,1693.3206984377166,0.396925780404866,mortgages,36,0.4350614369444466,24863,car,22735.670196828825,0,0.3927793161792827,0.24797161,0.17,Manufacturing_mortgages,0.6526011528958443,60959.5451437578,16350.512740178092,9309.051049152491,6683.421266058198,17874.19269288746,18465.463502692248,17257.92148938501
name867,36,high school or lower,0,0,LowSkilled,Cleaning Services,1078,603.803272057709,474.196727942291,0.0,274.24503645379104,0.6058486819317356,auto loans,48,0.0,20708,car,22651.650773698584,1,0.43875665920746204,0.5194874,0.55,Cleaning Services_auto loans,0.0,13163.76174978197,0.0,0.0,0.0,0.0,0.0,0.0
name868,57,bachelor degree,0,0,HighSkilled,Doctor,19257,19771.72011116365,-514.7201111636496,0.0267289874416393,15674.406783249053,0.235161084334478,auto loans,48,0.8406879002135691,56443,house,105753.73013909868,0,0.07857978026946305,0.11110842,0.15,Doctor_auto loans,0.9477490860629868,752371.5255959545,48488.040951909905,73445.12085362824,109098.09214179727,233900.92453415907,269956.2119716729,298816.3293603996
name869,40,high school or lower,0,0,Unemployed_LowSkilled,Construction,655,433.7421886441782,221.2578113558218,0.0,524.3029048664998,0.6095341123827906,simple loans,48,0.4626642649017985,24622,car,26641.09601013713,1,0.668678183133592,0.7614067,0.77,Construction_simple loans,0.16688956992494036,25166.539433591992,2797.2219397524323,3183.624970468985,3175.224904583842,1230.9075028247305,921.1849045703493,890.8930962378874
name870,55,high school or lower,0,0,LowSkilled,Agriculture,4757,2167.5835254829567,2589.4164745170438,0.0,2690.305189774402,0.39920599653098,mortgages,24,0.0212084749332265,0,none,10346.008102937603,0,0.0721904137182135,0.06658894,0.08,Agriculture_mortgages,1.0,64567.32455458565,4971.683990703094,4907.1166661485095,5359.087938030609,20377.58630881253,19619.74987218478,21349.597576161537
name871,57,high school or lower,0,0,LowSkilled,Construction,4814,4192.9442648342,621.0557351657999,0.0,3749.6416798233126,0.8572590985061793,auto loans,24,0.6498932165885984,0,none,8204.880464453665,0,0.5564065460475078,0.52446043,0.23,Construction_auto loans,1.0,89991.4003157595,47875.42496798406,48415.373369878616,19258.159667572534,33328.04232819892,35039.61618661931,41425.085812129844
name872,33,post graduate degree,1,0,HighSkilled,Doctor,1828,1709.1764007003187,118.82359929968128,0.0,1630.7262316958625,0.5370903940528049,auto loans,24,0.8270802146587424,39670,car,41038.95656106732,0,0.2524076190748862,0.18083572,0.17,Doctor_auto loans,0.1348676946828718,39137.4295607007,1372.3774741728957,1008.1696060270118,913.158857815042,2453.7478626096745,2324.6486402713704,2289.808522933102
name873,54,bachelor degree,0,1,HighSkilled,Finance,18229,16146.895559518574,2082.1044404814256,0.0,17648.944003401815,0.3091955975839118,simple loans,24,0.8539601493729985,50685,house,82306.97721186702,0,0.13219414178611263,0.12238471,0.12,Finance_simple loans,0.9166673639689622,423574.65608164354,52029.126500212275,48146.35586586807,46593.24761213039,156362.41740805955,152279.08116356272,151216.86538949807
name874,51,ausbildung,1,2,MediumSkilled,Teacher,7995,7163.796066719063,831.2039332809372,0.0,3957.908606439204,0.3003488802873942,simple loans,36,0.3910825107139795,17731,liquid assets,39029.73614416449,0,0.25268374773924823,0.1326842,0.29,Teacher_simple loans,0.8813658195866937,142484.70983181134,32399.937489347554,18209.26719362556,36795.277846429584,58383.79430499128,50634.82627480775,58695.20506048136
name875,44,ausbildung,0,1,MediumSkilled,Nursing,3240,2865.3625522372217,374.6374477627783,0.0,1854.342825144097,0.6143255821642014,mortgages,48,0.4566991905497898,32298,car,34866.924599345635,1,0.20442780465312704,0.20711933,0.61,Nursing_mortgages,0.6906750886603807,89008.45560691666,13340.275284019268,12418.136439501808,38360.975931926376,27778.06094214203,27844.00174318789,20614.411867718678
name876,30,post graduate degree,0,0,HighSkilled,Consultant,1600,1723.7841635007003,-123.78416350070027,0.0773651021879376,466.8091404312872,0.6190239030391507,mortgages,12,0.3691208149574922,64896,house,66883.92991691979,1,0.1723746840167832,0.32224163,0.57,Consultant_mortgages,0.0,5601.709685175446,0.0,0.0,0.0,0.0,0.0,0.0
name877,60,bachelor degree,0,0,HighSkilled,Engineering,19722,16733.175375945797,2988.824624054203,0.0,7745.554649406046,0.7756379048454791,simple loans,12,0.2411890287674598,47896,car,101606.7814975102,1,0.1161928583238863,0.11220075,0.18,Engineering_simple loans,0.559721461743601,92946.65579287255,7595.538754506631,5774.690422946823,9156.26589584361,20025.938322853777,19768.30666096786,22887.170423681946
name878,40,high school or lower,1,0,LowSkilled,Cleaning Services,1309,1144.649870188781,164.35012981121895,0.0,617.2812495831485,0.6992891434362449,auto loans,36,0.3460130785117872,0,none,2065.152743430916,1,0.627808033883728,0.68524075,0.74,Cleaning Services_auto loans,1.0,22222.124984993345,13711.051115740893,14755.490990035581,16199.929114060147,7175.646540337802,6232.997291933656,5267.333413090376
name879,57,bachelor degree,0,0,HighSkilled,Research,19363,20235.736011375466,-872.7360113754621,0.0450723550780076,8971.254252592076,0.6923912287236638,simple loans,24,0.5083917917661281,33384,car,82333.92791053608,1,0.19952967058005042,0.27986628,0.64,Research_simple loans,0.8675692364567071,215310.10206220983,39227.248377980686,56786.11193764823,118242.13439648465,84017.98372013966,87286.79923123764,58690.41074038285
name880,50,bachelor degree,1,0,Unemployed_HighSkilled,Research,7220,5529.276334941535,1690.7236650584657,0.0,7017.6859514671705,0.8823141678923768,mortgages,48,0.7378064108599315,79699,house,97473.83235061844,1,0.48565193347370245,0.38713652,0.69,Research_mortgages,0.8356355512152568,336848.9256704242,144119.26409158244,99926.44287599954,195630.641686816,115508.77582198009,126966.86031161515,77920.07109925385
name881,47,bachelor degree,1,3,HighSkilled,Consultant,10069,9270.83284995244,798.1671500475604,0.0,4393.458721527169,0.9356527530524396,auto loans,12,0.3570654058476123,59790,house,68626.82317801281,0,0.5361792219630923,0.36253402,0.24,Consultant_auto loans,0.21228584865447098,52721.50465832603,5898.1994720524945,4085.0907159376857,2730.855163530946,4281.650104556487,5123.866993060149,5178.097029642691
name882,60,ausbildung,0,1,MediumSkilled,Electrician,9879,6795.790762290886,3083.209237709114,0.0,8765.720586250853,0.8157845135846293,auto loans,24,0.5752111902562748,31118,car,59658.58270908892,1,0.39637727905675807,0.4103692,0.66,Electrician_auto loans,0.8737748687639714,210377.29407002046,75918.64810950098,73896.60179181452,126102.16126662878,82377.39406800682,81491.81157401628,55064.77351446935
name883,47,ausbildung,1,0,MediumSkilled,Electrician,5234,5830.297024119156,-596.297024119156,0.1139275934503546,4286.9421123055445,0.3468173524527321,auto loans,12,0.9329841682125908,10541,liquid assets,16363.9772086851,1,0.5165675006880356,0.60522485,0.8,Electrician_auto loans,0.8055641261665683,51443.30534766654,21010.52682899306,25403.260248861432,33567.113868805485,16320.711708485314,14031.544356232927,7728.015702084736
name884,59,high school or lower,1,0,LowSkilled,Cleaning Services,4916,4723.812959239595,192.18704076040467,0.0,1993.3046357183305,0.9517320272066848,auto loans,36,0.3663786808295211,20100,car,26460.397222622058,1,0.7432499083313096,0.80329704,0.75,Cleaning Services_auto loans,0.7617703187230291,71758.9668858599,41161.879860135225,44113.727818232575,40123.26668969356,12811.464571057248,10037.598822206846,12507.565794913151
name885,34,bachelor degree,0,1,HighSkilled,Research,1808,2061.3019733094466,-253.30197330944657,0.1401006489543399,444.3151123192308,0.6247467903299218,mortgages,48,0.3858501579804632,36811,car,43988.90186908193,1,0.17232797599512437,0.1425024,0.72,Research_mortgages,0.0,21327.12539132308,0.0,0.0,0.0,0.0,0.0,0.0
name886,37,bachelor degree,0,1,HighSkilled,Consultant,2300,1704.802543630538,595.1974563694621,0.0,672.5660720395576,0.956451819361793,mortgages,48,0.0336385285522154,0,none,6768.655715477445,0,0.201648419353728,0.14875282,0.19,Consultant_mortgages,1.0,32283.171457898767,6327.501605748159,3809.4142320320543,5843.254033879676,14549.942250831833,13495.080009362011,14375.953723456214
name887,64,ausbildung,2,0,MediumSkilled,Teacher,9946,7722.650043138817,2223.3499568611837,0.0,6364.127515954362,0.3419990993251849,mortgages,36,0.4163259158549345,26626,car,51682.46297646706,0,0.3190718965363561,0.35602227,0.12,Teacher_mortgages,0.9006883514173758,229108.59057435702,66652.8067130123,78415.06672119093,24969.008087537113,96077.92848108566,94785.55368461454,80366.38148625592
name888,55,bachelor degree,0,0,HighSkilled,Consultant,18806,7621.287205597007,11184.712794402993,0.0,9141.422502040785,0.7941569501983612,mortgages,36,0.0,75826,house,132777.746796225,0,0.17382816453826763,0.094670996,0.16,Consultant_mortgages,0.8397934980350762,329091.2100734683,46706.303283152796,25149.547921697653,42560.773405949876,120564.63373289104,98221.70116625611,117975.15344100898
name889,45,bachelor degree,3,0,HighSkilled,Research,7102,5019.086979617639,2082.9130203823606,0.0,6407.511928608247,0.2054233513807403,auto loans,36,0.6089269090715131,43031,car,58475.89756104032,0,0.36255314011596834,0.25418562,0.2,Research_auto loans,0.8404545999570513,230670.4294298969,71731.16869071733,51568.89424792112,36059.45236884709,88754.58489599683,90172.8322582654,87238.48230037774
name890,45,ausbildung,0,0,MediumSkilled,IT Support,3828,1974.4079462538707,1853.5920537461293,0.0,1451.2111959724114,0.4454524611395958,auto loans,24,0.0,44102,car,57526.40081154112,0,0.1496222979763776,0.22740863,0.09,IT Support_auto loans,0.0,34829.06870333787,0.0,0.0,0.0,0.0,0.0,0.0
name891,35,high school or lower,0,0,LowSkilled,Manufacturing,1048,782.8625046624169,265.1374953375831,0.0,664.3866890329059,0.4693350955877358,mortgages,12,0.3809629710833233,23540,car,21670.986923424472,0,0.2537136156123625,0.11277479,0.21,Manufacturing_mortgages,0.0,7972.640268394871,0.0,0.0,0.0,0.0,0.0,0.0
name892,54,bachelor degree,1,1,HighSkilled,Consultant,18092,14739.980512664875,3352.019487335123,0.0,15670.94943342478,0.3164023600710552,auto loans,60,0.6809048168300716,59970,house,118233.01864916328,1,0.27882359016106817,0.35783705,0.62,Consultant_auto loans,0.9555904576246834,940256.9660054868,230016.14961407476,321663.20922593266,526521.342475968,419823.7196136886,412340.19835826603,295064.12847613427
name893,62,ausbildung,2,0,MediumSkilled,Electrician,9962,3414.7978630240614,6547.202136975939,0.0,6194.596534666164,0.5068102304850952,auto loans,24,0.0,0,none,23126.533350563604,0,0.4667047560402927,0.39661807,0.18,Electrician_auto loans,1.0,148670.31683198793,69131.69732687439,56940.73134665138,26314.646079261864,62394.08186235779,66612.73869408693,65404.95365567226
name894,59,ausbildung,1,1,MediumSkilled,Teacher,9832,8692.34928366489,1139.6507163351107,0.0,8308.804534626624,0.8308831823175524,auto loans,24,0.7291653598750523,15938,liquid assets,37635.6743571666,1,0.44797341258477413,0.4473478,0.33,Teacher_auto loans,0.9239609878023809,199411.308831039,82543.22490914862,85675.44549721899,59143.694633564075,78903.94485312873,78954.52109500497,85524.01555109577
name895,64,ausbildung,0,0,MediumSkilled,Electrician,9941,6771.059267325656,3169.940732674344,0.0,3166.773117011158,0.8380147513951369,auto loans,48,0.0,12718,liquid assets,35521.20109109494,0,0.37815748396042304,0.42672363,0.23,Electrician_auto loans,0.9204500045096423,152005.10961653557,51907.761521682696,60162.6346477724,33719.05802351895,63479.725279078855,61160.227455005894,64405.17996327071
name896,40,ausbildung,0,1,MediumSkilled,Teacher,1826,1334.9081469455914,491.0918530544086,0.0,1525.9000436553367,0.350192436098171,simple loans,12,0.5667076618844075,15007,liquid assets,21607.444095483377,0,0.12513051811698858,0.08328741,0.21,Teacher_simple loans,0.22051150080678422,18310.80052386404,456.2648578074728,318.9816262547819,799.4729366892003,1595.9287775180078,1359.0187906858837,1833.231895759477
name897,43,ausbildung,0,0,MediumSkilled,Teacher,2780,2540.095941701829,239.9040582981711,0.0,1374.5666730476353,0.5507639313577328,auto loans,60,0.4081520196940518,44767,car,49646.45779458829,0,0.23111272671622515,0.26895598,0.14,Teacher_auto loans,0.5367730335481127,82474.00038285811,9916.43953985551,12351.279605445034,5843.616157414855,20391.048048890912,20661.160174253342,18163.329547682843
name898,56,high school or lower,0,0,LowSkilled,Cleaning Services,4810,5304.467699697627,-494.4676996976268,0.1027999375670741,2485.9678832071163,0.3101670698407166,auto loans,12,0.6196331773190734,18671,liquid assets,23636.0273956275,0,0.2824620760337928,0.19185236,0.19,Cleaning Services_auto loans,0.4045971875942095,29831.614598485394,3560.587273542758,2220.8408757012457,2426.027260956252,5640.794987546721,5385.852258198593,5374.772577092331
name899,35,ausbildung,0,0,MediumSkilled,Electrician,1283,1473.984654020232,-190.98465402023203,0.148857875308053,526.8899973068368,0.782364302461148,simple loans,12,0.5595281771839975,34682,car,35959.708906948625,1,0.5161754712149189,0.56832296,0.68,Electrician_simple loans,0.0,6322.679967682041,0.0,0.0,0.0,0.0,0.0,0.0
name900,38,high school or lower,1,1,LowSkilled,Transportation,1166,1236.6739078696935,-70.6739078696935,0.0606122709002517,471.6707103932837,0.5253880693842704,auto loans,36,0.4651326057143886,19574,liquid assets,20970.533998579,0,0.5506867936380602,0.49564788,0.16,Transportation_auto loans,0.0,16980.145574158214,0.0,0.0,0.0,0.0,0.0,0.0
name901,35,high school or lower,3,0,LowSkilled,Manufacturing,1085,860.8126912358035,224.18730876419647,0.0,763.194625300549,0.8530121368200547,auto loans,48,0.4967809368998641,6830,liquid assets,7542.671222216473,1,0.9300706082866578,0.9104919,0.86,Manufacturing_auto loans,0.8250381491808059,36633.34201442635,28198.90307939916,27896.664032460263,26264.57317899021,2057.047710185962,2616.7797028866025,4027.123398035519
name902,38,bachelor degree,0,1,Unemployed_HighSkilled,Consultant,1161,1236.2990094286954,-75.2990094286954,0.0648570279316928,264.78006147522143,0.8327424334032745,auto loans,12,0.2929190963858026,44246,car,47346.40363118328,0,0.4632104723826504,0.4560416,0.25,Consultant_auto loans,0.0,3177.3607377026574,0.0,0.0,0.0,0.0,0.0,0.0
name903,61,high school or lower,1,0,Unemployed_LowSkilled,Cleaning Services,2469,1150.8364895136988,1318.1635104863012,0.0,507.20438956381423,0.6614412388729685,auto loans,12,0.0,22948,car,28298.48468966308,0,0.5575712993096735,0.4934903,0.18,Cleaning Services_auto loans,0.0,6086.452674765771,0.0,0.0,0.0,0.0,0.0,0.0
name904,64,high school or lower,0,0,LowSkilled,Manufacturing,4964,6006.886840656171,-1042.8868406561714,0.2100900162482215,2303.333114801509,0.909345891860336,auto loans,12,0.6740974930414344,0,none,7454.944426017702,0,0.5528503662913135,0.45941773,0.36,Manufacturing_auto loans,1.0,27639.997377618107,15533.678526221378,13267.19874125669,10005.679050697754,10296.9114988022,11694.282017662566,12670.682612344775
name905,61,ausbildung,0,1,MediumSkilled,IT Support,9956,13338.094821014647,-3382.094821014647,0.3397041804956455,9618.99214523525,0.8016121979876855,auto loans,60,1.3058544562324124,39218,car,51755.67490266937,1,0.7340923496811185,0.7507867,0.78,IT Support_auto loans,0.9421444782516138,577139.528714115,407811.61511905666,401830.37809731055,426842.82382461266,131504.84169607036,124060.79894056031,110733.80106144703
name906,33,high school or lower,0,1,LowSkilled,Manufacturing,1029,870.0256653753866,158.97433462461345,0.0,746.6811802421435,0.8329428073325913,mortgages,60,0.5711436789286006,0,none,1677.275047190603,1,0.5403606364894832,0.5213542,0.52,Manufacturing_mortgages,1.0,44800.87081452861,23565.258048442047,22848.44411540959,23430.855435998463,17028.158485235766,17523.184185357746,17557.519934118336
name907,50,ausbildung,1,0,MediumSkilled,Teacher,7264,6433.748428474598,830.2515715254021,0.0,4787.667630260043,0.2598582389199245,auto loans,12,0.5447984662354957,48704,car,55124.34541193451,1,0.1887878073921836,0.22149011,0.57,Teacher_auto loans,0.2749331320228647,57452.01156312051,2906.364912331511,3885.683524095389,8750.685659954659,7024.153128986114,7233.02499237909,5715.068164446102
name908,41,ausbildung,0,0,MediumSkilled,Electrician,1995,2035.7822078570248,-40.78220785702456,0.0204422094521426,1595.6934376676636,0.7055841374568781,auto loans,12,0.8202885441226507,36263,car,37633.69731295599,1,0.4468226635151186,0.43068326,0.79,Electrician_auto loans,0.0,19148.321252011963,0.0,0.0,0.0,0.0,0.0,0.0
name909,55,high school or lower,0,1,LowSkilled,Transportation,4717,4399.275043162752,317.7249568372481,0.0,2288.258440372248,0.8484810130900887,auto loans,24,0.4177514275037099,21853,car,27347.407521372814,1,0.44879127041478206,0.45788947,0.69,Transportation_auto loans,0.6613072981226791,54918.20256893395,15834.564357156438,18013.63284667338,24151.34242547943,15539.95253636475,15391.329672557098,10053.491047179758
name910,65,high school or lower,1,0,LowSkilled,Manufacturing,4970,6122.79235092868,-1152.7923509286802,0.2319501712130141,2957.630097757417,0.9282182793090652,mortgages,24,0.8270467703593756,0,none,7979.896820843244,1,0.7089775669766781,0.65928316,0.83,Manufacturing_mortgages,1.0,70983.122346178,50468.99998813256,47842.624461323976,57851.24471213507,18596.596776800616,21301.060959154514,11369.96392812085
name911,30,high school or lower,2,1,LowSkilled,Agriculture,1052,558.8542163356701,493.1457836643299,0.0,235.28716991094305,0.561312171616122,mortgages,48,0.0,0,none,2334.882947082919,1,0.5180343357179811,0.3792947,0.79,Agriculture_mortgages,1.0,11293.784155725267,6053.468307468744,4167.406353462623,8797.857857309984,4438.555707121415,5120.427428334312,2203.46207062243
name912,61,ausbildung,0,0,Unemployed_MediumSkilled,Teacher,4961,4518.119454224778,442.8805457752224,0.0,2328.1236531904183,0.7249123584054846,auto loans,12,0.3800127207045345,13607,liquid assets,22799.230262198955,0,0.41689544436482,0.41344005,0.12,Teacher_auto loans,0.5373303946004794,27937.48383828502,6740.234987521623,6109.745300492873,1771.3757873664842,6618.925471514118,6638.171744349961,5846.382041484079
name913,45,high school or lower,0,0,LowSkilled,Construction,2166,1876.2030365386072,289.7969634613928,0.0,1313.3624406377414,0.7411488893323945,mortgages,36,0.472560238770244,11931,liquid assets,14333.615251621855,1,0.48246619114831035,0.60109097,0.78,Construction_mortgages,0.7611726946939296,47281.047862958694,16950.839069216236,22385.18450329618,27891.50802259572,14826.404584013128,12286.580893796076,7329.125759909136
name914,48,high school or lower,2,1,LowSkilled,Agriculture,3212,2327.455813940493,884.544186059507,0.0,1216.2621414412602,0.910715980843343,auto loans,36,0.1032745813766354,0,none,5589.532303632945,1,0.6795500481594147,0.8311747,0.64,Agriculture_auto loans,1.0,43785.43709188537,29993.02440794148,36517.05453463239,28591.890421001146,12471.88071431259,6967.811182312797,13757.144145002323
name915,56,bachelor degree,1,0,HighSkilled,Finance,18893,24210.55772089118,-5317.557720891182,0.2814565035140624,9636.97567477044,0.6846690883240396,simple loans,36,0.7915383155487017,54562,house,96439.02324078303,1,0.7392713506628882,0.89802337,0.73,Finance_simple loans,0.8907669496552086,346931.1242917358,228685.73670109315,278131.3013932214,217869.5194246901,73434.96006777411,30363.294620145072,75765.43211731642
name916,38,post graduate degree,0,1,HighSkilled,Doctor,2210,1329.3419385258842,880.6580614741158,0.0,548.2339480233684,0.9191085734462568,mortgages,24,0.0,40407,car,44838.61187291742,0,0.10245625052089208,0.14540374,0.12,Doctor_mortgages,0.0,13157.614752560841,0.0,0.0,0.0,0.0,0.0,0.0
name917,48,high school or lower,0,1,LowSkilled,Agriculture,3133,2338.943136727428,794.0568632725722,0.0,1351.933082250619,0.462109721738172,auto loans,12,0.1780645448381892,11341,liquid assets,14816.075985595184,0,0.15040015638347595,0.07833175,0.1,Agriculture_auto loans,0.33717471759540285,16223.196987007428,836.9179349760894,530.5950306711155,530.5950306711155,2294.1007444960796,1791.7709153691678,1987.7974138450547
name918,48,bachelor degree,0,1,HighSkilled,Finance,11593,12779.809694282092,-1186.809694282092,0.102372957326153,3018.147213788438,0.2350922485488869,auto loans,24,0.3627151650194539,66167,house,93343.38351898338,0,0.21461252453623084,0.1829889,0.08,Finance_auto loans,0.3638252418867059,72435.53313092251,5402.544449322828,4743.697565259069,2529.9720348048368,12008.919791846592,11638.272811572771,8714.076933559565
name919,46,bachelor degree,2,2,HighSkilled,Finance,8441,8533.86365359846,-92.8636535984606,0.0110014990639095,6011.692764779807,0.2263087434254466,auto loans,24,0.7232029876055286,24025,car,39104.72268130496,0,0.5103329335324243,0.5542751,0.25,Finance_auto loans,0.8577254931495134,144280.62635471535,66579.20620890618,67074.21889447425,31680.811876356842,49165.803027802736,45994.2883283682,57482.97020206227
name920,41,bachelor degree,2,0,HighSkilled,Consultant,3421,3252.612544316524,168.38745568347667,0.0,2828.245985284619,0.6566305319926321,auto loans,24,0.7775090703306468,53019,house,70973.5238298327,1,0.5872643312345671,0.6168054,0.72,Consultant_auto loans,0.4569277513590846,67877.90364683086,17523.643302377994,19911.82123916225,22144.922686544935,10874.904389665126,10254.351342524735,7853.6158657642945
name921,37,bachelor degree,0,0,HighSkilled,Finance,2223,1676.2979203550997,546.7020796449003,0.0,910.1800980190563,0.2129165262625031,auto loans,48,0.1635078805101916,36553,car,38961.14067691754,1,0.11031093311246754,0.120620154,0.24,Finance_auto loans,0.2853562565166157,43688.6447049147,1558.3535131598655,1383.8179196859608,3066.839713898615,4706.9765706977705,4864.238864997831,5767.894589254056
name922,54,ausbildung,2,2,Unemployed_MediumSkilled,Teacher,4552,3630.9040486654753,921.0959513345248,0.0,3203.7197307051333,0.8695566720556546,auto loans,48,0.5014551360655994,27560,car,30275.441645130104,1,0.9118376362948284,0.94566876,0.8,Teacher_auto loans,0.8474639887654505,153778.5470738464,117941.21170523051,123414.7265026003,104127.10293091623,11118.31048505799,6925.460619184953,24302.78355507542
name923,54,high school or lower,0,0,LowSkilled,Construction,4620,5036.882626894517,-416.8826268945168,0.0902343348256529,4512.1330853911,0.9562360629394968,simple loans,36,1.0668865178107396,18451,liquid assets,28954.26048186417,0,0.7307827092511092,0.5736338,0.32,Construction_simple loans,0.8921581312383964,162436.7910740796,105936.01120134826,85357.47003774847,45649.580750238994,35437.72889033,52097.74121433804,67458.35567089157
name924,62,ausbildung,0,0,MediumSkilled,Nursing,9954,6377.1634898615175,3576.8365101384825,0.0,7953.326895196987,0.4134788502404498,simple loans,24,0.4396715275324999,0,none,23424.875670139438,0,0.08025937152301374,0.05963348,0.17,Nursing_simple loans,1.0,190879.84548472767,16224.786866201854,11643.670574568388,31113.41481401061,63206.46056468431,54983.313283989984,82805.46669620203
name925,55,bachelor degree,1,0,Unemployed_HighSkilled,Consultant,9450,5237.205805605515,4212.794194394485,0.0,8232.622646309917,0.9529438906959762,auto loans,36,0.4253786721603632,79513,house,123953.68237728148,1,0.6134616494409694,0.7765365,0.71,Consultant_auto loans,0.8135900290744866,296374.415267157,148052.14324836212,187838.14265549526,166618.94297169088,80280.85081605011,49814.535608877864,62977.00639526737
name926,65,high school or lower,0,0,LowSkilled,Transportation,4986,4876.350056427374,109.6499435726264,0.0,2506.346767579594,0.833332330849757,mortgages,60,0.4806852835954608,12460,liquid assets,24224.13938810181,0,0.3198959166860408,0.33131868,0.17,Transportation_mortgages,0.9213644795928063,150380.80605477566,46970.325724766335,49048.65872143741,25078.551493164323,64497.74491600703,64287.21014182984,60106.68938617169
name927,47,ausbildung,1,0,MediumSkilled,Nursing,5174,4631.10861973408,542.8913802659199,0.0,5060.789497594029,0.8566412864770201,auto loans,12,0.8731925236428506,44376,car,61364.61275024981,0,0.46539197696882695,0.5023594,0.1,Nursing_auto loans,0.37637620688479023,60729.47397112835,10811.422045078172,12022.849885224352,2102.8558734612934,9606.914892892366,9179.909874467137,8306.199497461244
name928,47,high school or lower,0,0,LowSkilled,Manufacturing,2849,2114.4803509941626,734.5196490058374,0.0,2698.067238107306,0.7997008829930848,auto loans,12,0.6892058929805084,17306,liquid assets,19372.321325252942,1,0.40988808982463476,0.4640382,0.66,Manufacturing_auto loans,0.49288179585896086,32376.806857287673,6526.796931571454,8170.464618495318,10580.113363403118,7077.206884161888,6717.347825656505,4780.267891642731
name929,35,ausbildung,0,1,MediumSkilled,Teacher,1291,897.6299286250602,393.3700713749398,0.0,567.3552458198283,0.9717846573875486,mortgages,36,0.1347677571222993,45463,car,50234.01865667696,1,0.26890679613000074,0.21718924,0.56,Teacher_mortgages,0.0,20424.788849513818,0.0,0.0,0.0,0.0,0.0,0.0
name930,54,high school or lower,0,1,LowSkilled,Cleaning Services,4608,4136.170478853721,471.8295211462792,0.0,3424.8836654624497,0.5685132033217438,mortgages,60,0.6408537639575023,10694,liquid assets,18548.096471150573,0,0.3915195542896412,0.5905492,0.24,Cleaning Services_mortgages,0.9506348128600683,205493.019927747,81069.75969537158,112325.57066226182,47469.76290596456,87848.54466109282,68070.96141516647,90379.95743396852
name931,61,post graduate degree,0,0,HighSkilled,Research,19853,17761.70243705235,2091.2975629476496,0.0,10827.240099935963,0.9300310762111302,auto loans,48,0.44003135732576,67849,house,122586.78439173708,0,0.2911547690128186,0.20927094,0.17,Research_auto loans,0.9093007035546331,519707.52479692624,155003.0970844781,95931.79484191784,73720.98519871519,220867.87113480727,214429.1674242971,205005.47821069858
name932,36,high school or lower,1,0,LowSkilled,Transportation,1091,618.8471045703009,472.15289542969913,0.0,740.6838713545827,0.7170348781700284,auto loans,12,0.2461328835241829,17072,liquid assets,18551.065274135875,1,0.47677480946896844,0.46036917,0.65,Transportation_auto loans,0.0,8888.206456254993,0.0,0.0,0.0,0.0,0.0,0.0
name933,62,ausbildung,0,0,MediumSkilled,Electrician,9975,8601.595794940316,1373.4042050596836,0.0,9407.57263772562,0.7356732782139851,simple loans,12,0.8054304193148808,37178,car,60903.565619650704,0,0.28495982736568315,0.24720347,0.11,Electrician_simple loans,0.718805820660894,112890.87165270743,22639.905764522002,20124.36067957511,9413.007414639971,37926.79874886527,37654.59605598839,30604.977957430216
name934,32,ausbildung,1,0,MediumSkilled,Teacher,1314,717.0402000223052,596.9597999776948,0.0,1237.444237777942,0.3050125200701001,mortgages,36,0.4874310789956218,40793,car,45363.084390083946,0,0.22882414340324492,0.2574435,0.02,Teacher_mortgages,0.21762801618976238,44547.99256000591,2268.604551580469,2617.6206364390027,232.6773899056891,4459.78331710172,4513.531541368715,1515.5920636359442
name935,35,ausbildung,0,1,MediumSkilled,Nursing,1275,1095.0416118142382,179.9583881857618,0.0,370.7317173466579,0.2285202991575476,mortgages,48,0.1496261405183498,40756,car,52548.377946567125,0,0.08944087324054714,0.1762106,0.21,Nursing_mortgages,0.0,17795.12243263958,0.0,0.0,0.0,0.0,0.0,0.0
name936,47,high school or lower,0,0,LowSkilled,Cleaning Services,2819,2493.132936138254,325.8670638617459,0.0,2355.0736546124567,0.9106196956546694,simple loans,36,0.7198320648282053,0,none,4396.374928102029,0,0.5490820536518328,0.5085823,0.25,Cleaning Services_simple loans,1.0,84782.65156604844,47139.15427072294,43239.152298684705,21110.880239946062,31779.724341681736,33764.618495363065,39381.28274858333
name937,35,ausbildung,0,2,MediumSkilled,IT Support,1328,1024.5761044164965,303.42389558350374,0.0,465.404772148282,0.926399663945638,simple loans,24,0.121973551630104,0,none,2710.3926720604413,0,0.36285837987609443,0.29908368,0.18,IT Support_simple loans,1.0,11169.714531558768,4255.661236523891,3406.762932125424,1865.3423267703142,5112.772593203407,5217.949301506193,4913.924156826065
name938,33,ausbildung,0,1,MediumSkilled,Artist,1270,1085.2272631079593,184.7727368920407,0.0,847.9208815866841,0.7178636267039764,auto loans,24,0.5221638934603492,27790,car,33909.29034891824,0,0.542673904750094,0.47970942,0.13,Artist_auto loans,0.0,20350.10115808042,0.0,0.0,0.0,0.0,0.0,0.0
name939,34,bachelor degree,1,0,HighSkilled,Engineering,1633,1499.994654469948,133.00534553005195,0.0,686.5541827208464,0.71040406395425,mortgages,36,0.3389766302454344,79377,house,92912.64628692152,0,0.14623459346323164,0.22208801,0.15,Engineering_mortgages,0.0,24715.95057795047,0.0,0.0,0.0,0.0,0.0,0.0
name940,47,post graduate degree,1,0,HighSkilled,Consultant,10061,9980.006613598556,80.99338640144379,0.0,3473.336313871633,0.8996558328681421,auto loans,24,0.3371775099364068,24027,car,48890.40659300741,1,0.5567062498913664,0.38961628,0.73,Consultant_auto loans,0.7542297483218133,83360.07153291919,35585.91750715689,24960.440371627712,45331.177601872994,23273.040905394068,28311.467067698024,15414.359463663952
name941,46,bachelor degree,2,0,HighSkilled,Engineering,8407,5084.621237290751,3322.378762709249,0.0,7971.416886848959,0.3385445572206192,mortgages,48,0.5529960894658867,28642,car,49135.21171305648,0,0.18694041347200488,0.15828124,0.07,Engineering_mortgages,0.9360519883343029,382628.01056875003,71631.94201705544,60887.15071449712,25787.49912613995,158929.6015309199,152431.9892550301,111427.60434921653
name942,53,post graduate degree,0,0,HighSkilled,Research,17603,18243.79990087223,-640.799900872229,0.0364028802404265,5189.293859990772,0.5332377006635953,auto loans,36,0.3311988729684145,71282,house,116748.252330471,0,0.21404543764749576,0.17180777,0.13,Research_auto loans,0.7344892418381832,186814.5789596678,31010.205452955714,20581.994769660872,19347.075083481217,62498.28620783951,59684.27515042883,54947.797645672166
name943,51,high school or lower,3,0,LowSkilled,Construction,4066,4381.693871876502,-315.69387187650227,0.0776423688825632,3262.0612435752446,0.6488707494494551,simple loans,36,0.8799200972581768,22713,car,29507.521163937497,1,0.9462235721257414,0.9041727,0.82,Construction_simple loans,0.8352762154385651,117434.2047687088,93479.76821049908,88084.81831377564,80531.8884583628,5160.308930924531,9074.046960612384,16579.032606502307
name944,49,post graduate degree,0,1,HighSkilled,Finance,13117,10632.098328369482,2484.9016716305177,0.0,9629.761898639988,0.8906902853174772,auto loans,48,0.5447023120385354,52198,house,86709.3774637829,1,0.4782719905464416,0.54911155,0.66,Finance_auto loans,0.9215660257696137,462228.5711347194,204467.59070293943,230026.0395408069,273901.37671247934,176381.05158407302,159663.4828829357,127602.35367847794
name945,53,high school or lower,0,0,LowSkilled,Transportation,4472,4871.434876926788,-399.4348769267881,0.0893190690802299,2111.102590733693,0.2230227989806721,simple loans,48,0.5613903102997498,0,none,7417.544494562946,0,0.21300311679681513,0.13318163,0.15,Transportation_simple loans,1.0,101332.92435521726,23002.57382863432,12565.282620046939,15807.936199413893,46118.25225248683,40908.545444913565,42464.80925031491
name946,36,high school or lower,1,2,LowSkilled,Manufacturing,1081,1278.073146744104,-197.07314674410395,0.1823063337133246,776.0168523086728,0.4002131077538673,auto loans,36,0.9001757623059915,10862,liquid assets,12334.43753941865,0,0.7563339391100243,0.6933834,0.34,Manufacturing_auto loans,0.6323056392662302,27936.606683112223,13460.329148143219,12294.47386759538,6147.23693379769,3949.025314835884,4843.602694101645,8170.767762791491
name947,52,ausbildung,1,0,Unemployed_MediumSkilled,Nursing,4195,2149.637020286981,2045.3629797130188,0.0,3262.102285011148,0.7822836425065345,auto loans,48,0.2900451264119496,0,none,10172.95382133858,1,0.6727172680779341,0.6384181,0.81,Nursing_auto loans,1.0,156580.90968053511,105848.69494404174,101777.59129234783,125734.4704734697,45412.716865017224,49375.2983496252,27838.0891389718
name948,34,bachelor degree,0,0,Unemployed_HighSkilled,Doctor,843,757.2526792145995,85.74732078540046,0.0,563.0699932909343,0.8710963452638947,auto loans,12,0.5662190658428634,46834,car,46731.31008951546,1,0.32859487403183435,0.29069456,0.19,Doctor_auto loans,0.0,6756.839919491213,0.0,0.0,0.0,0.0,0.0,0.0
name949,60,bachelor degree,0,1,HighSkilled,Engineering,19803,11368.202321099436,8434.797678900564,0.0,18942.734964721614,0.9872571843796332,mortgages,24,0.5306235058234133,25919,car,84585.36114287878,0,0.1081281997497467,0.120574795,0.11,Engineering_mortgages,0.951352297466798,454625.6391533187,50603.57011661109,55361.170725865115,49306.04267772362,162060.0571142354,168731.4107537224,163123.6593640902
name950,64,ausbildung,0,0,Unemployed_MediumSkilled,Electrician,4952,2696.8291725805416,2255.1708274194584,0.0,1343.0034208367226,0.2378977355877337,auto loans,12,0.0,0,none,12330.836066850794,0,0.2584781554486861,0.35394883,0.3,Electrician_auto loans,1.0,16116.041050040672,4109.590467760371,6349.720173716025,4609.187740311632,7505.001262364654,7409.994211719217,7527.976702355504
name951,45,ausbildung,0,0,MediumSkilled,Electrician,3854,3002.782044100077,851.2179558999228,0.0,3809.296643361609,0.689727915017581,simple loans,60,0.7675346879765663,0,none,9290.600359028122,0,0.42449392736019004,0.37940395,0.25,Electrician_simple loans,1.0,228557.79860169653,100565.43138474648,80909.46070500057,59196.4698378394,100110.11609114152,103617.43326822402,106164.39949528097
name952,60,high school or lower,0,1,LowSkilled,Cleaning Services,4942,4172.922341428592,769.0776585714084,0.0,1622.9135094374187,0.5054086174207495,mortgages,36,0.172771317455688,11671,liquid assets,20871.99345119189,0,0.22931038895909797,0.20565167,0.08,Cleaning Services_mortgages,0.8102429900567594,58424.88633974707,10698.468139971314,10319.76130315817,3361.0231767166515,21782.384546193807,21413.315748593344,15652.728801056299
name953,48,high school or lower,2,0,LowSkilled,Transportation,3198,2487.314105183438,710.6858948165614,0.0,2239.6592560534305,0.247183911307218,auto loans,48,0.4781029897551185,5859,liquid assets,12064.995173051304,1,0.5525672312152925,0.62666816,0.75,Transportation_auto loans,0.9484097102254443,107503.64429056467,55974.66757125674,62805.8200799529,76366.16759721546,38000.60111209623,33004.80663745314,23328.765099044133
name954,54,bachelor degree,0,0,HighSkilled,Research,18296,8448.613621171306,9847.386378828694,0.0,13522.59296072738,0.8822603288752515,auto loans,36,0.2008748678344275,24621,car,79556.13085313437,0,0.18791612184489073,0.16186397,0.07,Research_auto loans,0.956838414549835,486813.3465861856,86639.11819563588,82912.70450980208,30742.91290812886,206930.92572668556,199471.61380172963,144916.26854390255
name955,55,ausbildung,0,1,MediumSkilled,Teacher,9258,9910.168582795348,-652.1685827953479,0.0704437872969699,1865.4796462105949,0.9264341059604588,auto loans,60,0.2719429929796871,22025,car,44979.75781547323,1,0.5590440374626637,0.6521609,0.89,Teacher_auto loans,0.832417583466216,111928.77877263569,52828.231170719264,62145.37952534347,83854.33519161788,34353.411341924395,28449.294908863503,9849.34905769436
name956,43,bachelor degree,0,0,HighSkilled,Consultant,4813,4657.151544160038,155.8484558399623,0.0,4738.874372617605,0.5495040569256602,auto loans,24,0.9522181418611352,43881,car,60830.19468810483,1,0.1825190029306722,0.15261301,0.63,Consultant_auto loans,0.6703854786897097,113732.98494282253,13647.844538112948,13724.089479666653,46433.1694062055,33651.0932956182,32113.86179944416,24501.43642188159
name957,44,ausbildung,1,0,MediumSkilled,Teacher,3181,2810.7998739888512,370.2001260111488,0.0,2487.409659773419,0.4363708022633244,mortgages,36,0.6655798597177839,14146,liquid assets,18057.441138298334,1,0.25852449253542487,0.17230704,0.28,Teacher_mortgages,0.8500347836513863,89546.7477518431,18496.63763551734,12787.7988591231,21617.46949994619,35447.379664450105,33133.45952111958,35568.88586074043
name958,56,ausbildung,2,0,MediumSkilled,Electrician,9554,11913.428115408253,-2359.428115408253,0.2469570981168361,2401.481132939786,0.9386990660097057,simple loans,36,0.4983158099589741,12583,liquid assets,23861.56281085609,1,0.9081157347285188,0.87520516,0.79,Electrician_simple loans,0.8620243983993447,86453.3207858323,67445.00901522956,65432.83747554867,59545.37260018609,6618.670921165792,8895.413129331017,14540.09800021401
name959,38,high school or lower,2,0,LowSkilled,Agriculture,1111,1260.176044243531,-149.1760442435309,0.1342718670058784,638.833055133049,0.4970985987494893,simple loans,36,0.709279117350657,0,none,1847.0181985286165,0,0.6831450781645539,0.713436,0.43,Agriculture_simple loans,1.0,22997.989984789765,16006.601029413676,16581.55077903342,8992.214084052799,6487.583210076494,5943.8911775480365,10023.01080044348
name960,48,bachelor degree,0,0,HighSkilled,Engineering,11558,10715.604161695666,842.3958383043337,0.0,2692.559998981335,0.3352976663046216,auto loans,24,0.1600764977225299,63041,house,94095.33870357832,0,0.07074723316093524,0.058610454,0.08,Engineering_auto loans,0.3205648292883697,64621.43997555204,1305.0677350702827,1118.6294872030994,1408.6445394409402,6476.810184480049,5916.29756408864,6849.6661640947395
name961,38,post graduate degree,0,0,HighSkilled,Engineering,2220,1248.429238186505,971.570761813495,0.0,980.6159853333291,0.321153847985084,simple loans,36,0.0040744250089343,11070,liquid assets,16556.419400737374,0,0.039238126865063,0.036229637,0.09,Engineering_simple loans,0.7023644676051928,35302.17547199985,768.6448041015844,1115.7747156313321,2405.114387027538,5741.593069376852,5494.028881529593,8628.131111383285
name962,33,ausbildung,0,0,MediumSkilled,Nursing,1272,1081.956310933665,190.043689066335,0.0,447.3580026344075,0.8394810892007785,auto loans,48,0.2022911270189249,49649,car,48308.80780875585,1,0.2852086285367749,0.4240154,0.47,Nursing_auto loans,0.0,21473.18412645156,0.0,0.0,0.0,0.0,0.0,0.0
name963,44,ausbildung,0,1,MediumSkilled,Nursing,3234,3724.9336550768926,-490.9336550768926,0.1518038512915561,2854.5214799064106,0.4889610863420572,auto loans,12,1.034463554416606,36200,car,50006.97947266782,0,0.3266792613201533,0.30642977,0.22,Nursing_auto loans,0.09772795321189544,34254.25775887693,1098.0123078582158,1081.2743153603772,779.9904503992813,1555.458041363758,1562.459303969856,1531.378318984859
name964,47,high school or lower,1,1,LowSkilled,Agriculture,2795,2447.6107952529283,347.38920474707174,0.0,2020.1950833489257,0.3447221584026875,simple loans,24,0.5984994198933288,0,none,4231.197023278938,0,0.2752910645007539,0.16105121,0.12,Agriculture_simple loans,1.0,48484.68200037422,13187.833504101789,7660.579756059126,5963.615886046029,22647.30004365838,20734.23020626445,18882.654480417263
name965,35,bachelor degree,0,0,HighSkilled,Doctor,1850,1143.7454651450305,706.2545348549697,0.0,700.5013569424691,0.434146863821047,mortgages,24,0.0,14593,liquid assets,16952.96816487358,0,0.0331002911120019,0.022472695,0.04,Doctor_mortgages,0.17618740464446903,16812.03256661926,97.74825669546097,59.241367694218766,100.71032508017191,623.841022771023,497.14944311630586,693.1549273647582
name966,39,high school or lower,2,1,LowSkilled,Agriculture,1229,1144.9298421269127,84.07015787308728,0.0,499.43855764686174,0.7536564060047054,simple loans,48,0.337972660515683,23257,car,21760.10921681693,1,0.7299209291406225,0.7376583,0.83,Agriculture_simple loans,0.1752416714879702,23973.050767049364,3016.373635726094,3003.770403264843,3449.084616895715,1030.2385178483814,1003.8230141777103,672.9219271932203
name967,34,ausbildung,0,1,MediumSkilled,Teacher,1238,1124.5388986015523,113.46110139844744,0.0,976.4635698468484,0.5238842957144251,auto loans,36,0.6970940779066244,32474,car,34810.59207302809,0,0.30681571457098983,0.22447942,0.17,Teacher_auto loans,0.21206327747012646,35152.688514486545,2415.28856559899,1699.6475091252153,1282.1902261821797,3479.159594502646,3420.2252280279286,3233.8729196036375
name968,58,ausbildung,1,0,MediumSkilled,Teacher,9808,4674.835307371692,5133.164692628308,0.0,8958.822358663652,0.4192930636672546,auto loans,36,0.3900548191308466,19411,liquid assets,41258.731602580105,0,0.19860088501394207,0.10982849,0.1,Teacher_auto loans,0.9426404794016614,322517.6049118915,63235.77513960117,34050.032767477554,34658.0690668968,136617.8521613723,114594.59061857207,110479.11554329083
name969,44,high school or lower,0,0,LowSkilled,Agriculture,1941,1645.0142260427756,295.9857739572244,0.0,775.9576994951299,0.5797758263583974,auto loans,24,0.2472807447387457,12093,liquid assets,15373.152942819772,0,0.19915968277390841,0.09697901,0.21,Agriculture_auto loans,0.3845313890400001,18622.984787883117,1475.1911749624303,723.2733430641042,1525.3190304223187,3219.7920745623865,2570.29628858193,3251.3214817642947
name970,33,bachelor degree,1,4,HighSkilled,Engineering,1620,1745.641931559367,-125.6419315593671,0.0775567478761525,419.8876355050832,0.6593986709515831,auto loans,12,0.3367466463360804,75256,house,83385.69752452603,0,0.264196171458741,0.10731095,0.2,Engineering_auto loans,0.0,5038.651626060999,0.0,0.0,0.0,0.0,0.0,0.0
name971,45,ausbildung,1,0,MediumSkilled,Teacher,3853,2030.380182739383,1822.619817260617,0.0,1388.0907172091258,0.3726428544468601,auto loans,12,0.0,22606,car,24695.868529147592,1,0.20763761387274693,0.25992474,0.69,Teacher_auto loans,0.0,16657.08860650951,0.0,0.0,0.0,0.0,0.0,0.0
name972,62,ausbildung,0,0,MediumSkilled,Nursing,9970,8119.687712209079,1850.312287790921,0.0,5527.289575223625,0.2598588455387474,auto loans,24,0.3688041411667708,12071,liquid assets,39419.65257858048,0,0.08702134215919137,0.05346085,0.18,Nursing_auto loans,0.9132166291531084,132654.949805367,11145.128961359349,6057.135305086604,23138.256865430823,41555.70065444635,33037.205062623834,53294.653883469255
name973,38,post graduate degree,0,0,HighSkilled,Research,2226,1299.4565004466356,926.5434995533644,0.0,878.5357509537948,0.8583107199573917,simple loans,36,0.0,35438,car,43971.08611847154,0,0.13579031772105896,0.12733382,0.06,Research_simple loans,0.04488212640865122,31627.287034336616,207.2469846171176,201.5689850385664,93.68699304609424,576.7185294775862,564.4526848700891,410.1252560115076
name974,35,high school or lower,0,0,LowSkilled,Agriculture,1062,1308.2092116242654,-246.20921162426544,0.2318354158420578,426.81817195977936,0.5100648319233847,mortgages,48,0.6337357660866713,16131,liquid assets,14361.076136958236,1,0.37680049137038074,0.5499835,0.78,Agriculture_mortgages,0.25496925560404443,20487.27225406941,2094.6734469469657,2914.7825022354286,4100.545276442314,2371.9962123510613,1955.145089559566,1063.7849333308557
name975,58,post graduate degree,0,2,HighSkilled,Consultant,19568,11025.592029813895,8542.407970186103,0.0,9864.27815983832,0.2425042063878589,mortgages,24,0.0675526466502564,67152,house,126336.1841977418,0,0.09034800983278413,0.14686865,0.21,Consultant_mortgages,0.8023070947415449,236742.67583611968,19183.97317359307,26591.645983198316,40267.34963170031,66202.88373252313,79095.33865380428,86237.47118987201
name976,46,post graduate degree,0,0,HighSkilled,Doctor,8495,6790.612310282051,1704.387689717949,0.0,1837.9708728547512,0.8173380970892721,auto loans,36,0.0157249185564216,50349,house,65734.2970579716,0,0.18107539491279181,0.174387,0.14,Doctor_auto loans,0.47146317202803917,66166.95142277105,5272.0024554036145,5490.3694210120475,3868.214819349397,13742.948847337977,13619.598517135686,12799.016881758907
name977,37,ausbildung,0,0,Unemployed_MediumSkilled,IT Support,745,942.0762457234376,-197.07624572343764,0.2645318734542787,687.8572756511027,0.7811590708730318,auto loans,36,1.18783023003294,45952,car,42179.60039958275,0,0.9000547495419979,0.86103565,0.74,IT Support_auto loans,0.0,24762.861923439697,0.0,0.0,0.0,0.0,0.0,0.0
name978,53,bachelor degree,1,4,HighSkilled,Consultant,17511,18986.93207658057,-1475.932076580575,0.0842859960356675,16947.892272842168,0.7286295173786512,auto loans,60,1.0521286248314057,0,none,38207.74219827098,1,0.5983783026336921,0.77271765,0.77,Consultant_auto loans,1.0,1016873.53637053,611140.9953586885,797228.8525144956,769773.2670324913,349019.28809881076,213362.97857787157,215694.88279892216
name979,38,bachelor degree,0,0,HighSkilled,Finance,2393,1206.6448395963282,1186.3551604036718,0.0,2264.050776751301,0.5828407442509758,mortgages,48,0.4503533708097071,20469,car,25192.59397053893,0,0.20255359246341037,0.2597602,0.1,Finance_mortgages,0.839637550220802,108674.43728406244,19709.381871247904,21534.32463710419,8394.736722938922,41159.67076197342,42506.239216756716,33158.88588913234
name980,34,ausbildung,0,1,MediumSkilled,Artist,1231,1219.8846427606306,11.11535723936936,0.0,891.7312089954917,0.3364330307635524,mortgages,24,0.7153662483802781,24317,car,30076.58177243031,0,0.32890779166205186,0.22901826,0.11,Artist_mortgages,0.030490887560968783,21401.5490158918,197.72332407625805,148.78190722569914,63.95011801806366,303.00401785283174,300.2166071990241,246.1143486251604
name981,30,post graduate degree,0,0,HighSkilled,Consultant,1600,2033.9994836685912,-433.9994836685912,0.2712496772928695,817.591079859451,0.4360877465438094,auto loans,48,0.7822441022050265,54742,house,58141.57896478691,1,0.44978845313862204,0.5329585,0.74,Consultant_auto loans,0.031165020803694658,39244.37183325365,546.7040940812416,667.7862088777582,918.5118001230703,522.7900604598906,470.20565988306225,289.901208965985
name982,53,high school or lower,2,0,LowSkilled,Cleaning Services,4453,3852.88123289486,600.1187671051403,0.0,4069.799927315791,0.542436556391414,mortgages,12,0.7791783427376264,22005,car,27233.66693656061,1,0.6788021840133119,0.7865373,0.48,Cleaning Services_mortgages,0.6159441068817898,48837.599127789494,20395.074873617647,24425.95987813795,14047.935053067022,8585.507167697262,5958.234887772215,12429.735779208906
name983,62,bachelor degree,2,0,HighSkilled,Finance,19884,11120.903659531392,8763.096340468608,0.0,4392.326773112343,0.8874866287874711,auto loans,36,0.0,46697,car,110125.63491423824,1,0.7680938974314545,0.6549104,0.72,Finance_auto loans,0.7478702201540595,158123.76383204435,92239.72217355442,75802.13065801075,86090.40736198414,25273.759210697943,35869.45436912772,29944.501131029312
name984,35,bachelor degree,0,1,HighSkilled,Engineering,1787,2296.504267719886,-509.5042677198858,0.2851171056070989,1296.6132311249603,0.9905999768224246,simple loans,36,1.0106980967234729,73610,house,70723.91802303388,1,0.43763042788724277,0.6434418,0.92,Engineering_simple loans,0.0,46678.07632049857,0.0,0.0,0.0,0.0,0.0,0.0
name985,51,ausbildung,1,0,MediumSkilled,Electrician,7889,3993.088641577609,3895.911358422391,0.0,6708.634541378579,0.9428536193874268,mortgages,12,0.3565373536514372,30666,car,49389.65897766077,0,0.5088377188161299,0.44032457,0.2,Electrician_mortgages,0.6751726252179916,80503.61449654296,28318.348941106568,23752.626655016447,10490.290490659438,21638.77314287917,23456.438409021335,24458.62984006044
name986,31,bachelor degree,1,0,Unemployed_HighSkilled,Finance,800,578.109400483552,221.890599516448,0.0,328.32526345085,0.2474726649981209,simple loans,48,0.1330433299180025,43995,car,50646.10647611997,0,0.40960737704407996,0.34313676,0.17,Finance_simple loans,0.0,15759.6126456408,0.0,0.0,0.0,0.0,0.0,0.0
name987,53,high school or lower,0,3,LowSkilled,Construction,4469,4166.310020178554,302.6899798214463,0.0,4011.7132516877487,0.8430210441446422,auto loans,12,0.829944791198546,12825,liquid assets,18929.56072438833,0,0.661171727024881,0.6189167,0.46,Construction_auto loans,0.7473312653312912,48140.559020252986,23996.622239203036,22629.4983335213,15685.947970453557,10745.715574382439,11841.89757763642,15211.906891554238
name988,61,ausbildung,0,0,MediumSkilled,IT Support,9993,4726.839412864823,5266.160587135177,0.0,3824.516099272096,0.4330244904833658,auto loans,24,0.0,35102,car,47869.38595193761,0,0.1569669186272885,0.10953152,0.11,IT Support_auto loans,0.6733178668019474,91788.38638253031,8961.400274860343,5994.867770078988,7416.331261953387,26241.611222382035,23271.577681914492,23309.316208823995
name989,57,high school or lower,1,0,LowSkilled,Transportation,4835,2721.22209945352,2113.77790054648,0.0,2364.0986970301774,0.624754760113194,auto loans,12,0.0517726569769798,0,none,9299.269523516376,1,0.31368983561465447,0.469986,0.72,Transportation_auto loans,1.0,28369.18436436213,8539.124493673,13248.409098157115,20510.920295433818,13224.251426693107,11861.509224543179,7183.573644287169
name990,42,high school or lower,1,0,LowSkilled,Manufacturing,1518,1100.425257638053,417.5747423619471,0.0,1382.2713076478792,0.6298464553902685,auto loans,36,0.6355049837193228,0,none,3351.7950107095826,0,0.5904158554393494,0.6302316,0.31,Manufacturing_auto loans,1.0,49761.76707532365,29359.442574440953,31897.292695282464,15376.386026275008,17344.311328341904,15982.83883382659,23212.467238209847
name991,64,post graduate degree,0,1,HighSkilled,Consultant,19810,20555.292130505102,-745.2921305051023,0.0376220156741596,11488.276123465082,0.7044191240996176,auto loans,24,0.6175450910636135,0,none,44723.45728788966,0,0.2773784416366478,0.19517443,0.1,Consultant_auto loans,1.0,275718.626963162,69481.09399471682,55419.44401959556,22057.49015705296,128814.41578760903,123470.56193208208,100195.16951469917
name992,51,ausbildung,0,0,MediumSkilled,IT Support,7966,4166.274577920764,3799.725422079237,0.0,6153.285617691446,0.956451798584434,mortgages,12,0.2954506898835311,12236,liquid assets,32137.12089697781,1,0.2552900424153807,0.27124363,0.5,IT Support_mortgages,0.8424833135305506,73839.42741229734,16174.206223632818,17791.626845996096,30357.74091204929,28944.177466335168,29043.32543939625,25062.762619180226
name993,58,post graduate degree,0,2,HighSkilled,Research,19491,18526.604735161367,964.395264838633,0.0,19155.341610769152,0.8385326615440591,simple loans,12,0.9332997971335756,58264,house,105493.47451230348,0,0.17220888457422573,0.1605915,0.17,Research_simple loans,0.8237617238551332,229864.09932922982,33704.877915422,34272.93765556956,33326.17142199029,82412.09698451882,80912.51404060857,82143.21383659066
name994,35,ausbildung,0,1,MediumSkilled,IT Support,1280,1825.214962009992,-545.2149620099922,0.4259491890703064,1175.1176574786452,0.6630718524297712,mortgages,36,1.344009858975498,15275,liquid assets,15381.591297218472,0,0.7494096428079663,0.5591271,0.65,IT Support_mortgages,0.6585651700477498,42304.23566923123,20337.870194790565,15852.394713473741,18749.844713827468,6388.221602574205,10270.902937124583,8551.036878589035
name995,55,high school or lower,0,0,LowSkilled,Transportation,4723,3346.7981739109982,1376.2018260890018,0.0,2719.937807090876,0.311925288062552,mortgages,24,0.2845089944954211,16032,liquid assets,24094.574154167032,0,0.1058082754935844,0.07312386,0.05,Transportation_mortgages,0.7662902179321415,65278.507370181025,5652.517825204844,3351.492869811722,2501.114081949046,18587.12358754983,15881.006950218287,13181.166740349387
name996,31,ausbildung,1,0,MediumSkilled,Teacher,1248,561.7425548535479,686.2574451464521,0.0,1135.0207866190285,0.3672328793285647,auto loans,36,0.3595860107953336,40183,car,48435.95580595654,0,0.30276384891084723,0.3418429,0.13,Teacher_auto loans,0.15984770394659875,40860.74831828503,1887.6025752629173,2227.2404088742383,881.7520680293907,3050.010251861783,3018.996538046036,2615.5727507331735
name997,52,high school or lower,0,0,LowSkilled,Manufacturing,4292,4184.130936409498,107.86906359050226,0.0,2608.766591226933,0.4992738627969146,auto loans,36,0.5826881471659905,17143,liquid assets,23911.62719335538,0,0.30817481899231863,0.29724443,0.23,Manufacturing_auto loans,0.8264697193400601,93915.59728416959,23906.46637736334,24294.558364008848,17774.6129883643,36217.88314420374,36265.188995349105,35729.51147194173
name998,49,ausbildung,0,1,MediumSkilled,IT Support,6700,7654.910073816174,-954.9100738161742,0.1425238916143543,3581.546276744257,0.3734697156898731,simple loans,24,0.6770830373970792,22051,car,32780.40856670046,0,0.3400025948388831,0.27048773,0.14,IT Support_simple loans,0.7811949816410622,85957.11064186216,23502.24221442589,18264.59966378241,8998.001304951627,31060.10923847141,31346.623582440425,27550.467079440536
name999,61,post graduate degree,0,0,HighSkilled,Research,19860,12949.25883774867,6910.74116225133,0.0,9682.49084103216,0.7008903522365342,mortgages,48,0.139564434983929,0,none,56934.9629120286,0,0.13356987519001715,0.10405225,0.11,Research_mortgages,1.0,464759.56036954373,65531.09801210566,46011.19647658483,56235.90680471479,187806.05399508515,171570.67113683827,175287.11441415883
