name,age,educational level,number of not paid past credits,dependents,profession,working sector,monthly income,monthly expenditure,savings (debt),debt-to-income ratio before credit,credit: monthly amount,credit-to-income ratio,type of credit,requested_loan_duration,debt-to-income ratio after credit,collateral,collateral type,estimated seizable assets,y-categorical-default,PD_LR,PD_NN,PD_RF,group_key,LGD,EAD,EL_LR,EL_NN,EL_RF,IRB_Capital_LR,IRB_Capital_NN,IRB_Capital_RF
name0,38,ausbildung,2,1,MediumSkilled,Artist,1524,1442.349773697507,81.65022630249268,0.0,593.3775435146861,0.204981383629995,simple loans,24,0.3357790795355599,36511,car,35158.248554094134,1,0.6400249188135693,0.7352134,0.42,Artist_simple loans,0.0,14241.061044352466,0.0,0.0,0.0,0.0,0.0,0.0
name1,42,high school or lower,0,0,LowSkilled,Agriculture,1563,775.8938712205968,787.1061287794032,0.0,1092.569204191754,0.384478095159614,mortgages,24,0.1954338294384841,14890,liquid assets,14653.330404398872,0,0.18819019684967242,0.18705945,0.27,Agriculture_mortgages,0.46181499776757484,26221.660900602095,2119.1723472978906,2300.8156913519956,3657.0859936226457,5381.342895746586,5374.241997013517,5652.571741272821
name2,51,ausbildung,1,0,MediumSkilled,Teacher,7977,3706.80972814666,4270.19027185334,0.0,2633.742732484778,0.6777837201354109,auto loans,36,0.0,26652,car,52825.19495308994,1,0.3980458667131693,0.46918795,0.75,Teacher_auto loans,0.760132874476313,94814.73836945201,28252.145450840522,34450.32021811675,53981.77791499884,32258.27118707493,30161.739399451602,16490.65621899423
name3,60,bachelor degree,0,3,HighSkilled,Finance,19700,21816.50666508756,-2116.506665087556,0.1074368865526678,15452.16943814484,0.4733220832724172,auto loans,48,0.8918109697072284,61886,house,111473.8772798343,0,0.14594633110185637,0.111255184,0.23,Finance_auto loans,0.9419622321878988,741704.1330309523,101305.30571205977,62180.49798878151,152307.28720847607,290380.11818767077,264635.25816499325,321607.8170551063
name4,46,bachelor degree,0,0,HighSkilled,Engineering,8403,9488.225532193976,-1085.2255321939774,0.129147391668925,3464.116271195984,0.4135288254240318,simple loans,48,0.5413949545864526,15535,liquid assets,30394.39317768394,0,0.13138417443583084,0.07513015,0.05,Engineering_simple loans,0.9111390450442808,166277.58101740724,20755.773504124867,10756.641743013615,4999.565880555624,60886.09333024956,48698.663413553506,39921.671110472635
name5,30,post graduate degree,0,0,HighSkilled,Engineering,1700,1071.2359998336003,628.7640001663995,0.0,627.6335179832663,0.3698927497886274,auto loans,36,0.0,0,none,4897.897237729323,0,0.08528461046097348,0.08179919,0.14,Engineering_auto loans,1.0,22594.806647397585,1807.5845317918067,1762.3949184970115,2869.5404442194936,7683.711136449764,7545.007123434537,9270.354498907123
name6,49,bachelor degree,0,0,HighSkilled,Engineering,13254,13656.80630143564,-402.8063014356394,0.0303913008477168,8912.577480847203,0.7251122378609731,auto loans,12,0.7028356558233622,11234,liquid assets,45817.070095542265,0,0.14710117005808418,0.09621499,0.08,Engineering_auto loans,0.8999743892308188,106950.92977016643,14822.977045426356,10684.093844430685,6930.223034225309,40101.09751744441,34436.26561904297,31826.700509556944
name7,54,high school or lower,0,0,Unemployed_LowSkilled,Manufacturing,2289,1791.0830509128912,497.9169490871088,0.0,841.4884820154193,0.2360211314261353,auto loans,24,0.1500967815326826,0,none,4162.019911543927,0,0.47056537517240377,0.29543608,0.23,Manufacturing_auto loans,1.0,20195.723568370064,9653.55586568089,6018.325623374279,4725.799314998595,8438.449340056148,9437.127706501497,9296.550325056716
name8,53,ausbildung,0,1,MediumSkilled,Teacher,8852,9143.695815972998,-291.6958159729984,0.0329525323060323,5352.048655386578,0.4426258860569896,auto loans,48,0.637567156728375,39267,car,57901.19040508799,0,0.20174590239074852,0.22667718,0.07,Teacher_auto loans,0.8694612102810353,256898.33545855572,44002.538120394915,56510.87382974576,15412.05649902157,100678.42662037928,102619.84923261266,69490.84062031927
name9,64,ausbildung,0,1,MediumSkilled,Teacher,10000,9887.6288616595,112.37113834050068,0.0,8568.596168491344,0.8943834629628138,mortgages,24,0.8456225030150843,47413,car,56578.73557660048,1,0.1847927692717764,0.17372449,0.73,Teacher_mortgages,0.8033596827854582,205646.30804379226,31554.71898404776,26598.480400165918,120271.38963553282,73120.85819628846,72060.60651133786,40503.69981048201
name10,51,bachelor degree,0,2,HighSkilled,Finance,15596,16847.98316412756,-1251.9831641275596,0.0802759146016645,10171.96340789013,0.720801316236551,simple loans,60,0.7324920859206008,70397,house,98994.6789519006,0,0.21560719169044656,0.12116358,0.04,Finance_simple loans,0.9198666184551225,610317.8044734078,116212.071821669,64000.851148165544,17403.740224501154,256014.64214242628,219399.42811640416,131376.02953239204
name11,63,bachelor degree,0,4,Unemployed_HighSkilled,Doctor,9937,10033.529992163643,-96.52999216364516,0.0097141986679727,8391.96760704923,0.946677252420424,auto loans,12,0.8542314178537662,29192,car,49049.78315452684,0,0.31394906054399285,0.37330064,0.18,Doctor_auto loans,0.7528621805262001,100703.61128459076,25246.708146067096,28810.057343860346,12357.998281708517,35339.62862636178,34500.28273193913,33353.92143157997
name12,62,bachelor degree,1,0,HighSkilled,Engineering,19797,9853.008979577076,9943.991020422924,0.0,8532.69116182014,0.6201758835699716,auto loans,12,0.0,49302,car,100970.65593433684,1,0.278848473780044,0.32299882,0.68,Engineering_auto loans,0.5883770452787084,102392.29394184166,16145.733798841025,19880.940871707233,39460.65536657041,28149.611062649168,28021.867725071792,17139.6411600932
name13,35,post graduate degree,0,1,HighSkilled,Finance,1949,1581.949998248482,367.0500017515181,0.0,408.297670593174,0.4151586500176363,mortgages,24,0.0211635037668835,36905,car,45187.31657054629,0,0.07732966759970031,0.0697936,0.1,Finance_mortgages,0.0,9799.144094236177,0.0,0.0,0.0,0.0,0.0,0.0
name14,61,ausbildung,0,0,MediumSkilled,Artist,9878,6765.383547642554,3112.616452357446,0.0,4888.455895403077,0.6248672128575019,simple loans,48,0.1797772264674662,45845,car,62125.23394539066,0,0.2708276965308067,0.3499869,0.14,Artist_simple loans,0.8332134196646489,234645.88297934772,52592.216514644955,68819.55469574357,29326.514785118,91272.55596022775,90058.25336498696,80215.24371155968
name15,39,ausbildung,1,1,MediumSkilled,Teacher,1579,1184.6107940598297,394.3892059401703,0.0,1276.6178431507858,0.9048522840234772,auto loans,24,0.5587261793607444,43975,car,46537.74438749473,1,0.49634758712120247,0.45634323,0.29,Teacher_auto loans,0.0,30638.828235618857,0.0,0.0,0.0,0.0,0.0,0.0
name16,42,bachelor degree,0,1,Unemployed_HighSkilled,Engineering,1954,2147.133506578873,-193.1335065788735,0.0988400750147766,1902.746808139652,0.9552015332077436,mortgages,12,1.072610191769972,24573,car,28923.156465451542,1,0.16630890901643122,0.21264862,0.29,Engineering_mortgages,0.08455751437953309,22832.961697675826,343.6643306999822,368.76341103200343,540.5955763819946,832.8030187188227,878.4485644510346,902.3865512315913
name17,49,ausbildung,1,0,MediumSkilled,Artist,6671,5083.675173694415,1587.3248263055848,0.0,3892.009233317895,0.4249308707570249,mortgages,36,0.3454781002866601,10999,liquid assets,27018.453781752676,1,0.40515968570943217,0.49568328,0.61,Artist_mortgages,0.9253230716067383,140112.33239944422,53156.1612521936,63657.74432884648,79345.29435693289,57715.229140499636,52529.769602843386,43474.60497875318
name18,57,ausbildung,1,0,MediumSkilled,IT Support,9677,5447.737909612689,4229.262090387311,0.0,5719.512039591881,0.8194187739116531,simple loans,24,0.1539991680484209,0,none,21893.65882773716,0,0.4043912927721328,0.37180987,0.2,IT Support_simple loans,1.0,137268.28895020514,55044.58386903226,48318.43771047221,25806.438322638565,61143.65515775202,62519.35279950995,61769.22310605066
name19,32,ausbildung,0,0,MediumSkilled,IT Support,1292,987.478577777737,304.521422222263,0.0,771.4408140129276,0.2881526379370063,mortgages,24,0.3613927181042295,13816,liquid assets,16178.352842005486,0,0.14666953340703967,0.14800757,0.08,IT Support_mortgages,0.29189076612342585,18514.579536310262,810.6352207960057,713.358994300485,394.5091407873894,2249.51748196161,2255.69206895764,1786.944698364299
name20,44,high school or lower,0,0,LowSkilled,Transportation,1939,1000.2515816440164,938.7484183559836,0.0,1164.3774598942375,0.2294521284025028,simple loans,24,0.1163636109016266,15216,liquid assets,18427.043611906887,1,0.2547993599140072,0.3195425,0.72,Transportation_simple loans,0.4826813071766168,27945.059037461702,3196.788157203149,4599.5981502374425,9833.158508865383,6275.012961125377,6279.481126834631,3415.538699043106
name21,52,post graduate degree,0,1,HighSkilled,Research,16733,14773.450368869528,1959.5496311304723,0.0,8167.801645654888,0.2345863744091126,simple loans,36,0.371018467371327,32838,car,74293.78502363668,1,0.14278246454217008,0.124692954,0.65,Research_simple loans,0.9044634315304897,294040.85924357595,40956.17750248924,30850.107729147738,184302.79876120153,109791.91836037475,104989.10102060813,81627.19335935374
name22,44,bachelor degree,0,0,HighSkilled,Finance,5927,3380.7093262775065,2546.290673722493,0.0,4161.078045722756,0.5221138413652247,auto loans,12,0.2724459881896848,59252,house,80607.19128265842,0,0.11478518562345796,0.07262855,0.04,Finance_auto loans,0.17425112218977054,49932.93654867307,861.3861525558523,704.7704884547882,295.82958774645425,3334.2931039942787,2753.7007752000195,2036.094474360025
name23,34,ausbildung,1,4,MediumSkilled,IT Support,1255,1183.2391147945486,71.76088520545136,0.0,458.6490861176637,0.65863950774863,simple loans,12,0.3082774509260656,44024,car,51117.71833459306,0,0.3661998839566596,0.36290854,0.42,IT Support_simple loans,0.0,5503.789033411965,0.0,0.0,0.0,0.0,0.0,0.0
name24,48,bachelor degree,0,0,HighSkilled,Engineering,11587,9236.6961795823,2350.303820417699,0.0,8142.122482008137,0.9012303900131172,auto loans,48,0.4998548944153307,14903,liquid assets,41985.56669590342,0,0.15692303576321281,0.07752432,0.08,Engineering_auto loans,0.9637399261065684,390821.8791363906,63277.30901851554,24482.292179782795,31638.65450925777,159914.2186412091,122802.77073831506,124541.93877025598
name25,53,ausbildung,0,2,MediumSkilled,Teacher,8820,7497.166819542728,1322.8331804572715,0.0,4145.898139124297,0.921495929410182,simple loans,12,0.3200753921391185,0,none,19373.12691467308,0,0.2642769257560229,0.1721873,0.13,Teacher_simple loans,1.0,49750.77766949157,13581.962303771199,7562.1182057627175,6069.594875677971,23199.349391193333,21652.31889070835,19922.964426128052
name26,35,post graduate degree,0,1,HighSkilled,Consultant,1882,1975.8864069782956,-93.88640697829533,0.049886507427362,438.3973671246663,0.7391544919117262,auto loans,12,0.2828287853894589,41985,car,45977.759076029615,0,0.19597265209572318,0.2565278,0.06,Consultant_auto loans,0.0,5260.7684054959955,0.0,0.0,0.0,0.0,0.0,0.0
name27,48,high school or lower,1,1,LowSkilled,Transportation,3136,2754.0052826482515,381.9947173517485,0.0,2667.8335636751985,0.8566853320327817,auto loans,24,0.7289026933429369,0,none,6299.227444694617,1,0.5240162611510946,0.54391927,0.29,Transportation_auto loans,1.0,64028.00552820477,33550.6748967793,35407.48705709724,18952.28963634861,24946.59680607467,24199.85375873646,29925.96279404616
name28,59,bachelor degree,1,0,HighSkilled,Finance,19544,11414.21050874434,8129.78949125566,0.0,7946.71307506341,0.7521810331108068,mortgages,12,0.0,0,none,59769.47363647776,0,0.30387328131818153,0.18260261,0.19,Finance_mortgages,1.0,95360.55690076092,29466.412082335122,16974.179128335443,18118.505811144572,44524.34096710251,42092.29311309035,42464.81653254462
name29,46,ausbildung,0,1,MediumSkilled,Teacher,4470,4405.879158602604,64.12084139739636,0.0,948.5521422503836,0.8865080165042025,mortgages,48,0.1978593514212499,42265,car,51486.94979717232,0,0.19668842591952354,0.20827797,0.1,Teacher_mortgages,0.20874921061954754,45530.50282801841,1834.3601092207646,1986.4314136121232,1035.9857611661314,4262.869002328528,4309.0668326290715,3453.8857352593177
name30,38,high school or lower,0,1,LowSkilled,Agriculture,1148,990.0977773886772,157.90222261132294,0.0,871.1521443330566,0.3419747823179363,auto loans,12,0.6212978412210224,8273,liquid assets,9888.60676165028,0,0.23070280743544966,0.37535855,0.46,Agriculture_auto loans,0.25290503374116724,10453.82573199668,637.1618610234515,927.9826274656908,1229.3786945058298,1217.491738373428,1201.5939775196323,1117.8720744186348
name31,46,ausbildung,3,0,MediumSkilled,Nursing,4505,2864.258718119159,1640.7412818808411,0.0,2741.887152363868,0.5350980595181527,mortgages,60,0.2444274962226474,39677,car,45630.08387780643,1,0.7050643999166993,0.6556242,0.74,Nursing_mortgages,0.794240100360738,164513.2291418321,92901.39557686153,89242.83147538174,97082.61169283841,34635.16901903271,39563.93278163832,30971.187737882017
name32,45,ausbildung,0,0,MediumSkilled,IT Support,3850,4139.253983964981,-289.2539839649808,0.075130904925969,2319.19995074187,0.2044263557761544,auto loans,12,0.67752050252126,13580,liquid assets,23617.783558913907,0,0.17353622827323445,0.15346923,0.19,IT Support_auto loans,0.5356881608765585,27830.39940890244,2802.782109453222,2087.1781666141014,2981.683095163002,6501.02304120768,6289.526946125069,6638.836312903093
name33,36,bachelor degree,3,1,HighSkilled,Engineering,1917,1497.6097794273244,419.3902205726756,0.0,1762.0062163327675,0.7664692388704164,mortgages,24,0.700373498049083,38835,car,52367.3937101202,0,0.5659937289436062,0.5545416,0.18,Engineering_mortgages,0.21649040975591918,42288.14919198642,5264.112779175735,5135.943076726239,1821.840770532124,3335.6809653759037,3401.051576502533,4027.5757352636347
name34,55,ausbildung,0,1,MediumSkilled,IT Support,9362,6251.982803305122,3110.0171966948783,0.0,4581.298385630719,0.2743884183344801,mortgages,48,0.157154581172382,15668,liquid assets,36179.64092865608,0,0.11846011123658255,0.09065916,0.05,IT Support_mortgages,0.9321109710607124,219902.32251027453,21932.1503089707,20907.28347210291,9838.721633930783,79458.01851964381,71546.0809408933,54011.69327263019
name35,65,high school or lower,1,0,Unemployed_LowSkilled,Transportation,2477,3269.209046031646,-792.2090460316458,0.3198260177761993,1121.7917929815635,0.6984112927416095,auto loans,60,0.7727092608046869,5403,liquid assets,9191.473599845704,1,0.7509208948744845,0.83024627,0.78,Transportation_auto loans,0.9245720609821158,67307.50757889381,48104.28549438153,52149.277159497695,48415.43869939046,14191.53008557251,9954.402002705074,12673.19608823512
name36,44,bachelor degree,1,1,HighSkilled,Engineering,5838,3438.8265607682406,2399.1734392317594,0.0,2430.010891633455,0.2126906077500698,simple loans,24,0.0052821946559944,10709,liquid assets,26206.202585020328,0,0.17256020154154986,0.161954,0.1,Engineering_simple loans,0.8251628678794889,58320.261399202915,8229.155119931764,8132.907691628467,4186.763131193353,20955.550251426077,20611.274185055558,17487.986757403574
name37,43,ausbildung,0,1,MediumSkilled,Electrician,2759,1986.129524112116,772.8704758878841,0.0,2560.243375206735,0.8337928245497027,mortgages,24,0.647833598883237,48357,car,53918.08872878292,1,0.15269100556246423,0.121571176,0.6,Electrician_mortgages,0.32869528020443944,61445.841004961636,3534.467637141577,2342.847119476703,12320.144335179213,8508.088797937538,7902.396309532615,6910.08393273074
name38,63,high school or lower,1,0,LowSkilled,Agriculture,4993,4745.105683943137,247.8943160568633,0.0,4380.053233773496,0.6508634020981552,auto loans,12,0.827590410117491,13150,liquid assets,22433.450407071072,0,0.4203808438146452,0.4346349,0.19,Agriculture_auto loans,0.7623568903888837,52560.63880528195,17230.085017272657,17670.854633993586,8895.532264731464,17614.724428957346,17387.607924948923,17843.47506070871
name39,44,high school or lower,0,2,LowSkilled,Agriculture,1921,1282.1643141469372,638.8356858530628,0.0,1321.8246324172956,0.9081516313528768,auto loans,24,0.355538233505587,22248,car,24847.246755123226,0,0.2165840533799151,0.13778609,0.08,Agriculture_auto loans,0.40365288174628655,31723.791178015093,2970.8527371101864,1856.782960693866,998.8211788560108,5843.729819479432,5227.227730028917,4234.187073730658
name40,62,bachelor degree,0,0,HighSkilled,Consultant,19896,12993.087505945092,6902.912494054908,0.0,11019.369097873683,0.5352375892232446,auto loans,36,0.2068987034488729,26629,car,63183.14373895688,1,0.1732950887267424,0.15453435,0.58,Consultant_auto loans,0.9426627035962579,396697.2875234526,64319.698861379504,56092.76063492399,220257.57342646818,163010.57172259947,158076.63477325236,132896.65596468924
name41,65,high school or lower,1,0,LowSkilled,Transportation,4995,2495.172900838608,2499.8270991613927,0.0,1347.1070972336383,0.6859344532150216,auto loans,36,0.0,0,none,10067.481778606683,1,0.4140469715861345,0.4958978,0.78,Transportation_auto loans,1.0,48495.85550041098,21920.126686185762,24344.91946120631,37487.29630181769,21434.09099490367,19643.52431027939,9876.123342611452
name42,51,bachelor degree,0,0,HighSkilled,Doctor,15697,12275.829646271315,3421.170353728685,0.0,14161.565099466634,0.7575285434412796,simple loans,12,0.6842323211911798,43722,car,77063.75588077834,0,0.29174499476310467,0.23433052,0.14,Doctor_simple loans,0.7802665264561659,169938.7811935996,36331.72664832208,31027.824947837104,18033.265781648915,61971.709209207365,61180.21493507227,54403.04243156158
name43,50,high school or lower,0,0,LowSkilled,Construction,3843,2887.910350462368,955.0896495376325,0.0,1190.1676001483534,0.580922112400076,simple loans,12,0.0611704269088527,14194,liquid assets,18889.901159018125,1,0.3902343394676707,0.38748294,0.82,Construction_simple loans,0.05675589805090096,14282.01120178024,319.37181846164555,312.076523116075,667.9248183055734,364.8502907335833,365.5413978753549,137.0044989563186
name44,36,bachelor degree,3,0,HighSkilled,Consultant,1809,1509.087429277836,299.912570722164,0.0,1792.2404846496638,0.3253695897420968,auto loans,12,0.8249463316348811,51378,house,48733.876337839385,1,0.7141876000189503,0.8044698,0.84,Consultant_auto loans,0.0,21506.885815795966,0.0,0.0,0.0,0.0,0.0,0.0
name45,56,post graduate degree,0,0,HighSkilled,Finance,18975,17568.75967027073,1406.2403297292694,0.0,18896.76833659323,0.6377790399483106,auto loans,24,0.9217669568834764,72548,house,99268.5313769841,0,0.20274714254200898,0.13656972,0.04,Finance_auto loans,0.8887241735207206,453522.44007823756,82626.5529249846,53606.49531230709,16928.366940728556,181842.88671742886,164059.54039346377,94319.39533304457
name46,62,ausbildung,0,0,MediumSkilled,Teacher,9877,7179.558384414951,2697.441615585049,0.0,9190.906365457657,0.970253885708239,simple loans,36,0.6574328996529926,44175,car,70313.29784419714,1,0.2547611271675537,0.4166295,0.72,Teacher_simple loans,0.8861359656262114,330872.62915647565,75645.11927810908,115226.86773758478,214327.8379546424,136397.18604089195,129305.8298407166,74242.89611451958
name47,44,high school or lower,1,0,LowSkilled,Transportation,1932,2510.188446412604,-578.1884464126038,0.2992693822011406,1884.2164730263912,0.4055111852402495,auto loans,24,1.274536707784159,0,none,2802.7843674057463,0,0.5865537626250068,0.509824,0.16,Transportation_auto loans,1.0,45221.19535263339,27177.938406932666,22972.367239137762,6692.736912189741,15877.086871336196,17978.53690368938,19303.84396642826
name48,48,high school or lower,2,0,LowSkilled,Construction,3180,1579.0134128631073,1600.9865871368927,0.0,1506.045725404841,0.9865624442289184,simple loans,24,0.0,6843,liquid assets,10391.533360554153,1,0.8484568704898309,0.82745916,0.86,Construction_simple loans,0.8216651096410206,36145.09740971618,25660.078928184797,24501.811476565344,25303.688943071124,4267.154073883327,4824.072798264982,3957.2055696004954
name49,62,bachelor degree,1,0,HighSkilled,Engineering,19909,12739.43565593956,7169.56434406044,0.0,11878.75182975549,0.6007515028784326,auto loans,12,0.2365356113162414,45789,car,104218.83725393067,0,0.2555232103712232,0.29988098,0.27,Engineering_auto loans,0.7253606342484269,142545.02195706588,29571.412595219706,30812.171165648506,30088.39533289837,48111.28355107569,48298.20867737612,48264.06432251952
name50,55,bachelor degree,0,2,HighSkilled,Research,18651,20028.859489895087,-1377.8594898950869,0.0738759042354344,10230.650866467682,0.7446001668692344,auto loans,60,0.622406860563121,40301,car,56490.18036324992,0,0.25629946873047477,0.27908897,0.13,Research_auto loans,0.9440219840045022,613839.0519880609,138495.13677241368,158197.3738027989,81706.33592012689,269695.3547875227,270765.6757719864,232054.8813263102
name51,54,bachelor degree,0,0,HighSkilled,Consultant,18189,20838.23622583306,-2649.2362258330613,0.1456504604889252,6692.3959316698165,0.587215141363014,simple loans,60,0.5135869018364329,61750,house,146082.20191452952,1,0.24118056168115742,0.35824063,0.67,Consultant_simple loans,0.8930907500559354,401543.755900189,86067.60339292254,128384.17506110945,234175.60423157676,166003.49753058318,164542.48695951453,104743.07067798771
name52,65,high school or lower,1,0,LowSkilled,Construction,4981,1849.31844278292,3131.68155721708,0.0,3323.2977054759035,0.286960273024461,simple loans,12,0.0384694134227712,0,none,10709.554998425056,1,0.4269831723038426,0.4924504,0.73,Construction_simple loans,1.0,39879.572465710844,16749.420435598553,19820.147515458288,29670.401914488866,17428.45889897474,16225.388806568246,9777.19416277412
name53,48,bachelor degree,1,0,HighSkilled,Engineering,11655,4653.220228875284,7001.779771124716,0.0,5943.721982675835,0.8442465803556131,auto loans,24,0.0,19615,liquid assets,58536.92117620288,1,0.32549588218049524,0.4421412,0.7,Engineering_auto loans,0.869049047393652,142649.32758422004,43761.14957368923,55662.19874953673,89381.83808110462,57621.93574226309,53403.091778397975,33353.39394021353
name54,58,ausbildung,0,0,MediumSkilled,Teacher,9833,6399.213382665132,3433.7866173348684,0.0,8280.110915995434,0.9008819260466566,simple loans,24,0.4928632460755177,28428,car,51274.20134245716,0,0.2269352431612112,0.36935824,0.28,Teacher_simple loans,0.8780223867189175,198722.6619838904,39956.59462718316,63337.30938719427,52868.332628980344,80175.25560951002,79581.63361378323,81533.6213669639
name55,45,ausbildung,1,1,MediumSkilled,Artist,3851,3121.371197998256,729.6288020017441,0.0,1806.40790209209,0.7107722973760235,auto loans,48,0.2796102570995444,12843,liquid assets,23224.69773856026,1,0.5321922197259773,0.57023597,0.36,Artist_auto loans,0.859399456460522,86707.57930042032,40984.045586983855,43070.50608959394,29508.512822628378,28681.404096114413,26950.127481998137,34159.708135208
name56,30,ausbildung,0,0,MediumSkilled,Teacher,1212,855.7833556664198,356.21664433358023,0.0,1041.3402551823333,0.5490018422945551,auto loans,60,0.5652835073009513,39850,car,42026.767847007504,1,0.2550275888164905,0.260009,0.64,Teacher_auto loans,0.45602801196242676,62480.41531094,7151.6977147895195,7465.118730178701,18406.361449219243,13256.037631891944,13273.804708298212,8952.287612168946
name57,33,high school or lower,0,1,Unemployed_LowSkilled,Manufacturing,521,335.0671524726631,185.9328475273369,0.0,131.20375342961833,0.2623015605673768,auto loans,24,0.0,10882,liquid assets,11136.654817334627,0,0.6092169132787402,0.31822735,0.24,Manufacturing_auto loans,0.0,3148.8900823108397,0.0,0.0,0.0,0.0,0.0,0.0
name58,39,high school or lower,0,0,LowSkilled,Manufacturing,1156,1163.9178001734415,-7.917800173441719,0.0068493081085135,873.8079833451062,0.9290367829735552,auto loans,60,0.7627385670575674,20043,car,22802.944448774924,0,0.39037724336914975,0.38448963,0.35,Manufacturing_auto loans,0.6753087124440126,52428.47900070637,13418.649878109323,14055.947233797895,11896.21730618663,15934.583719302325,15998.448262354588,16308.776509563817
name59,46,bachelor degree,0,0,HighSkilled,Consultant,8567,9054.726429511738,-487.7264295117384,0.056930831039073,3799.872994801752,0.6432443775797242,simple loans,24,0.5004785134018315,66240,house,91926.03653433302,0,0.2080021675375199,0.18651035,0.23,Consultant_simple loans,0.49492820384014874,91196.95187524206,10020.179476382827,7989.062014953875,11013.170235303649,20458.652388202834,20018.410019849536,20777.10014240475
name60,36,bachelor degree,0,0,HighSkilled,Engineering,2031,2198.0296148862,-167.02961488619985,0.0822400861084194,1128.6892139336271,0.5879828950024854,auto loans,12,0.6379708659871134,0,none,4478.723318119313,0,0.10517153906559897,0.12624352,0.05,Engineering_auto loans,1.0,13544.270567203526,1598.223926930016,1801.387985438069,623.0364460913622,5020.943266549506,5369.856785427942,3568.99531315248
name61,64,high school or lower,2,1,Unemployed_LowSkilled,Agriculture,2495,2283.0690310747527,211.93096892524727,0.0,2248.026061217191,0.7536694830609801,simple loans,60,0.8160701772713201,6220,liquid assets,10509.171100299664,1,0.80106883338281,0.8075739,0.94,Agriculture_simple loans,0.9565404463572797,134881.56367303146,103731.81558142017,104505.93360814718,121020.45151165685,23940.504526438486,23211.11034557064,7557.972638246235
name62,63,ausbildung,0,0,MediumSkilled,Teacher,9996,8971.326817317335,1024.6731826826654,0.0,3791.03857598534,0.6868655407336656,simple loans,48,0.2767472382255577,29280,car,44337.808047070765,0,0.19110729947929006,0.32894686,0.09,Teacher_simple loans,0.8627918247825962,181969.8516472963,30458.407469488688,46943.628007098545,14601.195333311585,70000.8867243322,72900.97402391351,54633.39592248577
name63,32,bachelor degree,1,0,HighSkilled,Finance,1751,1125.033999141344,625.9660008586561,0.0,1236.2454178507635,0.4521403957862102,simple loans,60,0.3485319343187363,30259,car,36855.959249259344,1,0.2582646753491104,0.3559111,0.67,Finance_simple loans,0.6520862596951832,74174.7250710458,12333.921354051681,16977.27998145937,32261.66879667636,22523.156038608377,22218.296106732698,14127.256415908338
name64,31,ausbildung,0,2,MediumSkilled,Nursing,1301,1073.5952559495863,227.40474405041368,0.0,911.5283607427376,0.2704405418501119,auto loans,36,0.5258444401939462,37388,car,37555.744524737696,0,0.1418727524758668,0.12600397,0.05,Nursing_auto loans,0.027131251132929645,32815.02098673856,104.16657131285659,106.83750903882726,44.51562876617803,366.8156301477401,352.74804553421734,234.60262350817473
name65,32,bachelor degree,0,0,HighSkilled,Engineering,1643,893.8189485244932,749.1810514755068,0.0,590.1336164549233,0.2815044094252247,auto loans,48,0.0,29989,car,34904.28261325027,0,0.06624993124084963,0.044958793,0.04,Engineering_auto loans,0.09646720674170235,28326.413589836317,174.88447974538926,155.7564897732373,117.50050982893339,828.3165439245034,680.9980401035856,639.4499083438225
name66,31,high school or lower,1,0,LowSkilled,Transportation,1000,762.3282512481348,237.67174875186515,0.0,956.6674582561546,0.7623064628819465,simple loans,24,0.7189957095042895,21118,car,22386.22836486421,1,0.5447861384473107,0.6533056,0.85,Transportation_simple loans,0.21786991214266502,22960.018998147712,2736.256635090438,3311.5208271112792,4331.989480783033,1888.047881328387,1523.2097801901482,711.773225574133
name67,54,high school or lower,2,0,LowSkilled,Agriculture,4617,4012.23471868942,604.7652813105801,0.0,1267.791718782787,0.2530382750555117,auto loans,48,0.1436054662058061,22806,car,28651.661085093925,0,0.5278330894992743,0.5060217,0.39,Agriculture_auto loans,0.6803830556716999,60854.00250157378,21778.520922405743,21364.480600687002,16437.400772233992,16041.134604137944,16546.88619297406,18639.219373129177
name68,53,bachelor degree,1,0,HighSkilled,Engineering,17602,18747.8462595662,-1145.8462595661986,0.0650975036681171,15717.944985525804,0.5231518488390178,simple loans,48,0.9580610865294856,0,none,40360.51045219767,1,0.28156567388113435,0.27292806,0.81,Engineering_simple loans,1.0,754461.3593052386,223320.5623543506,216530.41012060345,610359.239677938,352581.52385028277,352314.8387382275,134133.60935953204
name69,39,bachelor degree,1,0,HighSkilled,Engineering,2531,1885.3207747166928,645.6792252833068,0.0,2410.610383787795,0.6511365734109361,auto loans,60,0.697325625643812,63837,house,71397.82131275481,1,0.2015255958861583,0.22994298,0.68,Engineering_auto loans,0.6933376108028504,144636.6230272677,20457.530171440932,22663.734405615938,69194.58734457963,45191.61100966193,46160.60202928098,28529.99951837086
name70,49,post graduate degree,1,1,HighSkilled,Engineering,13168,9233.368736457594,3934.6312635424056,0.0,7369.83932970406,0.5862254601913537,simple loans,24,0.2608754606744877,22441,car,59224.24036176927,0,0.19248406076261243,0.17013493,0.19,Engineering_simple loans,0.8916439808638243,176876.14391289745,32803.79420829442,27757.056637787584,31226.68871751104,70423.06026889426,68430.17245374176,70229.76531930342
name71,57,high school or lower,1,1,LowSkilled,Manufacturing,4870,4104.082878852083,765.917121147917,0.0,2183.1217149756453,0.6210666835085752,auto loans,36,0.2910071034553857,5479,liquid assets,14313.025090430652,1,0.5672139820894174,0.64161813,0.71,Manufacturing_auto loans,0.934018672908449,78592.38173912323,40960.967667721074,45512.18629746786,51384.72646488307,26689.64466922203,22978.22318399587,19172.188664507245
name72,54,bachelor degree,0,0,HighSkilled,Research,18224,16264.856969745406,1959.143030254594,0.0,10430.498632707702,0.6564894746346166,mortgages,24,0.464846115147778,67049,house,98530.06440434456,0,0.1780346954940836,0.122633696,0.04,Research_mortgages,0.8136998578850994,250331.96718498485,43183.35825797414,23424.934904089747,9166.278875513379,89379.42698442326,79944.87146807791,47666.77682209955
name73,33,ausbildung,1,0,MediumSkilled,Nursing,1263,783.3959769474471,479.60402305255286,0.0,272.10751043159433,0.7403156787117464,mortgages,24,0.0,0,none,2798.3030554616494,1,0.33272724746571763,0.54150486,0.65,Nursing_mortgages,1.0,6530.580250358264,2122.4385813664358,3624.4720389488366,4212.22426148108,3028.658416506273,2477.7228635815068,2004.4163610997448
name74,65,ausbildung,2,3,MediumSkilled,Electrician,10000,9821.98182975507,178.01817024492993,0.0,7983.550306325523,0.9273638746329514,auto loans,12,0.7805532136080593,23419,car,40163.19554261887,1,0.4961981810862257,0.79355186,0.79,Electrician_auto loans,0.7916909640773049,95802.60367590627,40501.793725267096,59539.15369725593,61662.843255884174,30709.886700990744,14566.27478607561,14797.866203248757
name75,40,high school or lower,0,0,LowSkilled,Transportation,1288,1049.2662192239632,238.73378077603684,0.0,554.7320665194206,0.3918052068455559,auto loans,48,0.2453402839622545,6610,liquid assets,9298.636807666238,1,0.2646707508221706,0.40844497,0.63,Transportation_auto loans,0.7660379772044397,26627.13919293219,5588.887557829985,8179.357338284028,12829.96450319365,9512.29614770391,9056.596279450594,6554.73773494569
name76,33,ausbildung,0,1,MediumSkilled,IT Support,1255,1124.848989772226,130.15101022777412,0.0,825.2330397789028,0.7185682506835759,auto loans,48,0.5538502227499034,28671,car,29777.92967848773,0,0.18448575940414763,0.23111469,0.07,IT Support_auto loans,0.3837550591249004,39611.185909387335,2903.3896612168924,3602.6353387874524,1048.8685163558407,6725.423193488921,7001.71158333608,4729.2037182955855
name77,42,ausbildung,0,0,MediumSkilled,Artist,2381,1552.89947609226,828.1005239077399,0.0,690.316311364416,0.812097134513599,simple loans,24,0.0,11013,liquid assets,15985.742283480524,1,0.3384107302613266,0.3807971,0.28,Artist_simple loans,0.37061859840679134,16567.591472745986,2099.9680754670553,2247.3342562015855,1743.8331386919406,2841.90914318003,2781.2416018801487,2869.262837191225
name78,38,high school or lower,1,0,LowSkilled,Manufacturing,1166,1004.6049877248056,161.3950122751944,0.0,372.6893688333536,0.9329764177989648,mortgages,60,0.1812129987634298,24845,car,25146.25008082492,0,0.5619898784453881,0.48057148,0.17,Manufacturing_mortgages,0.0558219794690465,22361.362130001216,714.0021446963215,580.4388064401915,215.9482011057056,457.95229093080223,515.4300171216431,541.5049387869726
name79,59,bachelor degree,0,1,HighSkilled,Engineering,19603,12606.97280820731,6996.027191792689,0.0,12385.914222585956,0.6978973576848666,mortgages,12,0.2749521517519393,55941,house,128320.78186234992,0,0.07056152788433678,0.060293943,0.1,Engineering_mortgages,0.7381177149652932,148630.97067103148,8118.329280913369,6692.136299131292,11409.543854256628,34258.75087959557,31773.08805977673,39867.1894505257
name80,40,bachelor degree,0,0,HighSkilled,Doctor,2928,1266.7932213936615,1661.2067786063385,0.0,1688.048929400006,0.5632473475376069,mortgages,36,0.0091674012273454,42676,car,51569.168128654295,0,0.13942401967481294,0.08295859,0.05,Doctor_mortgages,0.4005025015038727,60769.761458400215,3772.458429381852,2166.1212917095795,997.8761006751996,9972.68428914662,8177.641277223094,6413.323119922929
name81,36,ausbildung,3,0,MediumSkilled,Teacher,1347,752.7996089110204,594.2003910889796,0.0,1072.2557715616442,0.6543910132484039,simple loans,24,0.3549037716946285,0,none,3534.466754993588,0,0.8589301079217845,0.85587204,0.46,Teacher_simple loans,1.0,25734.138517479463,22414.43464872461,22079.89084799738,11657.564748418197,3453.8822634056387,3525.1998540632767,10881.005051950902
name82,47,high school or lower,0,1,LowSkilled,Agriculture,2822,3039.649055216876,-217.64905521687612,0.07712581687345,2095.766139263785,0.940994379577089,auto loans,12,0.8197785947840756,14055,liquid assets,16734.433966802426,0,0.3487057460403389,0.45996103,0.12,Agriculture_auto loans,0.47100705292784867,25149.19367116542,4276.206581638805,5685.814845392317,1622.826320455724,5459.5074551734315,5008.750115667673,4613.28165651119
name83,48,ausbildung,2,1,Unemployed_MediumSkilled,IT Support,2992,2352.7740592148443,639.2259407851557,0.0,1267.5189794189907,0.7271557586800792,mortgages,24,0.2099909888482069,13502,liquid assets,18824.05483571539,1,0.6414301465394305,0.7835325,0.61,IT Support_mortgages,0.5790935369387866,30420.455506055776,11380.122806591873,13687.856688423972,10323.145456134424,5516.750812754445,3534.5173994014635,5907.1815938362515
name84,39,bachelor degree,0,0,HighSkilled,Research,2691,1597.0689917892887,1093.9310082107113,0.0,1831.6181858598216,0.9523412646930997,simple loans,48,0.2741312440167635,45329,car,53103.50224075594,0,0.20594644281852964,0.13252786,0.06,Research_simple loans,0.5606063727809913,87917.67292127144,9561.718297629475,6456.624211285884,2710.796424585676,22300.658619183236,19865.021788315957,14240.176248345866
name85,38,ausbildung,1,1,MediumSkilled,Nursing,1520,1611.0269353878143,-91.02693538781432,0.0598861417025094,1471.279083394995,0.9619578693979376,mortgages,48,1.0278329070939536,0,none,3227.3746398413773,0,0.36009989608344467,0.34588963,0.26,Nursing_mortgages,1.0,70621.39600295977,25776.809541080314,24364.38162102112,20268.340652849452,32372.48615241477,32588.65805035642,32899.957896297
name86,44,bachelor degree,0,0,HighSkilled,Consultant,5835,2841.03247963485,2993.96752036515,0.0,2447.9710298596456,0.9117954930791414,auto loans,24,0.0,59742,house,74629.98559469581,0,0.19411451511393588,0.1742266,0.06,Consultant_auto loans,0.2937326269557968,58751.304716631494,3054.5199876549095,2933.7197621544333,1190.74507993327,7719.396283215454,7532.628851647186,4985.9837052252415
name87,49,ausbildung,1,1,MediumSkilled,Teacher,6712,6014.113895958574,697.8861040414258,0.0,4683.5484407727545,0.6792649498994201,auto loans,12,0.5938114327668845,16035,liquid assets,33498.076283779745,1,0.4880218862596432,0.49735528,0.75,Teacher_auto loans,0.7285080085332907,56202.581289273054,19530.302581641336,20840.511559864655,31813.511752484945,16752.14538877103,16553.14332877893,9368.351226221686
name88,61,post graduate degree,0,0,HighSkilled,Finance,19827,16460.069657067543,3366.9303429324573,0.0,7879.23766150837,0.5472776646014373,auto loans,36,0.2275839672454689,53586,house,107449.28489252827,1,0.14155679228675172,0.17427239,0.55,Finance_auto loans,0.8685523321855665,283652.55581430136,35969.59497690457,47548.84815440125,140675.60775214047,101434.24463221402,107544.38060936394,92210.00917185114
name89,38,bachelor degree,2,0,HighSkilled,Finance,2214,2422.852256148732,-208.85225614873207,0.0943325456859675,1360.673124365735,0.8923607592361225,simple loans,24,0.7089093859595605,53179,house,52396.39361138923,1,0.5864781523032255,0.7119794,0.86,Finance_simple loans,0.0,32656.15498477764,0.0,0.0,0.0,0.0,0.0,0.0
name90,39,ausbildung,0,2,MediumSkilled,Teacher,1649,1576.3862893253297,72.61371067467053,0.0,576.0997472972999,0.6331542935625507,auto loans,24,0.3053280998317946,31592,car,33345.801305389505,0,0.19199489261667632,0.19833192,0.14,Teacher_auto loans,0.0,13826.393935135198,0.0,0.0,0.0,0.0,0.0,0.0
name91,33,ausbildung,0,0,MediumSkilled,Nursing,1251,1229.9013739187924,21.098626081207613,0.0,573.8030580373714,0.768599842320865,auto loans,24,0.4418100974869415,26300,car,37904.70009588724,0,0.1800131831572969,0.18604016,0.07,Nursing_auto loans,0.0,13771.273392896914,0.0,0.0,0.0,0.0,0.0,0.0
name92,64,high school or lower,1,0,LowSkilled,Construction,5000,3847.051656434243,1152.948343565757,0.0,2530.9733840817403,0.961540730396704,auto loans,48,0.2756050081031966,0,none,9110.079495012593,0,0.5704992583457231,0.54034805,0.3,Construction_auto loans,1.0,121486.72243592353,68639.99817629678,64266.47616860355,34259.25572693043,43917.33829515621,46176.244044881336,56747.75916141352
name93,63,bachelor degree,2,1,HighSkilled,Engineering,19954,17972.39170588327,1981.6082941167297,0.0,7859.484014181972,0.7374640820969626,auto loans,60,0.2945712999932466,74937,house,123598.18763596156,0,0.517704309152701,0.521839,0.21,Engineering_auto loans,0.8895411485427118,471569.04085091833,226938.7158226996,220646.51482946394,76764.85211747508,164937.07289430173,163957.90631296142,190454.02532435805
name94,62,ausbildung,0,3,MediumSkilled,Nursing,9934,7877.425162557712,2056.5748374422883,0.0,5064.423264168695,0.8001185642586499,auto loans,12,0.3027832118709891,17802,liquid assets,37788.05955899801,0,0.1832135830804264,0.123272896,0.2,Nursing_auto loans,0.7212711805640244,60773.07917002434,7495.591865670119,4865.559632101656,9029.777335251722,19363.13182698689,17235.136215251194,19724.76054664097
name95,54,bachelor degree,0,2,HighSkilled,Finance,18342,15752.58039160814,2589.41960839186,0.0,12522.770305885027,0.2190448053641361,auto loans,48,0.5415631172987225,74380,house,124249.35076379131,0,0.1371476505917385,0.06914716,0.06,Finance_auto loans,0.9137895956551181,601092.9746824813,76898.15088007315,45040.34551547141,30209.987845743017,223880.6322366332,169906.00798507084,158697.10741909328
name96,61,bachelor degree,0,0,HighSkilled,Engineering,20000,22444.63397122832,-2444.633971228319,0.1222316985614159,5890.441032256656,0.8448778790527358,auto loans,24,0.4167537501742486,74525,house,109116.02949655431,0,0.20737594833215,0.13465117,0.11,Engineering_auto loans,0.6337493748388104,141370.58477415977,20158.541937274684,10840.815886267717,9676.100129891847,40588.12674826623,36300.267872707074,33790.78319476345
name97,62,high school or lower,1,0,LowSkilled,Cleaning Services,4982,6379.964545240046,-1397.9645452400464,0.2806030801365007,4202.77403253674,0.8013886924826401,auto loans,36,1.1241948168961835,10154,liquid assets,19474.597150172256,1,0.7335220025378361,0.6553844,0.4,Cleaning Services_auto loans,0.9364511279366056,151299.86517132266,104846.84775329268,94220.47804856706,60074.410064048774,34331.960552368066,42926.37165493153,63323.53518590524
name98,38,ausbildung,0,0,MediumSkilled,Electrician,1593,528.029464408525,1064.970535591475,0.0,820.6728939288384,0.2760566365207942,mortgages,48,0.0,19613,liquid assets,20872.002906419548,0,0.12919751571753513,0.05904207,0.12,Electrician_mortgages,0.5268504952353578,39392.29890858424,2698.000784498091,1307.4926878721517,2407.446853859835,8293.59977759048,5948.8513138682765,8082.714041706386
name99,64,post graduate degree,2,1,Unemployed_HighSkilled,Finance,10000,8064.129608309838,1935.8703916901625,0.0,8895.272525564775,0.6980798119888209,simple loans,48,0.6959402133874613,0,none,25362.9298441954,1,0.6773373666884874,0.699102,0.85,Finance_simple loans,1.0,426973.0812271092,282229.2066911192,298027.2106965222,366769.8767740868,122338.6502242703,115175.00147450196,60753.68729615548
name100,63,bachelor degree,2,0,HighSkilled,Consultant,19913,22485.9061365875,-2572.9061365874986,0.1292073588403303,4145.600523653488,0.8530661075843662,mortgages,24,0.3373929925295528,43170,car,89482.84532897199,0,0.6834699159988438,0.5443202,0.22,Consultant_mortgages,0.6297643809379552,99494.41256768373,42043.54291924428,35025.84275984733,13158.187798869298,17659.830545913683,23666.968237456273,28663.28193027459
name101,41,ausbildung,1,1,MediumSkilled,Teacher,2051,1008.4137339023004,1042.5862660976995,0.0,1307.1612737158632,0.2465966511904547,mortgages,24,0.1289980534462036,30678,car,38226.82631794385,0,0.23677229256672133,0.14361702,0.03,Teacher_mortgages,0.1647107031306704,31371.87056918072,1389.9990893330441,718.2523175364057,149.8512029392501,2387.0838788646993,2137.0728213776338,1028.7499617256403
name102,31,post graduate degree,1,0,HighSkilled,Finance,1681,1488.9498098154677,192.0501901845325,0.0,346.2914775163019,0.6603128133507534,mortgages,48,0.0917556736060495,60908,house,62078.370433871896,1,0.24223803890397272,0.31570467,0.65,Finance_mortgages,0.0,16621.99092078249,0.0,0.0,0.0,0.0,0.0,0.0
name103,50,high school or lower,0,0,LowSkilled,Manufacturing,3790,2875.2741202694183,914.7258797305816,0.0,1371.4937919327774,0.4941133766242714,simple loans,12,0.1205192380480727,13577,liquid assets,22043.457830049145,0,0.3851504465499677,0.54103917,0.64,Manufacturing_simple loans,0.21599421105718156,16457.925503193328,1414.817020610644,1905.3817161992592,2371.0626953449737,1605.590989337129,1349.6966117590482,1116.9038863308444
name104,55,bachelor degree,2,0,HighSkilled,Consultant,18633,17647.958401178672,985.041598821328,0.0,8571.92694802153,0.5933898564089924,auto loans,24,0.4071746551387432,16326,liquid assets,61686.463024168486,1,0.7197474635816921,0.70117265,0.89,Consultant_auto loans,0.9243396220880085,205726.24675251672,132542.16206023356,136155.21956259286,167531.7715567658,48190.5081605688,50987.43546751435,20102.301890186074
name105,46,post graduate degree,0,0,HighSkilled,Research,8426,7040.14477632774,1385.85522367226,0.0,2636.076798000677,0.6901054968912856,mortgages,48,0.1483766406751029,0,none,20526.280966074948,0,0.13102055553844785,0.113642186,0.1,Research_mortgages,1.0,126531.68630403251,18220.56282778068,14045.017179747609,12400.105257795187,50803.760464450985,48309.32688898021,45981.16528379177
name106,30,high school or lower,0,0,LowSkilled,Construction,1011,356.143979859332,654.8560201406681,0.0,470.7864495162864,0.8818820085300054,auto loans,24,0.0,0,none,2349.509155066278,1,0.4855225060991507,0.5440766,0.6,Construction_auto loans,1.0,11298.874788390873,5310.47115054371,5886.713764751645,6643.738375573833,4637.327508952884,4269.424494072534,3865.739257230618
name107,57,bachelor degree,0,0,HighSkilled,Research,19283,10992.728575323405,8290.271424676595,0.0,8534.02682601275,0.9805679230879022,auto loans,24,0.0126409480545638,76643,house,143309.68792925525,0,0.28357305387305104,0.12949027,0.39,Research_auto loans,0.7399500739835176,204816.64382430603,41980.483137985735,21975.3431588734,59560.75766508445,70831.55358650838,60610.108776785964,68226.44549868685
name108,32,bachelor degree,2,0,Unemployed_HighSkilled,Engineering,800,402.90287162848057,397.0971283715194,0.0,318.3361357155743,0.8892365861193126,auto loans,12,0.0,11245,liquid assets,12602.969876986162,1,0.7439382280294208,0.8064429,0.75,Engineering_auto loans,0.0,3820.0336285868916,0.0,0.0,0.0,0.0,0.0,0.0
name109,42,bachelor degree,0,0,HighSkilled,Finance,4238,3434.6383129027968,803.3616870972032,0.0,3782.983607428981,0.7129329181749746,auto loans,12,0.7030726569919249,31881,car,43954.60651509247,0,0.12739349855285206,0.08606429,0.03,Finance_auto loans,0.4008569254109835,45395.80328914777,2256.455544498149,1401.1861042448181,655.0999967897851,7237.1415441056715,6212.608662072811,3622.8695196650065
name110,57,bachelor degree,1,0,HighSkilled,Research,19296,7438.372958683969,11857.627041316033,0.0,7432.007602863843,0.7144427783117437,mortgages,36,0.0,11359,liquid assets,67058.092730446,1,0.37781934835189895,0.32462975,0.73,Research_mortgages,0.9595439052486922,267552.27370309836,97299.97020198319,79585.72760584376,187411.5521040837,116504.21630292454,119358.5732523112,62941.52242067258
name111,41,ausbildung,0,0,Unemployed_MediumSkilled,Teacher,1009,580.1309885259005,428.86901147409947,0.0,573.2190372091845,0.3008561209466623,auto loans,36,0.1430624635630179,0,none,2023.4710317952856,0,0.24359533134278552,0.30011523,0.12,Teacher_auto loans,1.0,20635.885339530643,4766.889513431579,6355.852684575438,2187.403845990248,9562.172869654873,9639.13459183576,8036.771134455573
name112,61,high school or lower,1,0,LowSkilled,Manufacturing,4962,5425.492060134212,-463.4920601342119,0.0934083152225336,4280.864703867945,0.661257298663932,auto loans,36,0.9561380016126876,11219,liquid assets,20248.748476376582,0,0.6226849456145612,0.6438624,0.23,Manufacturing_auto loans,0.9309539984484848,154111.12933924602,92968.80109733119,91821.03812082091,29985.30776133058,46845.366650428,44676.762790110566,66042.67133733661
name113,31,bachelor degree,1,2,HighSkilled,Engineering,1609,1513.000402954975,95.99959704502498,0.0,1030.7238042301071,0.3691044278895705,auto loans,48,0.580934870842189,67570,house,73159.03217622449,0,0.1815778390658004,0.109257266,0.09,Engineering_auto loans,0.049753139707702065,49474.742603045146,477.53561346198944,297.8443774685604,258.45999697684994,1085.1115453110283,925.9930838894795,856.5579885780537
name114,44,post graduate degree,0,0,HighSkilled,Finance,5730,3636.3268177718032,2093.6731822281968,0.0,4912.812097487138,0.8811582418269799,auto loans,12,0.4919963202895185,14214,liquid assets,26870.51431564755,0,0.1882440149691595,0.1660241,0.05,Finance_auto loans,0.7709775718148464,58953.74516984566,7590.486555173286,8135.910738778551,2272.600765021942,20199.593760017284,19596.7929867969,11976.874559298914
name115,32,post graduate degree,0,0,HighSkilled,Research,1619,2217.1296788010545,-598.1296788010545,0.3694439029036779,733.3893730739351,0.8211434339960341,mortgages,12,0.822433015364416,14983,liquid assets,17825.679359653594,0,0.2849499695332812,0.23591521,0.17,Research_mortgages,0.0,8800.672476887221,0.0,0.0,0.0,0.0,0.0,0.0
name116,47,ausbildung,0,0,MediumSkilled,Electrician,5236,3604.075474461143,1631.9245255388569,0.0,3413.3941298111035,0.452723220245402,mortgages,36,0.3402348365684199,0,none,12792.208929563654,0,0.11163028807252727,0.06488132,0.16,Electrician_mortgages,1.0,122882.18867319972,14500.098263437567,6512.755999679585,22118.79396117595,46603.899623652906,36878.901640672644,52455.45983256522
name117,55,bachelor degree,0,2,HighSkilled,Finance,18745,18294.83867031552,450.16132968448073,0.0,5042.095685517861,0.8447983359907412,mortgages,24,0.244968490575267,32541,car,89208.27412159418,0,0.13661342378016242,0.08629554,0.02,Finance_mortgages,0.7704079133069324,121010.29645242867,12678.911437085364,9136.274417899747,2517.136829421359,37951.04630244697,31864.990943918514,14574.123341824647
name118,44,ausbildung,2,0,MediumSkilled,IT Support,3219,2184.5553061769047,1034.4446938230951,0.0,872.2542796754119,0.3781389340087241,simple loans,48,0.0,31069,car,39113.23984681168,0,0.5181547848479955,0.4188995,0.16,IT Support_simple loans,0.36668237896514716,41868.20542441977,7875.746915198221,6540.093929579809,2318.2023083721856,6032.561740800371,6757.534533934613,6553.542905826136
name119,47,high school or lower,1,0,LowSkilled,Agriculture,2805,1523.7558111694436,1281.2441888305564,0.0,1675.2262988553473,0.8900660110265985,auto loans,24,0.1404570802227418,0,none,5012.136835650145,1,0.5017770025415591,0.54726344,0.55,Agriculture_auto loans,1.0,40205.43117252833,21268.67309026749,21670.72740199277,21791.343695510357,16159.916478612558,15114.864386268053,15048.04555668177
name120,61,bachelor degree,2,0,HighSkilled,Engineering,19851,12745.493443624,7105.506556376,0.0,15623.857618079492,0.5415590371313999,auto loans,48,0.4291144557807411,73524,house,122510.64121126493,1,0.4751219512164894,0.5026041,0.71,Engineering_auto loans,0.9317857598482134,749945.1656678156,338213.50140155945,350092.9012441762,496139.6404857587,290429.1695186632,280556.39169151697,182507.73020426286
name121,52,high school or lower,1,1,LowSkilled,Construction,4313,2703.9345123326243,1609.0654876673757,0.0,1178.4262475187058,0.6058107077742194,simple loans,24,0.0,0,none,7526.955314665476,0,0.5626280352648965,0.50928354,0.22,Construction_simple loans,1.0,28282.22994044894,16007.742146294098,14678.477339093,6335.219506660563,10364.706376393564,11252.515802824459,12937.869863706952
name122,32,high school or lower,1,1,LowSkilled,Agriculture,1008,1379.5346946067189,-371.53469460671886,0.3685860065542846,799.9839310145485,0.4528420963318484,auto loans,60,1.1622208587512572,15466,liquid assets,14602.038164277705,1,0.6768665329268418,0.658663,0.82,Agriculture_auto loans,0.6953842991104272,47999.03586087291,22963.90982614148,22496.620963400237,27970.576212654887,9575.525726579637,10031.562533007365,5641.464427966044
name123,50,post graduate degree,0,0,HighSkilled,Engineering,14626,16939.40843478704,-2313.408434787041,0.1581709582105183,14130.224119066334,0.2171396472542203,simple loans,48,1.1242740704125105,47772,car,85197.74450652018,0,0.11810737739479128,0.093194924,0.14,Engineering_simple loans,0.9397815387249281,678250.757715184,89237.05570176938,59278.901287603934,88599.64816104245,246824.88799318642,225067.7494722231,261520.00125638384
name124,37,high school or lower,1,0,LowSkilled,Transportation,1108,1174.102140517904,-66.10214051790399,0.0596589715865559,881.9263005706885,0.5083939798742426,simple loans,48,0.8556213367225564,0,none,1762.9475293576895,1,0.5459857863091517,0.637806,0.8,Transportation_simple loans,1.0,42332.462427393046,22944.194635647033,26457.789017120653,34204.62964133358,15947.195145418957,13367.502768714166,7894.280332130988
name125,44,ausbildung,0,0,MediumSkilled,IT Support,3302,2564.4307846069187,737.5692153930813,0.0,3099.093045628508,0.3750201797167809,simple loans,12,0.7151798395625156,30899,car,34343.48373907112,1,0.13911168110369052,0.10648185,0.62,IT Support_simple loans,0.29079054655217557,37189.1165475421,1513.9940937313254,1330.151953778236,6369.589437198219,4427.9769216168825,4028.211830987421,3551.355888482465
name126,55,bachelor degree,2,0,HighSkilled,Finance,18701,15097.245007567628,3603.754992432372,0.0,16765.280885420063,0.6114292000970794,simple loans,12,0.7037872783801771,36448,car,84635.10609143686,1,0.5885804533382626,0.58823466,0.6,Finance_simple loans,0.8451570835233708,201183.37062504076,99128.39409941186,102529.02511482908,102699.05666559996,59470.54162254491,59509.37777413805,58173.72553398538
name127,54,high school or lower,0,0,LowSkilled,Cleaning Services,4601,4165.297482908579,435.7025170914212,0.0,1201.8597630795437,0.875589807090484,simple loans,12,0.1665197231010916,7102,liquid assets,15225.519554859373,1,0.4574888912791758,0.55895853,0.74,Cleaning Services_simple loans,0.5339722263987103,14422.317156954523,3357.686925727514,4420.441044421084,5775.837601595494,3265.1131974702243,2839.9009239087177,1825.4037306220785
name128,51,bachelor degree,1,0,HighSkilled,Finance,15696,9596.498696099212,6099.501303900788,0.0,15185.373402233106,0.2942234646368852,simple loans,12,0.5788654496898775,0,none,45187.25648689384,0,0.29108585340195103,0.17288192,0.11,Finance_simple loans,1.0,182224.48082679728,49018.385342408474,30613.712778901947,18951.346005986918,85167.43953189095,79386.87949910607,68727.15731624718
name129,65,high school or lower,1,1,LowSkilled,Cleaning Services,4991,3859.121351140762,1131.8786488592375,0.0,1057.7346234678796,0.9566261484988544,auto loans,12,0.0,12387,liquid assets,17979.472381558324,1,0.6421632845232714,0.7456746,0.49,Cleaning Services_auto loans,0.07550661904809204,12692.815481614554,608.5786553434268,729.3359948288943,475.36222527612557,299.62359194587003,222.7067648080376,391.14803028569276
name130,58,ausbildung,0,1,MediumSkilled,Nursing,9803,8976.984726491835,826.0152735081647,0.0,7775.191566514565,0.5806360953425856,auto loans,12,0.708882616852637,48339,car,66336.78730891075,0,0.1680950891499843,0.088755526,0.16,Nursing_auto loans,0.5573251207469032,93302.29879817479,8631.952680646964,4315.976340323482,7591.958381773835,22492.637969960262,17988.3927962528,22197.431442126548
name131,42,high school or lower,2,0,LowSkilled,Agriculture,1508,541.3221268295582,966.6778731704418,0.0,555.4130132859118,0.9335271281546172,mortgages,12,0.0,0,none,2906.552762087688,0,0.6732142701710304,0.4603122,0.2,Agriculture_mortgages,1.0,6664.956159430942,4492.180451456455,2972.5704471062,1419.6356619587905,1930.514517448741,2817.138849994308,2999.157104327854
name132,56,post graduate degree,1,2,HighSkilled,Consultant,19263,19034.436859146343,228.5631408536574,0.0,8826.525157966886,0.4976091787590415,auto loans,24,0.4463459490792311,15042,liquid assets,69857.56227039943,0,0.4290237031012036,0.47261953,0.21,Consultant_auto loans,0.932258071837603,211836.60379120527,85116.63141565159,92621.11399986217,37719.89930484792,86146.23891182056,82320.12115193545,89663.56156044452
name133,40,high school or lower,1,1,LowSkilled,Transportation,1312,1003.0523849365084,308.9476150634915,0.0,796.1324001746676,0.4307011464220611,simple loans,36,0.3713298667005915,14545,liquid assets,16035.833925807394,0,0.5179267193533762,0.5983869,0.47,Transportation_simple loans,0.5188416975878218,28660.766406288036,7821.8307663098185,8907.370017147494,6780.902717561365,5845.096210174568,5103.849344549079,6217.399493722492
name134,34,bachelor degree,0,0,HighSkilled,Research,1865,1860.663856600769,4.336143399231105,0.0,1175.8184042266046,0.6961506711590825,auto loans,12,0.6281406224275461,77840,house,90139.73108723192,0,0.19971209548876126,0.18256749,0.05,Research_auto loans,0.0,14109.820850719254,0.0,0.0,0.0,0.0,0.0,0.0
name135,31,post graduate degree,0,1,HighSkilled,Consultant,1750,1597.2872312747054,152.7127687252946,0.0,827.1018578441984,0.5637084573685495,mortgages,48,0.3853651937822308,58994,house,57853.70524279766,0,0.11925161706364193,0.16039263,0.1,Consultant_mortgages,0.0,39700.88917652152,0.0,0.0,0.0,0.0,0.0,0.0
name136,30,post graduate degree,0,0,HighSkilled,Doctor,1677,1475.0535293283544,201.9464706716456,0.0,1507.929153407813,0.795671839423176,auto loans,36,0.7787612896458959,24282,car,27221.953240786843,0,0.2125971985017527,0.18918051,0.14,Doctor_auto loans,0.61936992859045,54285.449522681265,7699.615473709259,6186.590598962898,4707.188499210902,15297.410613075182,14958.580887174747,13794.986091223782
name137,36,ausbildung,2,0,Unemployed_MediumSkilled,Teacher,688,934.6853269453782,-246.68532694537816,0.3585542542810729,506.8718325387472,0.9140413477709046,simple loans,24,1.095286569017624,48247,car,43656.20477750887,1,0.9034798826561441,0.88858,0.69,Teacher_simple loans,0.0,12164.923980929932,0.0,0.0,0.0,0.0,0.0,0.0
name138,37,ausbildung,1,1,MediumSkilled,Electrician,1444,1064.79834854493,379.20165145506985,0.0,912.267722788508,0.2671695631534755,auto loans,36,0.3691593291782812,0,none,3004.5809213595994,0,0.2903914120527181,0.21208683,0.1,Electrician_auto loans,1.0,32841.63802038629,9491.233387891636,7126.635450423824,2988.589059855152,15349.681788054468,14936.003932521395,11934.53458272385
name139,64,post graduate degree,0,0,HighSkilled,Engineering,20000,15939.24983500758,4060.75016499242,0.0,4985.613394501784,0.3717797612116081,simple loans,24,0.0462431614754682,49942,car,103736.3985931746,0,0.10849929218859414,0.114347525,0.24,Engineering_simple loans,0.6428917544679875,119654.72146804282,9769.479294500989,8615.603787276463,18846.63328466726,28861.431181370983,29437.144177233266,35590.08615284142
name140,64,ausbildung,1,1,MediumSkilled,IT Support,9900,10976.11021373998,-1076.1102137399794,0.1086980013878767,5173.116484278806,0.8846300045021616,mortgages,36,0.6312350200018975,23711,car,39550.87289952066,0,0.2771985800495608,0.23386382,0.15,IT Support_mortgages,0.8915856452537765,186232.193434037,46159.66219727554,39850.06808397888,25238.376453186625,77572.78511567682,76592.9305090008,69581.92309187262
name141,39,high school or lower,2,1,LowSkilled,Manufacturing,1184,1073.9034417919563,110.09655820804346,0.0,611.7947864041536,0.6931969843855109,simple loans,24,0.42373161165212,6726,liquid assets,9408.634636052582,1,0.8357912749811652,0.8129343,0.81,Manufacturing_simple loans,0.5685567725877879,14683.074873699687,6920.626017678238,6853.840724383394,6762.010946102984,1294.1879656668305,1462.7797223722062,1484.196693986707
name142,33,bachelor degree,0,0,HighSkilled,Doctor,1783,1778.3349252234198,4.665074776580241,0.0,621.1480766844011,0.6939120428791871,simple loans,36,0.3457560302343359,36390,car,41726.77208097146,0,0.2201679300109691,0.21738271,0.13,Doctor_simple loans,0.0,22361.33076063844,0.0,0.0,0.0,0.0,0.0,0.0
name143,58,post graduate degree,0,0,HighSkilled,Finance,19471,11600.751495359387,7870.248504640613,0.0,15472.834873460812,0.6808848522001459,simple loans,48,0.3904569035396333,37469,car,90581.24014181067,0,0.17080820707979621,0.15546216,0.09,Finance_simple loans,0.9569145393258927,742696.0739261189,132900.27755931014,110157.98407322499,58277.12705809322,308679.3619700971,300940.2329508784,247307.3452074865
name144,48,bachelor degree,0,2,HighSkilled,Engineering,11649,8570.776953944438,3078.223046055562,0.0,11321.799941627689,0.5002878242112799,auto loans,60,0.7076639106852197,37869,car,68197.29899268106,0,0.08113866673055295,0.06831749,0.06,Engineering_auto loans,0.9523886341286217,679307.9964976613,63402.591063831715,49816.32155015349,38170.94768128643,215267.4714872136,198991.38856707554,186922.7151117936
name145,40,bachelor degree,0,0,HighSkilled,Research,2919,2056.183330676676,862.8166693233238,0.0,894.493663874865,0.9048375806618572,auto loans,48,0.0108520022444471,0,none,8223.134804317826,0,0.1832617754537714,0.17829867,0.16,Research_auto loans,1.0,42935.69586599352,8157.782214538769,7900.168039342808,7213.196905486911,18967.51116849478,18846.428097228287,18328.21903808636
name146,34,ausbildung,1,2,MediumSkilled,Teacher,1209,1060.7597982062018,148.24020179379818,0.0,850.0611848231557,0.2634040859570495,auto loans,48,0.5804970910085671,0,none,2826.9464434208107,0,0.3640223383809674,0.34085283,0.28,Teacher_auto loans,1.0,40802.936871511476,15301.101326816803,14607.451400001108,11832.851692738328,18665.334750957612,18867.323070809573,19066.684064983183
name147,35,high school or lower,1,0,LowSkilled,Manufacturing,1033,730.6974483213835,302.3025516786165,0.0,682.8497439716506,0.7930042575709599,mortgages,48,0.3683903119971288,5175,liquid assets,6850.989597689141,1,0.6198891969958222,0.71192497,0.89,Manufacturing_mortgages,0.8521922316393278,32776.787710639226,17485.509539551433,19775.943696489478,24691.99749674675,9174.964119224398,7252.638664974,2952.762233667392
name148,61,high school or lower,0,1,LowSkilled,Cleaning Services,4957,4361.196454407654,595.8035455923464,0.0,1052.6500606001048,0.5146880528720504,auto loans,24,0.0921618953011415,0,none,10679.236564184705,1,0.30316625673729836,0.3863258,0.74,Cleaning Services_auto loans,1.0,25263.601454402517,7427.49882759434,9069.632922130502,19099.282699528303,11796.756121493074,11401.744638513794,5988.257746081292
name149,34,bachelor degree,0,0,HighSkilled,Engineering,1728,1163.9643517757356,564.0356482242644,0.0,996.6162332503704,0.3192738457106464,simple loans,48,0.2503359867049224,76934,house,71885.62506999035,0,0.09398804922360117,0.04513634,0.03,Engineering_simple loans,0.0,47837.57919601778,0.0,0.0,0.0,0.0,0.0,0.0
name150,34,ausbildung,2,0,Unemployed_MediumSkilled,Teacher,651,266.0294778932639,384.9705221067361,0.0,157.57949549886322,0.3578473022170922,simple loans,48,0.0,49140,car,53702.27996488974,1,0.7578034677237857,0.7252322,0.82,Teacher_simple loans,0.0,7563.815783945434,0.0,0.0,0.0,0.0,0.0,0.0
name151,47,ausbildung,2,1,MediumSkilled,Teacher,5243,3059.8572412566464,2183.1427587433536,0.0,2347.320442747563,0.995064628124882,auto loans,24,0.0313136913988574,0,none,11645.742177065533,1,0.7210933613686356,0.68785685,0.85,Teacher_auto loans,1.0,56335.69062594151,40730.70432255571,37519.56995687705,48336.02255705782,14215.844412122882,15687.99910761314,8015.964196302364
name152,39,ausbildung,1,1,MediumSkilled,Electrician,1587,1925.249464537881,-338.24946453788107,0.2131376588140397,694.0351855585203,0.6399554635106293,simple loans,36,0.6504629175150608,39656,car,45676.313568455305,1,0.4378197880750378,0.44419512,0.83,Electrician_simple loans,0.0,24985.26668010673,0.0,0.0,0.0,0.0,0.0,0.0
name153,50,high school or lower,1,0,LowSkilled,Manufacturing,3822,4212.0123374938485,-390.01233749384846,0.1020440443468991,1639.7700984429882,0.9750929827917808,auto loans,48,0.5310786069955094,18525,liquid assets,26236.50606086178,1,0.7534723272060924,0.7224956,0.81,Manufacturing_auto loans,0.7767782789261845,78708.96472526343,45120.887646649695,43470.12346445519,49094.94956674757,13813.475618992388,15359.2565977526,10869.808232904776
name154,32,ausbildung,1,1,MediumSkilled,Nursing,1234,1706.2327819467182,-472.2327819467182,0.382684588287454,1175.901016499688,0.2193848087248888,simple loans,60,1.335602754008433,0,none,1920.533047567536,1,0.47088113368358736,0.4557905,0.78,Nursing_simple loans,1.0,70554.06098998128,35841.462982910496,34783.15206806077,55526.045999115275,29469.103258449886,29968.111037703813,14368.250677695152
name155,52,post graduate degree,2,0,HighSkilled,Engineering,16665,12695.689975537784,3969.310024462217,0.0,6717.357249658208,0.5448864373609223,mortgages,24,0.1648993234441039,21626,car,81438.93163285738,1,0.3165860753907895,0.34240207,0.45,Engineering_mortgages,0.8853487028011316,161216.573991797,43105.33116541139,48386.44789759757,65086.19540207814,66493.86806412024,65959.48596556642,60997.39751955425
name156,60,ausbildung,0,0,MediumSkilled,Electrician,9878,4499.795559070184,5378.204440929816,0.0,7263.996765294688,0.719989720114873,auto loans,12,0.1909083138656481,30442,car,51109.54994800662,0,0.14846270285734842,0.15167938,0.07,Electrician_auto loans,0.7019436883269141,87167.96118353626,9545.17202762896,8933.302025857873,3548.846010272306,25562.584306669538,25725.424026202494,19035.979355207146
name157,55,bachelor degree,0,0,Unemployed_HighSkilled,Engineering,9410,6488.195782890805,2921.8042171091947,0.0,7689.290657361896,0.5272037121970313,simple loans,48,0.506640429357354,46275,car,66566.54078385825,0,0.19860435188315603,0.25918987,0.03,Engineering_simple loans,0.8929140409110176,369085.951553371,59980.28917699155,82390.50711125214,11205.10896713029,148097.11455871706,153500.11681150467,65612.22471005266
name158,48,ausbildung,1,0,Unemployed_MediumSkilled,Nursing,2992,2647.4321990582976,344.56780094170244,0.0,2151.788637285377,0.4275722583433615,auto loans,48,0.6040176592057735,17616,liquid assets,19276.123463526044,1,0.4459539954042707,0.510255,0.81,Nursing_auto loans,0.8381021102225674,103285.85458969808,38261.32896799311,43541.738621946904,69943.7868917159,37147.35546670679,34394.69143453901,15389.991879551866
name159,40,bachelor degree,1,0,HighSkilled,Research,2976,2469.17893538495,506.8210646150501,0.0,676.7932254635343,0.2230086043321668,auto loans,12,0.0571143013603777,79471,house,85079.52643951768,0,0.2958327162284319,0.2953313,0.14,Research_auto loans,0.0,8121.518705562412,0.0,0.0,0.0,0.0,0.0,0.0
name160,40,bachelor degree,0,0,HighSkilled,Doctor,2784,1739.7766666544471,1044.2233333455529,0.0,1140.7457545731293,0.5056162819533965,mortgages,12,0.0346704099236984,60396,house,72224.16631791208,0,0.1224738380803201,0.080087446,0.04,Doctor_mortgages,0.0,13688.94905487755,0.0,0.0,0.0,0.0,0.0,0.0
name161,58,high school or lower,2,1,LowSkilled,Agriculture,4917,3313.611904918977,1603.388095081023,0.0,2650.9678850949053,0.6501131151713234,auto loans,12,0.2130526316888107,13033,liquid assets,23159.104161273168,1,0.6691651995625318,0.60387665,0.57,Agriculture_auto loans,0.6107762878344614,31811.614621138862,13134.531204504097,12260.191109529711,11580.148813438522,5687.189627713933,6596.5898205481635,7030.02673407748
name162,34,bachelor degree,0,0,HighSkilled,Engineering,1857,1655.5775400353575,201.42245996464248,0.0,1364.6121320521167,0.7109631977033367,auto loans,24,0.6263810835150643,0,none,4720.349803716132,0,0.10486562913321087,0.10394788,0.06,Engineering_auto loans,1.0,32750.6911692508,3275.0691169250804,3537.074646279086,2358.0497641860575,12127.105018979042,12085.492525704318,9462.406901953429
name163,30,bachelor degree,2,2,HighSkilled,Engineering,1741,1538.0754308605528,202.9245691394472,0.0,1486.5987410563882,0.3437164692845079,simple loans,12,0.7373200298201844,29253,car,33434.7478250885,1,0.33880873412578033,0.37125257,0.86,Engineering_simple loans,0.0,17839.184892676658,0.0,0.0,0.0,0.0,0.0,0.0
name164,38,bachelor degree,0,0,HighSkilled,Consultant,2163,1158.3506269740262,1004.6493730259738,0.0,1769.3814933060653,0.8184012049621798,mortgages,48,0.353551604382844,0,none,5489.121729870636,0,0.13952938195072406,0.108308956,0.31,Consultant_mortgages,1.0,84930.31167869113,11890.243635016759,7813.588674439584,27347.560360538544,34808.58220946669,31843.530085742605,39617.60590994339
name165,54,bachelor degree,0,0,HighSkilled,Finance,18229,7431.099032173244,10797.900967826756,0.0,12386.758403397109,0.6411217192133656,auto loans,60,0.0871609762230705,66409,house,133396.8636632156,0,0.1701150001324255,0.16777582,0.16,Finance_auto loans,0.9378602361306497,743205.5042038265,118493.89124325391,115008.7767949229,115008.7767949229,302427.2701351559,301350.62878875097,297542.35814028984
name166,62,bachelor degree,0,0,HighSkilled,Research,19788,16694.648333401212,3093.351666598788,0.0,16699.139651106125,0.5488290060865624,auto loans,12,0.6875777230901221,20417,car,62704.11392865579,0,0.14195171652628175,0.14143014,0.11,Research_auto loans,0.9129432500396698,200389.6758132735,22868.050238920714,26161.049473325296,23782.772248477544,75387.62746226777,75300.70777839264,68998.68027194403
name167,38,bachelor degree,0,4,HighSkilled,Consultant,2269,1828.1740702679,440.8259297321001,0.0,1754.1319935485633,0.2505449664029754,simple loans,24,0.5788039064858806,0,none,6880.195791992132,0,0.10553135483311722,0.13534836,0.06,Consultant_simple loans,1.0,42099.16784516552,4167.8176166713865,5388.693484181186,2525.950070709931,15627.165975392136,17086.004547552868,12163.390822072315
name168,35,ausbildung,0,2,MediumSkilled,IT Support,1368,1270.4232847096168,97.57671529038316,0.0,333.5825814021317,0.6337653770927381,mortgages,24,0.1725189079764243,15830,liquid assets,20181.66359506212,0,0.16130478476355478,0.182602,0.53,IT Support_mortgages,0.0,8005.981953651161,0.0,0.0,0.0,0.0,0.0,0.0
name169,39,high school or lower,0,0,LowSkilled,Construction,1193,672.4721158622126,520.5278841377874,0.0,816.7260792588226,0.8176322900633111,mortgages,24,0.2482801300260143,0,none,2299.9978224066085,0,0.33409347058325184,0.33252993,0.18,Construction_mortgages,1.0,19601.42590221174,6546.876251338722,6409.666270023239,3763.473773224654,9086.24610501769,9091.067179045147,8623.310826518738
name170,65,ausbildung,0,0,MediumSkilled,Artist,10000,9826.102422020676,173.8975779793236,0.0,7311.040710566162,0.4820156233988358,simple loans,24,0.7137143132586838,48904,car,75862.79543714182,1,0.22942955474447507,0.33021507,0.68,Artist_simple loans,0.761754148531566,175464.97705358788,32078.681806215984,46781.41096739831,90622.27610256016,61507.36339792598,62038.35737713781,38026.29415622771
name171,64,bachelor degree,0,1,HighSkilled,Engineering,20000,25792.14170533465,-5792.141705334652,0.2896070852667326,8179.042702596973,0.5718951794304874,auto loans,24,0.6985592203965812,55830,house,95432.17096854997,0,0.1501622174153272,0.08953931,0.14,Engineering_auto loans,0.8023573277476169,196297.02486232735,25515.057722761805,14647.533137141038,19057.543113914682,66023.59781827565,54688.013659721495,64620.342165975424
name172,59,high school or lower,0,1,LowSkilled,Transportation,4896,5374.665814599035,-478.665814599035,0.0977667104981689,2197.7917858750566,0.4830303146383148,auto loans,48,0.5466620916001004,15889,liquid assets,19375.62767401521,1,0.2728998220248152,0.27318707,0.58,Transportation_auto loans,0.8571178104131986,105494.00572200271,25679.504699709552,26131.608655690354,51991.95493779222,42224.12943504009,42225.63714737056,32134.1488018227
name173,39,post graduate degree,0,0,HighSkilled,Consultant,2576,2416.329125549992,159.67087445000834,0.0,2211.5722001513864,0.630880255250482,mortgages,24,0.7965455456915287,63281,house,69152.00975819769,1,0.11909232392368495,0.16189173,0.72,Consultant_mortgages,0.1711050943317184,53077.73280363328,926.3507887845004,1580.2454632206181,6311.899982404193,3527.3578685750495,3889.336959561163,2299.6884425959634
name174,52,high school or lower,0,0,LowSkilled,Agriculture,4289,2655.215749343902,1633.7842506560974,0.0,896.828627808527,0.8974590336197847,auto loans,36,0.0,0,none,8223.385842537897,0,0.26945064703917365,0.25125748,0.29,Agriculture_auto loans,1.0,32285.830601106973,8846.31758470331,8749.46009289999,9556.605857927663,15069.298886728935,15003.036680958898,15090.030641638423
name175,65,bachelor degree,0,3,HighSkilled,Engineering,19937,20344.125775121887,-407.1257751218873,0.0204206136892153,13770.861247053945,0.435866408789806,simple loans,12,0.7111394403458812,0,none,48312.40598433176,0,0.08340269840885693,0.08445993,0.29,Engineering_simple loans,1.0,165250.33496464734,15368.281151712203,13715.77780206573,46600.594460030545,55653.407272727956,55959.66629424501,77236.13026923468
name176,31,ausbildung,0,0,MediumSkilled,Teacher,1225,766.021376651464,458.978623348536,0.0,973.5832805096662,0.2566440441189681,simple loans,24,0.4200854344172492,14947,liquid assets,18413.264460383238,0,0.2500521625511969,0.20741846,0.12,Teacher_simple loans,0.39230963000932123,23365.99873223199,2264.17646040773,1732.507493996198,1155.0049959974654,4257.983431271743,4152.900734827326,3570.029563447388
name177,32,ausbildung,0,0,Unemployed_MediumSkilled,Electrician,615,486.81201874529216,128.18798125470784,0.0,169.29318515618692,0.4610264135367286,mortgages,48,0.0668377299211042,18762,liquid assets,22022.81718643631,1,0.22690727011278045,0.32186896,0.8,Electrician_mortgages,0.0,8126.072887496972,0.0,0.0,0.0,0.0,0.0,0.0
name178,34,bachelor degree,0,0,HighSkilled,Research,1860,1236.1544597224488,623.8455402775512,0.0,691.9787181985907,0.5782235056481297,simple loans,48,0.0366307408177631,61787,house,69969.83226645646,0,0.1546220522592948,0.08307537,0.03,Research_simple loans,0.0,33214.978473532356,0.0,0.0,0.0,0.0,0.0,0.0
name179,62,ausbildung,0,0,MediumSkilled,Electrician,9856,5565.94120706386,4290.05879293614,0.0,3013.453992396815,0.4582447211047515,simple loans,60,0.0,20481,car,44120.10827789816,0,0.1071205012799995,0.16509913,0.09,Electrician_simple loans,0.9033392326526647,180807.23954380892,18619.6511251408,29072.788598904055,17639.669486975494,60979.67627319701,70316.42349052109,56835.46558984906
name180,39,high school or lower,1,0,LowSkilled,Agriculture,1220,643.8186620043175,576.1813379956825,0.0,525.0368038932728,0.5129934708631381,mortgages,36,0.0,6500,liquid assets,8254.261966159069,0,0.3859794627432077,0.37066796,0.33,Agriculture_mortgages,0.6765664193316926,18901.32494015782,4603.6806247394625,4654.832631681012,4437.436602179426,5772.7105685813885,5828.216307092384,5935.910605611015
name181,48,ausbildung,1,0,MediumSkilled,Teacher,5907,4889.918462764584,1017.0815372354164,0.0,1548.0922154836187,0.4296162739858835,auto loans,48,0.0898951546044019,29460,car,46671.72092791599,0,0.3557294949128614,0.366176,0.13,Teacher_auto loans,0.6615322906995819,74308.4263432137,17794.987305952847,17893.30215294706,5997.205666647092,22582.771375257125,22460.747012563086,19685.352581202955
name182,59,post graduate degree,0,1,HighSkilled,Consultant,19550,14387.918978213644,5162.081021786356,0.0,11720.101991947153,0.3597948596049481,mortgages,36,0.3354486429749768,34992,car,94487.60857891192,0,0.11193080955022396,0.061639506,0.06,Consultant_mortgages,0.9290619803844734,421923.6717100975,52135.101187339525,26263.5472146748,19207.66885849351,148816.20647558218,114761.28745525405,113255.61160057966
name183,59,bachelor degree,2,0,HighSkilled,Consultant,19617,14010.739790467996,5606.260209532005,0.0,6447.475037004867,0.4976813465114271,auto loans,36,0.0428819303396473,25439,car,75341.4788347458,1,0.5925470444580418,0.5393889,0.74,Consultant_auto loans,0.9063388805801157,232109.1013321752,129797.98339657181,110864.72811992439,158408.2358146168,73025.77077666772,80079.96179348505,49864.10225774791
name184,63,high school or lower,0,0,LowSkilled,Agriculture,4986,3148.574732576772,1837.4252674232284,0.0,3653.959439818007,0.3824380331269925,auto loans,48,0.3643269499387843,0,none,10645.52356439248,0,0.1524233303434654,0.13025552,0.36,Agriculture_auto loans,1.0,175390.05311126434,25606.947754244593,24379.217382465744,67700.56050094804,73846.37178375993,70282.40435829567,80402.02269102503
name185,45,post graduate degree,0,0,HighSkilled,Consultant,7146,4868.314613253916,2277.685386746084,0.0,1996.2448619896425,0.948080853484353,simple loans,48,0.0,14168,liquid assets,34538.508190975685,0,0.2538039423755076,0.24312007,0.1,Consultant_simple loans,0.8595201033116113,95819.75337550284,20425.03307151012,20836.828093113145,9471.285496869612,38302.778986141566,38155.67984833015,29928.969579800705
name186,59,post graduate degree,1,2,HighSkilled,Research,19577,18814.453628513587,762.5463714864127,0.0,7203.042117648097,0.9537755118017758,simple loans,36,0.3289827729561058,60602,house,104731.81193612584,1,0.4440831787732996,0.40000615,0.42,Research_simple loans,0.837657548136495,259309.51623533148,100786.63414026087,84495.69112189973,93618.61921218196,93388.87629293095,97078.81109639427,95518.07661686752
name187,30,ausbildung,0,1,Unemployed_MediumSkilled,Electrician,612,455.9911471629928,156.00885283700717,0.0,326.2575606324487,0.950921363145906,simple loans,48,0.2781841630644469,46622,car,50602.25994166351,0,0.3537656381062806,0.21227688,0.18,Electrician_simple loans,0.0,15660.362910357537,0.0,0.0,0.0,0.0,0.0,0.0
name188,65,high school or lower,0,1,LowSkilled,Agriculture,5000,3530.042853753807,1469.9571462461931,0.0,1065.6176632761506,0.3446592004010704,auto loans,48,0.0,21929,car,29610.40237630421,0,0.1094752870554552,0.0719,0.12,Agriculture_auto loans,0.6344477839319275,51149.64783725522,2985.5638261705476,2174.269308189421,4348.538616378842,12217.199629765943,10222.760837016021,12638.54350103899
name189,33,ausbildung,0,0,MediumSkilled,Teacher,1315,751.3624164818265,563.6375835181735,0.0,1002.8547613027508,0.9826235431024306,simple loans,48,0.3340054583913135,15386,liquid assets,15254.564908584764,0,0.3714359560110687,0.28859764,0.12,Teacher_simple loans,0.6978194048781912,48137.02854253204,12462.24341836721,9271.102920402564,4064.505265828659,15302.468476989476,15700.334703732387,13082.200926897214
name190,32,high school or lower,1,1,LowSkilled,Cleaning Services,1042,865.4040276068906,176.59597239310938,0.0,477.3062697706298,0.8986310537045504,auto loans,12,0.2885895368306338,13780,liquid assets,16907.408325981014,0,0.7676856558382098,0.7547993,0.32,Cleaning Services_auto loans,0.0,5727.675237247558,0.0,0.0,0.0,0.0,0.0,0.0
name191,36,ausbildung,0,0,Unemployed_MediumSkilled,Nursing,723,460.64035733322777,262.35964266677223,0.0,201.74440732952675,0.3739006283297633,auto loans,48,0.0,0,none,1694.1109707157373,0,0.21471283925714982,0.39729625,0.23,Nursing_auto loans,1.0,9683.731551817284,2014.216162777995,4018.7485940041724,2411.2491564025036,4413.012727780753,4336.698192270456,4457.641609177294
name192,41,ausbildung,1,1,MediumSkilled,Teacher,2076,1810.3643081772173,265.6356918227825,0.0,1641.8645564159967,0.8836568020830285,auto loans,12,0.6629233451797756,27848,car,36795.07933263308,0,0.4247640003216838,0.4136862,0.19,Teacher_auto loans,0.0,19702.37467699196,0.0,0.0,0.0,0.0,0.0,0.0
name193,64,bachelor degree,0,0,HighSkilled,Consultant,19746,10343.908546171562,9402.091453828438,0.0,13172.78745835923,0.2001746603378116,auto loans,12,0.1909599921265467,16400,liquid assets,74931.19970082874,0,0.16697078526612272,0.29175973,0.25,Consultant_auto loans,0.9008712915132512,158073.44950031076,25490.286036348636,38591.438636036204,37024.99647737791,61489.64255433099,66554.81238812351,66146.1453814332
name194,47,high school or lower,0,1,LowSkilled,Agriculture,2821,2661.7565962914714,159.2434037085286,0.0,2381.942281149093,0.9945109606013128,auto loans,24,0.7879116899824758,8834,liquid assets,12643.829552330517,0,0.3102835982865663,0.3915305,0.2,Agriculture_auto loans,0.8541121946701041,57166.614747578235,15233.931268581287,19237.72089686227,9911.82066513462,22775.152667857372,21957.244029287907,21971.48023668088
name195,33,post graduate degree,0,3,HighSkilled,Research,1658,1444.3691142652524,213.6308857347476,0.0,1283.670737102656,0.5984795280246948,auto loans,12,0.6453798862291366,60357,house,67009.50346769522,0,0.13218887072728494,0.088802285,0.08,Research_auto loans,0.0,15404.048845231871,0.0,0.0,0.0,0.0,0.0,0.0
name196,54,high school or lower,1,0,LowSkilled,Agriculture,4615,2762.3531601471827,1852.6468398528173,0.0,1502.7733041652948,0.5331010701242264,mortgages,36,0.0,0,none,9329.351342128008,0,0.32386428911331216,0.20548123,0.14,Agriculture_mortgages,1.0,54099.838949950616,17257.848625034247,10495.36875629042,7790.376808792888,25157.537925958655,24468.159437329443,22196.458382067627
name197,63,high school or lower,1,0,LowSkilled,Transportation,5000,6027.164924632732,-1027.1649246327315,0.2054329849265463,2670.546306347104,0.7631631004295251,mortgages,60,0.7395422461959671,20723,car,20414.86516188166,1,0.3842963452614088,0.33567482,0.69,Transportation_mortgages,0.8902500193420921,160232.77838082623,55489.77404652665,46502.99830120228,98141.29702830418,64465.46544723541,66087.58675707826,39487.58923421547
name198,45,ausbildung,0,1,MediumSkilled,Electrician,3802,2047.9901323860088,1754.0098676139912,0.0,2998.211397848354,0.7345044296771964,simple loans,12,0.3272492188938355,48601,car,51538.64459036404,0,0.19909870144254657,0.12540622,0.15,Electrician_simple loans,0.0,35978.53677418025,0.0,0.0,0.0,0.0,0.0,0.0
name199,59,high school or lower,0,1,LowSkilled,Agriculture,4969,4753.425292486094,215.5747075139061,0.0,4956.328293991428,0.887898162037869,simple loans,60,0.9540659260369332,20030,car,33981.47703187265,0,0.17923878878576344,0.10173097,0.16,Agriculture_simple loans,0.9426744139634109,297379.6976394857,48497.476170066904,29154.552148479524,48217.14393786998,123204.2641112583,102570.99178118231,119667.10802072422
name200,54,ausbildung,1,0,MediumSkilled,Teacher,9061,9198.921193025766,-137.92119302576612,0.0152214096706507,7323.741638120736,0.9183736545425598,mortgages,60,0.8234922007666374,15841,liquid assets,33610.55997578345,0,0.4670648141020886,0.3409209,0.11,Teacher_mortgages,0.96575875126556,439424.4982872442,195638.2832357781,142591.0263931051,50925.36656896609,178030.70663579364,196227.67186712567,160056.96488989514
name201,44,bachelor degree,0,0,HighSkilled,Consultant,5866,4046.717964676823,1819.2820353231768,0.0,2538.4749698047626,0.9332236457281762,mortgages,24,0.1226036369726535,70497,house,96721.90197891738,0,0.16108569259740768,0.13784407,0.17,Consultant_mortgages,0.1960502459197702,60923.3992753143,1887.1594908106076,1564.6702107353772,1934.9356804513823,5108.1110974816775,4876.278840427595,5181.439756151662
name202,54,high school or lower,1,0,LowSkilled,Manufacturing,4580,4970.076904264285,-390.0769042642851,0.0851696297520273,3009.6722279624823,0.2701425306064854,auto loans,48,0.7423033039796435,21936,car,30919.578672270807,1,0.47770468764068547,0.58364254,0.6,Manufacturing_auto loans,0.8705140341408958,144464.26694219914,56842.69365588759,74323.07953679106,76460.96845747711,52107.41659599304,44393.77639131668,43026.25799197938
name203,50,bachelor degree,0,0,HighSkilled,Consultant,14465,8721.959214778197,5743.040785221803,0.0,10622.194973820346,0.9542325688753888,auto loans,48,0.3373075830348111,27676,car,70109.87875819566,1,0.2185768162011113,0.1741681,0.69,Consultant_auto loans,0.9537132373590946,509865.35874337656,106492.109877064,75857.39333708669,338440.67796546366,222224.5781692164,212233.61915545486,134607.91025820666
name204,36,high school or lower,1,1,LowSkilled,Transportation,1062,775.4390515871405,286.5609484128595,0.0,220.00116270389083,0.6704022024255256,auto loans,24,0.0,24277,car,26947.40300485204,0,0.47556506075071925,0.4757974,0.27,Transportation_auto loans,0.0,5280.02790489338,0.0,0.0,0.0,0.0,0.0,0.0
name205,48,post graduate degree,1,0,HighSkilled,Research,11589,5415.793224488131,6173.206775511869,0.0,11353.594698162164,0.361484612901169,simple loans,24,0.4470090536414095,22423,car,64860.97942838945,0,0.2497151333522562,0.28429908,0.19,Research_simple loans,0.9296433822494026,272486.2727558919,63835.39517577279,75234.57288573221,47623.23132160827,117652.4939546842,118394.00462613262,112803.21662155722
name206,51,ausbildung,1,1,MediumSkilled,Electrician,7951,3427.350624617668,4523.649375382332,0.0,7096.520310787699,0.9601539175490654,simple loans,24,0.3235908609489833,18165,liquid assets,41719.79729836686,1,0.468955387111366,0.56674856,0.73,Electrician_simple loans,0.8985677626960096,170316.48745890477,73765.71625154407,89375.88857033556,118300.61963162568,64064.02240267565,55688.544478048636,37520.729319777165
name207,54,post graduate degree,2,0,HighSkilled,Finance,18174,16692.86315891756,1481.1368410824398,0.0,16974.936724296604,0.206936691568537,auto loans,48,0.8525255795759967,35336,car,84407.45699337246,1,0.48218204012712307,0.5539877,0.78,Finance_auto loans,0.9628960176363107,814796.962766237,386790.4220604771,407973.67032748094,614314.1997431106,323329.2424564674,291731.194426621,159775.67912827412
name208,34,bachelor degree,1,1,HighSkilled,Research,1779,1367.491182570529,411.50881742947104,0.0,1110.389207760391,0.671490262676125,auto loans,60,0.3928501350932658,78277,house,84591.81868791189,1,0.3758654523566987,0.28369612,0.2,Research_auto loans,0.18348937254114148,66623.35246562345,4950.9942419043455,3532.931693605817,2383.812042398389,5554.288081389529,5713.447746627812,5500.970511588322
name209,43,bachelor degree,0,0,HighSkilled,Consultant,4736,3385.293808232333,1350.7061917676665,0.0,4481.984698781319,0.4044334591625498,mortgages,12,0.6611652252984908,62156,house,77423.10737468199,0,0.09823351902548436,0.10282233,0.07,Consultant_mortgages,0.19547351676601027,53783.81638537583,1093.384420330465,967.2246795231039,620.28539230286,3793.2006478223852,3862.9964863602013,3270.8121748570543
name210,43,high school or lower,0,1,LowSkilled,Cleaning Services,1704,1462.6734281541903,241.32657184580967,0.0,1659.8528168807195,0.4910631330949981,mortgages,24,0.8324684536589848,18399,liquid assets,20911.54180556424,0,0.3433247897368432,0.20808202,0.14,Cleaning Services_mortgages,0.5612851334324338,39836.467605137266,7557.550557906489,4784.9580455384275,3219.784853072587,10328.948316030224,10135.572550642548,9173.85926824139
name211,47,bachelor degree,0,0,HighSkilled,Research,9874,11616.78163900652,-1742.78163900652,0.1765020902376463,8048.475623599503,0.4065266592298774,auto loans,48,0.9916201400249164,40269,car,67415.8375031888,1,0.18854387776592518,0.32650158,0.75,Research_auto loans,0.9109933631159339,386326.82993277616,66164.94147572691,111565.35344577357,259732.58941003436,156462.37687697727,163537.60946407597,80527.21046755894
name212,65,bachelor degree,1,0,HighSkilled,Research,19965,17545.777404407883,2419.2225955921167,0.0,8525.972243912347,0.9071647814221938,simple loans,48,0.3058727597455662,12579,liquid assets,67303.25750900668,0,0.47514159631773306,0.48471922,0.16,Research_simple loans,0.9707388394741308,409246.66770779266,200224.9041757362,191882.19983508054,71906.16598374654,165109.5325856359,163211.8100580871,169585.7351784958
name213,50,ausbildung,1,1,MediumSkilled,Electrician,7408,7204.824313564885,203.17568643511456,0.0,1540.4503227720622,0.5385918448682123,auto loans,36,0.1805176344947283,0,none,14393.743945619846,0,0.34069350639097173,0.22262217,0.51,Electrician_auto loans,1.0,55456.21161979424,18522.374681011275,11867.629286635967,28726.317619053418,25644.60359642082,25413.40326594651,22042.300649888388
name214,50,post graduate degree,0,0,Unemployed_HighSkilled,Doctor,7276,4728.676445819547,2547.3235541804534,0.0,6425.304732371816,0.9229180029120848,auto loans,60,0.5329825698448821,76607,house,103866.67974242108,1,0.4631377105029957,0.66486347,0.6,Doctor_auto loans,0.8620055812817956,385518.2839423089,154528.2942866694,225976.86046222626,194738.88269244786,140027.00606620705,98343.25370641572,113697.89380059594
name215,44,post graduate degree,3,0,HighSkilled,Engineering,5890,3783.070131509084,2106.929868490916,0.0,5483.806092621449,0.5910308130488964,auto loans,12,0.573323637373605,56448,house,82308.81193352472,1,0.5936617380775471,0.6302292,0.92,Engineering_auto loans,0.4032240149679056,65805.67311145739,16026.794342679108,15787.984493202102,24597.414496131678,9191.210389961965,8522.562514371888,2059.4700189911523
name216,46,post graduate degree,1,1,HighSkilled,Engineering,8421,9966.94968767162,-1545.9496876716205,0.1835826728027099,2200.9399822558694,0.6161187262558907,auto loans,12,0.444945929215947,0,none,20739.34922871536,0,0.2747531973101101,0.26413983,0.2,Engineering_auto loans,1.0,26411.27978707043,8187.496733991833,6972.577863786594,5652.0138744330725,12336.056864259604,12315.532010689869,11884.785963025159
name217,46,bachelor degree,0,0,HighSkilled,Research,8530,5562.432160224556,2967.567839775444,0.0,2613.760505549289,0.6317662202171817,mortgages,36,0.0,57055,house,95603.5579761338,0,0.10769988803708555,0.08296985,0.05,Research_mortgages,0.5783026449259913,94095.37819977441,5985.7166697065095,4734.1577296769665,3373.767577470942,20358.369146530436,18284.564357175273,14338.833688212553
name218,49,ausbildung,0,1,MediumSkilled,Nursing,6761,8195.041976177157,-1434.0419761771573,0.2121050105276079,1416.990501782558,0.3064588432755977,mortgages,36,0.4216879866824012,28505,car,40539.31161333567,0,0.12000777866795848,0.072968535,0.13,Nursing_mortgages,0.5232414962647743,51011.658064172094,3042.821457338667,1895.0905567635557,3763.489697234667,10395.375874481104,8465.662320483325,10688.72010021748
name219,34,bachelor degree,0,0,Unemployed_HighSkilled,Finance,846,655.4854725760277,190.51452742397225,0.0,374.4162338623444,0.4377154112996246,mortgages,12,0.2173779035914564,67757,house,81900.76065725493,0,0.20424328763390887,0.22265194,0.38,Finance_mortgages,0.0,4492.994806348133,0.0,0.0,0.0,0.0,0.0,0.0
name220,46,high school or lower,0,0,Unemployed_LowSkilled,Transportation,1249,788.0749767550053,460.9250232449947,0.0,670.4050283938826,0.7844704146241777,auto loans,24,0.1677181786620399,12997,liquid assets,15089.912172872824,1,0.5523819167514158,0.4265883,0.38,Transportation_auto loans,0.23546097464068053,16089.720681453182,2102.6182289099606,1647.998071307807,1424.4764938200815,1412.4432874839072,1656.2708926281805,1716.8813039392908
name221,38,post graduate degree,0,0,Unemployed_HighSkilled,Finance,1174,628.914173142392,545.085826857608,0.0,860.1663479441918,0.4187985092060569,mortgages,36,0.2683820452185552,0,none,3651.480752458446,0,0.18529807620021482,0.14029583,0.04,Finance_mortgages,1.0,30965.988525990906,5945.4697969902545,4335.238393638727,1269.6055295656272,13713.914492090447,12713.433932088506,7246.364614099148
name222,31,high school or lower,1,1,LowSkilled,Cleaning Services,1019,723.8948641755782,295.10513582442184,0.0,482.7324416999677,0.2756849514681605,auto loans,36,0.1841288575814974,0,none,1932.4217513802275,1,0.6238812819487637,0.52592695,0.48,Cleaning Services_auto loans,1.0,17378.367901198835,11087.398720964857,9419.07540244977,8550.157007389827,5659.709286811475,6751.950312125811,7180.8403910892675
name223,36,high school or lower,0,0,LowSkilled,Agriculture,1035,555.6742783738413,479.3257216261587,0.0,666.44106093077,0.9149069672256492,simple loans,12,0.1807877674440689,0,none,1823.030760748148,0,0.33146501392230265,0.3658326,0.3,Agriculture_simple loans,1.0,7997.29273116924,2775.060577715726,2982.9901887261267,2327.2121847702488,3710.419127446562,3654.7705679480373,3735.6217432821145
name224,52,ausbildung,1,1,MediumSkilled,Nursing,8430,6786.760512701468,1643.2394872985324,0.0,6360.985765198538,0.848646483334742,auto loans,12,0.5596377553855285,13217,liquid assets,35403.246101445984,1,0.42939831303742787,0.51054025,0.82,Nursing_auto loans,0.8353106335718383,76331.82918238245,28819.87644540702,32390.48060678488,51837.521128575005,27803.73566765364,25324.206433505988,10776.758215781947
name225,55,high school or lower,0,0,Unemployed_LowSkilled,Construction,2360,1420.306887580278,939.693112419722,0.0,2283.841100171892,0.644584889981607,simple loans,12,0.5695542320983771,18963,liquid assets,22023.24422158257,1,0.6021725910262695,0.6347862,0.59,Construction_simple loans,0.3428205549312757,27406.0932020627,6060.014991618962,5994.247387058756,5543.269527217344,3200.680512763683,2987.164269309801,3277.317772982794
name226,41,bachelor degree,1,1,HighSkilled,Finance,3423,2245.1773646003444,1177.8226353996556,0.0,2997.189526713833,0.7431645410111949,auto loans,48,0.5315123842577205,60159,house,59784.56074538281,0,0.2831014102563895,0.3235878,0.1,Finance_auto loans,0.7096083631772776,143865.09728226397,26849.111440812278,33893.174898667974,10004.611867679101,47711.82285247666,47476.548384847636,37098.37153186653
name227,56,ausbildung,1,0,Unemployed_MediumSkilled,IT Support,4753,4017.404591996122,735.5954080038778,0.0,2371.3950307086093,0.950421564224458,auto loans,24,0.3441615027781888,46681,car,62588.41322608925,1,0.4946266550044416,0.7759816,0.86,IT Support_auto loans,0.30044979601494354,56913.48073700663,8635.320057356701,12824.732758450546,14637.294988311556,6937.722192202898,3540.662842323389,2278.4076329952154
name228,53,bachelor degree,2,0,HighSkilled,Finance,17534,14665.874637458885,2868.1253625411173,0.0,11484.98334265002,0.4544231281724,auto loans,36,0.4914370925121993,35062,car,67873.66864353059,1,0.5656652582720315,0.5662274,0.8,Finance_auto loans,0.9275316328570443,413459.4003354008,222811.5668463626,210923.16999225377,302195.3780979927,139809.20848849785,139673.1321673726,71515.57143716667
name229,54,ausbildung,0,2,Unemployed_MediumSkilled,Artist,4586,4748.803979275301,-162.80397927530066,0.0355002135358265,1837.206146726064,0.9400563596092592,simple loans,60,0.4361121077194427,19326,liquid assets,31463.660873644378,0,0.4312616235118905,0.195065,0.11,Artist_simple loans,0.8335464937456346,110232.36880356383,39877.57115885306,16355.31720340056,9831.567082943035,39998.04332919222,41142.124317750655,34654.57911561259
name230,35,ausbildung,0,1,MediumSkilled,Teacher,1323,685.9194527338817,637.0805472661183,0.0,1243.7847267516956,0.715364986320056,auto loans,24,0.4585821462476019,16907,liquid assets,16915.876934842527,0,0.296773409524928,0.25501183,0.07,Teacher_auto loans,0.46328515950116406,29850.833442040697,4480.741194910076,3485.020929374504,732.9607510192408,6461.681756767533,6434.001371649943,4302.500341265254
name231,38,ausbildung,0,0,MediumSkilled,IT Support,1555,1673.0029644088456,-118.00296440884564,0.0758861507452383,581.5999049141031,0.4394976290025452,mortgages,12,0.4499053822012532,31083,car,32303.111695531235,0,0.12447981130999418,0.16361417,0.11,IT Support_mortgages,0.0,6979.198858969237,0.0,0.0,0.0,0.0,0.0,0.0
name232,61,high school or lower,1,0,LowSkilled,Construction,4968,1896.0932086589737,3071.9067913410263,0.0,3561.942877791271,0.3164159921312273,simple loans,24,0.0986385037138173,12258,liquid assets,26361.53570396876,0,0.493756044239911,0.52764297,0.23,Construction_simple loans,0.8635238849593371,85486.6290669905,36983.69276804672,38976.82591123486,17495.279812429286,29984.015191099475,28608.025833575542,33980.905995159126
name233,50,ausbildung,1,0,MediumSkilled,Teacher,7341,8403.290510239862,-1062.2905102398618,0.1447065127693586,5139.622496502203,0.2265108724132235,auto loans,36,0.8448321763713479,20720,car,32369.40350923457,0,0.357984384542571,0.21638761,0.2,Teacher_auto loans,0.9044751072580823,185026.4098740793,58071.06832500322,34307.115292869334,34976.522420535075,76795.48347142707,76359.80622793986,75306.46468640205
name234,41,ausbildung,0,0,MediumSkilled,Electrician,1999,1647.2728874606858,351.72711253931425,0.0,1979.4962674805383,0.2039468026674033,auto loans,48,0.8142917233322782,0,none,4461.210677132898,0,0.12691375368415203,0.070352815,0.06,Electrician_auto loans,1.0,95015.82083906584,13112.183275791087,6176.0283545392795,5605.933429504884,37739.42642603698,29630.040843575305,27452.194955399293
name235,40,bachelor degree,0,1,HighSkilled,Engineering,2843,1953.1865887544304,889.8134112455698,0.0,2375.982010834434,0.418208995114774,simple loans,60,0.5227466055535926,42826,car,47236.24785329691,0,0.07468799868753723,0.040678725,0.06,Engineering_simple loans,0.7435618645717769,142558.92065006602,7632.099133193022,4876.063335095541,5300.068842495154,33981.36209384571,25033.81317412602,30626.167696357483
name236,35,bachelor degree,2,2,HighSkilled,Research,1855,1552.0870660228684,302.9129339771316,0.0,629.5050395059862,0.637076918642881,simple loans,24,0.1760604342473609,65133,house,72939.65358198073,1,0.5493959307678263,0.59285843,0.83,Research_simple loans,0.0,15108.12094814367,0.0,0.0,0.0,0.0,0.0,0.0
name237,40,ausbildung,1,1,MediumSkilled,IT Support,1794,1193.074330598328,600.9256694016719,0.0,1120.215497630797,0.7560354403226087,auto loans,48,0.2894592130597129,19069,liquid assets,25200.8307885155,0,0.43813639309623875,0.30060568,0.14,IT Support_auto loans,0.6632755124105815,53770.34388627826,15942.05491996798,11305.663108791612,4957.372782719351,15423.992790880073,16658.277159760524,14632.700730466126
name238,65,ausbildung,1,1,MediumSkilled,Teacher,10000,10819.541668800586,-819.5416688005862,0.0819541668800586,7012.768454159986,0.2984124764528428,auto loans,60,0.7832310122960572,0,none,15471.359632760526,0,0.3372047868219786,0.2617092,0.1,Teacher_auto loans,1.0,420766.1072495991,133382.85599812292,121601.40499513414,42918.14293945911,194830.91273308205,196099.02553615984,152904.90855210298
name239,44,high school or lower,1,2,LowSkilled,Transportation,1913,2067.1010229599256,-154.10102295992556,0.0805546382435575,468.87486962476095,0.705531231456406,simple loans,36,0.3256538905304164,0,none,2693.7984305546934,0,0.5297257562435823,0.4930996,0.18,Transportation_simple loans,1.0,16879.495306491393,8591.66311100412,8085.278251809377,3375.899061298279,6521.13560194909,6861.87714048083,7425.844188519746
name240,50,post graduate degree,1,1,HighSkilled,Finance,14598,11294.532221769956,3303.467778230044,0.0,14044.398876994135,0.4590223155377473,mortgages,48,0.7357810041624944,72274,house,148375.04495015086,0,0.215007544760651,0.19261765,0.07,Finance_mortgages,0.9253658445581364,674131.1460957185,124139.76953261199,124139.76953261199,42419.61973978702,284345.8230138444,278596.039663645,194076.93370203068
name241,58,high school or lower,0,0,LowSkilled,Agriculture,4902,2890.0467577851123,2011.953242214888,0.0,2908.981391563233,0.6252665755693695,auto loans,24,0.1829922785288342,19747,liquid assets,30277.809184042915,1,0.24896416019676249,0.24914138,0.66,Agriculture_auto loans,0.7309577116708956,69815.5533975176,12707.022070471185,11227.087773107069,35161.19761668532,23695.734033354474,23697.219468268788,15286.916032678839
name242,48,post graduate degree,0,1,HighSkilled,Doctor,11591,10917.67181828936,673.3281817106399,0.0,2773.2683357637866,0.6373765283783959,auto loans,60,0.1811698864682207,0,none,24456.34555830095,1,0.2313077135913654,0.27453774,0.69,Doctor_auto loans,1.0,166396.1001458272,39768.667934852696,44760.55093922752,115312.49740105824,76651.64801041702,77717.66595763162,46061.74733330778
name243,40,bachelor degree,0,0,HighSkilled,Research,2948,3031.335933932617,-83.33593393261754,0.0282686343055011,1610.4374685667206,0.2669461873949304,simple loans,48,0.574550000847808,67333,house,79398.14821580685,0,0.12694340308112223,0.0868269,0.05,Research_simple loans,0.39368905024747736,77300.99849120258,3347.5812347101546,2252.0091942595586,1582.4929473175275,12088.50763604826,10429.295817235667,8019.158478585938
name244,41,bachelor degree,0,1,HighSkilled,Finance,3393,3046.4485152410225,346.5514847589775,0.0,2083.4235676133326,0.7664748830396807,simple loans,36,0.5118986392143693,14293,liquid assets,18287.138410062907,0,0.169561889962889,0.26545465,0.1,Finance_simple loans,0.8193862520302736,75003.24843407997,10386.170575539873,16531.8336379895,6637.3161074455975,26642.866707449804,28664.630112650026,22333.12123684108
name245,41,ausbildung,1,0,MediumSkilled,Teacher,1981,1229.487188122809,751.5128118771911,0.0,1462.9199757998176,0.8797081738035716,mortgages,12,0.3591151761345919,45941,car,50935.81108841838,0,0.41546237614481907,0.25637347,0.11,Teacher_mortgages,0.0,17555.03970959781,0.0,0.0,0.0,0.0,0.0,0.0
name246,37,high school or lower,1,1,LowSkilled,Cleaning Services,1133,566.6970869362774,566.3029130637226,0.0,753.3731543785891,0.2074453224316268,auto loans,24,0.1651105395541628,11014,liquid assets,14898.566151386203,1,0.6055333366359089,0.5602368,0.72,Cleaning Services_auto loans,0.4221754932246821,18080.95570508614,4702.135217945316,4152.5349976659945,5717.368958183511,2582.9807291477923,2808.8307871973834,1932.8942779882389
name247,31,ausbildung,0,0,Unemployed_MediumSkilled,Teacher,617,320.39448340689097,296.60551659310903,0.0,176.9139942186438,0.3992782455225705,auto loans,12,0.0,40706,car,40225.80988343738,1,0.31246262910542716,0.37824652,0.78,Teacher_auto loans,0.0,2122.967930623726,0.0,0.0,0.0,0.0,0.0,0.0
name248,59,bachelor degree,1,1,HighSkilled,Research,19791,23108.827038932926,-3317.8270389329264,0.1676432236336176,12227.34172919925,0.3099833085978333,simple loans,24,0.7854665640004131,68543,house,125186.51081448756,0,0.4079927222528321,0.52522904,0.24,Research_simple loans,0.8373806165395233,293456.201500782,99031.01758084878,122867.2674700357,56518.943036216435,109147.45583075739,95572.64055723288,113691.38023757072
name249,34,ausbildung,0,1,MediumSkilled,Teacher,1301,1038.3622940524776,262.6377059475224,0.0,444.3108183610281,0.8001223607818352,auto loans,24,0.1396411317551927,34979,car,39376.74313283525,0,0.2509254146514188,0.21410394,0.11,Teacher_auto loans,0.0,10663.459640664674,0.0,0.0,0.0,0.0,0.0,0.0
name250,32,bachelor degree,0,0,HighSkilled,Engineering,1721,1925.156613333316,-204.1566133333156,0.1186267363935593,376.6139172860198,0.2008075437456723,simple loans,12,0.3374610869374407,61216,house,71120.79658446684,0,0.08518773450531697,0.066892184,0.04,Engineering_simple loans,0.0,4519.367007432237,0.0,0.0,0.0,0.0,0.0,0.0
name251,34,bachelor degree,0,1,HighSkilled,Doctor,1794,1379.793330763986,414.206669236014,0.0,1264.8622826373069,0.3643764997617702,auto loans,60,0.4741670085848901,0,none,5891.774117485914,0,0.16604956611535132,0.15544817,0.15,Doctor_auto loans,1.0,75891.73695823841,11383.760543735762,11383.760543735762,11231.977069819284,32722.306666592132,32135.07338405459,31803.366517969658
name252,60,high school or lower,0,3,LowSkilled,Cleaning Services,4939,4108.268699480764,830.7313005192364,0.0,2083.3751293797336,0.9104993219237276,auto loans,24,0.2536229659567721,0,none,9181.472356846643,0,0.35535272262998796,0.29875135,0.46,Cleaning Services_auto loans,1.0,50001.0031051136,17850.358108525554,14900.298925323854,23600.47346561362,22974.50440733119,23358.746882191746,21141.61183285035
name253,57,high school or lower,0,0,Unemployed_LowSkilled,Transportation,2414,2287.4893357898063,126.51066421019368,0.0,1128.0285122502,0.7874690570684523,mortgages,36,0.4148789759900606,17256,liquid assets,21536.31995459505,0,0.4241726320764166,0.32523483,0.59,Transportation_mortgages,0.5968592886360862,40609.0264410072,10155.669471555315,8071.212253049929,14470.01115636879,10619.42463235747,11266.801322669258,8454.71756094402
name254,59,bachelor degree,0,1,HighSkilled,Research,19875,16940.505380296156,2934.4946197038444,0.0,8369.44526768922,0.5643479614379715,simple loans,60,0.2734566363766226,52316,house,96501.91716436624,0,0.17284014708547354,0.19414096,0.06,Research_simple loans,0.9275546370998847,502166.71606135316,82910.09776222741,89431.11668734642,25618.28863439611,202909.90809880066,208359.46058262623,134576.2972188347
name255,39,post graduate degree,1,0,HighSkilled,Consultant,2618,2409.923942646093,208.0760573539069,0.0,2314.907704308965,0.6682247158809644,auto loans,12,0.8047485282486854,48002,car,52704.70231446379,1,0.3757990834861952,0.4947037,0.84,Consultant_auto loans,0.0,27778.89245170758,0.0,0.0,0.0,0.0,0.0,0.0
name256,36,ausbildung,0,2,MediumSkilled,Teacher,1356,1039.4515160163523,316.54848398364766,0.0,1289.8449821292636,0.923342069064106,auto loans,24,0.7177702788684484,11946,liquid assets,14716.76554177874,1,0.30022748816272277,0.32851595,0.74,Teacher_auto loans,0.6350458052784378,30956.27957110233,5288.17832644823,6742.9188326087105,14665.356994536727,9182.561999882479,9129.338576826,4659.711570416977
name257,62,high school or lower,0,2,LowSkilled,Construction,5000,3258.860127675144,1741.1398723248558,0.0,3733.994745413227,0.8200640319021691,simple loans,12,0.3985709746176742,11948,liquid assets,23229.1266649058,0,0.33419780586290665,0.1790436,0.11,Construction_simple loans,0.7468430685552903,44807.936944958725,12348.399438610219,6257.860962114122,4149.597643327012,15511.918183787251,14703.646000408444,12621.3544299196
name258,41,ausbildung,0,0,MediumSkilled,Nursing,2059,1820.403279627352,238.59672037264795,0.0,813.2133013165122,0.2188815706931034,auto loans,24,0.2790755614103274,27325,car,28905.748995160968,0,0.1102353700395305,0.08481924,0.04,Nursing_auto loans,0.0,19517.119231596294,0.0,0.0,0.0,0.0,0.0,0.0
name259,35,high school or lower,3,0,LowSkilled,Construction,1064,631.818246559938,432.1817534400621,0.0,756.3430711929424,0.8011946862644741,mortgages,24,0.3046628926248875,0,none,2190.3254771881584,1,0.9084313402288016,0.7638597,0.53,Construction_mortgages,1.0,18152.233708630618,16609.293843397016,13850.154319685162,10237.859811667668,1606.7511596760492,3944.03254450548,7009.951690422951
name260,47,high school or lower,0,0,LowSkilled,Transportation,2849,2380.0693407053973,468.9306592946027,0.0,1795.4846248981262,0.9478464629239672,auto loans,24,0.4656209075477442,0,none,4482.856902545401,0,0.3283752640666402,0.32709947,0.11,Transportation_auto loans,1.0,43091.630997555025,14435.696384180934,13573.863764229833,4610.804516738388,20012.30586975567,20019.995650778033,16252.291070581117
name261,44,post graduate degree,1,1,HighSkilled,Consultant,5570,5712.918610097175,-142.91861009717468,0.0256586373603545,3011.300631306394,0.5968356788945552,auto loans,24,0.566287116948576,44906,car,56754.886825212525,1,0.35199611778598056,0.46164605,0.71,Consultant_auto loans,0.46946845331119386,72271.21515135345,11434.091735860906,16184.159519304601,24700.352473907235,15614.513850340545,14320.094304616312,8861.50437870075
name262,55,high school or lower,0,0,LowSkilled,Construction,4692,3726.8557549666234,965.1442450333776,0.0,4551.381700227812,0.6400064824757482,auto loans,24,0.7643302334173987,0,none,8392.68006718755,0,0.3261626650259938,0.358782,0.26,Construction_auto loans,1.0,109233.16080546749,34845.37829694413,40197.80317641203,24577.461181230185,50762.72807216368,50105.53808623125,50887.78464856038
name263,57,bachelor degree,3,0,HighSkilled,Research,19368,13820.259888800323,5547.740111199677,0.0,18268.104673617843,0.6792767749584656,auto loans,24,0.6567722306081251,78394,house,120630.74280900712,0,0.8529372116999336,0.4960169,0.24,Research_auto loans,0.8756114468365034,438434.51216682827,322090.6548572791,190413.5456605607,92519.48488749018,53607.215702636335,155476.13871034223,177614.1275997611
name264,36,post graduate degree,0,0,HighSkilled,Engineering,2012,1710.920378648476,301.0796213515241,0.0,1140.3353177165886,0.6079829632760186,auto loans,36,0.4171250975969505,19199,liquid assets,26479.58016266983,0,0.11346583524872436,0.07020287,0.08,Engineering_auto loans,0.5554819107221718,41052.07143779719,2850.4603851713346,1413.828351044982,1755.8835972655422,8701.336775735397,7104.091400190714,7540.18321806104
name265,39,post graduate degree,1,0,HighSkilled,Finance,2751,2389.469665648396,361.5303343516039,0.0,2114.8016416175496,0.8412396313746998,auto loans,24,0.6373214493878393,0,none,8081.738463690128,0,0.3242874431734085,0.25189048,0.16,Finance_auto loans,1.0,50755.23939882119,16901.49471980746,13094.851764895868,6699.691600644398,23599.47716946737,23590.559595828563,21666.19467250551
name266,33,post graduate degree,1,0,HighSkilled,Engineering,1808,1558.0792724238831,249.9207275761169,0.0,795.5860100261762,0.7158271995444399,auto loans,24,0.3018060190542363,14778,liquid assets,20907.518871900164,0,0.27185137577805235,0.26159889,0.41,Engineering_auto loans,0.26550148856864236,19094.064240628228,1318.0706444651403,1297.7926345502922,2235.6505931120264,2367.0008211250947,2362.593755840712,2248.0763248095054
name267,41,ausbildung,0,0,MediumSkilled,Electrician,2001,942.2113424334124,1058.7886575665875,0.0,1265.860908020943,0.598941287346062,auto loans,24,0.1034843830356599,10388,liquid assets,12669.57046502616,0,0.18833431278685037,0.08107114,0.08,Electrician_auto loans,0.676669895587485,30380.661792502633,3947.074414658199,1603.498980954893,1685.729697926939,9137.111438349952,6837.726636532165,6797.527727311301
name268,32,ausbildung,0,0,MediumSkilled,Artist,1219,567.3725680095562,651.6274319904438,0.0,769.6657854894742,0.3043784868763336,auto loans,36,0.0968321193593357,47141,car,54113.7383762155,0,0.2681848780102018,0.25417814,0.11,Artist_auto loans,0.0,27707.96827762107,0.0,0.0,0.0,0.0,0.0,0.0
name269,44,bachelor degree,1,3,HighSkilled,Finance,6038,5785.422133049483,252.5778669505171,0.0,4240.399142277639,0.4303196779509315,auto loans,36,0.6604540038633855,55955,house,75837.69006900325,1,0.2033583828399484,0.23636432,0.7,Finance_auto loans,0.7449628913979992,152654.369121995,22062.036999897813,25701.1358864789,77672.016860465,51335.62542028212,52524.60718170965,30596.369351499925
name270,44,ausbildung,1,0,MediumSkilled,Nursing,3273,3576.8225471760115,-303.82254717601154,0.0928269316150356,2437.7699021669423,0.7339098834468232,simple loans,24,0.837639000715843,42485,car,54335.47028488881,1,0.418750102386032,0.43623087,0.32,Nursing_simple loans,0.38056709016303447,58506.477652006615,10219.928739672157,9551.959541000775,7481.255025119489,9801.779859076483,9647.036851616818,10364.412595396205
name271,45,high school or lower,1,1,LowSkilled,Agriculture,2192,2463.057916979631,-271.05791697963105,0.1236578088410725,483.84513379847664,0.8402598172374793,auto loans,24,0.3443900779097206,8496,liquid assets,10759.472076907565,0,0.5656912156194491,0.69750416,0.21,Agriculture_auto loans,0.31047519399449447,11612.28321116344,2051.4304272591335,2494.885510831846,829.2249530221454,1314.314183290321,977.0248701996702,1636.9045450997896
name272,39,ausbildung,1,0,MediumSkilled,Nursing,1675,970.491906284462,704.508093715538,0.0,1512.7545053974757,0.7334784751465531,auto loans,48,0.4825351711533956,15108,liquid assets,20824.328153612176,1,0.42481862820255906,0.51869,0.39,Nursing_auto loans,0.8026426628338672,72612.21625907884,25119.39658596839,30015.056245414668,21855.62347967087,25520.415629778196,22883.71252692418,26237.171547804177
name273,39,high school or lower,1,1,LowSkilled,Construction,1193,763.1712684847536,429.8287315152464,0.0,340.43308388302324,0.5005493013935429,auto loans,60,0.0,21782,car,25891.099150390623,0,0.5011824317006147,0.40259254,0.23,Construction_auto loans,0.09207018838373895,20425.985032981396,885.7740405476238,714.6372301658113,447.58858099858696,756.4848824491501,838.8556873514624,865.6940809515977
name274,47,high school or lower,0,1,LowSkilled,Agriculture,2812,1783.4258141237085,1028.5741858762915,0.0,2096.8855199914524,0.7151703112533587,auto loans,48,0.3799115697422336,12667,liquid assets,16150.233421873172,0,0.2685845850957454,0.24611305,0.12,Agriculture_auto loans,0.880832924695624,100650.50495958971,24025.85151568029,22341.382221222997,10284.128324055031,41374.255883240345,41122.33670119082,34527.72728015932
name275,33,bachelor degree,2,0,HighSkilled,Research,1786,988.4649190428768,797.5350809571232,0.0,1675.65487168634,0.4889066010938412,mortgages,24,0.4916684158618236,13140,liquid assets,16932.505592983478,1,0.5125836194917399,0.6666388,0.78,Research_mortgages,0.6900906246328913,40215.71692047216,14875.334216403577,19260.227511537465,21202.90175621704,10991.316900751981,8175.923710279297,5651.761447888029
name276,39,high school or lower,2,0,LowSkilled,Agriculture,1196,740.8615383319146,455.13846166808537,0.0,1039.4230067659053,0.5761908378788565,simple loans,36,0.4885322283426587,21620,car,23826.34687031097,0,0.6450225862586215,0.6645725,0.31,Agriculture_simple loans,0.5082419731295724,37419.22824357259,12761.093027379935,12780.111049775433,6009.695076977733,5906.203696018756,5632.146715794384,8871.373500921723
name277,40,high school or lower,1,0,Unemployed_LowSkilled,Agriculture,646,543.4038196080677,102.59618039193232,0.0,200.35102708465627,0.2730557400573547,mortgages,24,0.1513232920939999,0,none,1146.3145469744063,0,0.5432289844187681,0.40742773,0.23,Agriculture_mortgages,1.0,4808.42465003175,2457.1049961662243,1966.6456818629858,1211.723011808001,1819.3711019513294,2136.711725293958,2213.427094698105
name278,34,bachelor degree,0,0,HighSkilled,Research,1807,1384.089957315559,422.9100426844407,0.0,830.3708193053521,0.5496656471961114,mortgages,24,0.2254901918212017,17641,liquid assets,24027.0229397256,1,0.14168962652714548,0.26983005,0.69,Research_mortgages,0.15868734354041858,19928.89966332845,524.9690484446843,872.8401046429691,2201.075046490965,1302.432540544856,1476.1558459761623,875.432924052552
name279,65,bachelor degree,1,0,HighSkilled,Consultant,19836,8128.579267990761,11707.42073200924,0.0,10605.16981198932,0.6653264123548572,auto loans,24,0.0,38920,car,93796.71035919333,0,0.38221377423548586,0.3997541,0.21,Consultant_auto loans,0.8693416403507815,254524.0754877437,85852.13038979314,80984.22608934094,41377.186553843596,100132.52391317353,98910.22319919922,100461.15781536001
name280,52,post graduate degree,3,0,HighSkilled,Consultant,16907,12017.323257315376,4889.676742684624,0.0,10364.430702392552,0.3835608819713483,simple loans,48,0.3238158135510693,18111,liquid assets,63160.01308546069,0,0.8444176741138643,0.6032594,0.25,Consultant_simple loans,0.9652745741212204,497492.67371484253,406263.6063212495,286689.5661628676,119574.04015838196,70740.7606284932,163239.47185894355,223059.34339759816
name281,31,high school or lower,1,0,LowSkilled,Transportation,1000,498.7548919270606,501.2451080729394,0.0,711.0953428054555,0.8676127088443988,mortgages,12,0.2098502347325161,16388,liquid assets,22020.936336113005,1,0.5868071596954744,0.53504974,0.87,Transportation_mortgages,0.0,8533.144113665467,0.0,0.0,0.0,0.0,0.0,0.0
name282,32,bachelor degree,0,0,Unemployed_HighSkilled,Consultant,878,773.3769927224798,104.62300727752016,0.0,211.0401815110865,0.5524633082408503,auto loans,60,0.121204070881055,74295,house,81561.3266823727,0,0.37815913796864115,0.23152341,0.21,Consultant_auto loans,0.0,12662.41089066519,0.0,0.0,0.0,0.0,0.0,0.0
name283,48,bachelor degree,0,0,HighSkilled,Research,11604,9654.910871056602,1949.0891289433985,0.0,5659.874173581502,0.6606498221056649,auto loans,48,0.3197849917819806,40130,car,74149.95306393316,0,0.18576966812295867,0.12843058,0.13,Research_auto loans,0.8738787976232222,271673.9603319121,39884.89911846557,33712.23615965542,30863.31479405074,105201.5978491778,94681.39025572214,95072.14707416907
name284,36,high school or lower,1,1,LowSkilled,Agriculture,1070,808.3101710042399,261.6898289957601,0.0,1009.9450743448124,0.5652548678129913,mortgages,48,0.6993039676159366,0,none,1813.8075759174133,1,0.3837108994082944,0.33351156,0.75,Agriculture_mortgages,1.0,48477.363568550994,17936.62452036387,14688.64116127095,38200.162492018186,21916.455978873448,22476.174804214847,11092.043507069207
name285,45,ausbildung,1,1,MediumSkilled,IT Support,3856,2011.1804620138475,1844.8195379861525,0.0,1188.761747605925,0.572531942073149,auto loans,24,0.0,35996,car,49155.52065286623,1,0.3210127726574716,0.29570603,0.65,IT Support_auto loans,0.0,28530.2819425422,0.0,0.0,0.0,0.0,0.0,0.0
name286,61,ausbildung,2,0,MediumSkilled,Nursing,9868,6530.962788255049,3337.0372117449506,0.0,5353.125848763177,0.4220873285498938,simple loans,24,0.2043056989276678,31690,car,57396.77997870154,0,0.486968339391296,0.5509882,0.24,Nursing_simple loans,0.7892146989175641,128475.02037031624,49987.426638353616,54651.56786627302,22509.551143437126,41539.93494911476,37888.662649558595,46911.05542130582
name287,47,high school or lower,2,0,LowSkilled,Transportation,2848,2147.456562135353,700.5434378646469,0.0,2573.0939046876324,0.2986461116715875,auto loans,60,0.6574966526766101,0,none,4765.411792684852,1,0.6565935982844747,0.65541995,0.39,Transportation_auto loans,1.0,154385.63428125795,99115.57720856761,99115.57720856761,58357.76975831551,46636.46705919204,46770.26592738502,69501.14649420176
name288,64,high school or lower,0,0,LowSkilled,Agriculture,4994,3900.331145604536,1093.6688543954642,0.0,4075.163615049269,0.6694583883286278,auto loans,24,0.5970153705754515,0,none,8611.439593117542,1,0.18591715882268725,0.20743787,0.66,Agriculture_auto loans,1.0,97803.92676118246,17604.706817012844,19365.17749871413,66995.68983141,43346.715623693985,44310.00129037936,29297.57905002581
name289,32,high school or lower,1,0,LowSkilled,Manufacturing,1034,558.3941228522899,475.6058771477101,0.0,477.0524617892471,0.2755374466712541,simple loans,12,0.0013990180285657,6637,liquid assets,10112.363751294952,1,0.630632737026497,0.7757041,0.73,Manufacturing_simple loans,0.0,5724.629541470966,0.0,0.0,0.0,0.0,0.0,0.0
name290,41,high school or lower,1,0,LowSkilled,Construction,1413,1065.5063475488992,347.49365245110084,0.0,1388.7779578275888,0.634283493208031,auto loans,36,0.7369315678531408,0,none,2370.454494946317,1,0.6086539740990693,0.703828,0.81,Construction_auto loans,1.0,49996.0064817932,30547.559960375645,35547.160608554965,41196.70934099759,16811.087071365222,13301.173509111444,8888.652440916223
name291,51,ausbildung,1,1,MediumSkilled,IT Support,7937,5869.153222423114,2067.846777576886,0.0,3649.4313769051264,0.3216048168303581,auto loans,48,0.1992673049424518,29922,car,45329.74520410036,0,0.275800764157428,0.26067176,0.2,IT Support_auto loans,0.8541186130011124,175172.70609144607,41893.115253493685,35758.7662342321,31719.07297764521,69890.66111708034,69713.06055612501,67326.5784443706
name292,40,ausbildung,1,0,MediumSkilled,IT Support,1795,1854.5462821471328,-59.54628214713284,0.033173416237957,525.8438477271386,0.3015323628012432,simple loans,24,0.3261226350274492,18583,liquid assets,21668.467531113354,0,0.38740637713324455,0.22839457,0.14,IT Support_simple loans,0.0,12620.252345451327,0.0,0.0,0.0,0.0,0.0,0.0
name293,56,high school or lower,0,0,LowSkilled,Cleaning Services,4813,4037.841226564826,775.1587734351742,0.0,2362.013198574061,0.5764282526302639,auto loans,24,0.3297017297192783,17177,liquid assets,24085.087431907406,1,0.411504192981281,0.37355787,0.82,Cleaning Services_auto loans,0.7120414218439142,56688.31676577746,16065.043009393268,16024.678579721427,33825.392065003914,17877.719091045044,18365.147697040975,6822.338755051767
name294,44,bachelor degree,2,1,HighSkilled,Engineering,5686,5576.049529752853,109.95047024714675,0.0,1433.6136799689286,0.5583823500912377,auto loans,12,0.2327933889767467,62982,house,69447.47059968363,1,0.3884635636531004,0.48195454,0.84,Engineering_auto loans,0.0,17203.364159627145,0.0,0.0,0.0,0.0,0.0,0.0
name295,41,high school or lower,0,0,LowSkilled,Agriculture,1403,817.7267035885714,585.2732964114286,0.0,681.4947995880801,0.8517260027440602,auto loans,36,0.0685826822356746,10157,liquid assets,12477.10017875891,1,0.3139232683051644,0.46604243,0.79,Agriculture_auto loans,0.6090618257693359,24533.812785170885,4826.462644990219,7052.911357385088,11819.603567143231,6965.144960569425,6275.821217902529,2915.3622285164583
name296,59,bachelor degree,0,1,HighSkilled,Engineering,19692,18505.156186356227,1186.8438136437726,0.0,7550.685181700949,0.8837343910988547,auto loans,60,0.3231688689852314,46457,car,89589.06993034433,0,0.1579463229854051,0.1402425,0.03,Engineering_auto loans,0.9125149475142977,453041.110902057,76066.84853873617,60770.79747388162,14469.237493781338,175840.78296128576,169708.38878564915,82304.80628266506
name297,39,high school or lower,0,0,LowSkilled,Manufacturing,1242,1569.3443418442105,-327.3443418442105,0.2635622720162725,350.57053113957227,0.4593996687999951,simple loans,36,0.5458251795360569,8710,liquid assets,11709.12687989091,0,0.5093955812621349,0.6526186,0.18,Manufacturing_simple loans,0.34845408534899397,12620.539121024602,2110.8856396933556,2924.4561466585033,769.5937228048691,1749.4132477011424,1341.3233203928617,1934.6831238538364
name298,53,ausbildung,0,0,Unemployed_MediumSkilled,Teacher,4413,4712.283319082983,-299.2833190829833,0.0678185631278004,3633.0910776143496,0.4663474213293716,mortgages,24,0.8910886917510386,35713,car,44585.96688990449,0,0.19406409246974185,0.24963436,0.14,Teacher_mortgages,0.6503858632939463,87194.18586274439,11285.26330346421,13893.917132405686,8846.739072062395,25365.828120772578,26338.228819785538,23267.318379268843
name299,56,ausbildung,0,0,MediumSkilled,Teacher,9549,13653.3655011055,-4104.3655011055,0.4298214997492407,2892.58671776136,0.3393726724151841,mortgages,48,0.7327418807065514,13415,liquid assets,30610.384069760647,0,0.29360326425713784,0.07135701,0.19,Teacher_mortgages,0.9081926004403809,138844.16245254528,36820.394358493184,6178.764806733446,24715.059226933783,58929.182865664,39582.94524928458,56152.107080638016
name300,59,high school or lower,0,0,LowSkilled,Agriculture,4940,3524.9427888525856,1415.0572111474144,0.0,2700.548889876321,0.4099863177091504,mortgages,12,0.2602209875969447,14894,liquid assets,22014.75382525541,0,0.15372090931331203,0.10763183,0.37,Agriculture_mortgages,0.5630690061935419,32406.58667851585,2554.6002377275513,2226.1516357340092,6988.656364640373,7701.708334176313,6825.099653088675,8319.460675977429
name301,65,ausbildung,0,1,MediumSkilled,Teacher,10000,5267.214580111948,4732.785419888052,0.0,4595.1396079529495,0.4115639776398784,auto loans,24,0.0,13365,liquid assets,40979.343741486206,0,0.17506752727278632,0.24818707,0.11,Teacher_auto loans,0.8844971367781727,110283.35059087079,14339.160251293506,23605.964495326723,10437.34793801636,42628.237838769295,45280.48648921826,36789.85219992926
name302,43,post graduate degree,0,0,HighSkilled,Engineering,4772,5036.099508996834,-264.0995089968337,0.055343568524064,3773.858157009357,0.3771361622552356,simple loans,60,0.8461772141672653,64935,house,81558.04436918876,0,0.07925516368797102,0.081250235,0.18,Engineering_simple loans,0.8005275012082448,226431.4894205614,14682.435388076954,13957.376850394141,33715.22200225078,59687.12565125488,60349.573538008735,79744.26412971503
name303,49,bachelor degree,2,0,HighSkilled,Doctor,13124,5640.278271686146,7483.721728313854,0.0,11522.255306885454,0.3575991335687666,auto loans,36,0.3077212418905516,64662,house,95052.99929581177,1,0.6265420137119353,0.5939695,0.57,Doctor_auto loans,0.8914673769906668,414801.1910478764,231483.36282729032,215952.53017753598,216692.09363704812,119735.51124564088,128012.04713966858,133793.35540086226
name304,39,bachelor degree,0,1,HighSkilled,Engineering,2497,1911.180350923649,585.819649076351,0.0,2345.90419623822,0.4748549381697982,simple loans,12,0.7048796744741165,45188,car,49898.28334581439,0,0.08272143320055884,0.036808513,0.08,Engineering_simple loans,0.0,28150.850354858638,0.0,0.0,0.0,0.0,0.0,0.0
name305,39,bachelor degree,0,0,HighSkilled,Engineering,2452,2730.440588979715,-278.4405889797149,0.1135565207910745,826.2021737234589,0.5296383428115813,mortgages,24,0.450506836338978,30131,car,34039.055693772294,0,0.0630348215028263,0.042788804,0.11,Engineering_mortgages,0.0,19828.852169363014,0.0,0.0,0.0,0.0,0.0,0.0
name306,60,bachelor degree,0,1,HighSkilled,Engineering,19680,10141.376107311544,9538.623892688456,0.0,11512.744146805931,0.2162716389105924,mortgages,48,0.1003109885222295,0,none,64408.46052365592,0,0.05464488918917129,0.07498253,0.07,Engineering_mortgages,1.0,552611.7190466847,32051.47970470771,34261.92658089445,35367.15001898782,152387.69854078992,177471.81681277626,171923.8603750634
name307,33,bachelor degree,2,0,HighSkilled,Research,1660,2063.2152976039474,-403.2152976039474,0.2429007816891249,1502.8106858317642,0.2331352121293281,auto loans,48,1.1482084237564527,78132,house,99137.70756028102,0,0.6316104880899187,0.74479413,0.17,Research_auto loans,0.24640684467296098,72134.91291992468,11446.801366482196,13259.804067384655,3003.8966318874086,5691.522321502147,4143.238785106516,7710.760497077996
name308,38,high school or lower,0,0,LowSkilled,Transportation,1159,888.3876276536281,270.6123723463719,0.0,823.2159671350702,0.3867789803302127,auto loans,36,0.4767934381265731,0,none,1861.637397927317,0,0.2599938884024228,0.31594497,0.1,Transportation_auto loans,1.0,29635.774816862526,8179.473849454058,9364.904842128559,2963.5774816862527,13806.216528997971,13808.139054206116,10769.535283779438
name309,56,high school or lower,0,2,LowSkilled,Agriculture,4789,3271.689244687611,1517.3107553123891,0.0,1108.109680656917,0.4756347641858574,simple loans,24,0.0,13782,liquid assets,23083.32768016786,0,0.20768960306838133,0.16719644,0.19,Agriculture_simple loans,0.5074284941612023,26594.632335766008,2914.8928356042497,2348.10811757009,2429.0773630035414,6115.159657341594,5829.11273580504,6009.375126462189
name310,61,high school or lower,0,0,LowSkilled,Agriculture,4981,2316.040536385385,2664.959463614615,0.0,1972.8173096287424,0.371984845761158,auto loans,60,0.0,13349,liquid assets,23067.301399773038,0,0.18375876443291825,0.1280006,0.16,Agriculture_auto loans,0.8928286733680527,118369.03857772454,18705.939087572693,15746.807480499045,17332.05655571707,46716.014989212395,42099.29492199502,45113.654570317805
name311,44,high school or lower,0,0,LowSkilled,Cleaning Services,1930,1810.5981036609376,119.40189633906245,0.0,1179.6421730899087,0.7195012879830223,auto loans,48,0.5493472936532883,21052,car,23073.83443466022,0,0.3565068175030307,0.2717684,0.14,Cleaning Services_auto loans,0.6838630041434541,56622.82430831562,13397.900138161815,10687.342306741797,5885.7827196549015,17782.135193971142,18079.600151499257,15887.236124138719
name312,48,ausbildung,1,0,MediumSkilled,IT Support,5977,6019.509908005593,-42.50990800559339,0.0071122482860286,2353.719232316322,0.4796385023169347,mortgages,12,0.4009083386852796,36263,car,46636.33875038838,1,0.2657002453586546,0.23074862,0.79,IT Support_mortgages,0.0,28244.630787795868,0.0,0.0,0.0,0.0,0.0,0.0
name313,55,bachelor degree,0,1,HighSkilled,Research,18719,15938.284851688732,2780.7151483112666,0.0,10252.78459255462,0.7217832078787324,simple loans,48,0.3991703319751777,38947,car,97360.6462336191,1,0.20997133698880197,0.208951,0.63,Research_simple loans,0.9324177594264206,492133.6604426218,95445.82632171232,91774.83300164646,302856.9489054333,208334.98968086104,208158.97648749026,147459.96193956124
name314,59,post graduate degree,0,0,HighSkilled,Finance,19655,16463.8100791939,3191.1899208061004,0.0,13974.057159990103,0.4628122202756954,auto loans,36,0.5486068297727806,44198,car,94796.2548333527,0,0.15872243401071462,0.13990071,0.1,Finance_auto loans,0.9248820439301286,503066.0577596437,82353.98718067222,58624.87223030904,42340.18549966764,198174.59065636463,190854.0724169664,169079.92298854806
name315,65,bachelor degree,1,0,HighSkilled,Engineering,19984,17064.887687334463,2919.1123126655366,0.0,6631.249066472708,0.6233150176888016,mortgages,12,0.1857554420439937,13760,liquid assets,72235.62538670473,0,0.21372555546098906,0.24575382,0.22,Engineering_mortgages,0.8350740206229468,79574.9887976725,13556.005190604857,16479.849447401983,13556.005190604857,30259.85476896923,30818.364928190946,30398.39742597085
name316,55,ausbildung,1,1,MediumSkilled,IT Support,9429,6902.2937485972525,2526.7062514027475,0.0,9063.31782298342,0.59747742790062,auto loans,48,0.6932454737067212,0,none,24676.101883607444,1,0.3379003086865667,0.31853753,0.78,IT Support_auto loans,1.0,435039.2555032041,151393.66091511503,133992.09069498687,338895.58003699605,201388.40821092008,202577.62964177624,88595.22740435193
name317,42,ausbildung,0,0,MediumSkilled,Nursing,2353,1340.170339981753,1012.8296600182472,0.0,598.2075213181655,0.2383134388513082,auto loans,36,0.0,31459,car,41728.835375149385,0,0.11189845758884756,0.07872189,0.0,Nursing_auto loans,0.0,21535.470767453957,0.0,0.0,0.0,0.0,0.0,0.0
name318,49,ausbildung,0,0,MediumSkilled,Teacher,6661,4047.130367229397,2613.869632770603,0.0,1776.4011524614727,0.3954138732057266,auto loans,12,0.0,0,none,15182.12017072689,1,0.2003441683893416,0.17405574,0.72,Teacher_auto loans,1.0,21316.813829537674,4966.8176222822785,3751.7592339986304,15497.323654073889,9595.51582396826,9302.37730919238,5397.7900823405
name319,53,ausbildung,0,0,MediumSkilled,Electrician,8837,9534.096701727723,-697.0967017277253,0.0788838634975359,3557.992698965491,0.8147548862369374,auto loans,12,0.4815083626449265,41454,car,65563.92884753687,0,0.22862823198263857,0.14416245,0.05,Electrician_auto loans,0.17149910688546544,42695.91238758589,1779.321534637848,1091.024315477528,388.08247463294623,3367.9815280970665,3031.8924215044817,1929.472166651132
name320,61,ausbildung,0,0,MediumSkilled,Artist,9910,8525.373531553003,1384.626468446997,0.0,7163.863496718831,0.9794157203049368,mortgages,24,0.5831722531051295,34089,car,63354.35915783727,1,0.214399659947443,0.33809653,0.66,Artist_mortgages,0.8309131871107444,171932.72392125195,29715.122861224143,49144.241655101476,95574.1211257642,65088.38130613354,66128.4928537707,42794.665711325135
name321,49,high school or lower,1,1,Unemployed_LowSkilled,Construction,1760,2158.4570499065803,-398.4570499065803,0.2263960510832842,728.1578151831292,0.8072492156448189,auto loans,48,0.6401220824373349,23085,car,24276.430483414057,1,0.8080390434915672,0.7711549,0.59,Construction_auto loans,0.4389776390801836,34951.5751287902,12443.14050498986,11660.649548449192,8837.544920929911,2754.034174287737,3239.542437011456,5351.970613568956
name322,56,high school or lower,0,0,LowSkilled,Agriculture,4824,3761.2192799930153,1062.780720006985,0.0,2671.161893230151,0.963566649206379,auto loans,24,0.3334123493414523,0,none,9327.015615635048,0,0.2648621920904261,0.2692941,0.23,Agriculture_auto loans,1.0,64107.88543752362,18206.639464256707,16988.58964094376,16091.079244818427,29897.757032442456,29921.39474717349,29510.315943139485
name323,56,bachelor degree,0,0,HighSkilled,Finance,18998,17495.95038915651,1502.049610843489,0.0,7725.956158379922,0.7095891124870357,mortgages,36,0.3276085139244359,35434,car,84852.19274306603,0,0.14080085147841195,0.0461128,0.1,Finance_mortgages,0.8911996346704291,278134.4217016772,37676.74084149048,13385.157930529513,26522.44256604922,101882.68898409003,62608.96210721399,90076.27480675348
name324,60,high school or lower,0,2,Unemployed_LowSkilled,Cleaning Services,2472,2808.6346744707744,-336.6346744707744,0.1361790754331611,583.5577303811873,0.5464437873594249,mortgages,48,0.372246118467622,18413,liquid assets,20438.91252916354,0,0.5295043851330945,0.79816264,0.62,Cleaning Services_mortgages,0.3764406531484747,28010.77105829699,5725.605373141097,8414.425575997413,6463.7128798075355,4075.0182411098754,1983.1107665961185,3462.7380000838316
name325,37,high school or lower,3,0,LowSkilled,Construction,1119,532.8693956366982,586.1306043633018,0.0,349.26453533867414,0.8147168633900114,simple loans,12,0.0,6429,liquid assets,8954.91614406777,1,0.937816572825498,0.8956229,0.67,Construction_simple loans,0.0,4191.174424064089,0.0,0.0,0.0,0.0,0.0,0.0
name326,64,bachelor degree,0,0,HighSkilled,Engineering,20000,10914.458972932824,9085.541027067176,0.0,8691.31792963017,0.8160797967999962,auto loans,36,0.0,61270,house,130747.72035789573,1,0.11321401837112409,0.23366135,0.56,Engineering_auto loans,0.863864419569826,312887.4454666861,26758.94081540767,60815.77458047199,155958.675257477,103051.8120328106,124669.11252014614,99499.08328043165
name327,31,ausbildung,2,2,MediumSkilled,Electrician,1256,1174.2700794861162,81.72992051388383,0.0,1104.33853368381,0.9447455525398124,simple loans,12,0.814178832141661,39166,car,41411.47518886516,1,0.6824995400682605,0.7422615,0.75,Electrician_simple loans,0.0,13252.06240420572,0.0,0.0,0.0,0.0,0.0,0.0
name328,53,high school or lower,1,0,LowSkilled,Agriculture,4453,5071.749547855388,-618.7495478553883,0.1389511672704667,4288.7969557167735,0.836828528388655,mortgages,48,1.1020764661064817,0,none,7874.862772714664,0,0.44472345506116395,0.40826997,0.14,Agriculture_mortgages,1.0,205862.2538744051,90785.25395861265,84815.2485962549,33143.82287377922,88451.90942057449,91417.18014433871,84462.5980271249
name329,51,ausbildung,0,1,MediumSkilled,Artist,7914,5872.971532407273,2041.0284675927269,0.0,3850.008722308276,0.8747884507802732,simple loans,60,0.2285797643057302,19690,liquid assets,32908.54762658284,0,0.3791039867971476,0.39925912,0.07,Artist_simple loans,0.9190246135962339,231000.52333849657,85342.65701407923,80884.45851334375,16346.727836030102,96262.92362663904,94934.30949626284,66047.46758046708
name330,40,bachelor degree,0,0,HighSkilled,Engineering,2865,2970.2081104247573,-105.20811042475724,0.0367218535513986,1726.4256965133693,0.3656169303843344,auto loans,24,0.6393137196991716,0,none,7396.846619219042,0,0.07729298494423116,0.084047765,0.03,Engineering_auto loans,1.0,41434.216716320865,3521.9084208872737,4557.763838795295,1615.9344519365138,13490.994903437082,14001.28448745963,8249.103061731807
name331,39,ausbildung,0,1,MediumSkilled,Electrician,1588,857.9005163622063,730.0994836377937,0.0,1464.5060653785254,0.2500950420572814,auto loans,24,0.4624726585269091,34106,car,35373.81902224905,0,0.11892409239247198,0.07262199,0.04,Electrician_auto loans,0.17138391650388765,35148.145569084605,686.7162603845472,451.78701341088635,271.0722080465318,2338.436184411755,1906.375531075814,1409.63837333654
name332,31,high school or lower,0,0,LowSkilled,Construction,1036,733.8636113985491,302.1363886014509,0.0,357.80853330134056,0.4516486883995862,mortgages,36,0.0537375914091599,15672,liquid assets,17311.705911383902,1,0.35650685686032246,0.4409806,0.83,Construction_mortgages,0.0,12881.10719884826,0.0,0.0,0.0,0.0,0.0,0.0
name333,44,high school or lower,0,0,LowSkilled,Manufacturing,1943,1104.1093656621356,838.8906343378644,0.0,1091.5464257952956,0.2890344693072022,auto loans,48,0.1300338607603866,20826,car,25741.84002253929,0,0.25055600017502333,0.3219978,0.15,Manufacturing_auto loans,0.6612292462861591,52394.22843817419,8176.124698460828,10601.24643105514,5162.044830807896,16095.361629597113,16118.500161401374,14518.244466895163
name334,46,ausbildung,3,0,MediumSkilled,Electrician,4432,4185.518272858727,246.48172714127304,0.0,3932.120546350681,0.2656419817429415,simple loans,24,0.8315972065003177,39386,car,45801.49922745544,1,0.7397173915942075,0.8065901,0.81,Electrician_simple loans,0.6433312292786894,94370.89311241634,45533.80700560395,51119.2873316247,50997.86384627642,14404.60037635891,10974.29576019962,10793.773696890763
name335,55,high school or lower,0,1,LowSkilled,Agriculture,4746,5210.453715495183,-464.45371549518313,0.0978621398009235,2332.274582015658,0.9043631845883902,auto loans,36,0.5892811414898527,15968,liquid assets,22905.91908951329,0,0.3286747356089532,0.3126228,0.17,Agriculture_auto loans,0.8196665853137074,83961.88495256368,23261.414019022734,23261.414019022734,11905.990015653646,31958.30510132676,32087.452624128586,29855.087292294626
name336,45,ausbildung,1,0,MediumSkilled,Teacher,3860,3646.710313162044,213.2896868379562,0.0,2276.9013587348245,0.2584852990841886,mortgages,36,0.5346144227712094,0,none,8014.757471066659,0,0.28080738357598795,0.13914722,0.04,Teacher_mortgages,1.0,81968.44891445368,23033.134144961485,11721.488194766875,2868.895712005879,38304.65938836795,33565.35833279172,19181.472833904427
name337,36,high school or lower,1,0,LowSkilled,Construction,1063,703.6743070993238,359.32569290067624,0.0,934.639887576423,0.3563266766787057,mortgages,36,0.5412174926394607,21418,car,21320.82721919076,1,0.4252478226524751,0.4412474,0.74,Construction_mortgages,0.4580876566467045,33647.03595275123,6550.649037398871,6704.781955925903,11637.035348790934,6746.586919090322,6645.571123537328,3653.428609382907
name338,39,ausbildung,0,0,MediumSkilled,Teacher,1565,1407.636438549289,157.3635614507109,0.0,967.3764151266082,0.7541070924796703,auto loans,48,0.5175800981954616,32123,car,33612.991639298045,0,0.22825860811264354,0.24514066,0.18,Teacher_auto loans,0.41080037825138377,46434.067926077194,4406.355646257864,4711.557768942391,3242.772553523103,8771.938793064106,8844.461242949928,8391.777152947514
name339,40,bachelor degree,0,0,HighSkilled,Doctor,2929,1364.407511755819,1564.592488244181,0.0,866.2258191204459,0.8147249076111406,mortgages,12,0.0,73450,house,66540.60137136937,0,0.19322409827083545,0.10416226,0.09,Doctor_mortgages,0.0,10394.70982944535,0.0,0.0,0.0,0.0,0.0,0.0
name340,56,bachelor degree,0,1,HighSkilled,Doctor,18990,14698.413117928758,4291.586882071242,0.0,15043.451967371935,0.4140126824708923,simple loans,24,0.5661856285045125,21579,car,74105.74524036629,0,0.1736362814939625,0.14359988,0.08,Doctor_simple loans,0.9488971434513218,361042.84721692646,61666.65474978123,49675.91632621266,28435.179690176905,149413.6215559243,141683.38432208178,113280.40338412733
name341,35,high school or lower,1,0,LowSkilled,Transportation,1066,975.122136377028,90.87786362297209,0.0,423.44715275393946,0.6441636270095634,simple loans,24,0.3119786952448099,0,none,2044.5138271718365,1,0.5607622885370835,0.66864085,0.67,Transportation_simple loans,1.0,10162.731666094547,5701.292464679042,6880.169337946008,6798.867484617253,3736.2382125540794,2978.686198793237,2968.296583299165
name342,41,bachelor degree,0,0,HighSkilled,Consultant,3560,3186.357811717541,373.6421882824589,0.0,854.0385568583089,0.9553789049623028,simple loans,48,0.1349428001617556,43141,car,49266.35330543786,0,0.21953516929587505,0.17945397,0.13,Consultant_simple loans,0.10332114114541556,40993.85072919883,910.6392590164145,749.6890643995598,520.9703667861348,1936.946944932177,1862.0171796834509,1696.1411681115412
name343,48,bachelor degree,1,0,HighSkilled,Research,11707,6185.536255703405,5521.463744296595,0.0,10719.757560154554,0.2370375383392623,auto loans,36,0.4440329559970922,33530,car,63278.63296713851,0,0.2702709378998279,0.27536833,0.11,Research_auto loans,0.925696328534129,385911.27216556395,96453.89490157134,96811.13154935493,38938.794608412136,166759.87356670928,166867.35461597107,134734.1431840237
name344,50,ausbildung,0,1,MediumSkilled,Teacher,7330,6180.106202461873,1149.8937975381268,0.0,5951.751007870551,0.4515373394293307,auto loans,24,0.6550964816278887,0,none,18889.090714693783,0,0.1936426014502599,0.13349941,0.1,Teacher_auto loans,1.0,142842.0241888932,26568.616499134136,19283.673265500584,15998.306709156039,63863.35623951551,57711.39537286306,51908.28412670542
name345,38,bachelor degree,0,0,HighSkilled,Engineering,2273,1778.878206533734,494.1217934662661,0.0,481.4817558520596,0.8573662249719448,auto loans,60,0.0,64269,house,64225.61420898994,0,0.10704742844738863,0.057493333,0.04,Engineering_auto loans,0.0,28888.905351123576,0.0,0.0,0.0,0.0,0.0,0.0
name346,57,ausbildung,1,2,Unemployed_MediumSkilled,Teacher,4823,3365.733693281381,1457.266306718619,0.0,2162.474261249791,0.3828335991647283,simple loans,24,0.1462176973939813,0,none,11612.908209487356,0,0.3988239960503349,0.33291766,0.18,Teacher_simple loans,1.0,51899.38226999499,20240.759085298047,17022.997384558355,10172.278924919017,23215.953146230077,24067.60826681728,22832.24226906796
name347,39,ausbildung,2,0,MediumSkilled,Teacher,1653,1163.6738585799292,489.3261414200708,0.0,1297.724285820885,0.7926737607430547,auto loans,12,0.4890490891716963,0,none,3949.673331381365,0,0.7055370902349846,0.7474387,0.17,Teacher_auto loans,1.0,15572.69142985062,10978.747458044687,11150.047063773043,2880.9479145223645,4122.098277887059,3596.0879911242223,6755.579554719933
name348,52,high school or lower,1,1,LowSkilled,Agriculture,4271,2724.944499659536,1546.0555003404638,0.0,3278.0160067564434,0.9972156960212462,mortgages,24,0.4055163911065276,18035,liquid assets,24997.636404143755,0,0.46824020936363125,0.36370212,0.24,Agriculture_mortgages,0.7824710396123032,78672.38416215465,28009.28231198354,22899.896747379946,14096.979449327979,25790.04593900367,28164.99001259662,28480.78319078636
name349,37,high school or lower,0,0,LowSkilled,Agriculture,1110,865.3226211250851,244.6773788749149,0.0,282.9715676102741,0.6024232075936358,auto loans,36,0.0344992691309542,0,none,1783.6271710089973,1,0.26357301222158086,0.36076495,0.65,Agriculture_auto loans,1.0,10186.976433969869,2801.4185193417143,3524.693846153574,6906.770022231572,4749.608149670989,4668.0572869326,3126.6658476888892
name350,34,high school or lower,3,1,Unemployed_LowSkilled,Agriculture,523,420.5466256123842,102.45337438761578,0.0,288.0938268058176,0.9743442730547378,auto loans,48,0.3549530638971354,0,none,889.9471787437587,1,0.9584106871639914,0.92373294,0.83,Agriculture_auto loans,1.0,13828.503686679247,13247.706531838718,12860.5084286117,11643.600104183926,564.8416104421437,1024.4214261220573,2215.0277826697356
name351,52,ausbildung,0,0,MediumSkilled,Nursing,8469,8105.660916311106,363.3390836888939,0.0,3605.9213699737593,0.6840383822537568,mortgages,60,0.3828766426124531,34176,car,53233.4745651455,0,0.1275839963881221,0.055821598,0.1,Nursing_mortgages,0.8652612074178232,216355.28219842556,25834.128913460234,10296.210798842847,20218.013932273225,74490.18730176747,52180.45820780099,68029.20774122569
name352,31,ausbildung,0,4,MediumSkilled,Nursing,1307,1302.0467115931374,4.953288406862612,0.0,762.346914263496,0.338608955774588,auto loans,12,0.5794901498520532,0,none,2992.327861747441,1,0.14022533844051546,0.28000772,0.61,Nursing_auto loans,1.0,9148.162971161953,1180.113023279892,2588.9301208388324,5498.045945668334,3755.2838527459735,4274.820223367419,3067.6074504685066
name353,63,post graduate degree,1,1,HighSkilled,Engineering,19938,15758.115422467048,4179.884577532952,0.0,16005.070652031576,0.7027445049444607,auto loans,60,0.5930979072373671,53757,house,119423.68538910877,0,0.1961850172460559,0.26306796,0.22,Engineering_auto loans,0.9610846945484027,960304.2391218946,189201.40979765047,232579.2939951606,215043.55357489057,413734.4916125678,430265.1838888008,422201.3685083828
name354,51,ausbildung,0,0,MediumSkilled,Electrician,8001,8782.766259516553,-781.766259516553,0.0977085688684605,4659.603953865795,0.9295492496718606,auto loans,24,0.6800862658895573,0,none,15560.10740704483,0,0.2543003119011181,0.20447208,0.05,Electrician_auto loans,1.0,111830.49489277908,27622.132238516435,23931.725907054722,6038.8467242100705,52016.935641835116,50532.924165990364,29467.996091742087
name355,63,ausbildung,0,1,MediumSkilled,Nursing,9904,10254.938672983028,-350.9386729830276,0.0354340340249422,5604.551408940566,0.7061631875009324,simple loans,36,0.6013216964785535,37402,car,52441.26475505707,0,0.15988594547950205,0.089369096,0.12,Nursing_simple loans,0.841858954795523,201763.85072186036,29555.0665802552,14777.5332901276,19873.234424654358,72493.48420536488,58930.95216973704,66151.72730086611
name356,44,high school or lower,0,0,LowSkilled,Manufacturing,1911,971.9067716505856,939.0932283494144,0.0,1009.743995591048,0.9900275430716988,auto loans,12,0.0369705741714461,6773,liquid assets,9610.811997338067,1,0.4698611871047759,0.6738507,0.87,Manufacturing_auto loans,0.4739063740981124,12116.927947092576,2584.0302248766275,3709.518945045114,4961.3380317631245,2401.267313143223,1660.4981943230985,712.7937703696535
name357,54,bachelor degree,1,2,HighSkilled,Research,18212,23219.71441533121,-5007.714415331215,0.2749678462184941,11392.275161314576,0.8806819703815068,simple loans,24,0.9005045890976165,28067,car,70467.85790147983,0,0.5262216802967207,0.6227506,0.2,Research_simple loans,0.9125060391846359,273414.6038715498,132480.50541128806,155932.7982712901,51894.435264685344,96892.12666379355,81451.78353540668,112268.87584460665
name358,39,high school or lower,0,0,LowSkilled,Agriculture,1227,1091.690633324066,135.30936667593414,0.0,797.1612745668277,0.6761640642805531,simple loans,24,0.5394066078980387,24275,car,22071.114211640408,0,0.23510939276867723,0.25929502,0.11,Agriculture_simple loans,0.0,19131.870589603866,0.0,0.0,0.0,0.0,0.0,0.0
name359,40,ausbildung,0,0,MediumSkilled,IT Support,1755,1170.3350477911567,584.6649522088433,0.0,1302.241717825481,0.808287654059196,auto loans,48,0.40887564992401,18187,liquid assets,21856.79077095273,0,0.24761202873876217,0.19614445,0.18,IT Support_auto loans,0.7240175411172557,62507.602455623084,10906.840752084294,8417.72771737626,8010.4183116967615,21003.675750615184,20286.870853662975,19909.864524150627
name360,52,bachelor degree,3,1,HighSkilled,Doctor,16770,9524.872620838372,7245.127379161628,0.0,12899.469396199382,0.826437503111713,simple loans,12,0.3371700666092876,50771,house,87436.90106520178,1,0.8572794056813808,0.7590497,0.73,Doctor_simple loans,0.7720091944907972,154793.63275439257,101457.28946703444,89507.07869353215,89746.08290900219,16217.716229305417,26445.315023763123,29298.090173626526
name361,30,post graduate degree,0,1,HighSkilled,Engineering,1638,1392.4000888758403,245.5999111241597,0.0,780.7058322065227,0.6361010303137831,mortgages,48,0.3266824915032741,34321,car,39285.54653330955,0,0.06574087029768555,0.035282746,0.06,Engineering_mortgages,0.21915567038451975,37473.87994591309,566.670316420436,221.740558599301,492.7567968873356,2480.3197744135678,1793.0180196605627,2372.807590408405
name362,42,bachelor degree,0,1,HighSkilled,Engineering,3973,3560.3740310624576,412.6259689375424,0.0,3946.040064931569,0.9644550288767548,auto loans,36,0.889356681599302,68063,house,78214.12642433295,0,0.11189211980152806,0.075643286,0.04,Engineering_auto loans,0.6673335884104415,142057.4423375365,10333.167600351419,7109.97770666382,3317.9895964431166,35985.065819875985,30566.872534148242,22184.120196844833
name363,58,ausbildung,0,2,MediumSkilled,Artist,9859,8019.822426734312,1839.177573265688,0.0,3729.124652349241,0.7150635219947238,auto loans,60,0.1916976446986056,26388,car,43438.75087300383,0,0.22177845758346815,0.3199118,0.11,Artist_auto loans,0.8994705659108466,223747.47914095444,46288.482487329115,61181.298591948056,22339.2241569284,92175.6473972766,93683.70650314893,75904.36766694691
name364,51,post graduate degree,0,0,HighSkilled,Doctor,15669,13293.97968830486,2375.02031169514,0.0,13970.961899864213,0.9899917976590096,auto loans,24,0.7400562632056336,76112,house,127398.1639671548,0,0.329984437787708,0.25698966,0.05,Doctor_auto loans,0.8422754387870498,335303.0855967411,94327.46288491406,67780.21285143524,9884.61437416764,131092.69508506046,131465.46371515974,74418.69386485913
name365,33,ausbildung,0,0,MediumSkilled,Nursing,1256,962.6475602004434,293.3524397995566,0.0,734.9977234726693,0.6764871722435166,auto loans,12,0.3516284105677649,28114,car,30007.743690539115,0,0.1786885221579599,0.17292261,0.1,Nursing_auto loans,0.0,8819.972681672032,0.0,0.0,0.0,0.0,0.0,0.0
name366,65,high school or lower,0,2,Unemployed_LowSkilled,Cleaning Services,2488,3179.0973471010684,-691.0973471010684,0.2777722456194005,1368.8494273278322,0.8634371616891178,mortgages,48,0.8279528836129021,0,none,3037.8056221548877,1,0.5614756940269763,0.79917383,0.79,Cleaning Services_mortgages,1.0,65704.77251173595,36400.44397150172,51906.770284271406,52826.637099435706,24126.49541096744,12299.801532813564,12819.26164801828
name367,50,ausbildung,1,0,MediumSkilled,Nursing,7384,5126.306426148653,2257.693573851346,0.0,3766.343731841349,0.6279672325115416,mortgages,36,0.2043134016779526,14930,liquid assets,34729.56480257778,0,0.3231699833796678,0.27406535,0.17,Nursing_mortgages,0.8952253475715617,135588.37434628856,36050.4984165933,33865.61972467856,20270.818974986807,56455.84788604474,56690.22821893502,52656.71457675171
name368,51,ausbildung,0,0,MediumSkilled,IT Support,7952,7892.157453658448,59.842546341552406,0.0,4194.641355306498,0.3455244596700427,auto loans,60,0.5199696691354307,0,none,16571.229571492127,0,0.1546743604986178,0.12609902,0.11,IT Support_auto loans,1.0,251678.48131838985,40520.23549226077,29698.06079557,28187.989907659663,106417.00769345008,99742.7619077404,94922.18883106016
name369,64,post graduate degree,0,0,HighSkilled,Research,19863,12250.638619747944,7612.361380252056,0.0,19451.40554024789,0.2370321438204769,simple loans,24,0.596035048079134,29065,car,84194.85468980524,0,0.11118879280017213,0.14043055,0.13,Research_simple loans,0.9467179409118824,466833.7329659494,45521.86665343831,52151.26470976428,56570.8634139816,167366.57120490752,181506.6578911555,176985.1887478707
name370,43,high school or lower,0,0,LowSkilled,Cleaning Services,1682,1160.5543750387349,521.4456249612651,0.0,1575.4695971449337,0.6248168152902358,auto loans,48,0.6266492105729302,7439,liquid assets,9148.706079141895,0,0.42755483655858695,0.2702535,0.21,Cleaning Services_auto loans,0.9073984213280746,75622.54066295682,29506.50282618561,20242.833334243613,14410.152543020879,29973.12822046748,32031.973687583737,31155.02554337578
name371,57,ausbildung,0,0,MediumSkilled,Electrician,9701,7312.629427323472,2388.3705726765284,0.0,3295.9371017992166,0.7836979502092429,mortgages,24,0.0935539149698678,31075,car,58320.39672635431,0,0.12401830643820437,0.10822393,0.15,Electrician_mortgages,0.6647716738208144,79102.4904431812,5942.115732209865,5994.700827185174,8361.030101074059,20719.799997789578,19710.178749448143,22036.431315338832
name372,39,bachelor degree,0,1,HighSkilled,Research,2536,1864.6449158878456,671.3550841121544,0.0,2431.1841266384854,0.559284362388023,auto loans,36,0.6939388968952409,40532,car,44328.0825527409,0,0.13947501421168051,0.114284106,0.2,Research_auto loans,0.6048183500780141,87522.62855898548,7199.199684736962,5875.8173897485485,11434.023028699878,21692.775492746237,20252.75432550006,23820.30018991197
name373,61,high school or lower,2,2,LowSkilled,Cleaning Services,4976,3279.9249621611043,1696.0750378388957,0.0,1312.113805588467,0.9822141108904512,simple loans,24,0.0,7064,liquid assets,17864.69585279813,1,0.8234956358370059,0.84929264,0.9,Cleaning Services_simple loans,0.7875727778123103,31490.731334123207,20783.44142630721,21130.6588248374,22221.91350593229,4115.429840212443,3544.7581526933836,2391.038934628611
name374,39,post graduate degree,0,1,HighSkilled,Engineering,2582,2492.273805278125,89.72619472187489,0.0,1908.403069660376,0.5503483642077829,auto loans,36,0.7043674961032148,72691,house,82228.72900547943,0,0.08567797541251795,0.05053705,0.23,Engineering_auto loans,0.26408138295637734,68702.51050777354,1759.8762367843847,852.7235374109905,4408.762118954694,6182.107604397395,4807.280708245761,8351.659888476515
name375,55,ausbildung,0,1,MediumSkilled,Artist,9375,9430.1542170596,-55.15421705960034,0.0058831164863573,2914.049886700499,0.4625403285119508,auto loans,60,0.3167151044010772,48323,car,75091.17981954814,1,0.25606116835320736,0.34416714,0.23,Artist_auto loans,0.7638813600179192,174842.99320202993,33924.06307293969,46077.95968568579,30985.75839733074,62155.821639316746,61676.023146332234,61480.381308252654
name376,36,post graduate degree,0,0,HighSkilled,Finance,1929,2267.349068625999,-338.3490686259988,0.1754012797439081,845.9883147978239,0.9074267643004748,mortgages,24,0.613964428939255,65833,house,75232.9441289302,1,0.1594781017179309,0.34374487,0.74,Finance_mortgages,0.0,20303.719555147774,0.0,0.0,0.0,0.0,0.0,0.0
name377,40,high school or lower,0,4,LowSkilled,Construction,1296,1497.9800838355063,-201.98008383550652,0.1558488301199896,955.9659823548184,0.5033223787359751,auto loans,36,0.8934769029246334,20400,car,25409.212426535843,0,0.29194713351975,0.26110864,0.37,Construction_auto loans,0.4955008493902305,34414.775364773464,4621.241165126012,4535.978413001915,6343.5487580327535,7969.743001186913,7946.277019522498,7774.806751558379
name378,30,bachelor degree,0,2,HighSkilled,Consultant,1692,1239.9091883339809,452.0908116660192,0.0,1476.194356798945,0.9955234612596904,mortgages,36,0.6052621425135494,24978,car,26195.05138976177,0,0.14229613535336835,0.11934928,0.09,Consultant_mortgages,0.6004409540212897,53142.99684476202,4499.20167322772,3541.924721477142,2712.2846966266407,13159.100683217852,12403.017362980057,11103.7348318149
name379,53,ausbildung,0,0,MediumSkilled,IT Support,8803,6677.416738816918,2125.583261183082,0.0,8021.080105760488,0.6076623991596177,simple loans,24,0.6697145114821544,19283,liquid assets,35593.79540072804,0,0.22963634210004572,0.0970057,0.15,IT Support_simple loans,0.9046518789591278,192505.9225382517,44234.31451188739,16544.330230824024,28038.285970133344,80149.08589017266,62513.86344488448,72980.05501189141
name380,40,bachelor degree,0,1,HighSkilled,Engineering,2899,2480.718547008401,418.2814529915991,0.0,2833.6776631370026,0.7607799199300975,auto loans,24,0.8331825492050374,29544,car,42877.61476487884,0,0.07871594291820219,0.038777817,0.03,Engineering_auto loans,0.6295597143691642,68008.26391528806,2997.0684243676046,1455.7189489785508,1027.5663169260358,14055.34094594529,9850.434521048994,8524.054435815444
name381,32,high school or lower,0,1,LowSkilled,Manufacturing,1031,505.70756003605686,525.2924399639431,0.0,588.112338110095,0.5742694503284901,mortgages,60,0.0609310360292452,0,none,2195.237665435572,0,0.3279710258712626,0.3304596,0.19,Manufacturing_mortgages,1.0,35286.7402866057,11397.617112573642,11080.03644999419,6986.774576747929,16389.629497705053,16376.937049715441,15713.466877732813
name382,36,bachelor degree,0,0,HighSkilled,Finance,2045,1942.1219199821496,102.87808001785017,0.0,1315.6189099702294,0.5457389469429534,mortgages,24,0.5930273007102099,58841,house,71850.28769711181,0,0.08637385430474652,0.13580434,0.11,Finance_mortgages,0.0,31574.853839285504,0.0,0.0,0.0,0.0,0.0,0.0
name383,51,bachelor degree,0,1,HighSkilled,Finance,15692,17048.216605901915,-1356.2166059019146,0.0864272626753705,12502.518887513566,0.3145104620897712,simple loans,24,0.8831720299143182,79754,house,122442.32762269687,0,0.18342544215466322,0.08572047,0.05,Finance_simple loans,0.8148902359615817,300060.4533003256,42301.32571152698,21028.404688967166,9780.65334370566,108040.87384595112,83334.92037856979,64431.49848870354
name384,34,high school or lower,1,0,LowSkilled,Cleaning Services,1052,977.9598776970968,74.04012230290323,0.0,826.7112341671282,0.5207329549300941,auto loans,12,0.7154668363728374,16179,liquid assets,17442.476401532527,0,0.7187538351818513,0.54369324,0.35,Cleaning Services_auto loans,0.0,9920.534810005538,0.0,0.0,0.0,0.0,0.0,0.0
name385,31,high school or lower,0,0,LowSkilled,Agriculture,1000,624.2103103378048,375.7896896621952,0.0,781.5940561625148,0.4857280509004918,mortgages,24,0.4058043665003196,22374,car,23772.440609489702,0,0.17188697054015464,0.17898047,0.47,Agriculture_mortgages,0.0,18758.257347900355,0.0,0.0,0.0,0.0,0.0,0.0
name386,37,high school or lower,0,2,Unemployed_LowSkilled,Manufacturing,542,498.3238787592321,43.67612124076789,0.0,487.4258036839613,0.8404716681876392,auto loans,48,0.8187263513712054,0,none,840.3743636354523,1,0.65421001075935,0.45238936,0.78,Manufacturing_auto loans,1.0,23396.438576830144,14997.117127748123,10715.568868188206,17968.46482700555,7108.6883845915,9973.636184268207,4764.65691301495
name387,65,ausbildung,0,0,MediumSkilled,Artist,9927,3839.3834939354256,6087.616506064574,0.0,7062.590046989167,0.5665719449374984,auto loans,24,0.0982143186183733,39035,car,59659.1242494144,1,0.21221254731611844,0.35199746,0.59,Artist_auto loans,0.803301806378159,169502.16112774,30908.636033693772,48745.77841437167,80743.70558581677,61930.81322226843,62662.888287500864,47496.165868902535
name388,32,bachelor degree,2,1,HighSkilled,Engineering,1774,1782.6610688284331,-8.661068828433145,0.0048822259461291,778.6997725715369,0.7138971098363791,mortgages,12,0.4438336197294081,13272,liquid assets,18350.287501704675,0,0.40331664863260747,0.37857723,0.59,Engineering_mortgages,0.0,9344.397270858442,0.0,0.0,0.0,0.0,0.0,0.0
name389,38,high school or lower,0,0,LowSkilled,Agriculture,1131,1285.9726785086712,-154.97267850867115,0.1370227042516986,295.57297736403933,0.6579539348470971,auto loans,12,0.3983604384374098,15500,liquid assets,14732.447618550152,1,0.36923638486396076,0.5580453,0.69,Agriculture_auto loans,0.0,3546.8757283684718,0.0,0.0,0.0,0.0,0.0,0.0
name390,65,bachelor degree,0,4,HighSkilled,Research,19900,23792.76377975666,-3892.763779756661,0.1956162703395306,11522.161122579366,0.2095690976804878,auto loans,24,0.774619341825931,66693,house,110320.18142651569,0,0.154219788253516,0.15677568,0.18,Research_auto loans,0.8320615399079199,276531.86694190477,32212.814345781062,36354.46190452434,41186.3840563915,97207.19164512669,97663.83699720842,101224.81908292057
name391,65,bachelor degree,1,1,HighSkilled,Research,19811,19312.96583493791,498.0341650620903,0.0,14040.945869352034,0.4504326650750284,mortgages,24,0.6836056586891093,66630,house,112264.631459991,1,0.25202971135728214,0.22194579,0.68,Research_mortgages,0.8623331024461822,336982.7008644488,79331.43524864757,67126.59905654793,192662.0570324298,135070.22235239335,133107.32965662153,82672.56188089793
name392,63,bachelor degree,0,0,HighSkilled,Doctor,19982,9648.6663976315,10333.3336023685,0.0,15441.590146387383,0.912512918529923,auto loans,48,0.2556429058161787,71774,house,140843.524933639,0,0.27505283877512776,0.24342291,0.16,Doctor_auto loans,0.9327146416802328,741196.3270265944,192188.25730849348,170757.1926445967,109920.62198579304,322911.1296391642,320320.4634580944,295109.92333762767
name393,64,bachelor degree,0,0,HighSkilled,Research,19965,25853.084052039663,-5888.084052039663,0.2949203131499956,18170.20371384484,0.5176727060243711,auto loans,60,1.2050231788572252,48926,car,95835.1127928355,1,0.2688593516723236,0.45706943,0.65,Research_auto loans,0.9617015826427823,1090212.2228306904,257920.86974774403,483339.5160719919,685692.0683537585,489318.40828209784,444725.8507169314,321801.1160429583
name394,47,ausbildung,0,0,Unemployed_MediumSkilled,Electrician,2606,2147.249534271582,458.750465728418,0.0,2557.164231376652,0.8603723722607318,auto loans,12,0.8052240083070736,47658,car,41254.0921436935,0,0.2895233672341436,0.23642695,0.15,Electrician_auto loans,0.0,30685.970776519825,0.0,0.0,0.0,0.0,0.0,0.0
name395,59,high school or lower,1,0,LowSkilled,Construction,4927,2987.8865623350903,1939.1134376649095,0.0,3911.1894312011104,0.412986725854384,auto loans,60,0.4002589798125027,9902,liquid assets,19721.3840806492,1,0.5136184857334161,0.4718101,0.74,Construction_auto loans,0.9599463788126235,234671.3658720666,114438.13936299052,106778.89381507384,161970.51614564998,89089.31054722735,93990.67240575657,53396.43951937083
name396,61,post graduate degree,0,1,HighSkilled,Engineering,19712,11404.736933213211,8307.263066786787,0.0,13102.086305020086,0.6569383358708267,mortgages,36,0.2432438736928418,23997,car,77466.8487019671,0,0.061841086906841265,0.0736889,0.06,Engineering_mortgages,0.956548223029537,471675.1069807231,26619.619140350966,27070.799125780646,28424.33908206968,132299.45947916174,143747.77329134554,130355.98504135905
name397,38,ausbildung,0,0,MediumSkilled,Teacher,1491,1365.8622783123585,125.13772168764147,0.0,696.7529480929222,0.4043940790758393,auto loans,36,0.3833770800840246,0,none,3049.3649640610965,0,0.20239429768594733,0.16187972,0.08,Teacher_auto loans,1.0,25083.1061313452,5317.618499845183,4163.795617803304,2232.396445689723,11312.788209681821,10741.695544549979,8293.88898422828
name398,35,ausbildung,2,2,MediumSkilled,Teacher,1314,1510.2482942611582,-196.2482942611582,0.1493518221165587,1104.1687280307242,0.8480148994150221,auto loans,48,0.9896628784565316,0,none,2742.0319338985983,1,0.7585163040731959,0.82394016,0.8,Teacher_auto loans,1.0,53000.09894547476,41287.07707852484,44732.08350998069,42612.07955216171,11752.268432695324,8773.841627950515,9883.61211975034
name399,31,high school or lower,0,1,LowSkilled,Construction,1005,1060.5247353755096,-55.52473537550964,0.0552484929109548,820.0514987992328,0.6507988093754481,auto loans,48,0.8712201335072064,0,none,1577.568404530893,0,0.44352139093686116,0.53756493,0.25,Construction_auto loans,1.0,39362.471942363176,17476.93754240925,21255.734848876116,9604.443153936614,16933.125935395805,15026.403408742317,18283.748014625013
name400,49,high school or lower,3,0,Unemployed_LowSkilled,Transportation,1754,1350.0441091431192,403.9558908568808,0.0,851.2684714476477,0.307868869498599,mortgages,36,0.2550242762775181,0,none,2944.577478156175,1,0.8936957578851986,0.85822564,0.76,Transportation_mortgages,1.0,30645.664972115315,27427.870150043207,26416.5632059634,23260.059713835526,3134.462574335374,4132.659277907708,6757.460652063997
name401,59,high school or lower,0,0,LowSkilled,Manufacturing,4934,3201.0303506886426,1732.9696493113574,0.0,4343.444681734009,0.3517661181067392,auto loans,60,0.5290788472684741,0,none,10020.41588258106,1,0.267396946286019,0.44495115,0.86,Manufacturing_auto loans,1.0,260606.68090404052,66454.70363053033,114666.93959777783,221776.28544933847,121595.80870117033,111947.99713058397,34724.01309435075
name402,56,ausbildung,1,0,MediumSkilled,Electrician,9556,11587.997391933834,-2031.9973919338336,0.2126409995744907,5249.3936434028,0.2457060727909997,auto loans,24,0.7619705980888064,30434,car,47994.25964054775,1,0.3368250422431433,0.31395397,0.76,Electrician_auto loans,0.7937020590757757,125985.4474416672,35798.17743919624,29198.51344202598,73596.25305935316,46307.897900766424,46609.97914898495,22049.17608782983
name403,63,bachelor degree,2,1,Unemployed_HighSkilled,Consultant,9947,7859.210460304164,2087.789539695836,0.0,9782.749234871206,0.5699446316423502,auto loans,48,0.7735960284684197,32306,car,62121.91760868823,1,0.6794870068817174,0.68372804,0.58,Consultant_auto loans,0.9412565895860263,469571.9632738179,299225.6760929545,294805.7990457912,270496.47528639314,125917.39264268479,124484.41657301888,157075.5849848578
name404,55,ausbildung,1,0,Unemployed_MediumSkilled,Teacher,4674,2416.409495998998,2257.590504001002,0.0,4550.00619473794,0.5851135219215475,mortgages,24,0.4904612089723872,0,none,12016.882245803434,0,0.38271997494105997,0.34719533,0.19,Teacher_mortgages,1.0,109200.14867371056,41059.25590131517,37892.451589777564,22276.830329436954,49401.048747243265,50362.965083493604,48627.69712619739
name405,51,bachelor degree,1,0,HighSkilled,Engineering,15874,12996.934943027709,2877.065056972291,0.0,3714.726681367091,0.5810210867469128,simple loans,24,0.0527694106334131,49217,car,105207.4862806252,1,0.2910560106603244,0.25524622,0.26,Engineering_simple loans,0.5280642171791973,89153.44035281018,14029.46502324421,11722.606680496003,12522.945289204567,22003.51590026703,21904.376441727556,21932.28549751749
name406,48,bachelor degree,1,1,HighSkilled,Engineering,11598,7341.599987758668,4256.400012241332,0.0,8792.838295624191,0.7430610609157535,auto loans,36,0.3911397036888135,22622,car,47569.92663592372,1,0.2039222857094862,0.22715652,0.73,Engineering_auto loans,0.9390486111593737,316542.17864247086,52018.486314825546,71934.13536107306,211640.9271780331,134251.14985274273,136604.3813997425,72875.81218120868
name407,63,high school or lower,1,0,LowSkilled,Agriculture,4969,4267.395589300365,701.6044106996351,0.0,3542.2559774281517,0.7802823414902578,auto loans,48,0.5716746964637787,21358,car,30642.02332810586,0,0.3372478141797923,0.332301,0.13,Agriculture_auto loans,0.8930666581642391,170028.2869165513,52842.6147085043,52538.92152052439,19436.364030714227,70309.71508032441,70431.24763088106,60807.77893338804
name408,46,ausbildung,0,1,MediumSkilled,Teacher,4513,5185.826327108504,-672.8263271085043,0.1490862679167968,2664.532619955228,0.7190149753144133,auto loans,24,0.739498991150838,0,none,8362.817660901781,0,0.2792457138660823,0.13321543,0.11,Teacher_auto loans,1.0,63948.78287892547,17905.659206099135,9464.419866080969,6203.031939255771,29880.92882243716,25818.568342148144,24118.702608788713
name409,42,high school or lower,1,2,LowSkilled,Transportation,1522,1452.032067800231,69.96793219976894,0.0,960.2920401506624,0.9457860808320872,auto loans,24,0.5849698475367237,22832,car,29654.383355356375,0,0.47946900818016136,0.29975688,0.1,Transportation_auto loans,0.157002024697012,23047.008963615895,1859.8715142359104,1016.7780068099042,361.84270704978803,1496.1122979425393,1690.2465220376164,1314.923542519855
name410,59,high school or lower,1,0,LowSkilled,Construction,4915,6458.912115706004,-1543.9121157060035,0.3141225057387596,2161.611716456857,0.9998456721207492,simple loans,36,0.7539214307554141,13831,liquid assets,18801.44019383732,1,0.774264408074574,0.76635593,0.81,Construction_simple loans,0.831900921302999,77818.02179244685,51854.244102513825,49523.71627768174,53731.613739184104,13498.594340338073,13930.175428128554,11509.39250315736
name411,43,bachelor degree,0,0,HighSkilled,Research,4810,4555.626406972356,254.37359302764435,0.0,3587.96035118598,0.6736131748005835,mortgages,36,0.693053380074498,58231,house,66174.52050382992,1,0.10980403986957853,0.15625983,0.63,Research_mortgages,0.6867120993917544,129166.57264269528,10200.528551130825,13837.23873022964,56590.7583967084,33431.2582417161,37614.292289507255,28503.969566019947
name412,31,bachelor degree,0,0,Unemployed_HighSkilled,Engineering,809,603.3699064085918,205.63009359140824,0.0,469.2266399938599,0.876540188599991,simple loans,12,0.3258300944406078,24360,car,23032.873958417546,0,0.2364234581849456,0.1980539,0.17,Engineering_simple loans,0.0,5630.719679926319,0.0,0.0,0.0,0.0,0.0,0.0
name413,32,post graduate degree,1,0,HighSkilled,Consultant,1732,2116.9802176766184,-384.9802176766184,0.2222749524691792,614.3977709640579,0.5123519831338125,auto loans,36,0.5770080765823766,51538,house,64726.12421117647,1,0.3845319348904458,0.54864264,0.81,Consultant_auto loans,0.0,22118.319754706084,0.0,0.0,0.0,0.0,0.0,0.0
name414,38,ausbildung,1,1,MediumSkilled,Electrician,1525,1349.912257259482,175.08774274051802,0.0,565.3310790608674,0.584590134943441,mortgages,12,0.2558972697182619,31031,car,33184.075456283725,0,0.24520451204682336,0.19873297,0.16,Electrician_mortgages,0.0,6783.9729487304085,0.0,0.0,0.0,0.0,0.0,0.0
name415,32,ausbildung,0,0,MediumSkilled,IT Support,1249,1131.4490062566338,117.55099374336623,0.0,1224.4932404031313,0.8810463027155365,auto loans,24,0.8862628075738711,46312,car,39336.740620836455,0,0.2771564172092173,0.23982207,0.13,IT Support_auto loans,0.0,29387.83776967515,0.0,0.0,0.0,0.0,0.0,0.0
name416,33,ausbildung,0,3,MediumSkilled,Teacher,1329,1235.5684925346736,93.43150746532638,0.0,812.0158144473977,0.8248820232807429,mortgages,24,0.5406954905809416,0,none,2932.7954183093,1,0.19463807288265408,0.20400053,0.62,Teacher_mortgages,1.0,19488.379546737546,4423.862157109423,3546.8850775062333,12082.795318977278,8722.264742240315,8802.47749810917,6399.908721281816
name417,33,high school or lower,0,2,LowSkilled,Transportation,1042,888.2683865860728,153.73161341392722,0.0,229.1089444431364,0.4346633090156062,auto loans,36,0.0723390892794713,0,none,1358.1660871426625,1,0.26768071903257723,0.21098173,0.66,Transportation_auto loans,1.0,8247.92199995291,2416.6411459862024,1789.7990739897816,5328.15761196958,3848.567034222967,3747.748301068607,2470.6998460513128
name418,62,ausbildung,0,1,MediumSkilled,Electrician,9835,7703.916818973797,2131.0831810262025,0.0,6671.478509537125,0.840305709963938,simple loans,48,0.4616568712263266,35798,car,60566.37134898027,1,0.15828845430527758,0.30027974,0.66,Electrician_simple loans,0.9046596228756139,320230.968457782,44613.80418234888,79667.50746848017,194968.1182774078,123297.26283264675,135318.2320572055,86780.86583562367
name419,42,bachelor degree,2,0,HighSkilled,Consultant,3988,1759.736532372244,2228.263467627756,0.0,983.5902197250624,0.4219901565692422,auto loans,36,0.0,52317,house,72123.4658796173,0,0.4763777260950898,0.60177475,0.23,Consultant_auto loans,0.0,35409.24791010225,0.0,0.0,0.0,0.0,0.0,0.0
name420,33,high school or lower,0,0,LowSkilled,Construction,1000,722.6853026934523,277.3146973065477,0.0,970.0309120832418,0.2252764799463157,mortgages,24,0.6927162147766941,15156,liquid assets,16776.969248609254,0,0.30496403881989065,0.4632977,0.24,Construction_mortgages,0.3819050849095722,23280.741889997804,2729.547348435036,4223.241011422287,2071.6108540239848,4150.669605228877,3745.689195823731,4113.519877363079
name421,41,ausbildung,1,0,MediumSkilled,Electrician,2080,2328.0499229991165,-248.0499229991165,0.1192547706726521,691.8401082241179,0.9157665724286456,auto loans,48,0.4518702073188627,40631,car,48008.85856139105,0,0.4579066722297231,0.44920987,0.15,Electrician_auto loans,0.0,33208.32519475766,0.0,0.0,0.0,0.0,0.0,0.0
name422,33,bachelor degree,1,1,HighSkilled,Consultant,1600,780.9620330341484,819.0379669658516,0.0,1145.8111017667875,0.3455282283431029,mortgages,24,0.2042332092505849,64385,house,75615.55487931473,0,0.22374111593892643,0.22266576,0.21,Consultant_mortgages,0.0,27499.4664424029,0.0,0.0,0.0,0.0,0.0,0.0
name423,49,ausbildung,0,1,MediumSkilled,IT Support,6668,5858.569751461911,809.4302485380895,0.0,4871.5062344063535,0.7007405899405696,auto loans,12,0.609189559968246,21633,car,35888.064472221566,1,0.1490089672568802,0.13380747,0.21,IT Support_auto loans,0.6844859896524088,58458.07481287624,5922.032512336989,5561.9089136137945,8362.870237016425,16735.22396143824,16178.747499715133,18167.195936911907
name424,44,ausbildung,1,0,MediumSkilled,IT Support,3225,2737.7119798797426,487.28802012025744,0.0,1049.9416593203566,0.8661996417577289,auto loans,24,0.174466244713209,0,none,7255.228423894477,1,0.4122407058508116,0.3345338,0.73,IT Support_auto loans,1.0,25198.599823688557,10104.638529299113,8920.304337585749,18495.7722705874,11153.90517334165,11679.037728927487,6177.889778484545
name425,55,post graduate degree,0,0,HighSkilled,Consultant,18627,11501.293291405196,7125.706708594804,0.0,9011.222262253716,0.9320653286800736,simple loans,48,0.1012248646405171,0,none,56430.29208014373,0,0.2714720738248205,0.33946154,0.39,Consultant_simple loans,1.0,432538.66858817835,110729.89915857367,141007.60595974614,173448.00610385952,201946.11017517652,200113.54700080736,194719.75815565512
name426,41,ausbildung,1,0,MediumSkilled,Artist,2016,1677.0880274637982,338.9119725362018,0.0,1045.4117911970973,0.8692519854851635,simple loans,48,0.3504463386214759,19595,liquid assets,20350.332157015982,1,0.6184235979751086,0.70785815,0.75,Artist_simple loans,0.6298563447091153,50179.76597746067,19342.89891387639,22566.715399522454,23988.98737848396,10414.070384432152,8308.296950181397,7231.738466606603
name427,52,high school or lower,0,0,LowSkilled,Transportation,4312,2140.733659544911,2171.266340455089,0.0,3118.424524358967,0.4342791235068762,auto loans,48,0.2196563506270589,25000,car,29575.47092839415,0,0.19126692248163923,0.10903317,0.12,Transportation_auto loans,0.8576434473286977,149684.37716923043,24391.40679686688,12965.95834991345,16560.481456820147,57247.7064773804,48255.54452664989,49996.7464312243
name428,49,ausbildung,0,0,MediumSkilled,Teacher,6701,4374.821332506122,2326.1786674938776,0.0,5320.285054682273,0.2222915445953068,simple loans,36,0.4468148615413215,45025,car,66941.10889509019,1,0.1816181334241924,0.289313,0.75,Teacher_simple loans,0.7989264096905476,191530.26196856183,29379.568231993566,43916.33376344871,117671.29151251588,67458.52510745336,71519.97171572233,35011.98646510211
name429,54,high school or lower,1,1,LowSkilled,Cleaning Services,4646,4885.023470976116,-239.0234709761162,0.0514471525992501,1917.881896462584,0.6423808419412143,auto loans,24,0.4642499714676495,0,none,6063.020756700549,0,0.6266073492600608,0.6214125,0.2,Cleaning Services_auto loans,1.0,46029.16551510202,29826.89925378611,28860.286777968966,10264.50390986775,14902.143132980547,15070.318836638882,20712.61917688106
name430,65,ausbildung,1,0,MediumSkilled,Electrician,9971,6407.974317308124,3563.025682691876,0.0,2082.017670163862,0.4112345229971667,auto loans,60,0.0,12902,liquid assets,33420.73547949721,0,0.30664518572392396,0.32505944,0.33,Electrician_auto loans,0.901693779508429,124921.06020983172,32327.835818270512,36382.895363419426,35481.771020053,52572.20381806996,52362.74500578773,52285.27546216534
name431,43,bachelor degree,0,1,HighSkilled,Consultant,4850,4882.024468997956,-32.02446899795632,0.0066029832985476,1672.079497680558,0.46006137585978,auto loans,24,0.3513616426141266,61217,house,69294.62175096491,0,0.13939466465100128,0.11861404,0.06,Consultant_auto loans,0.0,40129.90794433339,0.0,0.0,0.0,0.0,0.0,0.0
name432,59,post graduate degree,0,0,HighSkilled,Finance,19744,13799.142299828727,5944.857700171271,0.0,10984.3088891292,0.5463151903709205,simple loans,48,0.2552396266692631,27590,car,66312.53220300227,0,0.15130262966012087,0.123799585,0.09,Finance_simple loans,0.9553095566205387,527246.8266782017,76559.95769797791,57419.96827348343,40294.71457788311,211614.12301531035,198341.07055114882,175271.30927664542
name433,32,ausbildung,2,0,MediumSkilled,Nursing,1232,1022.3389304193169,209.6610695806833,0.0,818.9580199458915,0.5911383738133497,auto loans,24,0.4945592129587729,18542,liquid assets,23981.028409362967,1,0.6834281456434658,0.7528938,0.82,Nursing_auto loans,0.10355440720878796,19654.992478701395,1400.328433239675,1555.0158764463833,1662.8900144721138,573.7207173315238,460.83362440944916,344.01385057687406
name434,44,ausbildung,0,0,MediumSkilled,IT Support,3211,2426.446209272512,784.5537907274884,0.0,1804.0391980503864,0.4557504257846392,mortgages,36,0.3174977911313915,13294,liquid assets,18119.862651305164,1,0.136325487641374,0.12646139,0.62,IT Support_mortgages,0.8057627864800699,64945.41112981391,7797.258720716837,6384.332643808417,32601.960959775774,21288.22066160471,20759.70246079461,17185.165824068157
name435,47,ausbildung,0,1,MediumSkilled,Artist,5238,3289.7049823814864,1948.2950176185136,0.0,3125.7757236493085,0.9408936454927276,auto loans,24,0.2247958583487581,35993,car,56892.83418913437,0,0.2912350132059095,0.2653101,0.21,Artist_auto loans,0.5908626934552613,75018.6173675834,13031.756481227392,11923.613923299894,9795.980212079096,20716.702081979693,20673.83517173748,20124.9334867792
name436,37,bachelor degree,1,0,HighSkilled,Research,1953,1491.8818897679048,461.1181102320952,0.0,781.0021745528941,0.7735354101303189,auto loans,24,0.1637911235641571,37719,car,27166.56858361207,1,0.3613111612875919,0.45230564,0.8,Research_auto loans,0.0,18744.05218926946,0.0,0.0,0.0,0.0,0.0,0.0
name437,33,ausbildung,0,1,MediumSkilled,IT Support,1269,1004.374426253426,264.6255737465739,0.0,1079.8646875139127,0.4691175319097893,simple loans,24,0.6424264095881315,14711,liquid assets,19076.714436902712,0,0.21349656399749334,0.15469536,0.18,IT Support_simple loans,0.46109988758643466,25916.752500333903,2581.245719534033,1780.5815380119025,2007.6355596375813,5440.817785138966,5053.095044961239,5257.290471614455
name438,42,high school or lower,0,0,LowSkilled,Construction,1556,495.99523870834895,1060.004761291651,0.0,954.0213685298664,0.2722825990251456,mortgages,60,0.0,13928,liquid assets,15628.53553741866,1,0.25986653406591986,0.28731558,0.71,Construction_mortgages,0.7692977091372988,57241.28211179199,11449.252671137689,12109.786479087941,32234.049827972263,20513.91772257119,20582.208634868064,11501.102577336977
name439,50,high school or lower,0,2,LowSkilled,Construction,3815,2335.647180022804,1479.3528199771958,0.0,1088.1181554972288,0.8332830794137407,simple loans,48,0.0,0,none,7381.941820753185,1,0.3606021335861811,0.16284999,0.35,Construction_simple loans,1.0,52229.67146386698,21100.78727140226,8408.977105682585,20421.80154237199,23935.6225461343,22403.314710997816,24058.52867023545
name440,38,bachelor degree,0,2,HighSkilled,Consultant,2301,2150.6451550212782,150.35484497872176,0.0,2099.5132724987493,0.9289878617149618,auto loans,36,0.8470918850586822,30001,car,37954.91369915042,0,0.16401478257736196,0.15348403,0.13,Consultant_auto loans,0.661957406859673,75582.47780995497,9205.958106779608,7955.148581401945,6304.080007903428,21501.976640172332,21108.130025610506,20035.73398873143
name441,37,bachelor degree,0,1,HighSkilled,Consultant,2182,1782.365077675354,399.6349223246461,0.0,1558.3751316416344,0.2523803258846215,simple loans,36,0.5310450088528819,67414,house,63074.0959033042,0,0.13500172735745514,0.12074436,0.05,Consultant_simple loans,0.1636083955086503,56101.50473909884,1046.3691980622789,1128.977292646143,413.04047291932056,3722.05823523288,3582.6014638225,2418.635662916575
name442,64,ausbildung,0,0,MediumSkilled,Teacher,9948,9645.092524551255,302.90747544874284,0.0,7745.599222159402,0.8661777083733578,auto loans,12,0.7481596046150643,29850,car,44532.21329438229,0,0.20450860346106764,0.26860207,0.19,Teacher_auto loans,0.7261765499837898,92947.19066591283,11676.820152983248,17886.458615841395,13904.190471182366,30500.49833850341,31499.266209105608,30056.53839407942
name443,32,ausbildung,0,0,MediumSkilled,Teacher,1233,838.9626935026215,394.0373064973785,0.0,438.0650640876476,0.399066677089988,auto loans,36,0.0357078325955142,45807,car,42968.0071289374,0,0.2413043500336393,0.15596505,0.18,Teacher_auto loans,0.0,15770.342307155313,0.0,0.0,0.0,0.0,0.0,0.0
name444,61,high school or lower,0,1,LowSkilled,Transportation,4975,3097.7835741773515,1877.2164258226485,0.0,3322.5303362803697,0.7961833501757303,mortgages,36,0.2905153588859741,16266,liquid assets,26700.59376215266,0,0.20951709794571485,0.13191822,0.29,Transportation_mortgages,0.8708356664033596,119611.0921060933,26561.209301378065,13020.200637930424,30727.6735055158,47273.05227501679,41917.555595431244,48683.95154868062
name445,36,bachelor degree,1,0,HighSkilled,Research,1953,2650.472851605004,-697.4728516050036,0.3571289562749634,1227.8701721431069,0.8267491664828719,mortgages,48,0.98583872183723,0,none,3472.934225867646,0,0.4369644309831341,0.30983588,0.26,Research_mortgages,1.0,58937.768262869125,26816.68455960545,19685.214599798288,15323.819748345973,25517.96371838497,27493.598420961156,27456.977688020175
name446,62,ausbildung,0,0,MediumSkilled,Teacher,9907,12961.951261152595,-3054.951261152597,0.3083629010954473,7878.482613007121,0.7584118724252475,auto loans,12,1.1036069318824788,0,none,16759.277749456527,0,0.3275799729136069,0.10904774,0.16,Teacher_auto loans,1.0,94541.79135608545,30726.08219072777,8886.928387472033,15221.228408329758,43916.994345991945,35539.39005043877,40357.62377383092
name447,56,bachelor degree,1,0,HighSkilled,Research,19074,20249.15808315621,-1175.1580831562096,0.0616104688663211,12919.461952995056,0.9778977891288796,mortgages,48,0.7389441142996365,29739,car,73481.69487981325,1,0.3897993818314658,0.4241552,0.63,Research_mortgages,0.9591181798674382,620134.1737437627,243860.60359783328,257540.58867771173,384823.92811658076,267795.53515866783,260597.94587486834,191134.15369894463
name448,40,ausbildung,0,0,MediumSkilled,Teacher,1828,1643.980681892411,184.01931810758904,0.0,1452.8707983813283,0.2222525051430625,auto loans,60,0.6941200657952623,17175,liquid assets,24298.266832720958,0,0.20532157899073766,0.14633636,0.08,Teacher_auto loans,0.8125982934230715,87172.2479028797,12750.483578351934,10271.22288256128,5029.35741146104,32033.030323047955,29465.20805794841,23422.38165762547
name449,46,high school or lower,1,0,LowSkilled,Construction,2508,2387.7649250091763,120.2350749908237,0.0,1257.1693927629672,0.2851504115329166,auto loans,24,0.4533230932105835,0,none,4139.574474622126,1,0.519680597203839,0.67946494,0.88,Construction_auto loans,1.0,30172.065426311212,14754.139993466182,20004.079377644335,26370.385182596,11829.913563719712,8596.194283010262,3468.376877693651
name450,31,bachelor degree,0,2,HighSkilled,Consultant,1652,1503.656449064977,148.34355093502268,0.0,822.5916473388614,0.4373792992437123,auto loans,60,0.4081404941911857,48482,car,53072.4571391694,1,0.1632262975442314,0.12633742,0.25,Consultant_auto loans,0.16128871496149344,49355.49884033169,1345.3219623366576,987.1001380458316,1974.2002760916632,3416.6841937791587,3156.8797597453895,3697.6209659591505
name451,62,ausbildung,0,0,MediumSkilled,Electrician,9840,5818.455277785787,4021.544722214213,0.0,3586.6381707954247,0.331711505250839,mortgages,48,0.0,0,none,22040.892336758257,0,0.08957853138719221,0.06190997,0.03,Electrician_mortgages,1.0,172158.6321981804,16699.3873232235,10157.359299692642,4131.807172756329,59788.811451931855,50509.45127732602,34274.916060140546
name452,53,ausbildung,0,1,MediumSkilled,Teacher,8772,5563.419222711224,3208.5807772887765,0.0,2903.0552687608883,0.3343981587870338,simple loans,24,0.0,38653,car,53413.6612371197,0,0.1863223156789404,0.26489568,0.09,Teacher_simple loans,0.525830748833296,69673.32645026132,7290.6391067884715,10258.185677893327,2967.546571104855,16245.104303234311,17086.084966415638,12748.681121101392
name453,43,post graduate degree,0,1,HighSkilled,Engineering,4842,5153.11260772774,-311.1126077277404,0.0642529136158076,3278.359942773877,0.4533885782642719,simple loans,60,0.7413202293477111,74598,house,88326.5187956405,0,0.09302058600214906,0.10209219,0.13,Engineering_simple loans,0.7362676318668626,196701.59656643262,12310.12658851386,16944.527186542608,16944.527186542608,51097.75978304292,53064.648019888606,57995.95163135824
name454,30,bachelor degree,0,0,HighSkilled,Finance,1600,1408.9658525868442,191.03414741315575,0.0,1247.0335217939494,0.3938138313319156,mortgages,12,0.659999608987996,49373,car,49706.64195196042,1,0.11115821786349094,0.12657908,0.76,Finance_mortgages,0.0,14964.402261527393,0.0,0.0,0.0,0.0,0.0,0.0
name455,33,high school or lower,0,0,LowSkilled,Agriculture,1054,935.8677078619568,118.13229213804324,0.0,380.9897695744576,0.2908393335290279,auto loans,24,0.249390396049729,20077,car,22100.113484075293,0,0.18711158444395878,0.2127766,0.21,Agriculture_auto loans,0.0,9143.754469786983,0.0,0.0,0.0,0.0,0.0,0.0
name456,52,post graduate degree,0,1,HighSkilled,Consultant,16997,15469.012932683543,1527.987067316455,0.0,14547.672263825312,0.6301052919702035,auto loans,36,0.765999011384883,21468,car,67233.95956168888,0,0.16401192479458476,0.117241405,0.08,Consultant_auto loans,0.9649954033664375,523716.20149771124,79850.62888398394,54076.05880117899,42452.233077561075,217193.30943243732,195178.82636766028,167108.35193889792
name457,32,bachelor degree,1,0,HighSkilled,Consultant,1730,1328.6960224462257,401.3039775537745,0.0,845.0893693298185,0.5459251230663498,mortgages,36,0.2565233478474242,0,none,4772.139352758873,0,0.2818161876228897,0.29339322,0.13,Consultant_mortgages,1.0,30423.217295873466,8701.040146619811,8579.347277436316,3529.093206321322,14217.821483733604,14217.862957719835,12183.139727798452
name458,62,high school or lower,2,1,LowSkilled,Transportation,4978,4561.3287201360445,416.67127986395553,0.0,4461.990339165265,0.2453652618781387,auto loans,24,0.8126394253317215,0,none,8092.842219975729,0,0.5675473375929027,0.6111074,0.21,Transportation_auto loans,1.0,107087.76813996636,61575.46668048065,63288.87097072011,22809.694613812833,38912.977192098224,35827.65387177907,48620.418818114194
name459,46,post graduate degree,0,0,HighSkilled,Engineering,8380,5899.540153333043,2480.4598466669568,0.0,7730.015108264397,0.9792025924037152,mortgages,36,0.6264385753696229,56776,house,76103.9110750161,0,0.08121763064101217,0.061331596,0.13,Engineering_mortgages,0.8583560840492389,278280.5438975183,16720.465854887632,12659.781290129205,30574.566134651668,79512.3293044179,69759.81383991,95654.28264063195
name460,41,ausbildung,1,3,MediumSkilled,IT Support,2085,2449.8681938213454,-364.86819382134536,0.1749967356457291,1096.7031408509313,0.423326891810667,auto loans,60,0.700993445885984,0,none,3277.334619931181,0,0.3555949186561621,0.2972594,0.19,IT Support_auto loans,1.0,65802.18845105587,21977.930942652663,19477.44778151254,11712.789544287945,30231.30090167605,30744.33546426991,29302.23932020386
name461,38,bachelor degree,0,0,HighSkilled,Doctor,2222,1241.5058046454958,980.4941953545042,0.0,781.4285686117503,0.7034482387086233,mortgages,48,0.0,66171,house,74963.88305536339,0,0.1537398000631394,0.109850705,0.09,Doctor_mortgages,0.0,37508.57129336402,0.0,0.0,0.0,0.0,0.0,0.0
name462,56,bachelor degree,0,0,HighSkilled,Engineering,18856,25517.589851911693,-6661.589851911693,0.3532875398765217,5147.132380943929,0.2126958237264582,mortgages,48,0.6262580734437644,67068,house,98773.93748228172,0,0.13388830711740707,0.09600653,0.15,Engineering_mortgages,0.8112050761110443,247062.3542853086,30663.990094564695,21043.91477077969,34071.10010507189,81051.21283958749,71639.64866116412,83987.72869182941
name463,31,ausbildung,1,0,MediumSkilled,Nursing,1228,1027.1432421673458,200.85675783265424,0.0,1091.4330555027225,0.3735530730838293,mortgages,24,0.7252249981026614,33168,car,36225.8272107364,0,0.2599403605086764,0.22949152,0.15,Nursing_mortgages,0.0,26194.393332065338,0.0,0.0,0.0,0.0,0.0,0.0
name464,53,ausbildung,1,0,MediumSkilled,Teacher,8774,4802.64405843732,3971.355941562681,0.0,3437.0474852552,0.5780464413479265,auto loans,12,0.0,17775,liquid assets,40027.20388446588,0,0.489940738470269,0.47315106,0.21,Teacher_auto loans,0.5894747361157484,41244.569823062404,11913.189637202064,11499.874894686887,4570.774799579567,9923.449862198591,10128.181356531426,11038.518840163182
name465,54,bachelor degree,0,0,HighSkilled,Engineering,18203,5727.0556319222,12475.9443680778,0.0,14384.176762763704,0.8238162322215561,mortgages,60,0.1048306539958195,68540,house,126907.39198700436,0,0.10051294080866374,0.14466977,0.06,Engineering_mortgages,0.9448153649926364,863050.6057658222,90512.0055134064,119051.82707168767,39955.75018159381,296928.8991212372,338001.33539918513,235594.0721966038
name466,52,bachelor degree,1,1,HighSkilled,Engineering,16805,13003.079114701552,3801.920885298447,0.0,9612.920268175842,0.5777033008754551,auto loans,48,0.3457899067466465,14558,liquid assets,55116.30767357452,1,0.2931725342266282,0.34299928,0.68,Engineering_auto loans,0.9699373788600371,461420.1728724404,134712.15058174104,160669.97361742536,298067.41623734066,209157.7033519987,206770.82512995525,127326.55980795754
name467,61,ausbildung,0,0,MediumSkilled,Electrician,9933,6889.389467251168,3043.610532748832,0.0,7345.693374582687,0.3390172799727254,mortgages,24,0.4331101220007908,33231,car,53972.58726717251,0,0.08312473620001135,0.063044205,0.12,Electrician_mortgages,0.8388913090945472,176296.6409899845,11239.922716128522,10352.560396434166,18338.821273683378,49735.367730279024,43774.77713837863,57598.10930801053
name468,47,high school or lower,0,0,LowSkilled,Construction,2844,2056.614830039765,787.3851699602351,0.0,2741.507368354736,0.3479337681232086,auto loans,24,0.6871034452863927,15656,liquid assets,16436.708407421127,0,0.34841970917055415,0.49579,0.18,Construction_auto loans,0.7742321937661538,65796.17684051367,17421.999271136592,26387.706498388172,8099.701415528416,23481.646153263835,20637.042818179863,22410.84647531829
name469,38,ausbildung,0,0,MediumSkilled,Nursing,1489,1186.0719456608394,302.9280543391605,0.0,461.1261258474776,0.6217618134232966,simple loans,12,0.106244507393094,26929,car,25993.80977066118,0,0.15853005608909362,0.14425664,0.07,Nursing_simple loans,0.0,5533.5135101697315,0.0,0.0,0.0,0.0,0.0,0.0
name470,49,bachelor degree,2,0,HighSkilled,Consultant,13112,12133.80540696516,978.1945930348412,0.0,5973.772523878283,0.2165282637587788,auto loans,12,0.3809928257202137,51670,house,88660.68797407336,1,0.5157877291737066,0.65116787,0.84,Consultant_auto loans,0.49772934937032,71685.2702865394,17554.492566064153,23691.42899159878,30934.4411682472,14067.394257439984,10920.609827037866,5397.2279808014355
name471,55,ausbildung,0,0,MediumSkilled,Electrician,9333,8261.66778170172,1071.3322182982793,0.0,8911.801807043224,0.5107766566532974,auto loans,12,0.8400803159482423,37057,car,56772.31436885367,0,0.15157334596863237,0.11944972,0.09,Electrician_auto loans,0.7039385885225898,106941.6216845187,11141.489464991697,8657.238435635441,7904.435093406271,31644.329545721506,29270.0773103388,26195.957222193632
name472,62,high school or lower,1,1,LowSkilled,Construction,4976,4698.4015783461855,277.5984216538145,0.0,4165.980050094843,0.4757837635467305,mortgages,48,0.7814271761336472,12443,liquid assets,20239.6080199834,0,0.4202036802996111,0.27374765,0.2,Construction_mortgages,0.9409259407267299,199967.04240455246,78836.60036782622,48920.086147099806,38759.76056270215,82725.16736494743,87872.12883955057,84667.314326763
name473,58,ausbildung,1,1,MediumSkilled,Teacher,9795,5134.171352443878,4660.828647556122,0.0,3055.9645763438275,0.8191150524928745,auto loans,60,0.0,21741,car,38652.90272670313,1,0.38679189817238757,0.5269687,0.72,Teacher_auto loans,0.8990093802949859,183357.87458062964,65936.17967957504,88849.00211822738,119509.32566922974,74370.9553748327,63946.119855810655,41740.48471641955
name474,34,high school or lower,0,0,LowSkilled,Transportation,1055,899.1325499308916,155.86745006910837,0.0,877.6391965703118,0.6895219526740661,auto loans,60,0.6841438355461644,0,none,1769.135441715406,0,0.33321344600329483,0.31961635,0.29,Transportation_auto loans,1.0,52658.35179421871,18325.10642438811,16113.455649030924,15902.82224185405,24417.13127487193,24514.198206088968,24611.915732646234
name475,50,bachelor degree,0,2,HighSkilled,Engineering,14452,15557.591270861623,-1105.5912708616252,0.0765009182716319,7700.76844163337,0.9801053594022598,simple loans,24,0.6093523188828532,0,none,34977.878848408305,0,0.1626920231674442,0.08020175,0.07,Engineering_simple loans,1.0,184818.44259920088,29201.31393067374,15524.749178332875,12937.290981944063,79254.95068226053,61179.826324439586,57499.142752485415
name476,37,high school or lower,2,0,LowSkilled,Agriculture,1077,1031.8871020098325,45.11289799016754,0.0,264.00474708583647,0.847977229788521,auto loans,36,0.203242199717427,11146,liquid assets,12978.518221414086,0,0.778567087324977,0.8257383,0.38,Agriculture_auto loans,0.0,9504.170895090112,0.0,0.0,0.0,0.0,0.0,0.0
name477,56,ausbildung,3,0,MediumSkilled,Artist,9519,3991.533654568994,5527.466345431006,0.0,2232.2974529766147,0.3055339306342765,auto loans,12,0.0,14557,liquid assets,36400.35807837405,1,0.8643352053547604,0.8763973,0.75,Artist_auto loans,0.4819497767194333,26787.56943571938,11231.928904309105,11477.22390336873,9889.261541035372,1669.3050900258795,1526.8577105180132,2953.9807766897047
name478,33,high school or lower,0,0,LowSkilled,Agriculture,1001,731.0590795513007,269.94092044869933,0.0,551.2797097544457,0.8742109812482041,auto loans,12,0.2810577315741722,23775,car,25600.46744960022,1,0.2842337088892373,0.32924807,0.6,Agriculture_auto loans,0.0,6615.3565170533475,0.0,0.0,0.0,0.0,0.0,0.0
name479,46,post graduate degree,0,0,HighSkilled,Engineering,8538,4779.273912376185,3758.726087623815,0.0,6554.872198784183,0.5678503242946231,auto loans,36,0.3274942739705279,23281,car,50953.89330335119,0,0.07115110428949425,0.03816425,0.09,Engineering_auto loans,0.9157820214383265,235975.3991562306,16207.65210367566,10156.795318303415,20097.48860855782,67745.14294528817,49283.821773102616,75198.91537194847
name480,43,ausbildung,1,0,MediumSkilled,IT Support,2800,3449.1500765090877,-649.1500765090873,0.2318393130389597,939.9151017871504,0.9508538525681026,auto loans,36,0.567523277962942,18168,liquid assets,22207.189160163078,0,0.5919313192565853,0.49258468,0.14,IT Support_auto loans,0.49135731292148943,33836.943664337414,9593.219146353942,8579.031333654479,2327.644160293851,5778.221106656323,6763.29852467879,6821.4431654807795
name481,53,bachelor degree,0,1,HighSkilled,Finance,17563,15011.122934294392,2551.8770657056084,0.0,4249.979047237475,0.4375777384335229,auto loans,36,0.0966863281632902,0,none,48374.88763097303,0,0.16102752255562353,0.05792562,0.09,Finance_auto loans,1.0,152999.2457005491,22796.887609381814,8873.956250631849,12698.937393145576,65426.72287855597,43442.38426464777,53240.48752933634
name482,47,bachelor degree,0,0,HighSkilled,Research,10071,6628.168113637352,3442.831886362648,0.0,8151.283474885927,0.5497138271987494,mortgages,60,0.4675257261963338,71376,house,100632.46171031696,0,0.12767350468029595,0.09776029,0.03,Research_mortgages,0.8985040878904417,489077.0084931556,58005.77526801138,43943.76914243286,11864.817668456872,174898.4300841171,158239.4268416665,87487.27725655107
name483,47,ausbildung,0,0,MediumSkilled,Nursing,5232,5018.071932475313,213.9280675246873,0.0,1749.6905816064184,0.5468820489818107,auto loans,12,0.2935325906119516,44325,car,44981.39492749385,0,0.18072757843280413,0.09511675,0.1,Nursing_auto loans,0.0,20996.28697927702,0.0,0.0,0.0,0.0,0.0,0.0
name484,61,ausbildung,0,1,MediumSkilled,Teacher,9887,8352.30430130276,1534.69569869724,0.0,5531.768148203778,0.8305655160914667,auto loans,36,0.4042755587646948,45121,car,62760.33355438279,1,0.2375525001034871,0.36995724,0.71,Teacher_auto loans,0.8067004017347862,199143.653335336,39841.01775684004,60564.772961002804,112615.13486913253,74241.60462445367,73246.97128875897,41957.96616029729
name485,40,ausbildung,0,0,MediumSkilled,Electrician,1808,2139.405582823451,-331.4055828234509,0.1832995480218202,648.8908881716666,0.5819413434004668,simple loans,48,0.5421993755503969,17629,liquid assets,22795.75853587276,0,0.2652418916077574,0.19797297,0.26,Electrician_simple loans,0.4629316604886574,31146.762632239996,4066.1079574612777,2681.90099321914,4037.2703123729,6724.955942281368,6475.404518664957,6717.208685567647
name486,38,post graduate degree,1,0,Unemployed_HighSkilled,Engineering,1092,966.2757943997816,125.72420560021853,0.0,769.8284619336504,0.3799975025605546,auto loans,60,0.5898390625764028,0,none,2493.6824091123854,0,0.3451545151677035,0.32641038,0.16,Engineering_auto loans,1.0,46189.707716019024,16628.29477776685,14780.706469126088,8037.00914258731,21321.099181807836,21463.68800862075,19717.278671029988
name487,65,ausbildung,2,1,MediumSkilled,Nursing,9928,9361.649949956209,566.3500500437931,0.0,6824.30238021,0.675481833331175,auto loans,36,0.6303336351899885,47074,car,50120.80380463749,1,0.5692759373579385,0.5691215,0.63,Nursing_auto loans,0.8365129353058645,245674.88568756,118168.37636052427,118373.8865802817,132143.07130402976,74451.77871438437,74471.95435309476,66041.0445706359
name488,61,high school or lower,0,0,LowSkilled,Manufacturing,4962,3200.8805009729704,1761.1194990270296,0.0,1082.6455159796492,0.2644255691362276,simple loans,24,0.0,18865,liquid assets,31220.291393771084,0,0.3049383751320193,0.43308705,0.36,Manufacturing_simple loans,0.3082973484427068,25983.49238351158,2395.1818997302485,3492.639827031399,2787.7033481810245,3739.682599400263,3481.163097821138,3672.2253785747735
name489,44,bachelor degree,0,0,HighSkilled,Research,5853,3044.74580253989,2808.25419746011,0.0,1179.5758728975218,0.8624569627769575,simple loans,24,0.0,55179,house,69436.27929957103,0,0.17269452458771628,0.1265204,0.03,Research_simple loans,0.0,28309.820949540524,0.0,0.0,0.0,0.0,0.0,0.0
name490,58,ausbildung,0,0,MediumSkilled,IT Support,9724,5512.365088257981,4211.634911742019,0.0,7311.583799915101,0.303978672303036,auto loans,48,0.3187935919552738,30772,car,65965.95359617315,0,0.11244141239660763,0.14251599,0.09,IT Support_auto loans,0.9250452422911254,350956.02239592484,36036.17206355524,49996.13061069826,31491.06928076449,123460.40326787913,133947.51752555303,112971.37302808023
name491,65,bachelor degree,1,1,HighSkilled,Engineering,20000,21954.4206824093,-1954.4206824093017,0.097721034120465,12417.49772137212,0.9426533596206086,mortgages,48,0.718595920189071,27128,car,74056.00977146052,0,0.2114086096728734,0.23749445,0.2,Engineering_mortgages,0.9611999500118045,596039.8906258617,120311.83774567013,128332.6269287148,104270.25937958078,260413.82384304126,264755.8915268034,257804.79147966075
name492,56,high school or lower,2,1,LowSkilled,Manufacturing,4799,4577.134452723376,221.86554727662408,0.0,3375.490044280208,0.900040124419253,simple loans,12,0.6571420081274398,15278,liquid assets,24475.76762790855,0,0.8415422524364317,0.6918296,0.25,Manufacturing_simple loans,0.6419185051767118,40505.8805313625,21633.226602256826,18461.046739906666,6864.389210331494,3897.305128235877,7160.926197025963,12077.6054021426
name493,58,ausbildung,1,0,MediumSkilled,Artist,9737,4270.085248175992,5466.914751824008,0.0,5060.503999627291,0.7178790075446839,auto loans,12,0.0,0,none,24112.65118995223,0,0.49830159700334037,0.48446962,0.21,Artist_auto loans,1.0,60726.04799552749,32549.16172560274,29330.68118183978,12023.757503114444,24520.33697228499,24955.873334613712,27571.08433572382
name494,36,ausbildung,0,1,MediumSkilled,Teacher,1336,1545.9429735402907,-209.94297354029072,0.1571429442666846,891.6091529612709,0.2639883230140336,auto loans,48,0.8245150647466778,45419,car,50451.014290817424,0,0.23542797985637623,0.19294542,0.14,Teacher_auto loans,0.09378364572665386,42797.239342141,887.0235302918184,762.5994151830113,573.9564019535295,1852.9350456332372,1793.1385068640006,1646.7610245528012
name495,42,bachelor degree,0,1,HighSkilled,Engineering,4087,4560.2395524147,-473.2395524146996,0.1157914246182284,3190.694011913604,0.5689474887844984,auto loans,48,0.8964848456883542,74036,house,81354.21518427925,0,0.10912741509749442,0.0884669,0.03,Engineering_auto loans,0.664034137992398,153153.312571853,11186.893068376377,8034.2232036521245,3152.669864724251,38240.52170009366,35132.29976191119,20247.173202813807
name496,54,bachelor degree,0,0,HighSkilled,Research,18369,10936.026239897588,7432.973760102412,0.0,7350.83777934946,0.6675059161144566,auto loans,60,0.0,54416,house,101958.18856508714,0,0.19698850016236996,0.15825212,0.08,Research_auto loans,0.9142343453931558,441050.2667609676,72580.1943451842,58870.60207998273,32661.087455332887,180905.88938249263,171602.13376019758,133328.35592399296
name497,63,bachelor degree,0,0,HighSkilled,Finance,19931,18752.730609011694,1178.269390988302,0.0,9981.741857285058,0.821172481582467,mortgages,12,0.4416974796195252,26149,car,81899.4910075228,0,0.11814841885357907,0.04961114,0.05,Finance_mortgages,0.8135818688483847,119780.9022874207,10914.575877558695,5164.933227773311,6431.803642132802,37741.158790268935,25575.375431636745,25679.06452108097
name498,42,high school or lower,0,0,LowSkilled,Agriculture,1511,1083.8844646590487,427.1155353409513,0.0,1494.4599710649802,0.7352039505200598,simple loans,24,0.7063828164950555,0,none,3016.543598667449,0,0.2723915390749256,0.37493062,0.24,Agriculture_simple loans,1.0,35867.03930555953,9612.366533889954,14095.746447084895,8823.291669167644,16747.874488917983,16305.463695373583,16594.22109586156
name499,37,bachelor degree,0,1,Unemployed_HighSkilled,Doctor,1081,824.2237339959943,256.7762660040057,0.0,395.5333702910064,0.8517499042921652,auto loans,12,0.1283599484616102,0,none,2751.009787598428,0,0.4243756886675494,0.38347873,0.23,Doctor_auto loans,1.0,4746.400443492077,1979.2489849361962,1841.603372074926,949.2800886984155,2079.1803137570523,2146.159103447032,2184.875943484545
name500,43,ausbildung,0,1,MediumSkilled,Teacher,2790,2502.097708486806,287.9022915131941,0.0,583.8170990095022,0.3282650585471501,mortgages,36,0.1060626550165978,28327,car,31961.41040079826,0,0.1109224675115827,0.07503248,0.04,Teacher_mortgages,0.0,21017.415564342078,0.0,0.0,0.0,0.0,0.0,0.0
name501,64,bachelor degree,0,2,HighSkilled,Doctor,19874,22091.5046013386,-2217.504601338602,0.1115781725540204,8857.322563047228,0.204411687603102,auto loans,24,0.5572520461097831,79279,house,111086.1443440546,0,0.24062386574164982,0.17983861,0.09,Doctor_auto loans,0.740206408572852,212575.74151313346,35403.733389408175,30211.185825628312,11801.24446313606,72819.70159615744,69208.80952189842,54754.43191835203
name502,33,ausbildung,0,1,MediumSkilled,Electrician,1231,1065.766452624364,165.23354737563614,0.0,953.6665940690632,0.9027438690085312,auto loans,24,0.6404817601083891,44105,car,46963.95244899358,0,0.23715261433901044,0.1470853,0.12,Electrician_auto loans,0.0,22887.998257657517,0.0,0.0,0.0,0.0,0.0,0.0
name503,38,high school or lower,0,1,LowSkilled,Agriculture,1164,896.5920638171854,267.40793618281464,0.0,355.23836386422727,0.9244424727271764,mortgages,36,0.0754556938843751,0,none,2621.4781015644658,0,0.23205186406397318,0.1447245,0.43,Agriculture_mortgages,1.0,12788.581099112182,2736.756355210007,1918.2871648668272,5486.301291519126,5893.545133197191,5301.613065636825,5573.534320326407
name504,44,bachelor degree,0,1,HighSkilled,Research,5962,3185.055612499825,2776.944387500175,0.0,5110.80953596677,0.9386622045379488,auto loans,48,0.3914567508330419,13151,liquid assets,26180.954702199502,0,0.21232346898155266,0.21018235,0.05,Research_auto loans,0.9491277595233761,245318.85772640497,43308.04243130157,48896.176938566285,10710.591138924043,105912.3098921674,105730.26814628796,61354.435708736884
name505,51,ausbildung,0,1,MediumSkilled,Teacher,7943,3933.047828859696,4009.952171140304,0.0,3421.513145342973,0.3535833787964411,mortgages,24,0.0,27248,car,44461.99298183303,0,0.11655025545890313,0.08774478,0.05,Teacher_mortgages,0.7165506018608904,82116.31548823135,7296.221415425675,4471.877641712511,3236.2272407130013,22675.210884228927,20255.756573888044,15504.818133706283
name506,42,post graduate degree,0,0,HighSkilled,Research,3855,1593.916457849223,2261.083542150777,0.0,1811.1694831778025,0.4154538129552009,auto loans,48,0.0,56131,house,61811.58480951525,0,0.11464594155608969,0.0639124,0.1,Research_auto loans,0.5510005277249225,86936.13519253452,5317.106057009142,2490.8965312114897,3975.8540786644935,18348.42445768274,14272.419440094121,17407.3644275301
name507,38,bachelor degree,0,0,Unemployed_HighSkilled,Research,1188,1021.9092042003886,166.09079579961144,0.0,804.4570800183234,0.5750778319740764,auto loans,36,0.5373453570864578,60494,house,55133.12080827057,1,0.3043868322489127,0.48992887,0.68,Research_auto loans,0.0,28960.454880659643,0.0,0.0,0.0,0.0,0.0,0.0
name508,57,bachelor degree,0,2,HighSkilled,Doctor,19146,20388.80685490669,-1242.8068549066884,0.0649120889432094,16200.96219443497,0.3877482947461935,auto loans,24,0.9110920844741284,58483,house,98370.57830381994,0,0.20647059933926168,0.13939007,0.09,Doctor_auto loans,0.8952961559723935,388823.09266643925,78325.15954895118,50824.32575176387,30285.728358927787,157580.08774152308,142627.88347719875,121135.51892524854
name509,48,bachelor degree,0,1,HighSkilled,Consultant,11600,13540.648329227772,-1940.648329227772,0.1672972697610148,9276.652412291298,0.9720273164654468,mortgages,24,0.9670086846137128,34818,car,65764.52453627893,0,0.20903742485448726,0.114293836,0.2,Consultant_mortgages,0.8667127457427356,222639.65789499116,38592.92584107823,22383.89698782537,38592.92584107823,87540.8165592338,73829.54882446128,86831.96479041076
name510,36,bachelor degree,0,0,HighSkilled,Research,2055,2374.939435439802,-319.93943543980185,0.1556882897517284,1740.2141424290846,0.2206187866618335,mortgages,24,1.00250782378048,77657,house,101465.13150030909,1,0.12212777918243284,0.26773965,0.74,Research_mortgages,0.0,41765.13941829803,0.0,0.0,0.0,0.0,0.0,0.0
name511,60,high school or lower,1,1,Unemployed_LowSkilled,Construction,2487,2200.0081621405448,286.99183785945525,0.0,1465.2162364361466,0.5062611654385785,auto loans,24,0.4737532764683118,0,none,4868.403812617641,1,0.6871993625478697,0.736803,0.82,Construction_auto loans,1.0,35165.18967446752,23279.3555644975,25670.588462361287,28659.629584691025,9810.383565608383,8427.04954691477,5943.570571795362
name512,44,ausbildung,3,1,MediumSkilled,IT Support,3247,2556.090501120216,690.9094988797842,0.0,2237.519590650902,0.2657560703140211,auto loans,24,0.4763197079676987,24066,car,33440.365407775,1,0.6814329563179019,0.8027994,0.46,IT Support_auto loans,0.6174122553989814,53700.47017562165,21683.584778254062,27021.592651799783,15715.625664973124,9396.335906922004,6102.439904198885,14018.860419667111
name513,46,bachelor degree,3,3,HighSkilled,Finance,8396,10623.016044816051,-2227.016044816053,0.2652472659380721,5451.063537160037,0.355802518769667,auto loans,60,0.9144925657427454,27910,car,47667.14793380366,1,0.7305343330493957,0.8142163,0.93,Finance_auto loans,0.927218320694092,327063.81222960225,215314.28670209114,251402.17419159654,277482.4962428358,74218.34560361244,52797.16052914754,20660.31351293064
name514,55,ausbildung,1,1,MediumSkilled,Electrician,9398,8078.956289139068,1319.0437108609322,0.0,9393.663590300011,0.6344552239573564,auto loans,12,0.8591849201361013,0,none,18722.89160722501,1,0.34137478994312903,0.46869662,0.92,Electrician_auto loans,1.0,112723.96308360013,38551.59537459125,51176.67923995446,103593.32207382853,52113.03672345851,47201.02870757863,8749.072142998148
name515,35,bachelor degree,0,0,HighSkilled,Consultant,1851,1199.1078946230198,651.8921053769802,0.0,1280.5889723077637,0.5403778969865949,auto loans,36,0.3396525483148479,74050,house,73927.6843180158,0,0.1851540324025503,0.14981246,0.0,Consultant_auto loans,0.0,46101.20300307949,0.0,0.0,0.0,0.0,0.0,0.0
name516,60,ausbildung,0,1,MediumSkilled,Teacher,9958,8435.779129154434,1522.2208708455655,0.0,3762.132983346335,0.2170234945620232,auto loans,36,0.2249359422073477,41443,car,63601.22818631607,0,0.15346113361209712,0.20496407,0.38,Teacher_auto loans,0.738291270070735,135436.78740046808,13798.868094218456,22098.187310306366,39896.72731589249,42183.65755770051,45203.291367301805,45314.50142512827
name517,39,post graduate degree,1,1,HighSkilled,Engineering,2502,1886.6506131227093,615.3493868772905,0.0,2197.9182091732296,0.994159470741592,auto loans,24,0.6325215117090084,65028,house,69576.87397696692,0,0.24570404305881757,0.17852037,0.17,Engineering_auto loans,0.14417442055488114,52750.03702015751,2007.7743897102512,1384.1474959366124,1361.331877871723,3527.0419405268044,3339.258599717637,3299.2096800088993
name518,58,high school or lower,0,2,LowSkilled,Transportation,4883,6124.57932660308,-1241.5793266030796,0.2542656822861109,3988.3217029551706,0.4353911876851193,mortgages,36,1.0710426028175817,16698,liquid assets,23782.388341616825,0,0.24106150002816656,0.23474503,0.35,Transportation_mortgages,0.889566133925715,143579.58130638616,32314.053862508885,29759.58320144099,46363.642498382316,59120.358227445504,58943.845331637836,58833.2301487802
name519,36,high school or lower,0,0,LowSkilled,Agriculture,1094,443.3611313247151,650.6388686752849,0.0,654.8831698833715,0.3781590994099137,auto loans,36,0.0038796171920352,0,none,1957.436018847347,0,0.23190292385279115,0.31718507,0.1,Agriculture_auto loans,1.0,23575.79411580137,5446.008440750117,8086.497381719871,2499.0341762749454,10863.896039259253,10981.595378176751,8567.359825826967
name520,63,ausbildung,0,1,MediumSkilled,Nursing,9974,10599.194103371585,-625.1941033715848,0.0626823845369545,8132.998265442569,0.3955133132789903,auto loans,24,0.8781023028688745,26303,car,38371.51743049176,0,0.11300693348887111,0.06780768,0.05,Nursing_auto loans,0.8849936578800555,195191.95837062167,20038.262846353806,11401.080584994408,7773.464035223459,65815.4291650383,52944.283868296196,45518.97107590056
name521,45,high school or lower,1,1,Unemployed_LowSkilled,Agriculture,1081,1291.7439687466083,-210.7439687466085,0.1949527925500541,432.5550760531567,0.9022785459107396,auto loans,24,0.5950962486584321,11207,liquid assets,10611.58226177008,1,0.7998755541634458,0.80011994,0.81,Agriculture_auto loans,0.0,10381.321825275762,0.0,0.0,0.0,0.0,0.0,0.0
name522,51,bachelor degree,2,0,HighSkilled,Consultant,15615,13839.90282083397,1775.0971791660304,0.0,14256.471079378302,0.2220236030001958,auto loans,12,0.7993194940898029,42692,car,84310.31091959808,1,0.5745252669072303,0.54796636,0.86,Consultant_auto loans,0.7863806902922466,171077.65295253962,75607.07550618629,74261.75387796233,115159.53137597055,48286.61316894799,50518.84314466076,17925.467479386316
name523,42,high school or lower,0,1,LowSkilled,Cleaning Services,1497,1818.6137631612096,-321.6137631612098,0.2148388531471007,384.86692932301526,0.361787498671255,simple loans,60,0.4719309903034235,22746,car,23801.119777943422,0,0.3758131381069115,0.1901142,0.11,Cleaning Services_simple loans,0.16202664834422373,23092.015759380916,1391.846153125668,774.4950368199281,422.7919766215067,1700.0165859939032,1666.3438256798165,1411.139514435314
name524,65,high school or lower,2,2,LowSkilled,Agriculture,4985,3349.602985414604,1635.3970145853964,0.0,3706.597609397856,0.9564688210564796,mortgages,12,0.4154865786985876,5620,liquid assets,16477.12369698751,0,0.5623253046422163,0.5708378,0.5,Agriculture_mortgages,0.8803845843941077,44479.17131277427,20910.786784708846,22712.09051522683,19501.070821694764,14358.107065016542,14147.409884274026,15776.418902512538
name525,35,ausbildung,0,0,MediumSkilled,IT Support,1339,823.1058473185792,515.8941526814208,0.0,1289.518068356537,0.5486770113225095,mortgages,48,0.5777624463593101,20021,car,20998.68520689406,1,0.10939036108982396,0.15737258,0.58,IT Support_mortgages,0.7249271557389898,61896.86728111378,4666.554874514161,6685.737272140481,25576.31036993338,16887.60177098861,19066.080678853952,15946.358935323304
name526,60,bachelor degree,0,0,HighSkilled,Consultant,19820,19941.208121303414,-121.208121303418,0.0061154450708081,13123.33299573075,0.2710824806488823,auto loans,48,0.6682412268937522,53105,house,87931.77268569678,0,0.15444692756056885,0.10764761,0.01,Consultant_auto loans,0.9413044020030803,629919.983795076,98429.11130689834,59294.645365601406,7708.303897528183,250609.1950198571,221796.15641725532,59451.631825820325
name527,31,post graduate degree,1,1,HighSkilled,Engineering,1631,1456.5190691304992,174.48093086950075,0.0,1268.4732849226525,0.7907715362971997,simple loans,12,0.6707494506763653,16217,liquid assets,19981.307598674797,1,0.2957251965448318,0.3396907,0.79,Engineering_simple loans,0.0,15221.67941907183,0.0,0.0,0.0,0.0,0.0,0.0
name528,61,post graduate degree,1,2,HighSkilled,Consultant,19814,15337.715024686153,4476.284975313849,0.0,12441.646160555094,0.3403431299084336,auto loans,24,0.4020067217745657,12599,liquid assets,62329.40164337504,1,0.3596819216199825,0.43545794,0.6,Consultant_auto loans,0.9597304067854181,298599.50785332225,104313.30987823004,124946.71183216565,168506.1159571408,131392.64405630287,124256.33457262005,98047.31473681956
name529,60,high school or lower,0,0,Unemployed_LowSkilled,Agriculture,2468,2463.310376532995,4.689623467004822,0.0,1754.6015622326277,0.3415078896114155,mortgages,12,0.7090404938272378,5442,liquid assets,11440.309265103668,0,0.25026255085992116,0.23261252,0.37,Agriculture_mortgages,0.7555616175959031,21055.218746791532,3849.860662709057,3674.8669962222825,6124.7783270371365,7390.121472167339,7333.555249139055,7253.204230383188
name530,61,ausbildung,0,0,MediumSkilled,Artist,9902,6904.068801804767,2997.9311981952333,0.0,4671.05882272631,0.6041637239613153,auto loans,36,0.1689686552748006,26438,car,60504.95402708738,0,0.20069075739443776,0.29578975,0.07,Artist_auto loans,0.8657568320346118,168158.11761814714,28971.22379880815,44403.131952947166,10045.29870410936,65554.74536022374,68027.4621085643,45292.868688554256
name531,35,ausbildung,0,2,MediumSkilled,Nursing,1263,1066.6481902736616,196.3518097263384,0.0,522.9781909082284,0.207907784340934,simple loans,36,0.2586115448787727,32489,car,36823.36204931007,0,0.11657178249998082,0.1241314,0.07,Nursing_simple loans,0.0,18827.214872696222,0.0,0.0,0.0,0.0,0.0,0.0
name532,64,ausbildung,0,0,MediumSkilled,Teacher,9970,6637.118698464478,3332.8813015355217,0.0,7386.431034098812,0.7025180168498815,auto loans,24,0.4065746973483741,37164,car,69471.4103376876,0,0.18471002459309496,0.34066212,0.19,Teacher_auto loans,0.8209831486730491,177274.3448183715,26779.221960980674,53121.82617259754,29690.006956739442,64409.01995381664,67302.5036638185,64809.78867353568
name533,32,ausbildung,0,1,MediumSkilled,Teacher,1288,1256.333068306033,31.666931693966944,0.0,1044.2777021438335,0.240165434077936,auto loans,12,0.78618848637412,23715,car,27107.33464351928,0,0.16164463408994614,0.15580352,0.12,Teacher_auto loans,0.0,12531.332425726003,0.0,0.0,0.0,0.0,0.0,0.0
name534,48,high school or lower,1,0,LowSkilled,Transportation,3197,3209.996382946985,-12.99638294698525,0.0040651807779121,1559.3085853005246,0.9636747267416168,auto loans,48,0.4918063710502063,17977,liquid assets,24176.97043531861,1,0.6209241906546631,0.68112093,0.76,Transportation_auto loans,0.7721937500580514,74846.81209442517,36816.20520556082,39648.22099060396,42133.45933258059,18942.712158761344,16393.436815279398,12744.243645757071
name535,55,bachelor degree,0,0,HighSkilled,Research,18657,17728.821320491326,928.1786795086736,0.0,15998.197680997731,0.8734826341697577,mortgages,24,0.8077407408205531,47466,car,86514.72330009639,0,0.20371250043569097,0.14493324,0.03,Research_mortgages,0.8944693141291428,383956.7443439455,75899.69319485786,49798.44123644519,7555.625566908926,155082.65838064643,142437.90535928114,68374.68570306817
name536,51,bachelor degree,1,0,HighSkilled,Research,15775,11631.083779891816,4143.916220108185,0.0,14669.555114547036,0.7853649674453962,auto loans,24,0.6672354291244913,50079,house,88529.40665594889,0,0.3746617609981809,0.3358076,0.1,Research_auto loans,0.9011277251065983,352069.32274912886,116434.21003516877,102157.53578017531,31408.683360985582,144252.27190521668,146977.4028518908,115290.94899234427
name537,43,bachelor degree,1,1,HighSkilled,Research,4865,4539.248597039601,325.751402960399,0.0,2573.465466814609,0.7932984456785035,auto loans,24,0.4620172793122735,15469,liquid assets,28733.11737718253,0,0.39186736403893,0.56132096,0.22,Research_auto loans,0.7619824655687993,61763.17120355062,18071.98213441128,26778.536027291706,10541.98957840658,21158.843705622705,17285.67204621038,21528.991872591632
name538,43,bachelor degree,1,0,HighSkilled,Engineering,4743,2910.764732452389,1832.2352675476109,0.0,2701.430534576767,0.5854682619346183,simple loans,48,0.1832585424898073,22401,car,36554.39468482642,0,0.16234555033208084,0.09827809,0.11,Engineering_simple loans,0.8527190220444928,129668.66565968482,18354.775670009363,11278.235652656354,13379.083470308029,47388.33115033074,39901.28713137118,41702.55390671225
name539,41,high school or lower,0,0,Unemployed_LowSkilled,Manufacturing,706,449.7244094039879,256.2755905960121,0.0,414.9379299304515,0.2479058601972241,simple loans,12,0.2247341916918405,23514,car,24869.529745047417,0,0.48547885592249707,0.29129636,0.16,Manufacturing_simple loans,0.0,4979.255159165418,0.0,0.0,0.0,0.0,0.0,0.0
name540,43,bachelor degree,0,0,Unemployed_HighSkilled,Consultant,2403,1670.628325281158,732.3716747188419,0.0,2011.264929348485,0.877366882463576,auto loans,24,0.5322069307655611,41776,car,42995.03054901818,0,0.3796771492763613,0.22993419,0.11,Consultant_auto loans,0.2623400008260267,48270.358304363646,4748.717189039761,2773.250838399221,1418.2835337932088,5739.932523949965,5828.963146999821,4776.02616758847
name541,34,post graduate degree,0,0,HighSkilled,Finance,1741,1560.378631600276,180.6213683997239,0.0,600.9283341437643,0.2735353221759456,simple loans,48,0.2414169820471225,0,none,4360.373086004983,0,0.11166424051502444,0.17401041,0.06,Finance_simple loans,1.0,28844.560038900687,2653.699523578863,5365.088167235528,1759.5181623729418,10940.744025504113,12586.57707391195,8333.838287118739
name542,52,bachelor degree,1,1,HighSkilled,Engineering,16926,15561.678667322378,1364.3213326776222,0.0,4211.825452854944,0.5909745717353312,simple loans,36,0.1682325487520573,0,none,39375.68340872628,1,0.2793612853982147,0.22627011,0.75,Engineering_simple loans,1.0,151625.716302778,44123.08344410839,39574.311955025056,115083.9186738085,70849.72584126492,69644.2938666972,34693.286066241766
name543,47,high school or lower,0,0,LowSkilled,Construction,2815,2394.309071062736,420.69092893726383,0.0,2687.623206340519,0.8666183134534018,auto loans,60,0.8053045390420089,0,none,5380.851168906819,0,0.394476763069907,0.32509303,0.15,Construction_auto loans,1.0,161257.39238043115,59826.492573139956,50151.04903031409,22898.549718021222,72365.03875791862,74962.3477680916,67576.8951820014
name544,64,bachelor degree,0,1,Unemployed_HighSkilled,Finance,9868,8663.003574084529,1204.9964259154713,0.0,2299.232420173312,0.9412446693396846,mortgages,24,0.1108873119434374,0,none,26368.00506625696,0,0.21551497896305466,0.12677133,0.12,Finance_mortgages,1.0,55181.5780841595,10815.589304495263,6842.515682435777,7283.968307109054,25162.17534849448,21909.159877859554,21490.801417225073
name545,61,ausbildung,2,1,MediumSkilled,Artist,9883,8803.281080183584,1079.718919816416,0.0,2540.9853721149857,0.7742565249929538,auto loans,24,0.1478565670645117,0,none,22524.97485558308,1,0.7144489347887053,0.83883965,0.87,Artist_auto loans,1.0,60983.64893075966,43176.42344297784,52445.93808045331,52872.82362296862,15712.273355679798,9288.152934600805,7569.936328608109
name546,56,post graduate degree,0,0,HighSkilled,Doctor,19191,18728.481613263222,462.51838673677776,0.0,7579.93999435181,0.6852492144863693,auto loans,36,0.370872888729875,26725,car,81706.70624965806,0,0.23913735855714366,0.1990039,0.09,Doctor_auto loans,0.9163566713637706,272877.8397966652,57762.342090916936,53761.4872274768,22254.755177885745,115644.17856071358,112412.13283046945,87013.2817029407
name547,52,post graduate degree,0,0,HighSkilled,Finance,16730,16852.75346376333,-122.75346376332892,0.0073373259870489,6040.382409541438,0.7524961240256246,mortgages,60,0.3683882769458916,42953,car,82870.7723158689,0,0.15877372804674292,0.13286476,0.03,Finance_mortgages,0.8988506606391782,362422.94457248633,56031.425743481406,37788.63596653397,7166.810269515063,138764.670379493,131408.6626293151,64856.09898639917
name548,54,bachelor degree,0,0,HighSkilled,Doctor,18256,12023.41581147015,6232.5841885298505,0.0,16384.516181435964,0.7908986083386986,auto loans,48,0.556087422924305,34213,car,70048.74470342588,1,0.27166299763220253,0.2410667,0.59,Doctor_auto loans,0.9628797705417035,786456.7767089263,221878.15296464835,190830.3568160116,458901.572343266,353564.6834596324,350520.9981889006,264150.53268920264
name549,63,post graduate degree,0,1,HighSkilled,Consultant,20000,16003.42992232381,3996.5700776761896,0.0,9340.745781022571,0.6319195249209839,simple loans,60,0.2672087851673191,16534,liquid assets,70256.688170942,0,0.23336837163589352,0.1881084,0.07,Consultant_simple loans,0.9718871148869407,560444.7468613543,117108.14103733403,98044.02505451223,40306.98807796614,251192.81719992336,242030.3858243714,169459.02011110078
name550,41,ausbildung,0,0,MediumSkilled,Teacher,2048,2026.4683061433584,21.53169385664137,0.0,1583.561818619458,0.6136088549898933,mortgages,36,0.7627100218568441,0,none,3828.1569093236617,0,0.16929469781430737,0.09012497,0.08,Teacher_mortgages,1.0,57008.225470300495,10090.455908243188,5871.847223440951,4446.641586683439,24704.38236063703,19849.272991239668,18850.133263506235
name551,37,bachelor degree,0,1,HighSkilled,Research,2192,1436.1762215784618,755.8237784215382,0.0,779.7539128054826,0.4067528341678274,mortgages,12,0.0109170321094636,44729,car,46581.1148791085,0,0.0999359899508889,0.110923864,0.04,Research_mortgages,0.0,9357.046953665791,0.0,0.0,0.0,0.0,0.0,0.0
name552,59,bachelor degree,0,0,HighSkilled,Doctor,19654,6586.986131944992,13067.013868055008,0.0,6176.028141351498,0.7244047338321705,simple loans,48,0.0,52645,house,98919.77072914584,0,0.2538138165136263,0.37079257,0.09,Doctor_simple loans,0.8765609926965082,296449.3507848719,64704.12836484746,94067.84926937662,23387.034348740042,120851.80766291497,118422.51469796525,90424.34634897507
name553,31,high school or lower,1,1,Unemployed_LowSkilled,Cleaning Services,500,296.12965341783786,203.8703465821621,0.0,405.7284976924707,0.5508216766118412,mortgages,36,0.4037163022206171,20582,car,23412.331897123957,1,0.7375003157819247,0.8868077,0.83,Cleaning Services_mortgages,0.0,14606.225916928945,0.0,0.0,0.0,0.0,0.0,0.0
name554,38,high school or lower,1,0,LowSkilled,Manufacturing,1133,574.826265985712,558.173734014288,0.0,440.41137878287486,0.9498112900717413,auto loans,36,0.0,0,none,1953.4194728203315,1,0.6976164617904711,0.8208765,0.81,Manufacturing_auto loans,1.0,15854.809636183494,10591.012836970574,12937.52466312573,12683.847708946796,4295.183785202614,2667.5178133142254,2818.7829846818963
name555,32,ausbildung,0,1,MediumSkilled,Electrician,1251,1044.6685073297506,206.33149267024945,0.0,746.604074649931,0.9381193105100332,simple loans,24,0.4318725675297215,24119,car,32151.082316120373,0,0.1992486550819197,0.12092984,0.16,Electrician_simple loans,0.0,17918.497791598344,0.0,0.0,0.0,0.0,0.0,0.0
name556,34,ausbildung,2,0,MediumSkilled,Teacher,1298,932.9556621828744,365.04433781712567,0.0,446.4267839814652,0.6966617580892255,auto loans,48,0.0626983406504927,45930,car,52711.282320531696,1,0.7194609341493732,0.66058016,0.76,Teacher_auto loans,0.0,21428.48563111033,0.0,0.0,0.0,0.0,0.0,0.0
name557,45,bachelor degree,1,0,HighSkilled,Research,7155,6490.900279146572,664.0997208534282,0.0,5071.231675698669,0.8915181141374074,simple loans,48,0.6159513563725005,0,none,17808.345668957696,0,0.3967229810423721,0.4850445,0.42,Research_simple loans,1.0,243419.12043353613,95663.7143303797,118058.27341026501,106860.99387032236,109057.18546947856,99964.12982540356,107042.26653442704
name558,49,ausbildung,1,0,MediumSkilled,Teacher,6722,3964.5767986325873,2757.4232013674127,0.0,5167.653792079569,0.8273047720458451,simple loans,36,0.3585585526200768,13416,liquid assets,29525.507677384117,0,0.527630216339996,0.48047426,0.34,Teacher_simple loans,0.9314813277463786,186035.53651486448,90629.95273733808,79019.6146237594,54412.62936811502,67157.36463746196,71562.81017141354,80155.29610992748
name559,64,high school or lower,0,1,LowSkilled,Construction,4978,2968.8438117679007,2009.1561882320996,0.0,1607.4589160956657,0.590936090523462,mortgages,24,0.0,0,none,9695.128758321149,0,0.19763951466375146,0.122089334,0.24,Construction_mortgages,1.0,38579.01398629598,6944.222517533276,5208.166888149957,9644.753496573994,17319.817316081782,15117.451746215473,17848.94153919471
name560,63,ausbildung,2,0,MediumSkilled,Teacher,9941,7729.124352152009,2211.875647847991,0.0,1990.9688497560608,0.3109114491593897,simple loans,12,0.0,47837,car,65099.950814250944,1,0.6100830557253637,0.609196,0.78,Teacher_simple loans,0.0,23891.62619707273,0.0,0.0,0.0,0.0,0.0,0.0
name561,46,ausbildung,0,0,MediumSkilled,Nursing,4457,2022.3466071501264,2434.6533928498734,0.0,2309.66539920173,0.609870570886391,auto loans,12,0.0,34100,car,40480.4231019466,0,0.15768023350376956,0.087130465,0.04,Nursing_auto loans,0.0,27715.98479042076,0.0,0.0,0.0,0.0,0.0,0.0
name562,36,high school or lower,1,0,LowSkilled,Agriculture,1058,942.0798151962643,115.92018480373564,0.0,719.3626370874158,0.6585592917015555,auto loans,24,0.5703614860904349,0,none,1459.1617084628306,0,0.5073878322533066,0.58521813,0.35,Agriculture_auto loans,1.0,17264.70329009798,9046.704524011342,9909.939688516239,6180.763777855076,6886.9120914431305,6076.766513878165,7952.6320470019255
name563,47,high school or lower,0,0,Unemployed_LowSkilled,Construction,1414,1268.457225979309,145.542774020691,0.0,777.1941460641837,0.4244405484759089,auto loans,60,0.44671242718776,12705,liquid assets,16348.128317673636,1,0.5622427387882748,0.52188724,0.82,Construction_auto loans,0.7417390606805236,46631.64876385102,20095.927419560197,17813.085406322723,28085.874465891364,12684.146061304546,13518.314176123442,5846.101894283197
name564,47,high school or lower,0,0,LowSkilled,Manufacturing,2820,1088.943312501454,1731.056687498546,0.0,2170.306978099034,0.971805651628892,mortgages,36,0.1557625143973362,0,none,5289.124170627596,1,0.349877065475173,0.48320338,0.79,Manufacturing_mortgages,1.0,78131.05121156522,28283.44053858661,37346.642479128175,62582.97202046375,35991.45515093751,32158.62499529985,15243.677894735443
name565,34,high school or lower,1,0,LowSkilled,Agriculture,1039,893.772425424436,145.22757457556395,0.0,321.87238388990954,0.2722044352918161,auto loans,24,0.1700142534305539,9838,liquid assets,13376.02020301095,1,0.4655286032480243,0.6012459,0.73,Agriculture_auto loans,0.0,7724.937213357829,0.0,0.0,0.0,0.0,0.0,0.0
name566,63,high school or lower,0,0,LowSkilled,Construction,4974,5444.991759834772,-470.991759834772,0.0946907438348958,4503.32262340844,0.369002324263583,mortgages,36,1.0000632053162872,0,none,7160.19221982159,1,0.2086900555481749,0.227252,0.72,Construction_mortgages,1.0,162119.61444270387,34045.119032967814,36476.91324960837,117536.7204709603,73526.21601101052,74508.41093298676,41051.52177006519
name567,63,high school or lower,0,0,LowSkilled,Transportation,4990,2685.657431432823,2304.342568567177,0.0,1275.092152915258,0.3467505274997273,mortgages,36,0.0,19650,liquid assets,25831.76107435564,0,0.1656202449320665,0.11596725,0.14,Transportation_mortgages,0.5927426909200985,45903.31750494929,4217.372670706712,3074.6007212248937,3809.2398316060626,11723.652504544561,10466.1795563541,11163.438749892914
name568,44,ausbildung,1,0,MediumSkilled,Artist,3213,1857.987223977461,1355.012776022539,0.0,2342.886818745652,0.4418240783360256,mortgages,48,0.3074615756996929,26505,car,32547.70276470241,0,0.3176394263818237,0.3507476,0.32,Artist_mortgages,0.7990395000093885,112458.56729979129,27766.380752582198,31091.157735901095,30552.004711579117,41851.866336401086,41377.65762230121,41828.30890438879
name569,37,bachelor degree,2,0,HighSkilled,Doctor,2238,1159.6676475553138,1078.3323524446862,0.0,704.9036739528646,0.8080545164467241,auto loans,36,0.0,41279,car,40501.523537462745,0,0.6765927500606054,0.654978,0.21,Doctor_auto loans,0.0,25376.532262303124,0.0,0.0,0.0,0.0,0.0,0.0
name570,60,bachelor degree,0,0,HighSkilled,Finance,19676,20268.10904682085,-592.1090468208458,0.0300929582649342,17170.31149661926,0.3393505945786538,mortgages,48,0.9027455043423512,61120,house,103435.96425819432,0,0.10126650650675374,0.040421814,0.06,Finance_mortgages,0.9483759920983894,824174.9518377244,91450.44530057408,28138.59855402279,49242.54746953989,285471.03306749504,183957.9004505491,225829.7286281303
name571,43,bachelor degree,0,0,HighSkilled,Consultant,4826,4438.69189383874,387.3081061612602,0.0,4735.295456495124,0.5229933743235293,mortgages,12,0.9009505491781732,37841,car,49223.54145772285,1,0.110638731434258,0.07972895,0.23,Consultant_mortgages,0.4312535940864811,56823.54547794149,2646.5786873386787,2033.944731936207,5464.69488219005,9262.632472404595,8090.629427366598,11280.373051169248
name572,64,high school or lower,2,0,LowSkilled,Agriculture,4975,4173.583090765877,801.4169092341226,0.0,2085.748219705849,0.6521226340473114,simple loans,12,0.2581570473310002,0,none,9282.193162725152,0,0.6185526434711199,0.60137016,0.23,Agriculture_simple loans,1.0,25028.978636470187,15542.995733247986,15242.647989610343,5981.925894116374,8244.701439774108,8540.112108825446,11521.407425240059
name573,33,high school or lower,1,1,LowSkilled,Transportation,1000,1061.657425832096,-61.65742583209612,0.0616574258320961,422.4914113350942,0.7155241181446362,auto loans,24,0.4841488371671903,10208,liquid assets,10281.361909323636,1,0.6250456947821234,0.7319801,0.8,Transportation_auto loans,0.051024081938647395,10139.79387204226,329.04965626209827,369.4048027848084,412.346817674359,168.07192283915967,126.01343042402829,96.48134268204232
name574,51,high school or lower,1,0,LowSkilled,Transportation,4055,2903.366557534212,1151.6334424657884,0.0,1984.37406297756,0.4390118310234694,simple loans,12,0.2053614353913124,0,none,7337.097158152998,1,0.4522936339029629,0.55158836,0.73,Transportation_simple loans,1.0,23812.48875573072,10310.8076312314,13430.243658232124,17954.61652182096,10152.014587777285,8889.426983975665,5838.0597300494355
name575,60,ausbildung,1,0,MediumSkilled,Nursing,9828,8340.630382432997,1487.369617567003,0.0,6071.7748585642985,0.7517118841457471,simple loans,12,0.4664636997351745,32817,car,57078.58966758995,1,0.3349314909350516,0.39026263,0.68,Nursing_simple loans,0.6155462256988432,72861.29830277158,15517.926020746847,17132.50791885924,29959.464109418772,20783.944869425966,20186.608270638357,12759.57795851931
name576,31,bachelor degree,0,1,HighSkilled,Engineering,1623,1477.280949397807,145.71905060219297,0.0,1519.2424489688335,0.7053241602509355,simple loans,36,0.8462867519202961,66108,house,64508.373055054166,0,0.11147768226380805,0.059732545,0.15,Engineering_simple loans,0.1601796584635156,54692.728162878004,937.3908893797437,560.6824011243328,1349.1420277054258,3320.8323425781473,2525.5910164156544,3671.263462315563
name577,55,post graduate degree,0,1,HighSkilled,Finance,18732,9716.442359539657,9015.557640460343,0.0,18566.763145216788,0.5117616980231632,simple loans,60,0.5098871185541557,70970,house,119178.33024573817,0,0.16157198000009437,0.15153083,0.05,Finance_simple loans,0.9556784851671148,1114005.7887130072,163953.23015219514,176728.80652769087,61748.619148229336,455685.99976158794,447484.4054405786,280536.65435339836
name578,30,high school or lower,1,0,LowSkilled,Transportation,1007,482.7296216852033,524.2703783147967,0.0,730.8716254331144,0.7201160346956534,auto loans,36,0.2051650914779719,8563,liquid assets,10383.770288918804,0,0.6230167832154926,0.77958196,0.67,Transportation_auto loans,0.6931681470168801,26311.37851559212,11672.454074312154,14006.944889174583,12274.314987518876,5950.81791239513,3720.6737719671783,5326.955064510576
name579,36,bachelor degree,0,1,HighSkilled,Engineering,1913,1552.7581092029534,360.2418907970466,0.0,1712.1476285768956,0.3789637408556496,mortgages,48,0.7066940605226603,15564,liquid assets,21161.44428203861,0,0.06304020108222508,0.056402188,0.18,Engineering_mortgages,0.8200876458108989,82183.08617169099,3235.0720158727822,3504.6613505288474,14153.440069443423,19948.19150776476,18883.847002337596,29650.29993036521
name580,36,high school or lower,0,0,LowSkilled,Manufacturing,1079,702.1052033830047,376.89479661699534,0.0,947.8332917846903,0.2219232965028936,simple loans,12,0.5291366961702457,14621,liquid assets,18351.349206689574,0,0.3882647827501853,0.66675955,0.18,Manufacturing_simple loans,0.0,11373.999501416285,0.0,0.0,0.0,0.0,0.0,0.0
name581,30,bachelor degree,1,0,HighSkilled,Consultant,1602,1211.5442101819426,390.4557898180574,0.0,568.6330304507281,0.6187862942738176,simple loans,24,0.1112217482101565,71052,house,81874.47846144396,0,0.4042298635953252,0.29587016,0.08,Consultant_simple loans,0.0,13647.192730817475,0.0,0.0,0.0,0.0,0.0,0.0
name582,63,ausbildung,1,0,MediumSkilled,Electrician,9921,5858.510210208099,4062.489789791901,0.0,6926.63698207058,0.864684543269215,auto loans,36,0.2886954129904928,49356,car,69026.13925086,1,0.3854543877952571,0.49983618,0.72,Electrician_auto loans,0.8311287279291276,249358.9313545409,77925.7636518393,102795.68822157524,147976.0511899289,93588.59495379463,83515.41040976233,52479.165532805666
name583,38,bachelor degree,0,0,HighSkilled,Research,2385,1649.6803261211933,735.3196738788067,0.0,1553.9581511373608,0.8493872108697909,mortgages,48,0.3432446445528528,65391,house,75340.70944258191,0,0.13227130195169132,0.154324,0.07,Research_mortgages,0.3911845685730286,74589.99125459332,3588.9497865016697,4230.875764575138,1633.9933987324675,11752.68949389596,12329.469922678754,9077.752427214364
name584,50,high school or lower,0,2,LowSkilled,Agriculture,3810,2455.260354818704,1354.739645181296,0.0,2838.6217926452355,0.3825738275971916,mortgages,48,0.3894703799117951,18777,liquid assets,25916.82945257456,0,0.16165511539197921,0.08535198,0.11,Agriculture_mortgages,0.8689356525735202,136253.8460469713,18588.144466984886,9826.853444329588,13141.936533982944,50683.163587701965,40276.070962112266,44653.76127316151
name585,63,high school or lower,0,0,LowSkilled,Construction,4977,3590.8513590232624,1386.1486409767376,0.0,2761.5745663357006,0.3175247370185895,simple loans,24,0.2763564246250679,0,none,7844.99088661484,1,0.2394415953232443,0.2166596,0.32,Construction_simple loans,1.0,66277.78959205681,16039.225081277747,15045.058237396897,22468.17067170726,30656.281427232243,30247.46504156087,30851.588304188186
name586,39,high school or lower,0,0,LowSkilled,Agriculture,1189,1106.0935967352254,82.90640326477455,0.0,992.6827545201064,0.7661874616052473,auto loans,24,0.7651609346133994,0,none,1797.988309731294,1,0.2861003763059137,0.41250902,0.7,Agriculture_auto loans,1.0,23824.386108482555,7004.369515893871,9696.525146152399,17177.38238421592,11135.404337891892,10543.29115478704,6409.848061108002
name587,45,bachelor degree,0,1,HighSkilled,Finance,7126,4180.231350871877,2945.768649128123,0.0,4808.55328124352,0.7481123553385178,auto loans,24,0.2614067684697442,73091,house,95544.70508933788,0,0.1572356430738651,0.09294468,0.07,Finance_auto loans,0.5596507073630321,115405.2787498445,9946.34346640987,5683.624837948497,4585.651857890264,27436.87984317513,22779.994883103802,20093.648228299986
name588,60,high school or lower,0,0,LowSkilled,Construction,4943,3548.040313791256,1394.9596862087446,0.0,1404.4109120792884,0.4416160549319158,mortgages,36,0.0019120424581314,0,none,7971.025933640396,0,0.20499014026110932,0.1494133,0.26,Construction_mortgages,1.0,50558.79283485439,11072.37563083311,6623.201861365925,12740.815794383305,22856.64487126156,21162.64079978474,23553.51564396431
name589,37,high school or lower,0,0,LowSkilled,Agriculture,1112,880.818459733162,231.18154026683808,0.0,962.62084197768,0.4711543894454583,auto loans,12,0.6577691562147859,0,none,1762.6891260794648,0,0.24732853189692874,0.33969042,0.3,Agriculture_auto loans,1.0,11551.45010373216,2957.1712265554333,3846.6328845428097,3742.66983360922,5360.4878078236015,5343.799652245586,5395.807009259158
name590,57,ausbildung,0,1,Unemployed_MediumSkilled,Nursing,4810,4090.980772233148,719.0192277668525,0.0,3625.461403075021,0.8621326859727696,auto loans,48,0.6042499324965006,0,none,9961.26257306388,1,0.2172905503354679,0.39308402,0.68,Nursing_auto loans,1.0,174022.147347601,42113.35965811944,66650.48243413119,121815.5031433207,79455.6044900641,78171.27870804201,49508.89743946526
name591,48,bachelor degree,0,2,HighSkilled,Research,11633,15680.023989852853,-4047.023989852853,0.3478916865686282,9112.864023057047,0.6810506947176576,auto loans,36,1.1312548794730422,41894,car,70421.82718814693,0,0.2790771071830993,0.45598483,0.44,Research_auto loans,0.8911261041828963,328063.1048300537,88288.37015307196,131263.17284347455,139448.84954640834,136600.77812476896,124149.09255709211,126202.17442530484
name592,47,bachelor degree,1,1,HighSkilled,Research,10117,7585.110254541054,2531.889745458946,0.0,7968.35653682573,0.869293277868319,mortgages,60,0.5373595721426099,34872,car,62125.042181658624,1,0.2890814708449757,0.3024577,0.33,Research_mortgages,0.9378096025474386,478101.3922095438,128681.63798575247,133613.68682841197,141235.94413070392,209565.19065898715,209381.8654845951,208122.65092008418
name593,61,bachelor degree,1,0,HighSkilled,Consultant,19874,24811.571333300253,-4937.571333300253,0.2484437623679306,19751.338061234637,0.308685574184942,auto loans,24,1.2422717819530484,68066,house,110277.71917365132,0,0.45346337701178063,0.3816182,0.13,Consultant_auto loans,0.9000769015941817,474032.1134696313,192852.74088844506,159999.50848045773,58453.153764860566,181676.83833766988,193156.99454697993,170860.41880353773
name594,47,high school or lower,0,1,LowSkilled,Agriculture,2836,2017.918998071415,818.081001928585,0.0,690.4793794002704,0.3543139001515243,simple loans,24,0.0,9952,liquid assets,14220.825319036492,0,0.21390273436117396,0.26906896,0.34,Agriculture_simple loans,0.43091041359884874,16571.50510560649,1456.7301602785144,1913.7435438953037,2620.686121677524,3252.1708779905503,3332.7579537466086,3303.019234642001
name595,42,bachelor degree,1,0,HighSkilled,Consultant,3970,3486.5855944335126,483.4144055664874,0.0,3886.020976468626,0.2036544537262612,auto loans,12,0.8570797407813951,52513,house,64045.505317618336,0,0.2316678636369734,0.37661025,0.17,Consultant_auto loans,0.2156898507660886,46632.25171762351,2363.6543022573096,3550.5105050928955,1840.6329247365436,4634.2550414345615,4567.8199228331105,4363.299567580864
name596,52,ausbildung,1,0,MediumSkilled,Artist,8410,3904.275416059984,4505.724583940016,0.0,6725.072990302993,0.4020051886658929,simple loans,48,0.2638939841097476,10078,liquid assets,28583.737820609243,0,0.48790474306370957,0.6283861,0.37,Artist_simple loans,0.9702961328973357,322803.5035345437,156920.71057380488,190747.929619655,113697.04179299634,128169.92514556569,101010.66290178709,142804.79853950796
name597,64,ausbildung,0,0,MediumSkilled,Electrician,10000,5750.000549595312,4249.999450404688,0.0,5469.079390904166,0.3298648871611474,mortgages,24,0.1219079940499477,0,none,20916.598151610724,0,0.08574558011627981,0.08054041,0.09,Electrician_mortgages,1.0,131257.90538169997,10238.116619772598,11813.211484352996,15225.917024277196,44740.36370617488,43531.1683693022,45674.96292288012
name598,36,ausbildung,1,1,MediumSkilled,Teacher,1334,1486.2633395684247,-152.26333956842473,0.114140434459089,624.0765921428834,0.2321677951029404,mortgages,12,0.5819639668000811,48118,car,45616.15719148783,0,0.35810835327080215,0.19974929,0.16,Teacher_mortgages,0.0,7488.919105714602,0.0,0.0,0.0,0.0,0.0,0.0
name599,62,high school or lower,0,0,LowSkilled,Agriculture,4953,3161.6521172864104,1791.3478827135896,0.0,3921.751734277532,0.6098616753532567,auto loans,36,0.4301239353046522,15804,liquid assets,26845.481877419385,1,0.21619872014191635,0.2010286,0.8,Agriculture_auto loans,0.8935964307430092,141183.06243399114,28259.992470613546,22708.922521028744,103830.24019337031,57557.00251449125,56826.94861383041,23526.809521852236
name600,50,post graduate degree,0,1,HighSkilled,Consultant,14602,11240.738609350874,3361.261390649126,0.0,9886.114316649817,0.3632415641525018,simple loans,36,0.4468465228051423,16969,liquid assets,46922.3006008362,0,0.2102177724581405,0.1822751,0.09,Consultant_simple loans,0.9545395710782618,355900.1153993934,77796.05026150936,65566.1034955079,27517.38022350331,154268.89894122267,149891.39187312959,118215.60246885505
name601,51,high school or lower,0,0,LowSkilled,Transportation,4083,4095.1454719133503,-12.14547191335032,0.0029746441129929,995.6051621373826,0.8628567722645014,auto loans,12,0.2468162219080903,6879,liquid assets,11029.385505363398,0,0.3292963820047685,0.43389684,0.13,Transportation_auto loans,0.4568550393380665,11947.261945648592,2003.14722520126,2341.5535684232714,693.187186922507,2534.121949896598,2370.1277868362704,2185.7520345088224
name602,40,post graduate degree,2,2,HighSkilled,Engineering,2886,2906.8646535367407,-20.86465353674066,0.0072296096800903,1308.6911595409406,0.8829800203863831,auto loans,36,0.4606915499229664,25980,car,36700.2785041955,1,0.37017901803043596,0.3557742,0.45,Engineering_auto loans,0.5303520103460223,47112.88174347386,9844.646149063235,8745.24404104602,11343.830841813982,11390.936528431643,11478.432408866349,10678.030373639185
name603,56,ausbildung,0,1,Unemployed_MediumSkilled,Artist,4789,4687.855267819825,101.1447321801752,0.0,2621.777956835059,0.3204867124354837,mortgages,60,0.5263381133127759,0,none,8960.516224881085,0,0.18659411138064028,0.1510248,0.11,Artist_mortgages,1.0,157306.67741010353,28472.50861122874,25011.76170820646,15887.974418420457,69774.60161035854,66053.98498799208,59329.24443635165
name604,58,bachelor degree,1,0,HighSkilled,Research,19663,10473.304125501489,9189.695874498511,0.0,13750.13590211433,0.6384631442096305,auto loans,36,0.2319300222558012,69392,house,143103.30703321207,1,0.3900484494390648,0.2530642,0.7,Research_auto loans,0.9024651861901573,495004.8924761159,167968.48060251478,106320.4744239322,315387.62581216864,201099.23299653106,207711.15017644144,120189.3440878261
name605,49,ausbildung,0,0,MediumSkilled,IT Support,6744,2668.324505604536,4075.675494395464,0.0,2517.6262868145745,0.2201187428121764,mortgages,24,0.0,26743,car,43291.30797059928,0,0.08524586704031238,0.10504757,0.13,IT Support_mortgages,0.6217516812168342,60423.030883549785,3418.6990142818036,3756.8121036063776,4583.31076639978,12773.10522324732,13920.333426824953,15044.354561254453
name606,37,bachelor degree,1,1,HighSkilled,Consultant,2261,1446.7969042773118,814.2030957226882,0.0,2185.3221931054936,0.2786505382914718,auto loans,60,0.6064215379844341,49914,car,59657.2671090204,0,0.2945879996728207,0.21056359,0.15,Consultant_auto loans,0.6746744135753074,131119.33158632962,23708.045983233384,18665.663068888967,16807.94304781471,41339.32424161094,40182.757386581994,37071.449588840806
name607,32,bachelor degree,0,1,HighSkilled,Engineering,1719,1331.7844779749223,387.2155220250777,0.0,509.8962913409542,0.3906659482337326,auto loans,24,0.0713675214170311,28485,car,33185.72563249598,0,0.06816175925715694,0.04470457,0.06,Engineering_auto loans,0.0,12237.5109921829,0.0,0.0,0.0,0.0,0.0,0.0
name608,58,high school or lower,1,0,LowSkilled,Agriculture,4894,6031.11810039977,-1137.11810039977,0.232349427952548,1802.133410325963,0.7622065254927965,simple loans,36,0.6005826544188257,0,none,5707.717456106489,1,0.545005302440197,0.65341306,0.83,Agriculture_simple loans,1.0,64876.80277173467,35422.73431336713,43143.07384320356,53847.74630053977,24478.291767569295,19749.990402486794,10391.863345895092
name609,45,ausbildung,0,1,MediumSkilled,Electrician,3824,4111.754478649189,-287.75447864918897,0.0752496021572146,3115.284222394928,0.9094478493120798,mortgages,12,0.8899159783065159,11488,liquid assets,21378.27703014249,0,0.18658127617288667,0.17067857,0.11,Electrician_mortgages,0.7085892966494906,37383.41066873913,5033.002087702976,4609.17033294904,2595.9694978678504,11749.438368180781,11503.052909573355,9990.682766809943
name610,50,bachelor degree,0,0,HighSkilled,Engineering,14525,14409.347714421425,115.65228557857516,0.0,9288.74169672944,0.8420477671743247,auto loans,24,0.6315379973253608,62251,house,111094.00619213092,0,0.1288177149097856,0.09333952,0.11,Engineering_auto loans,0.8058865107654594,222929.80072150653,24433.232217876797,17785.955805660316,21199.422071393103,71721.98117871255,63477.16087448562,67758.48291314329
name611,32,ausbildung,1,0,MediumSkilled,IT Support,1249,1467.761767821832,-218.7617678218321,0.1751495338845733,918.4459291282196,0.5732408684171159,auto loans,12,0.9104945532026036,23871,car,27536.79176128529,1,0.42257621648843946,0.48749653,0.79,IT Support_auto loans,0.0,11021.351149538636,0.0,0.0,0.0,0.0,0.0,0.0
name612,62,ausbildung,0,3,MediumSkilled,Teacher,9892,11773.734741413797,-1881.7347414137948,0.1902279358485437,6451.328257810237,0.5818208586668079,mortgages,60,0.8424042659951508,45060,car,65000.688453456365,1,0.1719600204045129,0.25959405,0.66,Teacher_mortgages,0.9007007244482161,387079.6954686142,61709.804296616305,90995.81311534948,233242.14166348198,151684.56435117987,162403.89778784724,104437.47077880797
name613,60,ausbildung,1,1,MediumSkilled,Artist,9890,11289.58155461513,-1399.5815546151298,0.1415148184646238,8807.664713690683,0.3986649683711131,mortgages,12,1.0320774791006888,0,none,19688.67784109291,0,0.38245722149281836,0.5989163,0.22,Artist_mortgages,1.0,105691.9765642882,43545.09434448674,62463.95814949432,22089.62310193623,47822.161614206096,36238.143397625085,48349.40672309023
name614,39,high school or lower,1,0,LowSkilled,Transportation,1209,941.2545303606234,267.7454696393765,0.0,723.1822582479818,0.7784139775223349,mortgages,24,0.3767053669219233,0,none,2431.125016875634,1,0.4682855118837674,0.38197896,0.39,Transportation_mortgages,1.0,17356.374197951565,8747.612595767589,6925.193304982675,6647.491317815449,7271.066148144554,7855.627272743012,7813.472486322231
name615,31,ausbildung,0,1,MediumSkilled,Nursing,1200,1165.864564366237,34.13543563376311,0.0,343.3333573894081,0.9697732757558372,auto loans,60,0.2576649347963708,38245,car,39485.26511882699,0,0.238247356627381,0.208923,0.19,Nursing_auto loans,0.0,20600.001443364486,0.0,0.0,0.0,0.0,0.0,0.0
name616,45,bachelor degree,1,1,HighSkilled,Research,7039,5987.450879054864,1051.5491209451357,0.0,1728.8091459678235,0.4817214321623206,simple loans,24,0.0962153750564978,65939,house,88206.08967616898,0,0.3075602037992195,0.22075889,0.08,Research_simple loans,0.0,41491.419503227764,0.0,0.0,0.0,0.0,0.0,0.0
name617,47,post graduate degree,0,0,HighSkilled,Finance,10120,9571.394967682803,548.6050323171949,0.0,7201.81313787706,0.8922464443802965,auto loans,60,0.6574316309841765,70598,house,102933.18772204922,0,0.1876377194388337,0.18609747,0.07,Finance_auto loans,0.8865286783774793,432108.7882726236,73933.82876564625,72018.44460073313,20303.07214807902,170125.47055008687,169816.3245764348,119179.60780897248
name618,33,high school or lower,0,0,LowSkilled,Manufacturing,1033,1446.670497628737,-413.67049762873694,0.4004554672107812,502.5017703188479,0.3275404322935779,simple loans,24,0.8869044220208953,11821,liquid assets,12937.37688558913,0,0.5919299836608545,0.62783027,0.52,Manufacturing_simple loans,0.07352023132293582,12060.04248765235,530.2209538470678,548.8407532296571,469.9282701320167,308.15017337407926,286.2925155614248,347.4820837454406
name619,61,bachelor degree,0,1,HighSkilled,Doctor,19695,28477.05495191222,-8782.054951912221,0.4459027647581732,13831.204838733527,0.7750758948124752,auto loans,48,1.148172622018063,27499,car,56779.09174861232,1,0.40197076385569314,0.7461878,0.77,Doctor_auto loans,0.9647372587758559,663897.8322592094,263240.14664320386,488691.56177314976,487410.5878235478,285826.45296581334,148562.98481649687,135857.3687117716
name620,49,ausbildung,0,2,MediumSkilled,Nursing,6727,9104.804653882224,-2377.804653882224,0.353471778487026,2521.9747553724083,0.8134450056727931,auto loans,36,0.7283751165831176,13794,liquid assets,26689.26813634088,1,0.3344585484449978,0.29112855,0.75,Nursing_auto loans,0.8559254695991725,90791.0911934067,27120.932170433134,22613.728543255133,57583.4118575672,36018.13254558298,36319.974230135915,17780.818839854783
name621,58,high school or lower,0,1,LowSkilled,Construction,4913,4477.642740543295,435.3572594567049,0.0,3460.311998917801,0.6697644929737645,auto loans,60,0.6157042009894355,8371,liquid assets,18234.495627846296,0,0.32373195048234155,0.19660702,0.09,Construction_auto loans,0.9617876665801786,207618.71993506805,59106.79675867495,37540.80334672599,18770.401673362994,92861.05410493808,89553.87475511838,69486.18155123373
name622,38,high school or lower,0,1,LowSkilled,Agriculture,1118,1204.1247539925494,-86.12475399254936,0.0770346636784878,606.8163292697382,0.3410785168295582,mortgages,36,0.619804188964479,24753,car,24476.39299895701,0,0.14688041742392619,0.12294107,0.07,Agriculture_mortgages,0.03485993526590515,21845.387853710574,105.09097528857389,89.09887035335612,51.78395883784801,317.12505463466897,299.14345262082185,236.92036863723595
name623,32,ausbildung,0,2,MediumSkilled,Electrician,1276,764.6260782407667,511.3739217592333,0.0,732.9779073557214,0.2169938017552272,mortgages,24,0.1736708351069656,30568,car,29262.860836855216,0,0.08959195242351009,0.07883862,0.04,Electrician_mortgages,0.0,17591.469776537313,0.0,0.0,0.0,0.0,0.0,0.0
name624,46,bachelor degree,1,1,HighSkilled,Engineering,8619,9330.33147660406,-711.3314766040603,0.0825306272890196,2468.947379311677,0.9407250317749338,auto loans,60,0.3689846682812087,65163,house,91377.6415041336,1,0.2910134732635093,0.3426493,0.73,Engineering_auto loans,0.6947073290491808,148136.84275870063,32211.377864769394,34269.61287210291,76566.34227280649,48098.63100018549,47552.69757634597,25230.665795905003
name625,45,ausbildung,1,0,MediumSkilled,Nursing,3870,4080.799755953949,-210.79975595394853,0.0544702211767308,2968.601876402732,0.8398542445253513,auto loans,60,0.821550809394491,25439,car,37200.80142820945,0,0.35837032389099294,0.3287494,0.11,Nursing_auto loans,0.8784087039348681,178116.11258416393,53195.97282569065,51631.38538964093,18775.0492325967,71782.92467562515,72653.10527946212,59009.44064404783
name626,36,high school or lower,0,1,LowSkilled,Agriculture,1067,1163.065076505793,-96.06507650579306,0.0900328739510712,352.0380720259421,0.7598393253674172,auto loans,24,0.4199654625414575,0,none,1301.8770531391865,1,0.3187833531032351,0.4276418,0.7,Agriculture_auto loans,1.0,8448.91372862261,2703.6523931592355,3894.9492288950237,5956.48417867894,3934.038204044453,3690.1944720031015,2273.1437039042257
name627,42,high school or lower,0,1,LowSkilled,Transportation,1541,1108.6310993140175,432.36890068598245,0.0,318.51806691697885,0.9630843768363052,mortgages,24,0.0,11402,liquid assets,14989.215928018995,0,0.2844257289617808,0.23051521,0.2,Transportation_mortgages,0.0,7644.433606007493,0.0,0.0,0.0,0.0,0.0,0.0
name628,56,high school or lower,0,0,LowSkilled,Transportation,4813,1850.587240678796,2962.412759321204,0.0,2064.3552136767103,0.2398858146023711,auto loans,60,0.0,15038,liquid assets,26636.255909272382,1,0.21620015100788262,0.18196051,0.25,Transportation_auto loans,0.8844731266664702,123861.31282060262,24977.85659814709,19609.808469597934,28702.62468734446,49979.84714938762,48317.23295187808,50886.57067568516
name629,32,high school or lower,0,1,LowSkilled,Transportation,1000,608.6553411906111,391.3446588093889,0.0,462.1231153461145,0.6845140936369349,auto loans,12,0.0707784565367255,13333,liquid assets,16887.236206114896,0,0.3683404572584043,0.45103553,0.23,Transportation_auto loans,0.0,5545.477384153374,0.0,0.0,0.0,0.0,0.0,0.0
name630,50,bachelor degree,0,1,HighSkilled,Doctor,14416,7453.138140536266,6962.861859463734,0.0,6199.035160384839,0.5377925331411066,auto loans,24,0.0,37033,car,84512.49834555034,0,0.21134920496855847,0.15062173,0.22,Doctor_auto loans,0.7872333181007956,148776.84384923615,26001.10363367958,18271.045796639704,24478.5164839596,53234.48952838726,49141.52701920217,53578.17759041311
name631,63,ausbildung,0,1,MediumSkilled,Teacher,9957,10475.887336384703,-518.8873363847033,0.0521128187591346,6795.037145728565,0.8859955234060298,mortgages,48,0.7345510175869506,25883,car,45020.59832557877,0,0.1518175525765096,0.19132662,0.17,Teacher_mortgages,0.9323974810097649,326161.7829949711,50482.66252778333,51394.999802381826,41359.28978179839,127894.9236178295,135624.35336812536,131926.8213215903
name632,56,high school or lower,0,1,LowSkilled,Manufacturing,4788,3514.1663330316765,1273.8336669683235,0.0,2590.656010496264,0.5181776302227645,mortgages,24,0.2750255521152758,19117,liquid assets,31737.7095599169,1,0.281217868201765,0.37861928,0.75,Manufacturing_mortgages,0.7073530276420392,62175.744251910335,12666.297871435936,16316.654549662268,33864.754725714134,20552.843759986412,19948.41585985689,10063.053482969788
name633,47,high school or lower,0,1,LowSkilled,Agriculture,2845,2515.324019339949,329.67598066005075,0.0,2585.500353448401,0.3094677612454613,auto loans,12,0.7929083911382602,19392,liquid assets,29025.675669567157,1,0.2230675502329847,0.2902827,0.66,Agriculture_auto loans,0.404709883931587,31026.00424138081,2850.3324406135653,3766.959172617046,8274.753649182114,5755.833548040869,5868.74561339589,3761.3617296250104
name634,61,bachelor degree,1,0,HighSkilled,Doctor,19916,15501.075654291077,4414.924345708923,0.0,19533.7218158721,0.3903336314813683,auto loans,12,0.7591282119985527,56129,house,111879.73490175795,0,0.3613257794877884,0.24886052,0.18,Doctor_auto loans,0.833206585356954,234404.6617904652,68552.935252607,53709.56465660093,33006.9688253293,89471.2138513584,90683.58374521033,85922.1852164271
name635,40,post graduate degree,1,1,HighSkilled,Research,2743,2552.7829160139195,190.21708398608047,0.0,900.9162187789228,0.4790047209847436,auto loans,36,0.2590955649992134,62594,house,65092.92507515454,0,0.2734846950682496,0.18941166,0.26,Research_auto loans,0.0,32432.98387604122,0.0,0.0,0.0,0.0,0.0,0.0
name636,61,post graduate degree,0,3,HighSkilled,Consultant,19798,18358.172227668954,1439.8277723310457,0.0,5586.073446511539,0.7291260078624635,auto loans,48,0.2094275014739111,53988,house,105148.35663301517,1,0.1771021905655863,0.19383907,0.35,Consultant_auto loans,0.8600345889798244,268131.5254325539,43583.851004636854,46351.079639851894,84861.6781465945,101058.71699960507,103121.79210268102,106222.26726602312
name637,48,ausbildung,3,0,MediumSkilled,Nursing,6011,5426.650063860295,584.3499361397053,0.0,5747.228361120567,0.3064167173455528,mortgages,36,0.8589050781868011,36340,car,54385.80771057362,0,0.6516930344793337,0.5493316,0.31,Nursing_mortgages,0.8498860347777223,206900.2210003404,114121.20386497832,94426.94372186958,53280.00735144595,53752.46313230417,65885.35825286359,82025.1734308226
name638,30,ausbildung,0,0,MediumSkilled,Artist,1289,979.7358774103782,309.2641225896218,0.0,603.0001908111536,0.3451611289930345,mortgages,60,0.2278790288762853,33657,car,40721.338032074906,0,0.18863116943653854,0.23433694,0.14,Artist_mortgages,0.20601441031610074,36180.01144866922,1453.4527261463356,1759.0504788232574,976.4220878213845,3313.9792234943898,3439.0877027991687,3058.116402257966
name639,64,ausbildung,0,2,MediumSkilled,Teacher,9967,8986.624624933525,980.3753750664746,0.0,5142.364812241502,0.9136959783598044,simple loans,24,0.4175769476447303,34408,car,54431.02290242764,1,0.20536932801911653,0.4070804,0.77,Teacher_simple loans,0.7622568189350006,123416.75549379604,20696.557958115543,37536.03011494592,71214.97442860666,42543.94052858864,41815.613119419315,19954.844134978517
name640,33,post graduate degree,1,1,HighSkilled,Engineering,1710,1440.4159011538454,269.5840988461546,0.0,1469.6794553427123,0.8563673173974566,mortgages,12,0.701810149997987,44337,car,46734.136326207125,0,0.19710500137580783,0.093929514,0.16,Engineering_mortgages,0.0,17636.153464112547,0.0,0.0,0.0,0.0,0.0,0.0
name641,30,ausbildung,0,1,MediumSkilled,Nursing,1208,1589.2918376991815,-381.2918376991816,0.3156389384926999,559.4971488100451,0.498489746193769,mortgages,60,0.778798829891744,0,none,1929.5291387874468,0,0.21345791193135544,0.27335358,0.16,Nursing_mortgages,1.0,33569.82892860271,7183.943390720979,9433.121928937362,4699.77605000438,15283.567372025196,15677.105502698914,14330.155020541697
name642,63,bachelor degree,0,1,HighSkilled,Consultant,19851,16010.029741868932,3840.970258131066,0.0,5204.261476689477,0.5294060985941731,auto loans,24,0.0686761986075467,32348,car,79712.81904381665,0,0.17516607117088057,0.10479692,0.07,Consultant_auto loans,0.7786387511633955,124902.27544054744,17408.42156620248,10017.136431948915,5737.971354223164,42506.6824593338,36002.445307755304,30256.760512603818
name643,38,ausbildung,3,0,MediumSkilled,Electrician,1482,1137.048540360847,344.951459639153,0.0,945.9987760697328,0.7358631451938008,auto loans,24,0.4055649908438459,24874,car,27302.07611992424,0,0.7777026747615073,0.72523355,0.18,Electrician_auto loans,0.06729405020676539,22703.970625673588,1202.411763532303,1115.3247615992136,230.70416301572774,314.12571494534325,380.45677859395823,672.1479205494943
name644,31,ausbildung,0,0,MediumSkilled,IT Support,1208,1205.254348182112,2.745651817888074,0.0,512.0296784039209,0.2774309272964758,auto loans,36,0.4215927372400934,0,none,2750.504322338475,0,0.1711414172914914,0.16665196,0.12,IT Support_auto loans,1.0,18433.068422541153,2986.157084451667,2967.724016029126,2396.29889493035,8010.053668549327,7955.372026084568,7178.870679899441
name645,57,ausbildung,1,1,MediumSkilled,Teacher,9688,9512.456927747486,175.54307225251432,0.0,3310.390203326015,0.5872153571891998,mortgages,24,0.3235804222825661,35237,car,46999.94432846571,0,0.32117991419965214,0.21694468,0.13,Teacher_mortgages,0.6214365229415943,79449.36487982437,15799.275859467545,9528.938252741362,5677.864761996148,22975.662020125015,22537.118597581673,19771.576046876773
name646,57,bachelor degree,0,0,HighSkilled,Consultant,19337,16956.055311146793,2380.9446888532075,0.0,8471.098016464639,0.7020054391023811,simple loans,48,0.3149481991835047,59691,house,115967.5141508199,0,0.22646779404236614,0.32107496,0.12,Consultant_simple loans,0.8979303025750224,406612.70479030267,78498.62184428902,110263.18045104783,38701.646118579694,167721.37443967047,169908.8588352422,142194.26053944248
name647,49,bachelor degree,0,0,Unemployed_HighSkilled,Finance,6544,4930.41230117619,1613.5876988238097,0.0,2244.252395166325,0.4145082241638091,auto loans,12,0.0963729670450054,25945,car,38444.85930312296,1,0.2148947923441115,0.22199842,0.12,Finance_auto loans,0.17746738943620355,26931.028741995902,1041.9047017167964,974.9933905973691,516.1729714927247,2178.329719088117,2189.3033628649323,1861.3583810274274
name648,34,ausbildung,1,0,MediumSkilled,Artist,1210,1265.071333839564,-55.07133383956398,0.0455134990409619,676.6351623677249,0.40581749706645,auto loans,24,0.6047161125680073,35360,car,36941.100241966175,0,0.4879879038025199,0.4462653,0.13,Artist_auto loans,0.0,16239.243896825397,0.0,0.0,0.0,0.0,0.0,0.0
name649,42,high school or lower,1,1,LowSkilled,Manufacturing,1539,1403.8152692652525,135.18473073474752,0.0,985.5871112347522,0.778995599528316,auto loans,60,0.5525681484730375,0,none,2489.5892785271067,1,0.6348030232478697,0.74003536,0.77,Manufacturing_auto loans,1.0,59135.226674085134,38319.62688480717,44292.28477888976,45711.53021906781,18800.739629817734,14015.174170904438,12543.512374489348
name650,51,bachelor degree,0,0,HighSkilled,Finance,15712,10147.945986201044,5564.054013798956,0.0,9434.921652013343,0.600493541692374,auto loans,12,0.246363775344602,13993,liquid assets,50864.22160078222,0,0.20651087066725723,0.0738531,0.17,Finance_auto loans,0.8821987506782121,113219.05982416013,20275.987765356673,8390.06390290621,17379.41808459143,45215.129156065865,31855.23573529618,43329.62366523903
name651,59,ausbildung,0,3,Unemployed_MediumSkilled,Electrician,4914,6411.42308376427,-1497.42308376427,0.3047259022719312,3168.8214890462405,0.5267552008796876,auto loans,12,0.949581720148659,34024,car,50124.49092754114,0,0.21372496897778084,0.18522081,0.17,Electrician_auto loans,0.23680335940118738,38025.857868554885,1872.9673845762613,1755.9069230402451,1449.7487928691255,4100.454186846415,3987.519297915765,3906.3019842292106
name652,58,ausbildung,0,0,MediumSkilled,IT Support,9827,6697.876908476104,3129.123091523896,0.0,3866.312440425249,0.9579156899046296,auto loans,36,0.0750167242191261,0,none,21809.173670653872,0,0.2199268327457905,0.15762235,0.07,IT Support_auto loans,1.0,139187.24785530896,28394.198562483027,23383.457639691907,11970.10331555657,63668.80932646471,59168.61426983771,43302.75334650279
name653,49,bachelor degree,0,2,HighSkilled,Engineering,13158,17054.856607709997,-3896.8566077099968,0.2961587329160964,4980.345200411028,0.5316355323615427,auto loans,36,0.6746619401216769,79684,house,107716.280712341,0,0.18644309119501878,0.14905825,0.09,Engineering_auto loans,0.6911310497151991,179292.427214797,22800.27967055854,20569.817528873467,8921.848566740298,54953.41823861253,51830.76907151685,43119.635908191514
name654,62,bachelor degree,0,0,HighSkilled,Doctor,19854,18784.77184656518,1069.2281534348183,0.0,15284.032056277969,0.8883494661461361,mortgages,36,0.7159667524349326,31987,car,69101.6390322069,0,0.20287206062969823,0.18671356,0.05,Doctor_mortgages,0.9504055279520409,550225.1540260069,118183.76832903511,104064.46857291146,25100.97734421985,235955.49103568392,231985.6188202829,137796.99635811246
name655,42,bachelor degree,1,0,HighSkilled,Consultant,4045,3680.78049378897,364.21950621103,0.0,976.0323543747744,0.555462994013034,simple loans,60,0.151251631190048,42696,car,49808.12126899295,0,0.3430686533717378,0.2553025,0.18,Consultant_simple loans,0.37789634829827345,58561.94126248646,7900.532719589527,5267.021813059685,3740.0280941474234,10224.097222090388,10296.777124401038,9735.864820563991
name656,63,ausbildung,0,1,MediumSkilled,IT Support,9968,7286.547178678226,2681.4528213217736,0.0,7604.441980281659,0.5155957189775331,simple loans,24,0.4938793297511923,46469,car,64850.50504390798,0,0.15125352757952643,0.17921114,0.16,IT Support_simple loans,0.7824439902491643,182506.60752675982,22990.992916652256,25704.2156832137,21562.980934251496,59989.74203454411,62757.94573487216,60958.40739169873
name657,37,bachelor degree,0,0,Unemployed_HighSkilled,Research,1027,699.1972579006652,327.80274209933475,0.0,654.0853589278197,0.798203474361011,auto loans,12,0.3177045928222833,25983,car,29864.13138503732,0,0.3098452574213252,0.3675277,0.11,Research_auto loans,0.0,7849.024307133836,0.0,0.0,0.0,0.0,0.0,0.0
name658,61,post graduate degree,0,0,HighSkilled,Finance,20000,10870.871188382738,9129.128811617262,0.0,5266.867919329764,0.5719140095182574,mortgages,24,0.0,50843,house,121833.02345869584,0,0.09864813162238326,0.13778871,0.38,Finance_mortgages,0.7200618626504628,126404.83006391433,8919.891143616063,12105.566552050372,36589.75754830262,32895.643895853376,37154.75665200642,41248.32408669962
name659,40,high school or lower,2,2,LowSkilled,Construction,1282,1207.2899312888594,74.7100687111406,0.0,1230.833648666508,0.4253591386774882,simple loans,48,0.9018124648637812,12816,liquid assets,15493.867959969575,1,0.7900380768782682,0.77264464,0.58,Construction_simple loans,0.7944244504922532,59080.015135992384,37219.144587671406,34966.283376816136,27550.61522441755,9155.594278215947,9850.83365834989,16679.832983697976
name660,55,high school or lower,2,0,LowSkilled,Transportation,4732,5194.9572669365,-462.95726693649976,0.0978354325732248,4428.620373452512,0.7196210456754213,mortgages,12,1.033723085458371,18128,liquid assets,25901.8543242344,1,0.725613501086589,0.65777093,0.78,Transportation_mortgages,0.6759627229940538,53143.44448143014,27301.470455122635,23852.863660791358,28163.62215370546,8934.398402164605,10820.253062867201,7315.673703269468
name661,52,post graduate degree,1,0,HighSkilled,Engineering,16812,8119.534011856924,8692.465988143076,0.0,15507.16385819853,0.2705903003593002,mortgages,36,0.4053472442336101,45885,car,103955.01946836892,0,0.1524864926199392,0.18539992,0.11,Engineering_mortgages,0.9296619757877355,558257.898895147,78367.66233418182,103279.23711590847,61240.95467174472,218542.83352575704,229873.99443599753,195740.91061234818
name662,61,bachelor degree,0,0,HighSkilled,Engineering,19854,19248.596219191837,605.4037808081666,0.0,14939.37961608768,0.6379832973596422,auto loans,24,0.7219691666807452,36571,car,77473.71092524852,0,0.11363779218575769,0.0882966,0.03,Engineering_auto loans,0.9128620688355883,358545.1107861043,39276.2677923706,33384.82762351501,6546.0446320617675,124960.97226135425,112975.03911350372,65162.323673544524
name663,61,bachelor degree,0,1,HighSkilled,Engineering,19877,13805.11594329461,6071.88405670539,0.0,18438.78294113641,0.5290118912054751,auto loans,24,0.622171297702421,70944,house,125140.29148300223,0,0.10187368347184192,0.13507605,0.06,Engineering_auto loans,0.8884026357949014,442530.7905872739,53074.64530504832,51502.06322193577,18870.984997350515,143928.343642589,159453.68727308972,113588.5306987311
name664,58,bachelor degree,0,1,HighSkilled,Research,19445,14055.673066618676,5389.326933381324,0.0,11702.0140129728,0.6687655708507325,auto loans,24,0.3246432028589085,44134,car,85931.93925794023,0,0.21495555304926597,0.095880695,0.05,Research_auto loans,0.8657440432806809,280848.3363113472,49844.26871650182,19451.421938147054,11427.710388661395,110823.88345044032,86864.93434048598,64069.55748091246
name665,49,bachelor degree,1,1,HighSkilled,Engineering,13129,16270.503815786786,-3141.5038157867857,0.239279748327122,5881.41023357766,0.406132753448106,auto loans,36,0.6872506702235086,13003,liquid assets,44273.35019278593,0,0.32954789288607644,0.2516556,0.17,Engineering_auto loans,0.9415248149404712,211730.76840879576,68975.02129998013,49837.4431358238,34487.510649990065,92546.98806123233,92648.81323641191,86479.80046981978
name666,44,post graduate degree,2,0,HighSkilled,Engineering,5859,3801.446983855689,2057.5530161443107,0.0,2725.240548865864,0.6831133715216717,mortgages,36,0.1139592989796131,23534,car,39811.56887497716,0,0.28219511057772234,0.21829633,0.11,Engineering_mortgages,0.7954752545119903,98108.6597591711,21695.95708350842,17169.46244018652,9599.290364286098,36472.843019980246,35658.79244797588,29434.433158489406
name667,48,post graduate degree,0,0,HighSkilled,Engineering,11618,8765.81441897281,2852.18558102719,0.0,10053.181174612368,0.7531481683434699,auto loans,24,0.6198137023227043,44521,car,78144.95559860444,0,0.11888863577676845,0.07460916,0.05,Engineering_auto loans,0.8424315744749759,241276.34819069682,25204.092922342792,15041.15222784973,10975.975950052505,78896.13842163679,65128.20640961448,53559.8983002025
name668,30,ausbildung,0,2,MediumSkilled,Electrician,1248,1247.213912580568,0.7860874194320786,0.0,878.6495376537233,0.3209522590445106,auto loans,12,0.7034162261492718,37182,car,42489.78615272094,0,0.14957837095480908,0.11685284,0.1,Electrician_auto loans,0.0,10543.79445184468,0.0,0.0,0.0,0.0,0.0,0.0
name669,44,ausbildung,1,0,MediumSkilled,Electrician,3333,2111.805859718412,1221.1941402815878,0.0,2254.993982070461,0.4830388110505597,simple loans,36,0.3101709696336254,0,none,8725.27300113255,0,0.3271947638158182,0.28391075,0.14,Electrician_simple loans,1.0,81179.78335453659,26626.968940288003,22892.698905979316,11689.888803053267,37714.351513608875,37941.25471863335,33307.006410152775
name670,57,ausbildung,0,0,MediumSkilled,Teacher,9684,8196.658619755945,1487.3413802440557,0.0,5380.558798183263,0.4644702098370992,mortgages,12,0.4020257556731937,36235,car,65300.560956513335,0,0.13732439817509015,0.083729535,0.06,Teacher_mortgages,0.5202789620723434,64566.70557819916,5139.682880086374,2821.7866792631075,1780.4130238207701,13697.8993925589,11332.760025237709,9705.681663077678
name671,42,ausbildung,1,1,MediumSkilled,IT Support,2377,2398.1287888346933,-21.128788834693296,0.0088888467962529,747.6775309119295,0.670110328934332,simple loans,36,0.3234355573187306,13560,liquid assets,17119.543736934258,0,0.414896009027428,0.21813068,0.1,IT Support_simple loans,0.5225902104733957,26916.39111282946,5921.888091168707,3038.3083793169617,1378.491764690103,6212.553881133175,6426.279832506868,5111.622551325955
name672,30,ausbildung,0,1,MediumSkilled,Artist,1200,860.5027773767067,339.4972226232933,0.0,950.0778817368832,0.5090387372227899,auto loans,36,0.5088172159279917,0,none,2446.079096492183,0,0.289772855259005,0.1962792,0.25,Artist_auto loans,1.0,34202.803742527794,9850.407477848004,7285.19719715842,8516.49813188942,15986.069723930827,15333.97927051297,15887.097892066673
name673,41,high school or lower,1,0,LowSkilled,Agriculture,1366,1051.3436886651857,314.6563113348145,0.0,299.1987822838394,0.2521794013077201,mortgages,60,0.0,19199,liquid assets,21614.98141815776,0,0.36396287549449474,0.3257343,0.19,Agriculture_mortgages,0.0,17951.926937030366,0.0,0.0,0.0,0.0,0.0,0.0
name674,51,post graduate degree,0,0,HighSkilled,Doctor,15666,12594.963075449046,3071.0369245509537,0.0,10191.94070075323,0.6313915055758802,mortgages,36,0.4545451152944131,25765,car,62154.99872148124,0,0.16343542846933992,0.106101565,0.06,Doctor_mortgages,0.9400444572090874,366909.8652271163,59324.79263755843,41044.47862714798,26213.280467758377,148088.9729555208,128298.80365722769,99652.6682923228
name675,41,high school or lower,1,0,LowSkilled,Transportation,1393,1588.267345029195,-195.26734502919496,0.1401775628350287,836.5388838446179,0.6754252050458311,mortgages,36,0.7407079891412871,18163,liquid assets,27078.751044373173,0,0.5503284015332462,0.49309924,0.24,Transportation_mortgages,0.4271885717578341,30115.399818406244,7435.943779805155,6200.908134716409,3139.048931267228,4812.506425693557,5229.882586872326,5952.091551381066
name676,46,ausbildung,0,0,MediumSkilled,Teacher,4511,4691.75792007542,-180.75792007541983,0.0400704766294435,3816.355492396704,0.5730760909703481,mortgages,36,0.8860814481206216,46862,car,57223.86977513082,0,0.18465360156383015,0.123648494,0.11,Teacher_mortgages,0.7088095911347175,137388.79772628134,19866.0294987426,11783.282202685561,11685.899705142705,43094.07766231531,38330.94806056292,36728.44723228146
name677,41,bachelor degree,0,1,HighSkilled,Engineering,3326,2654.283193523022,671.716806476978,0.0,1133.7260637831807,0.505687109696946,auto loans,48,0.1389083756182209,62100,house,71028.4126256865,0,0.07218705825993049,0.0424587,0.0,Engineering_auto loans,0.20650102694139597,54418.85106159268,887.7663417059913,505.6896883135394,0.0,3546.5182355068378,2716.137279896752,0.0
name678,65,post graduate degree,1,3,HighSkilled,Engineering,20000,15581.015385026436,4418.984614973564,0.0,14690.7917517749,0.7486915666799454,auto loans,48,0.5135903568400668,55968,house,99808.2437515084,1,0.1983503851775034,0.24936534,0.59,Engineering_auto loans,0.9448352396169234,705158.0040851951,149908.07964546603,167230.7910711643,395757.3302640303,299324.82226373604,309406.67346528155,232405.8694008369
name679,54,high school or lower,0,1,LowSkilled,Agriculture,4618,3773.136527153343,844.8634728466568,0.0,3488.0339468180123,0.4835336124763755,auto loans,24,0.5723625972220345,0,none,8587.485094161213,0,0.1907593419531471,0.15890637,0.1,Agriculture_auto loans,1.0,83712.8147236323,15905.434797490137,12138.358134926682,8957.271175428656,37309.72492925657,35667.16078569912,30420.93947068578
name680,37,ausbildung,1,0,MediumSkilled,Electrician,1425,882.7280644931824,542.2719355068176,0.0,1020.2100870883168,0.9694484140693408,simple loans,60,0.3353951940922802,0,none,3536.630341762874,0,0.4433800944228153,0.37264055,0.31,Electrician_simple loans,1.0,61212.605225299005,27545.672351384554,22648.663933360633,20077.734513898075,26336.437770627603,27865.889738392536,28553.96174349953
name681,37,ausbildung,0,0,MediumSkilled,Nursing,1443,1037.5855757419567,405.41442425804325,0.0,1411.6633014516544,0.2857663333313837,mortgages,24,0.6973311692263418,10591,liquid assets,11356.021074411989,0,0.1209071128496779,0.20716886,0.34,Nursing_mortgages,0.704376875724506,33879.919234839705,2792.115104270894,4772.846332086998,8662.7160927379,9319.109011636712,10809.175806004783,11038.488624809534
name682,32,ausbildung,1,0,MediumSkilled,IT Support,1250,876.7421859650964,373.2578140349036,0.0,371.63085110484417,0.2043220660915246,mortgages,24,0.0,0,none,2960.947240903667,0,0.25714661354698265,0.19148771,0.16,IT Support_mortgages,1.0,8919.14042651626,2345.7339321737763,1721.3941023176383,1489.4964512282156,4152.040762811037,3978.3566694353085,3807.3671818165685
name683,31,post graduate degree,0,1,HighSkilled,Research,1633,913.4565769927598,719.5434230072402,0.0,845.8951766069636,0.9602938468070612,mortgages,36,0.077374007103321,75428,house,86565.62638732402,0,0.1695151999467548,0.11232488,0.05,Research_mortgages,0.0,30452.22635785069,0.0,0.0,0.0,0.0,0.0,0.0
name684,35,high school or lower,0,0,LowSkilled,Agriculture,1075,459.3240275080001,615.6759724919999,0.0,739.4061828339234,0.8852449385107071,auto loans,24,0.1150978700855101,0,none,2206.974785111164,0,0.3235624626500166,0.40017223,0.42,Agriculture_auto loans,1.0,17745.74838801416,5838.351219656659,7275.756839085805,7577.434561682046,8252.818370434274,7930.1144253463635,7803.598687808701
name685,57,high school or lower,1,0,LowSkilled,Agriculture,4849,2004.973779270196,2844.026220729804,0.0,4742.666381665668,0.4381835067347103,auto loans,24,0.3915529306941357,0,none,10223.13784633618,0,0.3652607579406103,0.37941876,0.54,Agriculture_auto loans,1.0,113823.99315997603,38358.685694911925,44163.709346070704,66017.91603278609,52033.95700661002,51601.999828719345,43287.27336911319
name686,31,high school or lower,0,0,LowSkilled,Agriculture,1000,948.3452062451915,51.65479375480834,0.0,486.53582587637146,0.9888472109963166,auto loans,12,0.4348810321215631,0,none,1185.2215243623652,0,0.37223891773779744,0.46470222,0.5,Agriculture_auto loans,1.0,5838.429910516457,1944.1971602019803,2709.0314784796365,3152.752151678887,2658.465014393273,2455.808783456208,2352.2061628328693
name687,52,bachelor degree,1,1,HighSkilled,Consultant,16886,16995.01444764093,-109.01444764092956,0.0064559071207467,6591.871075747572,0.4407673913803704,mortgages,36,0.3968308375807474,79074,house,126285.65465582415,0,0.35291536800278106,0.1607032,0.27,Consultant_mortgages,0.76801327277909,237307.3587269126,60508.72680849868,30072.10820301892,48844.39392975194,83839.94077341845,77894.31983789577,85074.18250361447
name688,45,bachelor degree,0,0,HighSkilled,Finance,7097,3362.815143090349,3734.184856909651,0.0,2963.993870249569,0.3791447561144443,mortgages,36,0.0,35820,car,53721.37353020284,0,0.08038191597608778,0.042588327,0.01,Finance_mortgages,0.7131843012147179,106703.7793289845,6392.354665007747,4033.271395778697,837.094063274824,25216.048869946404,18423.60069665595,7630.09386069759
name689,59,ausbildung,0,3,MediumSkilled,IT Support,9786,9236.03954907893,549.9604509210694,0.0,7002.9199615928055,0.6412450413215862,mortgages,12,0.6594072665718104,26559,car,46186.007007935805,0,0.09141547549623208,0.09905749,0.08,IT Support_mortgages,0.7302550776885115,84035.03953911367,6566.270533009607,6566.270533009607,4418.4250315578665,21495.052269500895,22215.93120456495,20291.39459276313
name690,35,bachelor degree,0,0,HighSkilled,Doctor,1902,1253.330458184132,648.6695418158679,0.0,792.2407290853149,0.57531562898317,auto loans,48,0.0754843255885631,53358,house,54875.84733384191,0,0.17533586039636845,0.103222676,0.06,Doctor_auto loans,0.02512409074196394,38027.55499609512,157.6422774987915,104.13944392344405,47.770387120845896,417.6788921042125,351.59153419615626,276.0386573005688
name691,59,bachelor degree,1,0,HighSkilled,Consultant,19696,17144.84152120629,2551.15847879371,0.0,6109.196231663657,0.7154017281994394,simple loans,12,0.1806477331879542,61624,house,107268.80131557396,1,0.45872673357379895,0.5554627,0.72,Consultant_simple loans,0.4152733974146601,73310.35477996389,13760.615723007651,16713.66821223717,21950.008708602913,12890.260052717522,11292.528501968978,7708.9127600418215
name692,32,high school or lower,1,0,LowSkilled,Construction,1020,823.8632474724535,196.1367525275465,0.0,228.8111873427289,0.8052332413822043,auto loans,24,0.0320337596227278,0,none,1296.9171250306342,0,0.6897555723744795,0.67980987,0.27,Construction_auto loans,1.0,5491.468496225494,3684.775360967307,3756.1644514182385,1422.290340522403,1521.1845437847053,1563.1064841353168,2563.340798543785
name693,34,bachelor degree,0,0,Unemployed_HighSkilled,Finance,941,944.1726952604477,-3.17269526044754,0.0033716208931429,278.07433399905227,0.705719556436633,simple loans,60,0.2988810087773643,30730,car,29467.67846195433,1,0.29652824320705357,0.438485,0.73,Finance_simple loans,0.0,16684.460039943137,0.0,0.0,0.0,0.0,0.0,0.0
name694,30,bachelor degree,1,1,HighSkilled,Finance,1657,1586.1911951703323,70.80880482966768,0.0,412.0465162982621,0.774253454431457,auto loans,24,0.2059370618398276,32165,car,35530.01920565265,0,0.31759299162678334,0.33116832,0.43,Finance_auto loans,0.0,9889.11639115829,0.0,0.0,0.0,0.0,0.0,0.0
name695,46,high school or lower,2,0,LowSkilled,Cleaning Services,2524,2273.673787337859,250.3262126621412,0.0,1521.453073390947,0.495992087081799,simple loans,48,0.5036160303996854,20026,car,25166.407859013387,1,0.756887739872412,0.72910196,0.8,Cleaning Services_simple loans,0.7665119520587083,73029.74752276546,42263.521620682324,40808.08908804955,45118.40851161584,12488.549953056416,13764.723119874716,10438.972252461874
name696,49,post graduate degree,0,0,Unemployed_HighSkilled,Finance,6509,3564.729434387467,2944.270565612533,0.0,2939.2604465978443,0.3135978419065475,auto loans,24,0.0,13258,liquid assets,32696.111767984417,0,0.2560791267378162,0.11589812,0.04,Finance_auto loans,0.8209458022896667,70542.25071834827,14419.929788212015,6370.250107242256,2200.631855229143,26950.924805645915,22271.35874215868,13551.86394005293
name697,43,high school or lower,0,0,LowSkilled,Manufacturing,1678,1125.7331903625147,552.2668096374853,0.0,1671.9895755903822,0.7867603338552727,simple loans,24,0.6672960464558384,6900,liquid assets,8817.363889931625,1,0.441385457333101,0.6073347,0.68,Manufacturing_simple loans,0.8382610865816604,40127.749814169176,13757.75024497271,21090.732038136655,22537.145878072657,14501.126987734182,11340.953876328647,9569.799624729774
name698,33,bachelor degree,0,0,HighSkilled,Finance,1711,1326.5354134205368,384.4645865794632,0.0,549.880355178204,0.9248407342038236,mortgages,24,0.0966778308584107,18470,liquid assets,24959.860852518123,1,0.1647075997250716,0.2889352,0.7,Finance_mortgages,0.0,13197.128524276897,0.0,0.0,0.0,0.0,0.0,0.0
name699,57,bachelor degree,0,1,Unemployed_HighSkilled,Research,9626,12156.019776137297,-2530.0197761372947,0.2628318903113749,3292.1949656048387,0.4843023173407499,mortgages,24,0.6048425869252164,48472,car,75149.88707088189,1,0.31458844058022506,0.40558684,0.75,Research_mortgages,0.47620088598917826,79012.67917451613,12980.93820041273,15388.996301358859,28369.934501771593,17536.0314622159,16744.115173566235,8609.135808778814
name700,35,high school or lower,0,1,LowSkilled,Cleaning Services,1043,805.3094850219103,237.6905149780897,0.0,270.74957515434807,0.6380605044763912,auto loans,36,0.0316961267269974,19388,liquid assets,23712.104242685364,1,0.4965727568543887,0.44119465,0.74,Cleaning Services_auto loans,0.0,9746.98470555653,0.0,0.0,0.0,0.0,0.0,0.0
name701,50,ausbildung,0,0,MediumSkilled,Teacher,7409,8145.501633756159,-736.5016337561592,0.0994063481922201,3931.018955340512,0.790378766896081,auto loans,48,0.62997983386377,12047,liquid assets,27663.97237767829,0,0.3270557030195558,0.19987558,0.05,Teacher_auto loans,0.9393855509560692,188688.90985634457,55125.25865440242,35627.578744485174,8153.575235056307,82350.63245589839,79751.68596513833,46706.85315748743
name702,46,bachelor degree,1,3,HighSkilled,Finance,8511,6647.185560782513,1863.8144392174872,0.0,7233.320142294466,0.9133332910952484,mortgages,36,0.6308901072819855,54367,house,72001.42914801366,0,0.22367869689184355,0.20998298,0.16,Finance_mortgages,0.8550279839288449,260399.52512260078,45420.37172024761,49205.402696934914,30948.19445644323,102101.03516236035,101086.52946612281,95043.4685384426
name703,63,ausbildung,0,0,MediumSkilled,Nursing,10000,4287.048541249266,5712.951458750734,0.0,9818.95947475618,0.5669321454768408,auto loans,24,0.4106008016005445,34706,car,60993.32732901348,0,0.12500004552794058,0.10500485,0.1,Nursing_auto loans,0.8742032675724299,235655.02739414835,26163.320160915042,20395.029101815664,22043.11226155834,81396.6523605637,76322.1303738229,74863.44565450842
name704,65,ausbildung,2,3,MediumSkilled,Teacher,9975,8518.782170493347,1456.2178295066533,0.0,3687.799508501768,0.4766758880057005,auto loans,36,0.2237174615533949,28229,car,57100.484143008514,0,0.49273139400138205,0.52834296,0.58,Teacher_auto loans,0.818375481154363,132760.78230606363,53454.899196292,58995.95582029787,62798.64173873328,44188.66130575737,42061.50415675586,38611.876612222615
name705,58,bachelor degree,0,1,HighSkilled,Doctor,19463,27956.520585221555,-8493.520585221555,0.4363931863135978,18810.356126834293,0.4244279121775441,auto loans,48,1.402860643891273,61620,house,101450.5373822852,1,0.35240266346113186,0.7161854,0.85,Doctor_auto loans,0.9525916638283167,902897.0940880461,318234.1306955411,623566.8777142359,728498.1316192523,395749.07227177406,220411.1842982727,122381.89619795291
name706,52,bachelor degree,1,1,HighSkilled,Research,16869,19138.72564878948,-2269.725648789481,0.1345501007048124,5159.1643768254025,0.7376981585907458,simple loans,24,0.4403871021171903,22010,car,62841.5816750764,1,0.43753496821742344,0.54247344,0.71,Research_simple loans,0.8483478992468256,123819.94504380965,46428.73649614581,57248.10269321146,77206.1568431384,45454.583814278994,39792.59517884082,27434.704117487232
name707,33,post graduate degree,0,2,HighSkilled,Research,1646,940.5224505059138,705.4775494940862,0.0,361.9515263764741,0.4793483756153107,auto loans,36,0.0,79003,house,86428.19045766878,0,0.1564973558291673,0.07189429,0.1,Research_auto loans,0.0,13030.254949553067,0.0,0.0,0.0,0.0,0.0,0.0
name708,31,high school or lower,0,0,LowSkilled,Construction,1012,517.0916685970544,494.9083314029456,0.0,370.5478940769503,0.2282387942022846,auto loans,12,0.0,14810,liquid assets,14207.646728540822,1,0.3962542692726514,0.58287334,0.48,Construction_auto loans,0.0,4446.574728923403,0.0,0.0,0.0,0.0,0.0,0.0
name709,30,ausbildung,0,1,MediumSkilled,IT Support,1219,1449.2801467624192,-230.28014676241924,0.1889090621512873,466.41964701556935,0.2795294976728024,auto loans,12,0.5715338751255034,44379,car,49768.10901129491,0,0.2252556932770972,0.25022018,0.2,IT Support_auto loans,0.0,5597.035764186832,0.0,0.0,0.0,0.0,0.0,0.0
name710,63,bachelor degree,0,0,HighSkilled,Doctor,20000,27316.280135892404,-7316.280135892404,0.3658140067946202,13154.158805926209,0.8189044886198962,auto loans,36,1.0235219470909305,53733,house,90889.35006751654,0,0.3848361860834388,0.67969185,0.64,Doctor_auto loans,0.9212754233872031,473549.7170133435,165782.49209381614,301026.1040650872,277903.80911516026,197089.52213344802,124220.26087570106,137073.55157872147
name711,47,ausbildung,1,1,MediumSkilled,Artist,5217,3518.5866507060737,1698.4133492939263,0.0,4101.141818290615,0.5852522504198354,auto loans,24,0.4605574983700765,0,none,11066.777570024236,0,0.4707825990000202,0.3736173,0.41,Artist_auto loans,1.0,98427.40363897476,46654.58932487403,35335.43790639194,43406.48500478787,41115.953534140965,44781.253047489445,43647.73797082017
name712,55,high school or lower,0,1,LowSkilled,Agriculture,4758,4117.389374532846,640.610625467154,0.0,1348.2686027183315,0.6909327624363268,auto loans,36,0.1487301339325719,15416,liquid assets,21736.800678976964,1,0.2558275312324973,0.19461598,0.75,Agriculture_auto loans,0.6985426730030191,48537.669697859936,8612.030917148502,7120.183041736951,25869.99838497759,15777.954087456443,15174.531876146755,7757.904609246584
name713,61,ausbildung,0,0,MediumSkilled,Artist,9939,6347.454990744183,3591.5450092558167,0.0,9559.448148726313,0.7042453847854633,auto loans,24,0.6004530777211486,15604,liquid assets,31510.642392531463,0,0.30024840114943885,0.41255057,0.2,Artist_auto loans,0.9353158062917672,229426.75556943152,65878.0465571904,93774.28777033293,45921.50476624999,100233.17356437002,94960.26727704029,96561.55617658746
name714,49,bachelor degree,0,1,HighSkilled,Finance,13012,11536.02955982675,1475.9704401732506,0.0,11061.541369271748,0.4776285323471523,mortgages,48,0.7366716053718487,51102,house,84308.56239592648,0,0.08443918691475132,0.044037826,0.01,Finance_mortgages,0.9330486372348705,530953.9857250439,39632.47142521401,23284.076962313233,2477.0294640758757,167744.2352000594,122108.74753676723,49671.7512389002
name715,51,bachelor degree,1,1,HighSkilled,Consultant,15752,12566.934927173272,3185.0650728267283,0.0,5541.629639959449,0.695234763109406,mortgages,36,0.1496041497671864,79888,house,139166.94191760544,0,0.37853363305477045,0.16768485,0.1,Consultant_mortgages,0.721457862918303,199498.66703854018,56708.37349881007,24324.15005405813,16120.146781387633,65286.81491995208,62217.81645866655,52303.6077820393
name716,40,ausbildung,0,0,MediumSkilled,Teacher,1818,1036.3634643096568,781.6365356903432,0.0,1002.4701055662632,0.8015365184807781,simple loans,36,0.1214706104928052,10962,liquid assets,17204.33155468958,0,0.28391829393365714,0.2289228,0.11,Teacher_simple loans,0.7122826685567061,36088.92380038548,7120.42764111626,5886.562923522106,2801.9011295367227,12014.071599875278,11825.564123340528,9695.003447613733
name717,46,ausbildung,0,1,MediumSkilled,Nursing,4415,3506.6009561033966,908.3990438966034,0.0,2771.544094338424,0.6641096800446753,simple loans,60,0.4220034089335946,0,none,9711.914229968574,0,0.16888066763878756,0.09755064,0.15,Nursing_simple loans,1.0,166292.64566030545,30431.554155835896,16629.264566030546,25609.06743168704,72017.14952887195,59829.08116344694,69686.9800474825
name718,44,high school or lower,0,0,LowSkilled,Agriculture,1943,1687.881031940453,255.11896805954663,0.0,647.1307165622867,0.7064179196770531,mortgages,12,0.2017559179118579,0,none,3509.1835970211987,0,0.19489046257109346,0.14676611,0.13,Agriculture_mortgages,1.0,7765.568598747441,1545.3481511507407,1118.2418782196314,1025.0550550346622,3476.4962125886595,3233.0696415580246,3109.7633884098327
name719,39,high school or lower,1,0,LowSkilled,Agriculture,1205,629.1106352727551,575.8893647272449,0.0,466.0465102026013,0.6548655091683047,auto loans,60,0.0,11935,liquid assets,15070.267031332778,1,0.5171870102037928,0.6987022,0.77,Agriculture_auto loans,0.5960700058534242,27962.79061215608,8783.920462557357,12050.805492275082,13334.22461109276,6558.509003125452,4501.300180803649,3535.4986532663434
name720,55,bachelor degree,0,1,HighSkilled,Engineering,18716,10994.840413450976,7721.159586549025,0.0,13748.943323019024,0.4503876776865872,mortgages,24,0.3220658119507373,44991,car,95285.8175668719,0,0.0777747531268109,0.05129578,0.07,Engineering_mortgages,0.8833933377677562,329974.63975245657,22736.797074391572,13991.875122702506,18072.838700157405,95177.50184973501,77832.04055446433,90688.19261902079
name721,63,high school or lower,1,0,LowSkilled,Agriculture,4987,2332.22463569497,2654.77536430503,0.0,3515.9325025067974,0.811770650073486,simple loans,48,0.1726803966716998,15628,liquid assets,29336.49575009875,1,0.45727574195407744,0.4981733,0.27,Agriculture_simple loans,0.9120308154553287,168764.76012032627,73111.36435151545,76805.4122345394,42019.794669397306,65273.319255324124,62160.6908034248,71847.0816506706
name722,31,bachelor degree,0,0,HighSkilled,Research,1819,1610.8489624635304,208.15103753646963,0.0,655.3597903350495,0.2250242786035553,simple loans,60,0.2458541796583726,79315,house,75338.6712225794,0,0.16609490020348702,0.0743499,0.09,Research_simple loans,0.0,39321.58742010297,0.0,0.0,0.0,0.0,0.0,0.0
name723,61,bachelor degree,0,1,HighSkilled,Finance,20000,22867.78489347068,-2867.7848934706817,0.1433892446735341,18299.966941817165,0.866936038961496,mortgages,60,1.0583875917643923,47602,car,97039.372115453,1,0.18235035482496906,0.15693262,0.3,Finance_mortgages,0.963029592339292,1097998.01650903,205136.48895224024,176586.56523208308,325680.61132623703,466591.7587437954,448949.0309006199,493925.0921029746
name724,65,post graduate degree,1,1,HighSkilled,Finance,19921,12691.130363986484,7229.869636013514,0.0,7482.788801563328,0.7482614433131084,mortgages,48,0.0126961079037103,33460,car,107095.25286207268,0,0.22804699609027668,0.28492117,0.25,Finance_mortgages,0.9204446706213858,359173.8624750397,83641.71588803716,89592.50990378685,87608.91189853696,152011.54758551827,154517.54851885248,153562.536008947
name725,58,ausbildung,1,1,MediumSkilled,Teacher,9729,12829.42030961278,-3100.4203096127785,0.318678210464876,8303.06332746711,0.304853610776927,simple loans,12,1.1721126155904913,41189,car,55628.58337846918,0,0.48965471727846077,0.31292295,0.18,Teacher_simple loans,0.647007266413341,99636.75992960532,30556.745438583384,19146.315179871868,11088.101720329834,26321.85102011271,30055.16970147726,28360.58140453018
name726,57,high school or lower,0,4,LowSkilled,Transportation,4861,4298.83738962011,562.1626103798899,0.0,3127.263884878639,0.7467488025251543,mortgages,12,0.527690037954896,7617,liquid assets,14554.456103238585,0,0.17696190019940508,0.12521356,0.06,Transportation_mortgages,0.8078859765196724,37527.16661854367,5730.039941781696,3456.214568058801,1515.8835824819305,13283.81753943272,11985.9071643138,8759.453166534828
name727,35,bachelor degree,0,1,HighSkilled,Consultant,1851,1417.1551111227243,433.8448888772755,0.0,517.3511084726273,0.5393997835531747,auto loans,36,0.0451141110725833,56252,house,68724.06957237002,0,0.13560324219677256,0.13148913,0.07,Consultant_auto loans,0.0,18624.63990501458,0.0,0.0,0.0,0.0,0.0,0.0
name728,39,bachelor degree,0,0,HighSkilled,Engineering,2670,2376.646783534576,293.3532164654239,0.0,682.9506891436606,0.3136931184542227,simple loans,36,0.1459166564337965,38025,car,40456.8631374911,0,0.07109554581421558,0.04197558,0.06,Engineering_simple loans,0.0,24586.22480917178,0.0,0.0,0.0,0.0,0.0,0.0
name729,65,high school or lower,0,0,LowSkilled,Manufacturing,4975,4632.537747008709,342.4622529912913,0.0,1034.6731775044857,0.5393541393622912,simple loans,36,0.1391378742740089,14957,liquid assets,23944.126785919063,0,0.32349466863141885,0.3967302,0.46,Manufacturing_simple loans,0.6184262123708456,37248.23439016149,7071.8323450025755,9398.396080654888,10642.301444270977,10712.961698074387,10320.265578367063,9739.865469812425
name730,36,high school or lower,0,0,Unemployed_LowSkilled,Agriculture,537,290.39808411008,246.60191588992,0.0,489.4695544685433,0.6323746096081562,auto loans,36,0.4522674833866356,21662,car,21773.890245334707,0,0.4254877612330936,0.35299814,0.24,Agriculture_auto loans,0.0,17620.90396086756,0.0,0.0,0.0,0.0,0.0,0.0
name731,59,ausbildung,0,0,MediumSkilled,Electrician,9779,10153.997843676463,-374.9978436764632,0.0383472587868353,3004.9133542259065,0.2471116707425834,simple loans,60,0.3456295324575488,11268,liquid assets,31563.091170943197,0,0.15514237620159346,0.13291064,0.16,Electrician_simple loans,0.9404969028194742,180294.80125355438,31200.273199909378,20348.004260810467,29165.47277382833,71759.80048269275,68408.6550394167,72383.9592282451
name732,47,ausbildung,1,1,MediumSkilled,Electrician,5144,4806.686232928012,337.313767071988,0.0,2374.25734550832,0.7373091813002746,auto loans,12,0.395984365947965,0,none,10381.791103486754,0,0.36689654021681567,0.30795422,0.43,Electrician_auto loans,1.0,28491.088146099843,10627.175878495242,7892.031416469657,12165.694638384632,13012.806306566103,13294.828971021554,12417.019243577883
name733,44,post graduate degree,0,0,HighSkilled,Finance,5854,5996.978887687995,-142.97888768799476,0.0244241352388101,5213.1338392417465,0.9573930368156918,auto loans,48,0.9149492188127334,15854,liquid assets,34044.9648764255,0,0.20573190936452507,0.22258742,0.08,Finance_auto loans,0.9398170330681821,250230.42428360385,46328.650541920964,48210.01706138983,18108.15274988789,106386.10635090509,107767.09528779743,77760.72951955584
name734,34,bachelor degree,0,0,HighSkilled,Doctor,1627,1425.7214243277554,201.27857567224464,0.0,747.7668416375345,0.2105719693407243,auto loans,12,0.3358870718901597,27028,car,38736.99532796265,0,0.13098070851056026,0.110136494,0.06,Doctor_auto loans,0.0,8973.202099650414,0.0,0.0,0.0,0.0,0.0,0.0
name735,45,bachelor degree,0,0,HighSkilled,Engineering,7132,4477.358676915815,2654.6413230841854,0.0,6435.377053800274,0.6949699360155787,simple loans,24,0.5301087676270455,38014,car,57419.642921274855,0,0.09741613482609279,0.0399612,0.07,Engineering_simple loans,0.7899038134157272,154449.04929120658,13785.98791053202,4025.9964694474043,7685.993259854135,43868.77812627625,28534.13049483466,37955.569614808745
name736,43,bachelor degree,0,0,HighSkilled,Consultant,4914,2822.532404674293,2091.4675953257065,0.0,4601.778325859835,0.7164977380495774,simple loans,12,0.5108487445124396,54002,house,70928.43869925955,0,0.15600327536681113,0.1369037,0.09,Consultant_simple loans,0.3201711947321604,55221.33991031801,2811.1648974337622,2068.593037734278,1679.6268255107386,7494.017403440004,7202.249239870483,6152.362705628157
name737,33,ausbildung,0,2,MediumSkilled,IT Support,1290,859.6189589728195,430.38104102718046,0.0,972.298318632138,0.30369480017575,mortgages,24,0.4200909128720601,42489,car,52581.6020906327,0,0.11023583256887819,0.18567155,0.03,IT Support_mortgages,0.0,23335.159647171313,0.0,0.0,0.0,0.0,0.0,0.0
name738,51,ausbildung,1,0,MediumSkilled,Teacher,7911,3729.7440209934935,4181.255979006506,0.0,2019.8050708900369,0.3361481607654589,simple loans,48,0.0,47447,car,57063.15517682816,0,0.4241059783015635,0.5341622,0.39,Teacher_simple loans,0.5818187975631787,96950.64340272176,23634.829135602653,28767.930451449527,22337.451879949047,24715.57387281891,21646.350418958667,25393.55627034052
name739,55,post graduate degree,2,0,HighSkilled,Engineering,18547,12556.928395784473,5990.071604215527,0.0,13031.848865495713,0.3975469857383953,mortgages,24,0.3796720365169668,64858,house,154540.06764487416,1,0.31386250541603034,0.36022317,0.78,Engineering_mortgages,0.8555414241016291,312764.3727718971,81077.61169752506,97132.58431089636,211925.63849650117,124728.9907010362,122650.85137120665,54492.934896453924
name740,32,bachelor degree,2,1,HighSkilled,Consultant,1667,1706.6049513977202,-39.60495139772024,0.0237582191947931,424.636934921993,0.825033836927089,simple loans,12,0.2784894339050469,55182,house,59066.63624435654,1,0.6226170111116494,0.69043726,0.55,Consultant_simple loans,0.0,5095.643219063915,0.0,0.0,0.0,0.0,0.0,0.0
name741,35,ausbildung,2,0,MediumSkilled,Electrician,1251,511.744286216308,739.255713783692,0.0,948.963169641534,0.5501299588381219,auto loans,36,0.1676318591989143,10117,liquid assets,11915.458333367094,1,0.6311493715358725,0.49975818,0.79,Electrician_auto loans,0.7201504306914155,34162.67410709523,15647.040204061681,12891.586583220631,19583.402519548894,7885.879064674291,9915.0120956297,4799.999350752686
name742,47,ausbildung,0,0,MediumSkilled,Teacher,5162,4975.242536845367,186.75746315463311,0.0,4955.854784643256,0.7021791913099398,simple loans,24,0.923885571772302,0,none,9561.955454666208,0,0.24389094734605293,0.13126907,0.08,Teacher_simple loans,1.0,118940.51483143814,26880.55635190502,15581.207442918396,10942.527364492309,55120.84523609111,47786.16219965115,39328.43965070767
name743,33,bachelor degree,1,0,HighSkilled,Research,1630,1216.7992496363172,413.2007503636828,0.0,1051.3559141190892,0.9964232215389216,auto loans,36,0.3915062354327647,0,none,4610.085248927016,0,0.42056213516542884,0.41611406,0.16,Research_auto loans,1.0,37848.81290828721,16350.687176380075,15139.525163314886,5715.170749151369,16635.682059131974,16699.320579378753,16156.750678497161
name744,49,high school or lower,1,1,LowSkilled,Transportation,3504,2967.511838898655,536.4881611013452,0.0,3024.8480528635314,0.8862822881622904,simple loans,36,0.7101483709366969,5658,liquid assets,11027.01773415202,0,0.5520573530282872,0.612113,0.19,Transportation_simple loans,0.9510106197359997,108894.52990308712,56336.560776733415,63067.9513107181,20815.530728168043,38630.15666181028,34575.60176024398,46116.02908834661
name745,62,ausbildung,0,1,Unemployed_MediumSkilled,IT Support,4973,2933.6417181561424,2039.3582818438576,0.0,1852.406921014306,0.7458813606020843,simple loans,60,0.0,30515,car,45545.23850161413,0,0.17021653085820526,0.32058036,0.32,IT Support_simple loans,0.7659671130312813,111144.41526085835,14557.737337661534,24348.02852965613,25029.09226475141,36943.47734595769,39622.74158788903,39628.4677216181
name746,53,bachelor degree,1,0,HighSkilled,Engineering,17762,11918.770738641584,5843.229261358416,0.0,13384.635839480869,0.8420722181848419,auto loans,12,0.4245809355997327,22751,car,69549.97485343956,0,0.2571958691689164,0.34905922,0.21,Engineering_auto loans,0.8790866516307588,160615.63007377042,37557.88501333671,49277.07469794928,29933.35196551647,65730.04371899815,65065.92482069202,64105.94691115077
name747,37,ausbildung,2,0,MediumSkilled,IT Support,1382,2021.6579597303407,-639.6579597303412,0.4628494643490168,1107.5798663875294,0.5152580367253227,mortgages,48,1.264282073891368,42718,car,42199.63151748743,1,0.7089931952789645,0.75635993,0.74,IT Support_mortgages,0.3158135402672342,53163.83358660141,11870.429958908015,13062.509912348567,12239.806845889596,4398.5033934015355,3753.1354879219725,3979.717634268608
name748,59,ausbildung,0,0,MediumSkilled,IT Support,9830,11706.238984494945,-1876.238984494943,0.1908686657675425,6451.459567161132,0.8897363186660291,auto loans,24,0.8471717753464979,13645,liquid assets,34379.70002341277,0,0.30139929541551297,0.14042279,0.28,IT Support_auto loans,0.916289803019736,154835.02961186718,38873.4099067099,20146.07374727301,40575.895012113244,66261.10559076272,58264.52496247269,66295.77043331519
name749,41,high school or lower,1,0,LowSkilled,Construction,1358,1248.4856799164158,109.51432008358417,0.0,1284.307767272704,0.4834932970826355,auto loans,24,0.8650909036738733,11092,liquid assets,12853.722438083065,0,0.6146908907593033,0.7409162,0.56,Construction_auto loans,0.6595064688569814,30823.386414544897,12054.636080355158,15063.213044760832,11790.369184833038,6750.786066515,4803.177653931362,7483.15542512908
name750,32,bachelor degree,0,0,HighSkilled,Research,1788,1350.5943866634557,437.40561333654455,0.0,1568.4400659773307,0.5975765199678272,mortgages,24,0.6325696043852271,19502,liquid assets,21560.070768920817,0,0.1601202883604043,0.29652876,0.26,Research_mortgages,0.5080018473151553,37642.561583455936,3212.578458107779,5870.604682375525,4474.662852364407,8164.624767982473,8934.965977996797,8908.477862602225
name751,57,high school or lower,0,0,LowSkilled,Cleaning Services,4820,3642.492825421972,1177.5071745780283,0.0,1006.1238097905624,0.7902610857470624,mortgages,12,0.0,8683,liquid assets,14370.80022682464,0,0.34019113278720203,0.27773824,0.26,Cleaning Services_mortgages,0.3194949212217152,12073.485717486748,1288.3774009720976,1141.7955409812598,968.211759413163,1784.1314828768077,1802.2218158145947,1797.0314406733864
name752,31,high school or lower,0,0,LowSkilled,Construction,1001,750.9661421165105,250.03385788348956,0.0,905.2581554869088,0.5402834734175119,auto loans,36,0.6545697278755437,16170,liquid assets,18671.28563282549,1,0.463481517558386,0.64060324,0.81,Construction_auto loans,0.5292349204993633,32589.293597528715,7813.068669416989,11366.031463898003,13953.14029483078,7264.6395007779765,5411.528518622118,3066.366408466491
name753,47,high school or lower,1,2,LowSkilled,Manufacturing,2850,2510.043270320583,339.9567296794171,0.0,880.6402659659783,0.813444672681026,auto loans,36,0.1897135215040565,15179,liquid assets,19011.14869032076,0,0.6617418005886501,0.65949917,0.41,Manufacturing_auto loans,0.5461782688898505,31703.049574775217,10926.091059961578,11480.187595490534,7220.570478611693,5164.511872036031,5193.373821869178,7678.584513546744
name754,65,ausbildung,0,1,MediumSkilled,Teacher,10000,7534.285678518442,2465.714321481558,0.0,6090.049556491963,0.4299571670813413,simple loans,60,0.3624335235010405,24241,car,46998.40153319328,0,0.12882977221301548,0.2899304,0.08,Teacher_simple loans,0.9433732894496852,365402.97338951775,47225.46248241963,100655.73025450022,28266.335208455544,137619.42273278988,161114.4146451135,113981.02410205017
name755,47,ausbildung,1,1,MediumSkilled,Nursing,5169,2929.4287702734155,2239.5712297265845,0.0,3425.463635842136,0.4169320319288359,auto loans,12,0.2294239516571002,0,none,12184.697437496508,1,0.3001232881720136,0.49317163,0.7,Nursing_auto loans,1.0,41105.56363010563,12290.563525401583,20593.88737868292,28815.000104704046,19200.617479170032,16708.749702047317,11059.274146055468
name756,49,high school or lower,0,0,LowSkilled,Manufacturing,3530,3156.2678757951944,373.7321242048056,0.0,870.1372631202653,0.2372964710097584,mortgages,24,0.1406246852451727,5739,liquid assets,10205.715387306613,0,0.24042932029755967,0.40642777,0.38,Manufacturing_mortgages,0.7404021979855494,20883.294314886367,3695.4268458491174,6509.517582018739,6153.890730744556,7155.031065481416,6876.290736230408,7007.119721202278
name757,63,high school or lower,0,1,LowSkilled,Cleaning Services,4999,4991.94638349999,7.053616500010321,0.0,1541.4422461087495,0.2019745637820844,auto loans,24,0.3069391137444967,19263,liquid assets,25569.10048684201,0,0.2958293554311413,0.2801159,0.1,Cleaning Services_auto loans,0.5042592343079197,36994.613906609986,5540.498077573088,5428.568823480702,1902.7973195705554,8716.893340741703,8717.245711025162,6779.115549163816
name758,34,bachelor degree,1,0,HighSkilled,Engineering,1662,1442.170500785681,219.82949921431896,0.0,935.5966660906512,0.753849353147557,simple loans,60,0.4306661653888881,69260,house,80043.5590297162,0,0.24693770868025483,0.21595661,0.12,Engineering_simple loans,0.14293330928262876,56135.79996543907,2094.1793468131377,1660.9008612655919,1059.1251868940008,3722.868981622701,3659.9056474086137,3124.8693168125815
name759,62,high school or lower,0,0,LowSkilled,Construction,4995,5126.27861595993,-131.27861595993,0.0262820051971831,3267.08115240758,0.5336973797456,auto loans,24,0.6803523059794815,17816,liquid assets,29464.792530186067,0,0.33158821107380787,0.3035186,0.14,Construction_auto loans,0.7838424087109097,78409.94765778192,20343.604981099776,19913.37768542697,7867.013406588432,28514.279003778734,28697.774704022297,25216.66409095827
name760,65,bachelor degree,1,0,HighSkilled,Finance,19843,25638.31467114981,-5795.314671149808,0.2920583919341737,13889.63794637724,0.4256268930993908,auto loans,36,0.99203510646208,60774,house,97329.15501498812,0,0.40157172118555196,0.3022911,0.18,Finance_auto loans,0.9155058584990422,500026.96606958064,183111.04673768114,131839.95365113043,82857.74864880071,204352.0259299695,213780.16406731933,201391.40382767442
name761,33,bachelor degree,0,0,HighSkilled,Doctor,1821,1857.6844540122104,-36.68445401221015,0.0201452246085722,1205.4579666311013,0.3295051273712793,auto loans,48,0.6821210437360304,14168,liquid assets,15251.367386799957,0,0.21440155143866596,0.19609025,0.04,Doctor_auto loans,0.76791483465117,57861.982398292865,9908.575646052197,9330.945675654535,1644.0237619010372,20243.99712167872,19916.60606676892,10397.803368685083
name762,30,ausbildung,2,0,MediumSkilled,IT Support,1200,1009.302951972414,190.69704802758588,0.0,845.341492782014,0.2675101861363608,mortgages,48,0.5455370372953567,29381,car,31500.93290481944,0,0.463514051046283,0.44359583,0.19,IT Support_mortgages,0.38224513501547064,40576.39165353667,7382.8210736782485,6653.845043294052,2853.8636083126003,6532.6634497505165,6671.719861874519,6906.783835143967
name763,56,high school or lower,3,0,LowSkilled,Cleaning Services,4829,1992.69532314796,2836.30467685204,0.0,3179.198270289394,0.8609997731663166,auto loans,24,0.0710071636855154,20434,car,31629.493635120263,1,0.9022393791586719,0.80939585,0.91,Cleaning Services_auto loans,0.7719711265427353,76300.75848694544,53895.313973987686,47180.48797067119,54248.72586889908,5555.398715576157,10503.088366957312,5126.9511869088665
name764,35,ausbildung,2,0,MediumSkilled,Teacher,1369,1536.093231590033,-167.09323159003293,0.1220549536815434,950.8245556072152,0.8043321390283624,mortgages,12,0.8165944391506562,35851,car,40255.00878558165,1,0.6830998206239434,0.65852565,0.84,Teacher_mortgages,0.0,11409.894667286582,0.0,0.0,0.0,0.0,0.0,0.0
name765,62,high school or lower,0,1,Unemployed_LowSkilled,Agriculture,2466,2745.898639349296,-279.898639349296,0.1135030978707607,1704.9557493892014,0.2913997675909765,auto loans,24,0.8048882354981741,0,none,3693.1207078650295,0,0.3180545114115129,0.37416807,0.26,Agriculture_auto loans,1.0,40918.93798534083,13871.519977030543,15876.547938312244,11334.545821939411,19056.215005759976,18610.645864791284,19062.655414266806
name766,38,high school or lower,2,1,LowSkilled,Agriculture,1132,900.741673152178,231.25832684782188,0.0,723.2131652759871,0.5351622342378135,simple loans,12,0.4345890798835382,17035,liquid assets,16905.990737033786,1,0.7398280165450773,0.76699483,0.83,Agriculture_simple loans,0.0,8678.557983311845,0.0,0.0,0.0,0.0,0.0,0.0
name767,58,bachelor degree,0,0,HighSkilled,Engineering,19612,23766.534243740854,-4154.534243740858,0.2118363371273127,7548.304788113272,0.3238590121243061,auto loans,48,0.596718286347855,0,none,37595.16673108028,0,0.1489927795269771,0.105784036,0.05,Engineering_auto loans,1.0,362318.629829437,70289.81418691078,40942.005170726385,20289.843270448473,151530.14604895582,134617.2674355874,95473.0995156188
name768,59,high school or lower,1,0,LowSkilled,Manufacturing,4908,3507.2737204970026,1400.7262795029974,0.0,3191.491731377639,0.8033024088052927,auto loans,36,0.3648666364862758,10436,liquid assets,17654.935951705393,0,0.6226422879068566,0.6620677,0.21,Manufacturing_auto loans,0.9139463628672606,114893.702329595,64789.12239942052,70669.4965556078,22156.40976706277,34289.50120845692,31293.725541690877,47675.55543574475
name769,30,bachelor degree,1,0,HighSkilled,Finance,1766,1678.906863972946,87.09313602705402,0.0,436.23946525911015,0.6451134993662719,mortgages,36,0.1977046031891597,0,none,4476.998248553236,1,0.2597999375363569,0.26889798,0.31,Finance_mortgages,1.0,15704.620749327965,4193.133740070567,3957.564428830647,4711.38622479839,7315.855923733821,7329.432263267993,7325.7646594519565
name770,55,ausbildung,0,1,MediumSkilled,Electrician,9360,11165.22061862196,-1805.2206186219591,0.1928654507074742,6765.78811767505,0.2265872835923087,auto loans,24,0.9157060615701932,28607,car,49720.624506077766,0,0.14242525156616914,0.086305164,0.39,Electrician_auto loans,0.8495091538827034,162378.9148242012,18622.22056299433,12276.871334122186,50211.02433281433,56902.38446600842,47150.823422436086,62098.73881947711
name771,44,ausbildung,1,0,MediumSkilled,Artist,3185,1686.557496443733,1498.442503556267,0.0,2785.392256026521,0.4632559634002425,auto loans,12,0.4040658563485884,26848,car,33791.51285103006,0,0.40601066363797644,0.40279216,0.19,Artist_auto loans,0.3146555043695471,33424.707072318255,4375.183513893782,4322.597173582559,2029.8327360132212,4678.788166883259,4690.525718225257,4683.423348204536
name772,57,high school or lower,0,0,LowSkilled,Transportation,4833,3908.0605429619472,924.9394570380528,0.0,1408.669326689823,0.8321918241978943,mortgages,24,0.1000889446827581,8947,liquid assets,21323.420769476128,1,0.22652722349265528,0.1824289,0.3,Transportation_mortgages,0.7489390307280507,33808.063840555755,6076.842855249092,4709.553212818047,7621.373747624903,11631.808568051125,11173.922145898596,11827.328667998981
name773,56,high school or lower,0,1,LowSkilled,Construction,4808,3330.193999757027,1477.806000242973,0.0,2641.454552138218,0.6452436116607565,simple loans,24,0.242023409296016,0,none,8269.325843542672,0,0.3173851337556677,0.17563601,0.1,Construction_simple loans,1.0,63394.90925131723,20349.765869672832,11094.109118980514,6529.675652885674,29527.979249745033,27726.14517026135,23037.484803858955
name774,50,high school or lower,0,0,Unemployed_LowSkilled,Cleaning Services,1919,1764.8232109648284,154.17678903517162,0.0,1042.1086336357018,0.8267758635156979,mortgages,36,0.4627054948413393,19839,liquid assets,24266.603397567,1,0.6199400340492923,0.8658015,0.76,Cleaning Services_mortgages,0.49803806420005314,37515.91081088527,12014.038076842158,16610.388569693125,14013.26369771636,6136.6518654035235,2390.931733168684,4119.95532942872
name775,37,bachelor degree,0,0,Unemployed_HighSkilled,Consultant,1006,1341.5999237584226,-335.5999237584226,0.3335983337558873,427.6004222630749,0.6148517968347138,mortgages,36,0.758648455289759,77735,house,75844.51339521327,1,0.43993182109725554,0.35315517,0.54,Consultant_mortgages,0.0,15393.615201470697,0.0,0.0,0.0,0.0,0.0,0.0
name776,64,high school or lower,1,2,LowSkilled,Manufacturing,4992,5096.396657132763,-104.3966571327628,0.0209127918935822,3633.2713110376826,0.7604049446873363,mortgages,48,0.7487315641367078,14577,liquid assets,21086.9012799096,0,0.49052319481513246,0.43398896,0.05,Manufacturing_mortgages,0.9207256833833312,174397.02292980877,78198.47542301146,66958.44815481678,6583.444542799733,65490.7170571212,69719.84309176414,42311.622721998436
name777,33,high school or lower,0,1,LowSkilled,Cleaning Services,1021,693.3064020003516,327.69359799964843,0.0,321.7172409148912,0.5836550889596517,mortgages,60,0.0,0,none,1811.317132958825,0,0.34938115973590894,0.17699428,0.51,Cleaning Services_mortgages,1.0,19303.03445489347,6756.062059212714,3049.8794438731684,9632.214192991842,8894.009330337334,8458.080227092338,7672.418949693394
name778,55,high school or lower,0,1,LowSkilled,Agriculture,4701,3995.907276145926,705.0927238540739,0.0,4103.614541241005,0.7029340119586276,mortgages,24,0.7229359322244057,23855,car,29995.82674532411,0,0.13400744876872242,0.06394553,0.05,Agriculture_mortgages,0.7936774636175031,98486.74898978413,9067.338724024885,5002.669640841315,3752.002230630987,31620.690289191913,23295.69198602209,20597.3907159015
name779,64,bachelor degree,1,0,HighSkilled,Consultant,19818,9012.98912635931,10805.01087364069,0.0,6651.542712885647,0.7605221719048214,auto loans,12,0.0,45472,car,110658.79098670855,0,0.43256907310809845,0.39207855,0.22,Consultant_auto loans,0.5132047104189852,79818.51255462777,17409.37556421055,16057.588755695377,9380.58118636286,17809.958407441143,18413.946002625802,18738.869803524867
name780,30,post graduate degree,1,0,HighSkilled,Doctor,1683,1698.631017489134,-15.63101748913391,0.0092875920909886,1280.4559833772412,0.5359583823949712,mortgages,36,0.7701051698552437,31490,car,40182.10905103696,0,0.3055900831004096,0.32613853,0.16,Doctor_mortgages,0.41720408543429627,46096.415401580685,5827.178687313011,5884.873525801258,2923.2051500712137,8977.259857618465,8937.358966599622,8209.514374550588
name781,55,post graduate degree,1,1,HighSkilled,Doctor,18604,21415.929499294023,-2811.929499294023,0.1511465007145787,7086.1977691589445,0.3063430545641264,auto loans,12,0.5320429621830235,49641,car,97503.61667198114,1,0.5122511250965172,0.5922234,0.74,Doctor_auto loans,0.5006611185050106,85034.37322990733,20903.541566615044,25160.88200788084,31632.039478604845,16868.938603213064,14787.717350040013,10091.218356626012
name782,64,high school or lower,1,0,LowSkilled,Manufacturing,4995,1880.3221945664984,3114.6778054335014,0.0,3679.7524503213463,0.8741056238676838,auto loans,48,0.1131280570346036,0,none,10379.712598301188,1,0.565415395303095,0.67626,0.59,Manufacturing_auto loans,1.0,176628.11761542462,97498.7209237144,116044.67327333397,108096.40798063987,64420.145973508625,50753.01633779613,61611.872753815944
name783,62,high school or lower,0,0,LowSkilled,Transportation,4990,4352.379673947738,637.6203260522616,0.0,1589.330202200328,0.8111260810320985,auto loans,12,0.1907234220737608,5883,liquid assets,14213.370802306908,0,0.26217040950591514,0.30280915,0.25,Transportation_auto loans,0.7081786508294616,19071.962426403934,3349.576441710629,4268.008691857092,3444.1209380492355,6295.3259737147855,6307.0231129664,6273.661405048353
name784,33,high school or lower,0,0,LowSkilled,Construction,1051,844.9263038337976,206.07369616620235,0.0,939.4864043280172,0.2121203250513014,simple loans,12,0.6978236994879304,14839,liquid assets,17163.301066527067,1,0.3895241689656367,0.5968052,0.29,Construction_simple loans,0.0,11273.836851936207,0.0,0.0,0.0,0.0,0.0,0.0
name785,64,ausbildung,0,0,MediumSkilled,Nursing,9957,12360.942487533706,-2403.9424875337063,0.241432408108236,7686.210326603643,0.223949941154092,simple loans,48,1.0133727843865974,0,none,15069.248394257123,0,0.16144815184131522,0.14730258,0.11,Nursing_simple loans,1.0,368938.09567697486,58292.21911696203,52389.209586130426,36524.87147202051,157880.71851873165,153771.04710427416,139147.42095299927
name786,43,bachelor degree,0,0,HighSkilled,Consultant,4952,4229.238429443863,722.7615705561375,0.0,4264.910049561237,0.7883446585807008,simple loans,48,0.7152965426100767,40345,car,66298.45522187135,0,0.18034511277136941,0.15069063,0.16,Consultant_simple loans,0.8318519741975451,204715.6823789394,29631.007149284593,23159.867656912094,25203.385391345513,74951.20211996068,71460.4285160698,72694.06005399219
name787,47,ausbildung,2,1,MediumSkilled,Electrician,5192,3511.687220306974,1680.3127796930262,0.0,3128.2773930824037,0.7015605904588798,mortgages,36,0.2788837853215287,0,none,13719.134789687503,0,0.4998751850376594,0.44574216,0.11,Electrician_mortgages,1.0,112617.98615096654,57547.7909231439,49551.913906425274,12613.214448908253,45379.40089180582,48338.276833567106,42474.611620340635
name788,63,bachelor degree,0,0,HighSkilled,Engineering,19803,11194.34186347842,8608.65813652158,0.0,17147.14912719588,0.3407138741087883,mortgages,12,0.431171589692183,36138,car,120796.64167159004,0,0.04952901330253643,0.092058145,0.07,Engineering_mortgages,0.8496605367083949,205765.78952635056,10839.52641224151,14161.316764380039,10664.695341076324,45843.573251869806,61417.91533164694,54391.95665281735
name789,57,high school or lower,1,0,LowSkilled,Manufacturing,4849,2011.587713645751,2837.412286354249,0.0,3199.5879277561667,0.7544233686131206,simple loans,12,0.0746907901426928,15598,liquid assets,21511.102578242557,1,0.649512139169951,0.62262946,0.82,Manufacturing_simple loans,0.6143765423863979,38395.055133074,14955.43945182724,14342.124900175018,19366.586419479754,7248.547099042542,7703.1104497269025,3986.9829687553706
name790,32,bachelor degree,1,1,HighSkilled,Consultant,1600,1559.968279876636,40.03172012336404,0.0,1212.305842868426,0.7150199926860747,mortgages,12,0.7326713267156637,41216,car,49049.10523638075,1,0.30006252681334744,0.30893943,0.67,Consultant_mortgages,0.0,14547.670114421111,0.0,0.0,0.0,0.0,0.0,0.0
name791,53,post graduate degree,0,1,HighSkilled,Research,17530,16116.469293191349,1413.5307068086513,0.0,15048.397087745092,0.7931747210618884,mortgages,36,0.7778018471726436,79090,house,135383.71276465748,0,0.18167690881259607,0.10955857,0.09,Research_mortgages,0.8984930937309532,541742.2951588233,100270.85242112461,49161.92278899799,41373.89541648346,214601.45959639706,183301.57180985462,169379.25588536164
name792,33,high school or lower,3,0,LowSkilled,Agriculture,1020,1102.2934399232483,-82.29343992324834,0.0806798430620081,411.60683517363935,0.7532973113459971,mortgages,12,0.4842159559773409,23761,car,23745.65894315422,1,0.8418357369931465,0.7368447,0.52,Agriculture_mortgages,0.0,4939.282022083672,0.0,0.0,0.0,0.0,0.0,0.0
name793,50,high school or lower,0,0,LowSkilled,Cleaning Services,3783,2104.497739821089,1678.5022601789103,0.0,2558.2988875565725,0.524853315530879,auto loans,24,0.232565854448232,23971,car,34436.833788704025,1,0.30973263106336235,0.35165915,0.38,Cleaning Services_auto loans,0.6670153990695801,61399.17330135774,12941.525329958591,14579.693093244487,15931.181497955353,19104.867544892622,18850.486059606716,18559.71116856794
name794,59,ausbildung,1,1,MediumSkilled,Artist,9825,8062.626937084132,1762.373062915868,0.0,4717.826447985836,0.3296112307241468,auto loans,48,0.300809504841727,49210,car,66462.08891886624,1,0.43441412676204083,0.64038277,0.68,Artist_auto loans,0.8142503791967068,226455.66950332012,81501.09372583056,119116.98313775237,132761.96263031222,80030.0594536823,57883.914716481486,52458.98687728197
name795,37,ausbildung,0,0,MediumSkilled,IT Support,1438,597.4622884747407,840.5377115252593,0.0,1009.8557924270256,0.7344513223310913,auto loans,12,0.1177455360930225,32910,car,42282.78774499613,0,0.18449400900598875,0.19209352,0.07,IT Support_auto loans,0.0,12118.269509124308,0.0,0.0,0.0,0.0,0.0,0.0
name796,37,ausbildung,0,0,MediumSkilled,Teacher,1416,1707.5297941105036,-291.52979411050364,0.2058826229593952,1109.5273052039074,0.8411263308710397,auto loans,36,0.989447104035601,20912,car,26451.214762969277,1,0.28692739366399717,0.291277,0.82,Teacher_auto loans,0.5550295177501322,39942.98298734067,6783.87758299942,6650.860375489628,18223.35742884158,10362.011808397952,10361.461634061,3747.063347855957
name797,32,post graduate degree,0,0,Unemployed_HighSkilled,Finance,800,411.4195102179974,388.5804897820026,0.0,665.2223912328456,0.6222155588293778,auto loans,12,0.3458023768135537,47302,car,48987.3901461338,0,0.33088721550196576,0.14381905,0.15,Finance_auto loans,0.0,7982.668694794147,0.0,0.0,0.0,0.0,0.0,0.0
name798,33,high school or lower,0,1,LowSkilled,Manufacturing,1044,1197.5862908329912,-153.58629083299115,0.1471133053955854,737.1868965539692,0.9469122821457792,auto loans,36,0.853231022401303,12296,liquid assets,14149.004643522723,1,0.591676965602021,0.63132685,0.75,Manufacturing_auto loans,0.5623906692038931,26538.72827594289,8641.652096703196,9731.186817012927,11358.026330900058,5189.614182598061,4782.138059807767,3415.0006130007187
name799,37,post graduate degree,0,0,HighSkilled,Research,2278,1869.3409577031591,408.6590422968409,0.0,1649.224915536719,0.4919342209150608,auto loans,60,0.5445855457593846,62520,house,78769.15045605382,0,0.13079518468827725,0.071091086,0.03,Research_auto loans,0.5606539638937468,98953.49493220315,6269.089616761382,3439.6774888425275,1941.753421120782,22262.384804745678,17385.008592870483,11045.201189263393
name800,65,ausbildung,0,0,MediumSkilled,Nursing,9981,7083.495542519399,2897.5044574806006,0.0,7011.629810329356,0.3562758301846713,auto loans,48,0.4121957071284195,25235,car,58796.95946281214,0,0.08966221280823085,0.081756815,0.15,Nursing_auto loans,0.9359316524657709,336558.2308958091,32444.53662290692,27719.60410500785,45674.3476730243,109437.71390690483,105161.36628041728,132002.742030714
name801,42,high school or lower,2,0,LowSkilled,Transportation,1512,1870.2273161216715,-358.22731612167127,0.2369228281227984,697.2041928224289,0.4816413085154651,auto loans,36,0.6980367122646165,0,none,2092.12788096071,0,0.7841539224727258,0.68592304,0.25,Transportation_auto loans,1.0,25099.35094160744,20932.858685300605,17042.459289351453,6626.228648584365,5022.598757614201,7026.861003014833,11658.571865581882
name802,43,ausbildung,1,0,MediumSkilled,IT Support,2697,1415.6551756593617,1281.3448243406383,0.0,2513.536936129728,0.2426828552553437,simple loans,24,0.4568750877972151,0,none,5916.361839498712,0,0.2967251020109945,0.21891756,0.11,IT Support_simple loans,1.0,60324.88646711347,18278.44059953538,13995.373660370326,6153.138419645574,28186.34533772133,27575.243790753888,22751.92632460154
name803,44,high school or lower,0,1,LowSkilled,Agriculture,1934,1499.4027516757617,434.59724832423854,0.0,610.5617601235334,0.6853132805498057,mortgages,24,0.0909847527400697,18906,liquid assets,17507.796037364325,0,0.22574583811407722,0.15085506,0.35,Agriculture_mortgages,0.0,14653.482242964801,0.0,0.0,0.0,0.0,0.0,0.0
name804,39,post graduate degree,0,0,HighSkilled,Consultant,2553,1758.331958406266,794.668041593734,0.0,997.6610901537416,0.8469135212451715,auto loans,48,0.079511574054057,0,none,6932.160788507645,1,0.18769799395931347,0.38883492,0.67,Consultant_auto loans,1.0,47887.7323273796,8667.679551255707,18915.654269314942,32084.780659344335,21268.56901951135,21575.4093342263,13986.888261896907
name805,31,bachelor degree,2,0,HighSkilled,Engineering,1738,1450.3828979941734,287.6171020058266,0.0,582.6361987775805,0.3449490642990447,simple loans,24,0.1697463157489953,0,none,4820.768447906093,1,0.3948736389066572,0.50710756,0.77,Engineering_simple loans,1.0,13983.268770661933,5663.223852118083,6767.902085000375,11088.732135134913,6273.262077988787,5580.078748275038,2966.071404905492
name806,36,ausbildung,2,1,MediumSkilled,Artist,1349,1467.7492301630214,-118.74923016302137,0.0880275983417504,1106.0206717077865,0.7689347000943152,simple loans,12,0.9079094898968184,34699,car,43780.81742525667,1,0.7665165293254961,0.8655256,0.87,Artist_simple loans,0.0,13272.248060493439,0.0,0.0,0.0,0.0,0.0,0.0
name807,57,high school or lower,1,0,LowSkilled,Transportation,4859,3222.6080603275395,1636.3919396724605,0.0,2877.4131693991785,0.7253565595071951,simple loans,60,0.2554067153172912,18178,liquid assets,30340.910863585083,0,0.5337845257105633,0.54943246,0.19,Transportation_simple loans,0.8999471579222215,172644.7901639507,83900.4416485879,84521.9264015404,27656.07150638638,59657.79080923249,58205.849158439836,69188.02927966979
name808,44,ausbildung,0,0,MediumSkilled,Nursing,3179,1426.3206072135708,1752.6793927864292,0.0,1014.9538853635594,0.8512240863950203,auto loans,12,0.0,45271,car,54454.65918680407,0,0.20658956785249794,0.13702856,0.03,Nursing_auto loans,0.0,12179.446624362712,0.0,0.0,0.0,0.0,0.0,0.0
name809,39,high school or lower,1,0,LowSkilled,Cleaning Services,1206,753.6501582216146,452.34984177838544,0.0,462.6525809879586,0.2021151328267546,auto loans,24,0.0085429015004752,12029,liquid assets,14715.319801844009,1,0.6115982347773585,0.51593107,0.59,Cleaning Services_auto loans,0.0,11103.661943711006,0.0,0.0,0.0,0.0,0.0,0.0
name810,60,high school or lower,0,0,LowSkilled,Agriculture,4922,2200.8822441644675,2721.1177558355325,0.0,2858.557960782606,0.7922918153136205,simple loans,48,0.0279236499282961,0,none,9493.820020518766,1,0.220638825115972,0.22696862,0.77,Agriculture_simple loans,1.0,137210.7821175651,31970.112233392672,31009.636758569715,106612.77770534808,62795.261101754775,63049.88778522847,29104.566604447984
name811,47,bachelor degree,0,0,HighSkilled,Research,10043,7992.189929601507,2050.810070398493,0.0,2864.61952530121,0.8027663976228485,simple loans,48,0.0810325057156942,17925,liquid assets,36674.009594423806,0,0.25569347732754005,0.22909175,0.05,Research_simple loans,0.8760455412213106,137501.7372144581,30355.361516821413,27464.374705695565,7829.755946799174,56052.76476681341,55420.78422509507,31741.337687458174
name812,44,high school or lower,0,0,LowSkilled,Construction,1954,1621.364469243019,332.6355307569811,0.0,502.9439678885562,0.7391183936913053,simple loans,48,0.0871588726364253,0,none,3900.3245500915423,1,0.38397307086119664,0.33512866,0.74,Construction_simple loans,1.0,24141.310458650696,9052.991421994011,8690.87176511425,18612.950363619686,10912.323850016839,11186.67955020145,5722.239943322731
name813,33,ausbildung,0,0,MediumSkilled,Nursing,1253,981.8551745459272,271.1448254540727,0.0,871.1132097305681,0.3390138224337614,mortgages,48,0.4788255261584161,41381,car,44754.41069727717,0,0.11974217890344771,0.07924865,0.06,Nursing_mortgages,0.15488779763651717,41813.43406706727,861.3599649976132,433.9181778559405,388.5834428560661,2520.3258595078437,2132.4788263132596,1871.1740731741113
name814,59,ausbildung,0,1,MediumSkilled,Electrician,9791,7351.072858108829,2439.9271418911712,0.0,7144.70847104361,0.5063512261070123,auto loans,24,0.480521022280915,36204,car,51331.52370903546,0,0.13567827673727123,0.11637775,0.05,Electrician_auto loans,0.81968412460912,171473.00330504664,20099.178900971725,16585.33643576688,8152.1145192752465,57089.2161721217,54135.495601700684,37036.72996562579
name815,63,bachelor degree,0,3,HighSkilled,Finance,20000,22327.99293049905,-2327.992930499054,0.1163996465249527,7349.430077534777,0.4256127082641832,auto loans,36,0.4838711504016915,56737,house,85245.34574409276,0,0.14942719842410193,0.11410639,0.24,Finance_auto loans,0.8508382420266106,264579.48279125197,32416.46525007629,23411.891569499545,52001.41300533072,94229.81383632081,86077.89684506357,104151.25517922605
name816,35,bachelor degree,2,0,HighSkilled,Research,1872,2152.8007404640903,-280.80074046409027,0.1500003955470567,754.6450733971741,0.9302214131169964,simple loans,48,0.553122763814778,67054,house,67244.48403493376,1,0.7076410381583635,0.8832749,0.82,Research_simple loans,0.0,36222.963523064354,0.0,0.0,0.0,0.0,0.0,0.0
name817,34,high school or lower,1,0,LowSkilled,Agriculture,1022,944.397664123998,77.60233587600214,0.0,278.09677506910106,0.802065045881756,mortgages,24,0.1961785119306251,7685,liquid assets,8796.876408790955,1,0.4838976981652775,0.4526154,0.75,Agriculture_mortgages,0.0,6674.322601658425,0.0,0.0,0.0,0.0,0.0,0.0
name818,64,high school or lower,0,0,LowSkilled,Manufacturing,5000,4133.862122702189,866.1378772978114,0.0,1872.770468447218,0.3934696919137055,auto loans,12,0.2013265182298813,0,none,9113.615507162584,1,0.2577328164063734,0.42703998,0.72,Manufacturing_auto loans,1.0,22473.245621366616,5550.891668477554,9348.870178488512,16000.95088241303,10463.405052935892,9820.913753340032,5690.618837460931
name819,46,bachelor degree,0,1,HighSkilled,Engineering,8421,4377.514685296025,4043.485314703975,0.0,7863.276594522584,0.2117501430416923,auto loans,48,0.4536030494975192,0,none,23226.926792815444,0,0.06472139765302223,0.04579318,0.08,Engineering_auto loans,1.0,377437.276537084,29062.67029335547,17362.114720705864,29817.54484642964,113140.80513948329,94984.89323618238,124802.0422078468
name820,52,ausbildung,2,1,MediumSkilled,IT Support,8500,7803.114054320237,696.8859456797627,0.0,6863.240464735361,0.4598595871419066,simple loans,24,0.7254534728300703,0,none,14447.179976348332,1,0.5764897250005718,0.6047939,0.88,IT Support_simple loans,1.0,164717.77115364865,94877.43618450161,95536.30726911621,144622.2030729035,58912.5387605612,55820.43503056887,18934.842568528657
name821,65,high school or lower,0,1,LowSkilled,Manufacturing,4970,5481.211098426958,-511.2110984269584,0.1028593759410379,2687.72055929436,0.7989210032134828,auto loans,36,0.6436482208694805,0,none,7327.068762701673,0,0.347860470385299,0.43581757,0.25,Manufacturing_auto loans,1.0,96757.94013459697,31252.814663474823,40444.81897626153,23415.421512572466,44611.77314716471,41938.938572149906,44943.76771930277
name822,55,bachelor degree,0,0,HighSkilled,Research,18648,9510.573321460986,9137.426678539014,0.0,7462.299806734893,0.6913589688293176,simple loans,12,0.0,63867,house,136317.12778958995,0,0.21081216441067266,0.20589812,0.12,Research_simple loans,0.5036991584202096,89547.59768081871,9832.900810702818,8930.79981889522,5728.341297978248,20492.33804635366,20407.51897975536,17566.436070069638
name823,58,bachelor degree,0,0,HighSkilled,Engineering,19430,15376.66500599743,4053.334994002569,0.0,12971.825533376374,0.4735215420097945,auto loans,24,0.4590062037763152,13908,liquid assets,69919.1303034772,0,0.1240883907733043,0.14621569,0.06,Engineering_auto loans,0.9573765957743133,311323.81280103297,38150.928906615365,41429.524359527626,17585.193792893017,117463.75008425805,123948.59238611789,86114.50250018635
name824,48,high school or lower,0,1,LowSkilled,Cleaning Services,3168,3941.3046964645887,-773.3046964645887,0.244098704692105,2505.9821286583533,0.8797636422478015,auto loans,24,1.0351284170211308,20489,car,25635.890255788345,0,0.4661903353576249,0.34303892,0.2,Cleaning Services_auto loans,0.7105404999539441,60143.571087800476,19572.374925941527,14572.445086781794,9316.108589203608,17945.25772908906,19743.31506405405,19230.03024569811
name825,42,bachelor degree,1,0,Unemployed_HighSkilled,Consultant,1991,2595.8268377535032,-604.8268377535032,0.303780430815421,826.2003485632175,0.7367870236016678,simple loans,24,0.7187479589737423,18062,liquid assets,20228.843946243225,1,0.7579081191348263,0.843093,0.75,Consultant_simple loans,0.13693084192012472,19828.80836551722,2020.0905152797354,2231.8741983332557,2052.6726203648923,603.4402756520301,403.1989264447528,621.2558132852567
name826,43,high school or lower,0,0,LowSkilled,Agriculture,1689,1112.2738223958197,576.7261776041805,0.0,1074.339859643775,0.2731064445289986,mortgages,60,0.2946202972407309,0,none,3238.2720380103524,0,0.14224100990023875,0.102184385,0.08,Agriculture_mortgages,1.0,64460.391578626506,9926.900303108481,6317.118374705397,5221.291717868748,26579.71142601766,23627.066324318843,21314.239505804773
name827,59,ausbildung,0,1,MediumSkilled,Teacher,9831,9760.374147150294,70.62585284970555,0.0,2049.506079611901,0.779730984766293,mortgages,24,0.2012898206451221,33347,car,48734.58384430568,1,0.16429258331051882,0.15040724,0.6,Teacher_mortgages,0.42172785046364736,49188.14591068562,3879.1300650794647,2883.4175350055916,12155.990471318535,8919.006365005527,8700.011349861483,7097.2498893906295
name828,46,ausbildung,2,1,MediumSkilled,Teacher,4446,3211.902064105004,1234.097935894997,0.0,904.2799178322612,0.6520397455400094,mortgages,24,0.0,19364,liquid assets,27333.630675388165,0,0.6391065158411581,0.6198619,0.49,Teacher_mortgages,0.15178855178029052,21702.718027974268,2177.4821559862253,1983.1229317756545,1610.875604050324,1037.1485698856693,1082.1283421089581,1344.4705754054964
name829,52,high school or lower,1,1,LowSkilled,Construction,4277,4793.806386666183,-516.8063866661832,0.1208338523886329,3592.3394082484283,0.3633017034963559,mortgages,60,0.960754219058829,21330,car,27549.460633700364,0,0.39786044732804093,0.23253663,0.22,Construction_mortgages,0.9157157556397849,215540.3644949057,74212.51411186704,45198.579073450936,45198.579073450936,88353.69159204912,90982.24135858643,90289.74556427427
name830,32,bachelor degree,1,1,Unemployed_HighSkilled,Doctor,848,751.5020123456266,96.49798765437345,0.0,461.63551371310615,0.8980010457539048,auto loans,24,0.4305867052579395,52153,house,43432.21838937234,1,0.6652827969072443,0.7540577,0.82,Doctor_auto loans,0.0,11079.252329114548,0.0,0.0,0.0,0.0,0.0,0.0
name831,33,bachelor degree,0,3,Unemployed_HighSkilled,Doctor,856,836.7500671485857,19.249932851414314,0.0,328.07450220734705,0.4675036664498901,auto loans,36,0.3607763660700149,39949,car,42554.42669702735,0,0.3382152157864651,0.38770747,0.52,Doctor_auto loans,0.0,11810.682079464494,0.0,0.0,0.0,0.0,0.0,0.0
name832,37,bachelor degree,1,1,HighSkilled,Finance,2120,1757.8097641095396,362.1902358904604,0.0,1839.4471385569263,0.234204711079933,auto loans,36,0.6968192937105973,57075,house,61402.25413911257,0,0.20102327661215114,0.2079535,0.1,Finance_auto loans,0.40007413585203827,66220.09698804935,5298.589615706402,5457.547304177592,2251.9005866752204,11933.24043766261,12007.893701814566,9627.443212341595
name833,52,high school or lower,1,1,LowSkilled,Cleaning Services,4289,3291.8360787209526,997.1639212790474,0.0,920.5070032707998,0.87432220830756,auto loans,12,0.0,23503,car,30995.523954284978,1,0.5995802366672093,0.7445945,0.76,Cleaning Services_auto loans,0.0,11046.084039249597,0.0,0.0,0.0,0.0,0.0,0.0
name834,35,bachelor degree,0,0,HighSkilled,Consultant,1842,1637.532510464824,204.4674895351759,0.0,1835.817229841864,0.7876902702748244,simple loans,48,0.8856404670503193,38678,car,48050.81671984386,1,0.19291707277216777,0.18988313,0.66,Consultant_simple loans,0.6257828930364734,88119.22703240947,10256.691897353096,9208.965305687994,36284.426174507185,24634.970948331254,24552.604581050164,16518.46960741723
name835,45,ausbildung,1,0,MediumSkilled,IT Support,3741,3628.4236980570126,112.57630194298736,0.0,2464.5921591988117,0.2492834972909855,mortgages,36,0.6287131401378839,22490,car,23587.67021396601,0,0.18894469046080953,0.15545142,0.14,IT Support_mortgages,0.7839860055867606,88725.31773115722,13494.52504383843,11199.064598237048,9042.722967520598,30938.24227061432,29453.934051791708,28539.31771971373
name836,36,high school or lower,0,0,LowSkilled,Cleaning Services,1073,902.7245105620858,170.2754894379142,0.0,1018.2061351495176,0.779980898007209,auto loans,12,0.7902429130583443,0,none,1656.0436160792633,1,0.48084639467408447,0.4364946,0.74,Cleaning Services_auto loans,1.0,12218.473621794212,5425.00228807663,5522.750077050984,9432.661636025132,5043.575602001332,5292.558897688432,2896.1575190717213
name837,62,high school or lower,0,3,LowSkilled,Construction,4943,5268.810089062396,-325.8100890623955,0.0659134309250243,4159.588163196402,0.3863759631692824,auto loans,48,0.9074242873272906,0,none,6747.155426684942,0,0.2361260981366082,0.15414208,0.22,Construction_auto loans,1.0,199660.2318334273,44524.23169885429,29350.05407951381,44324.57146702086,92206.0947360254,84338.58955780609,91335.72924969431
name838,57,bachelor degree,1,0,HighSkilled,Consultant,19318,12656.366405052746,6661.633594947254,0.0,8527.142350973825,0.3151202084331337,simple loans,60,0.0965684209559256,65268,house,141074.87457772333,0,0.3509096592808789,0.4160588,0.16,Consultant_simple loans,0.9111638360895069,511628.5410584295,161763.5661709157,192997.453587202,71325.14589092249,214646.76286711972,205692.31477311865,198999.96419335817
name839,63,bachelor degree,0,3,HighSkilled,Engineering,19833,22153.91119743014,-2320.9111974301413,0.1170226994115938,6761.509145188988,0.4255524778544581,simple loans,48,0.4579448566842702,35200,car,76589.22505562736,0,0.10147656765020191,0.10044078,0.19,Engineering_simple loans,0.9073507003565596,324552.43896907143,35337.945936121985,31804.151342509784,56246.23061499416,107641.5338625665,107202.45225087486,131135.57634876002
name840,40,high school or lower,0,0,Unemployed_LowSkilled,Construction,649,741.883016331311,-92.88301633131096,0.1431171283995546,422.31459884545166,0.983319102814206,auto loans,48,0.7938329971906974,15566,liquid assets,14572.71655062714,0,0.7650160317150249,0.7027291,0.6,Construction_auto loans,0.2747718696418368,20271.10074458168,4210.865757972774,3759.701569618548,3336.387022520756,1204.8088448777385,1486.6560941037228,1905.6667769325284
name841,46,high school or lower,1,0,LowSkilled,Transportation,2505,2397.1013258550183,107.89867414498168,0.0,2277.5714833298102,0.8637758551153732,auto loans,36,0.8661368499739834,19058,liquid assets,24787.585413481007,1,0.607046313359683,0.6612049,0.84,Transportation_auto loans,0.779375650943622,81992.57339987317,40770.123739751936,41600.862938210834,53550.72679296571,21557.613529946728,19085.19314187179,9666.492907771755
name842,54,high school or lower,1,0,LowSkilled,Construction,4605,3804.598550387138,800.401449612862,0.0,2606.922035274336,0.519822839857203,auto loans,24,0.3922954583412538,22469,car,30445.13538704004,0,0.4781230273578183,0.5331215,0.34,Construction_auto loans,0.6938470933795245,62566.12884658406,20924.25944250979,23138.237101364557,14846.673712320224,17978.323381221508,16685.46916523486,20080.06971137832
name843,62,high school or lower,1,1,LowSkilled,Construction,4979,5275.478568507283,-296.47856850728294,0.059545806087022,4661.671119151778,0.3498775585829352,auto loans,24,0.9958123493992892,0,none,7638.350571932137,1,0.469523198860296,0.5361181,0.67,Construction_auto loans,1.0,111880.10685964266,49562.8873388217,64778.5818717331,76637.87319885523,46803.34780743981,42805.15737150302,32677.566410473126
name844,51,ausbildung,1,1,Unemployed_MediumSkilled,Electrician,3995,4145.555281493816,-150.55528149381644,0.037685927783183,842.8851326578707,0.7359137695483725,simple loans,24,0.2486709422156914,29372,car,41879.096044847385,1,0.41080712516068457,0.3796104,0.32,Electrician_simple loans,0.0,20229.243183788898,0.0,0.0,0.0,0.0,0.0,0.0
name845,32,bachelor degree,0,1,HighSkilled,Consultant,1729,1267.8763268825471,461.1236731174527,0.0,1462.9643864492757,0.80266092850387,auto loans,48,0.5794336109495795,22951,car,28523.73348695656,0,0.1611572640665268,0.14931445,0.1,Consultant_auto loans,0.7218854578198427,70222.29054956524,7502.482653654575,6944.865699666736,4917.167685165499,21682.276737944892,21214.405741730658,18421.456370692973
name846,64,post graduate degree,0,3,HighSkilled,Research,19888,20480.903934500504,-592.903934500504,0.0298121447355442,17746.91224303011,0.3136626267667493,auto loans,36,0.9221548761831564,66777,house,116380.31692352604,0,0.12682021197227455,0.13587447,0.19,Research_auto loans,0.9272081531666846,638888.840749084,74047.86776372028,73455.48482161052,114922.29076929388,235229.49742638535,240723.59165864775,263792.8486499782
name847,35,high school or lower,0,1,LowSkilled,Construction,1091,807.3886103883921,283.61138961160793,0.0,590.2878898536919,0.3094935188555152,mortgages,48,0.2810967004968689,20685,car,24803.73560014859,0,0.20137398257033232,0.2798396,0.32,Construction_mortgages,0.37796494032036443,28333.818712977212,2163.2563999774884,2923.6088969992793,3587.5786831309833,4825.354322561135,5004.21415801251,4985.011208673447
name848,59,ausbildung,2,0,MediumSkilled,IT Support,9810,12429.047283447606,-2619.047283447606,0.2669772969875235,8097.803257348329,0.5341354136800565,auto loans,24,1.0924414414674757,17096,liquid assets,31333.80218036838,1,0.7278475176031629,0.70612043,0.59,IT Support_auto loans,0.9163797217162044,194347.2781763599,127872.85956853609,120749.02338087391,105254.67967270868,43973.31730684024,47060.24006478223,62123.870004226024
name849,59,ausbildung,0,0,MediumSkilled,IT Support,9813,7667.917584310469,2145.0824156895305,0.0,6967.102718712806,0.7119411130645894,auto loans,24,0.4913910428027387,0,none,24085.396462201865,0,0.1781570681571639,0.13577028,0.19,IT Support_auto loans,1.0,167210.46524910734,31268.35700158307,24078.306995871455,32271.619793077716,73382.36744879998,67931.4874563698,74460.15375638093
name850,44,bachelor degree,2,1,HighSkilled,Finance,5947,6832.752998384321,-885.7529983843206,0.1489411465250244,5743.298016243737,0.74210371201009,auto loans,12,1.114688248634279,69369,house,84971.35154579625,0,0.6099631323675532,0.52995694,0.24,Finance_auto loans,0.3005950957874829,68919.57619492484,12450.84885137564,11104.25122185914,5034.203445730916,6947.414022880701,8000.875872300075,9584.861294555323
name851,34,high school or lower,0,0,LowSkilled,Transportation,1051,678.4068754984826,372.5931245015174,0.0,553.3233976427281,0.4165436885537782,auto loans,24,0.1719602979459663,17830,liquid assets,22417.01426569936,1,0.33225850131650086,0.47283623,0.77,Transportation_auto loans,0.0,13279.761543425473,0.0,0.0,0.0,0.0,0.0,0.0
name852,51,high school or lower,0,4,LowSkilled,Cleaning Services,4055,4441.169996732999,-386.1699967329987,0.0952330448170157,3296.6003962516847,0.2257903151282239,mortgages,48,0.908204782486975,8850,liquid assets,16396.961041538692,0,0.24417883483483963,0.19308862,0.11,Cleaning Services_mortgages,0.9469519095537621,158236.81902008087,39258.77637838801,24574.1959009757,14384.89516154675,69450.01249889501,66953.52078750562,56514.1405682977
name853,55,post graduate degree,1,1,HighSkilled,Research,18543,20056.025247276026,-1513.0252472760258,0.0815954941096923,11604.768045449944,0.9017266505321369,auto loans,24,0.7074256211360606,44974,car,103880.64262622443,0,0.4902669813439309,0.40569657,0.17,Research_auto loans,0.8621839363842543,278514.4330907987,115983.11373657199,100374.62016953848,42262.99796612147,97971.3396437777,106852.67673419489,104170.93626949788
name854,49,ausbildung,0,0,Unemployed_MediumSkilled,Electrician,3338,2144.426420449154,1193.5735795508454,0.0,2864.231649919642,0.2328491018350549,auto loans,24,0.5004967256946665,15751,liquid assets,24214.51786451362,0,0.197121305380697,0.32266235,0.3,Electrician_auto loans,0.7819379521241044,68741.55959807141,11287.843210965937,18598.06548092483,15319.215786310915,24118.880818091624,25003.728098930173,25107.96849878158
name855,55,post graduate degree,1,0,Unemployed_HighSkilled,Finance,9367,6809.421439667953,2557.578560332048,0.0,2752.9282250045194,0.4356061097483953,auto loans,36,0.0208550939118684,39261,car,67523.23647580353,0,0.451598511036639,0.30494237,0.42,Finance_auto loans,0.6614387826325502,99105.41610016269,28777.400776359354,20714.48438571653,26941.940134587003,27967.32852871102,30602.31201388168,28826.217055488007
name856,47,bachelor degree,0,0,HighSkilled,Doctor,9928,5887.908548626105,4040.0914513738953,0.0,2230.391294050988,0.708367629033839,auto loans,24,0.0,67395,house,85835.11329674096,0,0.25279354019033584,0.1511401,0.1,Doctor_auto loans,0.12461904492147588,53529.391057223715,1854.4772816806765,980.6048935505735,740.4567563545147,3101.413312369467,2801.728965616634,2424.1383306053813
name857,58,post graduate degree,0,1,HighSkilled,Research,19415,15875.386900322646,3539.6130996773536,0.0,8447.296429828475,0.917058960196264,auto loans,48,0.2527779206876704,42036,car,98262.49924029512,0,0.23691675801920392,0.15136628,0.1,Research_auto loans,0.9115357850719732,405470.2286317668,84638.54270802993,59136.0997086672,32524.85483976696,170753.0910690426,155300.50502032563,134311.55341246916
name858,64,ausbildung,0,0,MediumSkilled,Nursing,9980,7149.230695886922,2830.769304113078,0.0,3525.787095406089,0.9845644900939682,auto loans,36,0.0696410612518047,0,none,20504.423351761867,0,0.1904901015737091,0.16166615,0.13,Nursing_auto loans,1.0,126928.3354346192,24370.24040344689,19800.820327800597,17008.396948238973,56553.32034206763,54336.7916929267,50829.12931192801
name859,42,post graduate degree,0,0,HighSkilled,Engineering,3898,3496.9107734252034,401.0892265747966,0.0,2456.6154561197727,0.5999232512966188,mortgages,48,0.5273284324127696,58839,house,67940.13060401025,0,0.05627211479586761,0.040525958,0.07,Engineering_mortgages,0.6531912738393555,117917.54189374909,4236.249016867095,2695.7948289154238,5930.748623613932,21555.795213126235,18152.877790144925,23962.650591310656
name860,43,bachelor degree,0,0,HighSkilled,Consultant,4801,3265.534039302599,1535.465960697401,0.0,2176.7713081458382,0.5976351260046662,auto loans,36,0.1335774520825739,42792,car,61929.20120103156,0,0.16228454639465198,0.123300016,0.11,Consultant_auto loans,0.5337040868414159,78363.76709325018,6691.690041273038,5395.175095776386,5060.5905937127345,17922.64058476574,16445.77359335687,15773.842244310881
name861,39,high school or lower,0,0,LowSkilled,Construction,1224,712.2697362657318,511.7302637342682,0.0,265.4693738388136,0.7209598860426758,simple loans,60,0.0,0,none,2569.7049957644745,0,0.400205943868286,0.39446324,0.26,Construction_simple loans,1.0,15928.162430328817,6626.115571016788,6546.4747588651435,4189.106719176479,7117.701460808673,7147.909947349761,7420.355628501527
name862,56,high school or lower,2,0,LowSkilled,Agriculture,4783,2886.8866608220205,1896.1133391779797,0.0,4572.785270908752,0.4971018385137903,auto loans,48,0.5596219802907741,13603,liquid assets,22650.5347903941,1,0.6606481918377306,0.56548756,0.85,Agriculture_auto loans,0.9411287054078212,219493.69300362008,137783.4006994997,122497.08637901547,177238.61739156034,61779.98110877813,75331.86837472663,29392.952420439295
name863,50,bachelor degree,0,1,HighSkilled,Research,14679,14208.327183840272,470.6728161597275,0.0,11935.809060538018,0.9049966682988656,auto loans,12,0.7810570368811425,17582,liquid assets,58529.92346767391,0,0.26849699001970345,0.25805408,0.16,Research_auto loans,0.8831022090137495,143229.7087264562,34530.80690315513,32127.563931873265,19352.430242427596,59028.05938364785,58896.339879699015,53994.04203374627
name864,55,bachelor degree,1,0,HighSkilled,Research,18775,16114.089377389284,2660.910622610716,0.0,14720.113884970116,0.7667857199247204,auto loans,48,0.6423011058513661,15923,liquid assets,77006.78994139761,0,0.4727764396227211,0.41850072,0.09,Research_auto loans,0.978528877197205,706565.4664785656,313893.19951113395,287620.2004331095,69139.47125795903,288147.8991314766,304431.06088550773,240590.6735317365
name865,42,high school or lower,0,1,Unemployed_LowSkilled,Agriculture,761,986.7131864564208,-225.71318645642089,0.2966007706391864,613.7330241604509,0.5678749017878959,mortgages,12,1.1030830625714478,15617,liquid assets,20314.14470278666,1,0.5187129556185677,0.58845955,0.53,Agriculture_mortgages,0.0,7364.796289925411,0.0,0.0,0.0,0.0,0.0,0.0
name866,57,ausbildung,1,0,MediumSkilled,Electrician,9673,8891.920704524804,781.079295475196,0.0,7342.658632901581,0.8005208122458358,auto loans,48,0.6783396399696459,0,none,21636.78197959833,1,0.37757011426902365,0.6151437,0.81,Electrician_auto loans,1.0,352447.6143792759,136397.22676477977,213583.25431384117,283015.4343465585,159966.84198859255,116933.52694169218,62660.691689211235
name867,34,ausbildung,0,0,MediumSkilled,Teacher,1275,493.5665450647223,781.4334549352777,0.0,625.2944535096251,0.3716314173509096,mortgages,24,0.0,39839,car,32852.40131329492,0,0.16275536729217602,0.09746015,0.06,Teacher_mortgages,0.0,15007.066884231002,0.0,0.0,0.0,0.0,0.0,0.0
name868,39,high school or lower,1,0,LowSkilled,Agriculture,1174,851.6307949853708,322.3692050146292,0.0,1067.7049591301788,0.3073885135521578,simple loans,12,0.634868615089906,0,none,2179.6843735034704,1,0.4233988336957803,0.48228556,0.53,Agriculture_simple loans,1.0,12812.459509562146,5547.79496764041,6265.292700175889,7021.227811240056,5617.432106820754,5279.51274605168,4947.860612593793
name869,32,bachelor degree,2,2,HighSkilled,Consultant,1600,1108.9631542067395,491.03684579326045,0.0,1016.1308711409796,0.8343060275167757,auto loans,12,0.3281837658423244,67538,house,81431.09697775339,0,0.621841026681401,0.6601312,0.13,Consultant_auto loans,0.0,12193.570453691755,0.0,0.0,0.0,0.0,0.0,0.0
name870,37,bachelor degree,0,0,HighSkilled,Engineering,2026,2198.195381345862,-172.19538134586264,0.0849927844747594,1264.1827893527222,0.3556477778073306,mortgages,48,0.7089724435827172,52150,house,63405.42848080815,0,0.0500034363277385,0.057108846,0.07,Engineering_mortgages,0.4023928790790557,60680.773888930664,830.195384537008,1465.0506785947198,1538.3032125244558,6434.3874073242805,6884.198602631704,7596.568549783502
name871,51,bachelor degree,0,0,HighSkilled,Engineering,15832,10974.195980807344,4857.804019192656,0.0,8349.070052380644,0.3593498832292056,simple loans,36,0.2205195826925207,25657,car,70351.54844364406,0,0.08408449155418629,0.07901835,0.04,Engineering_simple loans,0.9270197426173941,300566.5218857032,22569.119080389086,19782.808082810185,11981.137289589265,94171.81021761357,91625.6145478594,65202.58637887271
name872,53,ausbildung,0,0,MediumSkilled,Teacher,8870,8124.879197248494,745.1208027515058,0.0,1776.5621835482443,0.5981764891305333,auto loans,24,0.1162842593908386,34506,car,50366.98424706487,0,0.22144515075476817,0.18926845,0.07,Teacher_auto loans,0.30913310711092357,42637.492405157864,3005.190595510467,2504.3254962587225,1014.9108590101139,6035.479367437482,5864.588824210332,4100.65505035127
name873,62,high school or lower,0,0,LowSkilled,Agriculture,4991,3928.423070734631,1062.5769292653697,0.0,3505.43466196131,0.4356088746253659,mortgages,60,0.4894525611492568,8091,liquid assets,15486.0242730696,0,0.1322419964818241,0.08808625,0.13,Agriculture_mortgages,0.9635530881596288,210326.0797176786,25940.52398495712,18239.430926922974,29588.41017034171,81622.84720765709,69881.27349142483,81156.41615895163
name874,45,bachelor degree,0,3,HighSkilled,Research,7035,7853.977094990671,-818.9770949906706,0.1164146545828956,2720.8603737715234,0.7708580192579351,auto loans,48,0.5031751910109729,0,none,12950.416641673344,0,0.18788440390680558,0.26049116,0.15,Research_auto loans,1.0,130601.29794103312,24553.044012914226,34217.54006055068,20373.802478801168,58017.07033228516,60849.67256133331,54730.08146363612
name875,43,ausbildung,2,1,Unemployed_MediumSkilled,Electrician,1363,1450.4302466777124,-87.43024667771238,0.0641454487730831,1260.1258270830297,0.8284130734189786,simple loans,12,0.9886691663688496,37296,car,49123.744380970704,1,0.7109293106412218,0.74626654,0.67,Electrician_simple loans,0.0,15121.509924996357,0.0,0.0,0.0,0.0,0.0,0.0
name876,34,ausbildung,0,0,MediumSkilled,Teacher,1252,1839.501198664279,-587.501198664279,0.4692501586775391,1033.0182417750134,0.3709286211552499,auto loans,60,1.29434460098985,41775,car,37472.06729350487,0,0.38855213682536194,0.23371768,0.23,Teacher_auto loans,0.4261198263690528,61981.094506500805,9640.151228685001,6417.963694713576,6048.204469503741,11901.73036341409,12182.28780417812,12157.75505881603
name877,40,high school or lower,1,3,LowSkilled,Construction,1284,1375.391338299774,-91.3913382997739,0.0711770547506027,1020.684884894701,0.380042608302348,auto loans,48,0.8661029775657905,0,none,2050.62066077718,1,0.5468561397111463,0.5044353,0.75,Construction_auto loans,1.0,48992.874474945645,25721.259099346466,25133.34460564712,36940.62735410902,18430.49764614411,19621.81063486239,11209.996897707137
name878,56,bachelor degree,1,1,HighSkilled,Engineering,19010,16371.03150094582,2638.968499054179,0.0,4349.403425301065,0.6876193473734404,auto loans,12,0.0899755353101991,48926,car,96294.63425743226,0,0.31586612378798656,0.19607887,0.15,Engineering_auto loans,0.198901228970768,52192.84110361278,3311.6092562360864,2180.0562501867657,1494.895714413782,4836.984739748863,4653.205976424791,4350.378122797089
name879,47,high school or lower,1,0,LowSkilled,Manufacturing,2821,1994.7479038714887,826.2520961285113,0.0,1340.348388904885,0.8240758995962303,auto loans,12,0.1822390261525606,8737,liquid assets,14533.494470631704,0,0.6691107623338586,0.74286616,0.29,Manufacturing_auto loans,0.48602455389860105,16084.180666858621,4940.5378555305815,5847.34543660898,2353.009326763774,2288.4831335392864,1834.5892740369648,3653.7204075699965
name880,53,high school or lower,1,0,LowSkilled,Agriculture,4452,3032.231501780358,1419.768498219642,0.0,2661.043287268157,0.411112583049454,mortgages,12,0.2788128456982289,10629,liquid assets,18519.30466644449,0,0.3374126704830864,0.268098,0.13,Agriculture_mortgages,0.6839133951043669,31932.519447217885,6682.757803551199,6224.137169974156,2751.723801462259,10111.564415703842,10191.069586789823,8745.57525085954
name881,59,ausbildung,1,2,MediumSkilled,Nursing,9811,6971.209673891696,2839.790326108304,0.0,9338.954667466369,0.7652923837758665,mortgages,60,0.6624364836773075,35643,car,50398.28679833585,0,0.2444451312314738,0.16575195,0.12,Nursing_mortgages,0.9457672628003564,560337.2800479821,137786.65045495398,81612.09296178042,62533.94136032526,245650.3055029581,228390.31155608865,206391.72916310432
name882,53,bachelor degree,0,0,HighSkilled,Engineering,17460,10978.459829764344,6481.540170235656,0.0,7157.769239857525,0.9629989994003372,simple loans,36,0.0387301872635663,14109,liquid assets,70822.09463013141,0,0.18763212859076103,0.1452739,0.25,Engineering_simple loans,0.9478711479486591,257679.69263487088,50314.91208853977,35660.08332488741,62527.26939158342,108470.11836693811,101372.40575108357,113452.05347894113
name883,50,high school or lower,0,1,LowSkilled,Transportation,3820,2886.988835818819,933.0111641811808,0.0,2046.2902471712107,0.761651275108714,auto loans,36,0.2914343149188559,0,none,7894.563589485703,0,0.2736548860696719,0.18781112,0.1,Transportation_auto loans,1.0,73666.44889816358,19889.941202504167,13333.627250567608,8692.640969983302,34403.4689525269,32722.086208838722,26770.125820638088
name884,52,ausbildung,0,1,MediumSkilled,Teacher,8480,8519.794345694356,-39.7943456943558,0.0046927294450891,8450.86904958391,0.990687599935636,mortgages,48,1.001257475858286,0,none,17447.949367061516,0,0.21205666105275173,0.13086596,0.27,Teacher_mortgages,1.0,405641.7143800276,85996.04344856585,57195.48172758389,113985.32174078777,184476.8344644743,162804.76894082045,189347.8869588826
name885,58,high school or lower,1,0,LowSkilled,Construction,4929,2065.8987391281007,2863.1012608718997,0.0,1241.7910719886304,0.2139429007547604,mortgages,60,0.0,5094,liquid assets,13873.456173489643,0,0.38104607396800516,0.25052953,0.18,Construction_mortgages,0.9352299308227059,74507.46431931782,26688.056898533112,17629.4475073861,12821.416369008073,31557.38712251174,32372.745182087863,30655.22839848729
name886,52,ausbildung,0,0,MediumSkilled,Nursing,8385,5123.127721746941,3261.8722782530594,0.0,3689.411051465408,0.7533171440804882,auto loans,12,0.0509885239370719,36241,car,47729.84901680256,0,0.19025362358460549,0.08925205,0.04,Nursing_auto loans,0.30159516771621864,44272.9326175849,2496.917974622711,1295.1927461946684,707.6826345187362,5947.672790861581,4630.013628099074,3124.6250001180483
name887,34,post graduate degree,0,1,HighSkilled,Engineering,1899,1958.9798492072907,-59.97984920729073,0.0315849653540235,421.0921005377963,0.2628370263387549,simple loans,24,0.2533290941259015,65592,house,66119.13199850399,0,0.0763290597929123,0.03153526,0.02,Engineering_simple loans,0.0,10106.21041290711,0.0,0.0,0.0,0.0,0.0,0.0
name888,40,bachelor degree,0,0,HighSkilled,Doctor,3035,1851.841839808764,1183.158160191236,0.0,1694.7621060390254,0.5249992872028868,mortgages,48,0.1685680216961415,13625,liquid assets,18502.74392077272,0,0.1578052873257957,0.12862863,0.15,Doctor_mortgages,0.8411208252577262,81348.58108987322,10674.141762938038,8210.878279183107,9989.901906339446,29096.560062857076,27302.452473039575,28673.913416400934
name889,33,high school or lower,0,0,LowSkilled,Transportation,1033,901.1680360538436,131.8319639461564,0.0,657.7063799530215,0.4109676422808823,auto loans,36,0.5090749428914473,0,none,1620.7925141697544,0,0.28996951896531575,0.33962363,0.17,Transportation_auto loans,1.0,23677.429678308774,7126.90633317094,8263.422957729761,4025.1630453124917,11066.56834152518,10953.660737725502,10271.49099843405
name890,58,bachelor degree,0,3,HighSkilled,Engineering,19344,15997.193327723331,3346.806672276667,0.0,8112.427365450751,0.2397905238594189,auto loans,24,0.2463616983650788,27658,car,76129.21147097473,0,0.06777844315789956,0.0579088,0.14,Engineering_auto loans,0.8784497508699075,194698.25677081803,10261.958109307823,12485.382366324517,22576.30784047721,52409.18727510728,48555.74571334442,70172.45969453434
name891,41,ausbildung,0,1,MediumSkilled,Electrician,2064,1831.968366584348,232.03163341565232,0.0,1147.39170155126,0.7285678848069701,auto loans,24,0.4434884051044611,34699,car,36627.48316296863,0,0.16650554620909866,0.097260095,0.03,Electrician_auto loans,0.0,27537.40083723024,0.0,0.0,0.0,0.0,0.0,0.0
name892,30,ausbildung,0,0,Unemployed_MediumSkilled,Nursing,600,408.93788422143626,191.0621157785637,0.0,589.9412063526519,0.9934895489194312,simple loans,60,0.6647984842901469,37819,car,45665.92389556909,0,0.34372796829665986,0.23055883,0.14,Nursing_simple loans,0.09014890234975108,35396.47238115911,1084.9240649530232,762.6377985993308,418.0148603201353,1473.8078011533019,1469.3285253260483,1309.2064555655802
name893,37,ausbildung,0,0,Unemployed_MediumSkilled,Nursing,751,732.1354293730683,18.86457062693171,0.0,699.0674070245761,0.5142739796156373,auto loans,12,0.905729475895665,37294,car,36372.54470604447,0,0.23175674402676985,0.38461795,0.39,Nursing_auto loans,0.0,8388.808884294915,0.0,0.0,0.0,0.0,0.0,0.0
name894,45,ausbildung,0,0,MediumSkilled,Nursing,3866,3806.792856209224,59.20714379077572,0.0,1017.9082495973428,0.8268138532489767,simple loans,36,0.247982696794249,31471,car,38949.27051804879,0,0.1820391675036132,0.10052588,0.05,Nursing_simple loans,0.2682318347402095,36644.69698550434,1857.7328438190416,1012.4152535098478,511.1222639078844,4335.572860821628,3579.423332263827,2590.0718503414164
name895,57,ausbildung,0,0,MediumSkilled,Teacher,9631,6238.749855669788,3392.250144330212,0.0,2889.4421886342934,0.4828573456763353,auto loans,36,0.0,20230,car,38888.53914712358,0,0.16128212383646445,0.18335654,0.07,Teacher_auto loans,0.8340589372386582,104019.91879083456,13621.122638178598,15009.262524871956,6420.14697595679,37116.48216330263,38331.54135780367,26991.642575983362
name896,33,ausbildung,1,0,MediumSkilled,IT Support,1211,850.9833885070074,360.01661149299264,0.0,963.254245220314,0.9649313309894152,simple loans,60,0.4981318197583166,0,none,3196.6524282174723,0,0.4820544375518578,0.31118947,0.22,IT Support_simple loans,1.0,57795.25471321884,27915.1080264847,17916.52896109784,12483.77501805527,23821.87582350571,26954.130554957283,26438.773950776802
name897,52,bachelor degree,0,0,HighSkilled,Finance,16713,7061.436827720243,9651.563172279755,0.0,6462.024249924357,0.7424103951949121,mortgages,60,0.0,62168,house,133249.1270720522,0,0.1287946794856276,0.09504416,0.07,Finance_mortgages,0.8885394919246699,387721.4549954614,39618.169832445514,36862.12323540583,24459.913548727232,137524.61273636948,122636.11619486475,107179.72357563023
name898,41,bachelor degree,1,1,HighSkilled,Engineering,3278,2859.5682593678816,418.4317406321184,0.0,2572.814249644652,0.8509874495565086,auto loans,48,0.6572246824321334,31658,car,36313.23438731701,0,0.20355271335232344,0.13217774,0.06,Engineering_auto loans,0.78169068454435,123495.0839829433,21720.365265710014,14962.918294155785,5599.027490716358,43584.97425347375,38873.82701865367,27891.10728022613
name899,49,post graduate degree,0,0,HighSkilled,Doctor,13096,11938.000962584056,1157.9990374159445,0.0,5780.03154697813,0.8576724577541331,auto loans,24,0.3529346754399958,39768,car,81659.6083386236,0,0.2722823848989742,0.21985608,0.04,Doctor_auto loans,0.755285582643789,138720.7571274751,30279.624694953836,23574.10227115783,3876.6301512570653,48922.72290422709,47924.63131850176,24518.16024804711
name900,32,high school or lower,0,1,LowSkilled,Transportation,1004,474.25341260323273,529.7465873967673,0.0,754.5446560943147,0.2229889537431257,simple loans,60,0.223902458862099,17167,liquid assets,18099.16729252184,0,0.2991723859022548,0.3155779,0.23,Transportation_simple loans,0.6399911909086338,45272.679365658885,9532.484158358558,9068.898302632915,6866.865487936104,13535.192610829794,13500.92676200953,13337.443763613564
name901,51,high school or lower,1,0,LowSkilled,Agriculture,4089,3362.2788775868657,726.7211224131343,0.0,926.1456207812206,0.2526086430551668,simple loans,12,0.0487709704984314,12158,liquid assets,17464.902968940587,0,0.4134908767449101,0.47091743,0.26,Agriculture_simple loans,0.0,11113.747449374647,0.0,0.0,0.0,0.0,0.0,0.0
name902,42,high school or lower,0,0,LowSkilled,Transportation,1515,1055.126026883948,459.873973116052,0.0,671.7079908955341,0.4856769195485809,mortgages,24,0.139824434177876,13140,liquid assets,16198.722102485222,0,0.22475367035224758,0.22020866,0.2,Transportation_mortgages,0.2271547685631629,16120.991781492818,853.2367166121411,787.3214337837352,699.4343900125276,1680.4254166798294,1675.4245682072528,1647.8418699712279
name903,60,high school or lower,0,0,LowSkilled,Construction,4920,7223.871841700417,-2303.871841700417,0.4682666344919546,4528.906645751576,0.6876875664687656,auto loans,12,1.388776115335771,9296,liquid assets,17302.27573568209,0,0.5334402844046263,0.42504206,0.29,Construction_auto loans,0.8381591549574657,54346.87974901892,24005.553442241697,18812.701274470248,12572.168406183508,17499.502751114815,19942.058670390004,21290.176686722898
name904,36,ausbildung,0,1,MediumSkilled,Teacher,1427,630.9855663753766,796.0144336246234,0.0,761.8297494260889,0.2763217698479946,mortgages,12,0.0,49527,car,57570.284683784266,0,0.14831114213825053,0.09470382,0.1,Teacher_mortgages,0.0,9141.956993113068,0.0,0.0,0.0,0.0,0.0,0.0
name905,53,high school or lower,0,0,LowSkilled,Transportation,4473,1922.8073852556377,2550.192614744362,0.0,2364.4784911441866,0.2039885917275426,simple loans,24,0.0,0,none,9425.374633932608,0,0.19666350830858487,0.19791034,0.15,Transportation_simple loans,1.0,56747.48378746048,11349.496757492096,11292.749273704636,8058.142697819387,25451.3185863129,25483.351705245146,23780.731581598502
name906,40,post graduate degree,1,1,Unemployed_HighSkilled,Doctor,1434,683.6581889931833,750.3418110068167,0.0,358.9754794252424,0.9081357213840864,auto loans,36,0.0,0,none,4647.588025870594,1,0.6482557890455464,0.718155,0.74,Doctor_auto loans,1.0,12923.117259308725,8438.795570328597,9227.10572314643,9511.41430285122,3982.9435314100465,3291.4259892679647,3063.179933836654
name907,52,high school or lower,0,1,LowSkilled,Manufacturing,4284,4502.954934941224,-218.95493494122368,0.0511099287911353,974.7390620084448,0.5682797937755631,auto loans,24,0.2786400553103801,22184,car,34767.873638765355,0,0.29272479780974664,0.31112581,0.12,Manufacturing_auto loans,0.19149088944819323,23393.737488202674,1258.7922153565057,1375.264092933976,533.0828242968831,2093.580855210381,2089.2284433221266,1744.6415986392244
name908,60,ausbildung,1,0,Unemployed_MediumSkilled,Teacher,4949,3782.0448786058055,1166.9551213941943,0.0,2042.0385885757976,0.286864470457834,auto loans,36,0.1768202600892308,31166,car,34558.34456362523,1,0.36033866595375547,0.45331213,0.66,Teacher_auto loans,0.6381320872869083,73513.38918872872,18013.920954830704,21344.61988137492,30820.69288365566,21501.238180747237,19978.303643529518,14052.463674756644
name909,32,ausbildung,0,0,MediumSkilled,Nursing,1250,1043.8576454394297,206.1423545605703,0.0,677.6364124956771,0.8270269659632444,auto loans,36,0.3771952463480854,0,none,2148.454137195788,1,0.2310870874000609,0.36310855,0.69,Nursing_auto loans,1.0,24394.910849844375,5171.7211001670075,9245.671212091018,16564.14446704433,11236.340652911796,11164.92758286953,6752.996126708076
name910,59,ausbildung,0,0,Unemployed_MediumSkilled,Teacher,4939,2664.802549767768,2274.1974502322323,0.0,3989.3297575868487,0.8179742998066128,auto loans,12,0.3472630709363467,29576,car,38883.50230594984,0,0.24551342910954882,0.31244984,0.12,Teacher_auto loans,0.47335169205046734,47871.95709104218,5529.106341358173,7047.34455804259,2583.2709955525893,10508.300922239827,10565.631162794496,8825.180797168383
name911,43,ausbildung,0,1,MediumSkilled,Teacher,2766,1453.9091935333802,1312.0908064666198,0.0,2622.0686233972224,0.4438113929908776,mortgages,36,0.4736000784275497,10392,liquid assets,16781.75107168294,0,0.15422955907605704,0.11987937,0.06,Teacher_mortgages,0.8955883400550129,94394.47044230001,14625.175567225919,9637.398928692224,5072.315225627486,35715.823176534795,32912.20360526123,24425.087881770723
name912,37,high school or lower,1,1,Unemployed_LowSkilled,Transportation,544,443.5139112129364,100.48608878706364,0.0,336.7942191612556,0.9259988506654092,simple loans,48,0.434389945540794,20575,car,20855.40461825397,1,0.7335885158662114,0.59875935,0.89,Transportation_simple loans,0.0,16166.122519740271,0.0,0.0,0.0,0.0,0.0,0.0
name913,49,bachelor degree,0,0,HighSkilled,Consultant,12975,6376.999721125744,6598.000278874256,0.0,6995.44166234991,0.5269806710535665,simple loans,24,0.030631320499087,79216,house,111348.987622105,1,0.22978053125698,0.253094,0.66,Consultant_simple loans,0.6715902813117619,167890.59989639785,28413.93119393362,26722.625765723285,71824.1038513322,51896.64801483393,52426.96142180786,33775.84528667851
name914,37,high school or lower,2,0,LowSkilled,Agriculture,1107,931.6826527523464,175.31734724765374,0.0,971.353802779292,0.8969797195041651,mortgages,24,0.7190934557648042,8127,liquid assets,9667.521741367424,1,0.7152626745571138,0.653229,0.87,Agriculture_mortgages,0.6718085600009653,23312.491266703008,11213.65633054988,10383.595177590183,14001.408881999432,4025.0084897674715,4769.850606465646,1944.0751083239406
name915,39,bachelor degree,1,1,HighSkilled,Doctor,2519,1648.5585788088067,870.4414211911933,0.0,1807.0952248479928,0.8428887650233421,auto loans,24,0.3718355711221913,39838,car,49227.45184569611,1,0.41266739100341354,0.41241708,0.66,Doctor_auto loans,0.2166746250726873,43370.28539635183,3655.5264874169416,3881.060255278141,6004.836569304436,4158.129735276191,4158.988785147642,2814.983001866103
name916,64,bachelor degree,0,1,HighSkilled,Consultant,19961,19412.60372449137,548.3962755086286,0.0,17966.098572151972,0.8194305164571081,mortgages,48,0.87258665881686,54266,house,94166.08062380998,0,0.13940312660555093,0.06861318,0.11,Consultant_mortgages,0.9562796657089006,862372.7314632947,103083.68842002387,55252.8569931328,96486.33236114234,337892.4907465844,254165.9209908978,311029.50991599786
name917,45,ausbildung,0,3,MediumSkilled,Nursing,3829,4180.92322079608,-351.9232207960795,0.0919099558098927,1426.778996158618,0.3183551173344381,auto loans,48,0.4645343998314696,35699,car,46323.6439267774,0,0.12474612218215872,0.11474366,0.04,Nursing_auto loans,0.5549642541009356,68485.39181561366,4332.791659976909,4104.749993662334,1482.270831044732,15006.277644690019,14562.838641475659,8894.021796070194
name918,39,bachelor degree,0,0,HighSkilled,Finance,2677,1792.677351838715,884.3226481612853,0.0,599.8999447979951,0.4550293715504948,simple loans,24,0.0,23710,car,32258.620106213944,0,0.09693453253070604,0.11543703,0.04,Finance_simple loans,0.0,14397.598675151883,0.0,0.0,0.0,0.0,0.0,0.0
name919,31,post graduate degree,0,0,HighSkilled,Doctor,1671,825.4586556908657,845.5413443091343,0.0,1514.2147509869465,0.4699152304305728,auto loans,48,0.4001636185983316,63333,house,62943.31248056317,0,0.1961375879895982,0.15070742,0.1,Doctor_auto loans,0.3941488782649523,72682.30804737343,5041.986432838071,4583.624029852793,2435.050265859296,12841.59830914772,12021.861295771627,10410.45430356681
name920,47,bachelor degree,0,0,HighSkilled,Doctor,9942,14286.927933934208,-4344.927933934207,0.4370275532019922,8114.517273445756,0.9209931292736636,simple loans,48,1.2532131570488798,55120,house,68693.96007179134,1,0.4202575384532061,0.69739413,0.8,Doctor_simple loans,0.9019519574920749,389496.82912539627,146495.1972535753,242753.4323794257,278586.7899810197,154451.0237888643,95232.6566957969,65512.827654140376
name921,40,bachelor degree,0,1,HighSkilled,Consultant,2927,2447.2783575016438,479.7216424983567,0.0,2110.707536995741,0.4663361241946828,auto loans,12,0.5572210093943917,47122,car,50843.884017650205,0,0.15358144361446377,0.10697394,0.05,Consultant_auto loans,0.0,25328.490443948893,0.0,0.0,0.0,0.0,0.0,0.0
name922,35,bachelor degree,0,1,HighSkilled,Finance,1803,1821.0547855919976,-18.05478559199787,0.0100137468618956,1369.913056120201,0.2478207741862925,mortgages,12,0.7698102283484186,51409,house,63460.65073975178,0,0.061005571895551364,0.12594368,0.1,Finance_mortgages,0.0,16438.95667344241,0.0,0.0,0.0,0.0,0.0,0.0
name923,50,high school or lower,1,1,LowSkilled,Manufacturing,3813,2129.6372740168267,1683.3627259831733,0.0,3333.497075787729,0.5872707494898197,simple loans,24,0.4327653684250082,15010,liquid assets,22062.687222690736,1,0.6281559284662072,0.6345245,0.74,Manufacturing_simple loans,0.8217986976185874,80003.9298189055,41157.700456295424,42341.14871222724,49902.06812512496,21213.91807063526,20915.945292746663,15584.109543836174
name924,65,ausbildung,0,1,MediumSkilled,IT Support,9931,6923.452799985401,3007.547200014599,0.0,4113.740995702551,0.372128545023828,auto loans,36,0.1113879564684273,33642,car,58748.98815698066,0,0.10722845348120881,0.14501493,0.07,IT Support_auto loans,0.805865953926136,148094.67584529184,14082.645952130864,16708.224011002723,7757.38971939412,44574.77496260161,49505.69234560349,37129.433004558814
name925,50,ausbildung,0,0,MediumSkilled,IT Support,7348,7890.191335456042,-542.191335456042,0.0737876068938543,4930.994908999202,0.2559215322508799,auto loans,36,0.744853871047257,32433,car,45652.658289057545,0,0.14692505892076502,0.11924923,0.16,IT Support_auto loans,0.843937194466609,177515.81672397128,21572.956848884696,16629.154237681956,22322.017850582084,62392.351376069586,58213.9730117253,63951.2360756768
name926,64,high school or lower,1,0,LowSkilled,Construction,4987,3690.026334447487,1296.9736655525137,0.0,3184.489041930173,0.2031002664595582,simple loans,48,0.3784871418443272,17962,liquid assets,26524.23129206644,0,0.4778397772294553,0.41078457,0.14,Construction_simple loans,0.8881475714226372,152855.47401264828,64213.63712487408,55660.86938942574,20906.7655755404,56241.819999318686,60163.74166055039,55699.82637395084
name927,39,bachelor degree,0,0,HighSkilled,Consultant,2454,1478.1977340785093,975.8022659214907,0.0,1793.765433827196,0.5442811609850935,mortgages,48,0.3333183243299533,55021,house,58349.70192981463,1,0.10028154629555734,0.11492125,0.62,Consultant_mortgages,0.5558952589665792,86100.7408237054,4451.258406418948,5647.8332468541485,29722.91903641039,17412.82085380222,18349.776400305655,15718.022606450359
name928,48,bachelor degree,0,0,HighSkilled,Research,11533,14991.627570667675,-3458.627570667677,0.2998896705686011,9210.233732297154,0.4605263739684735,mortgages,24,1.0984879305440762,74262,house,111347.1712919794,1,0.2012365276703099,0.32894737,0.4,Research_mortgages,0.7664005457819635,221045.6095751317,33543.076212575375,56921.58387588549,66239.10504604531,76322.70417876505,78662.09325277826,75714.52340547534
name929,39,bachelor degree,0,0,Unemployed_HighSkilled,Research,1244,838.638606863241,405.36139313675903,0.0,495.5144887325125,0.9130066293340814,simple loans,24,0.0724703340801876,0,none,3925.742017708668,0,0.37398101110973564,0.3242898,0.1,Research_simple loans,1.0,11892.3477295803,4887.754916857503,3650.950752981152,1260.5888593355119,5409.45343919017,5529.537564078393,4321.636915928232
name930,32,ausbildung,0,1,MediumSkilled,Nursing,1210,1120.5213377767443,89.4786622232557,0.0,276.2463172043693,0.3072540830721805,simple loans,48,0.1543534338686889,11246,liquid assets,12026.450678284067,1,0.17773334908943095,0.271729,0.74,Nursing_simple loans,0.1978243966991282,13259.823225809727,435.437343977161,658.4022490257073,1912.251950357532,1150.5317638635884,1224.7387420273224,621.760041136441
name931,37,high school or lower,0,1,LowSkilled,Construction,1156,1153.519753793781,2.480246206218908,0.0,622.8992262143398,0.4456127859058194,auto loans,36,0.5366946193841876,0,none,1934.6385328403453,0,0.3430432835329044,0.47273278,0.2,Construction_auto loans,1.0,22424.372143716235,7489.740296001223,10651.576768265211,4843.6643830427065,10360.042964250059,9346.129726869362,10090.721291505146
name932,43,ausbildung,0,0,Unemployed_MediumSkilled,Artist,1353,784.7198547482966,568.2801452517034,0.0,951.0978082370772,0.8416174895970763,auto loans,24,0.2829398839507566,28984,car,31168.565084593945,0,0.3496820761068836,0.27732638,0.09,Artist_auto loans,0.0,22826.347397689853,0.0,0.0,0.0,0.0,0.0,0.0
name933,41,bachelor degree,1,0,HighSkilled,Engineering,3458,1290.0424781790232,2167.9575218209766,0.0,2915.7671319262204,0.6384111474174771,auto loans,36,0.2162549479772249,15285,liquid assets,24837.301236090207,1,0.23559281469361884,0.23688577,0.32,Engineering_auto loans,0.8616557545924205,104967.61674934393,22611.487754480986,21526.136342265898,27857.35291352057,41758.24745259468,41784.81500365601,42101.603897185196
name934,30,bachelor degree,1,0,HighSkilled,Research,1697,1047.2534837928292,649.7465162071708,0.0,1625.5403495727785,0.7589211421694768,auto loans,24,0.5750110980351252,41411,car,54728.96602963127,1,0.386882623553941,0.49651164,0.71,Research_auto loans,0.09425443966684882,39012.96838974668,1452.4724627498433,1757.6755372010762,2614.4504329497177,1658.91354382197,1488.2600747482343,960.387495561447
name935,41,bachelor degree,1,0,HighSkilled,Engineering,3275,2708.894889466136,566.1051105338638,0.0,1145.2127188708218,0.4950522190082195,auto loans,36,0.1768267506372391,77283,house,95941.62927869192,0,0.20406612925511028,0.16441183,0.09,Engineering_auto loans,0.0,41227.65787934959,0.0,0.0,0.0,0.0,0.0,0.0
name936,42,ausbildung,2,1,MediumSkilled,Artist,2329,2270.062298578116,58.93770142188441,0.0,1820.052867505547,0.3505283283836696,mortgages,24,0.7561679545228264,30682,car,30270.340146627503,1,0.544099431879404,0.783092,0.85,Artist_mortgages,0.40080496947466054,43681.26882013313,9961.864011542635,13883.582005541848,14986.565191354124,6615.2571661754,3519.3036586009107,2491.1534986750794
name937,55,ausbildung,0,1,MediumSkilled,Nursing,9311,10855.456343246084,-1544.4563432460857,0.1658743790404989,3392.252900395377,0.3284134811314338,auto loans,36,0.5302018304845304,10481,liquid assets,24352.741415445536,0,0.19757162298458092,0.17252585,0.08,Nursing_auto loans,0.9184260587405527,122121.10441423356,20973.771263230905,20861.612058614697,9421.373187761475,50349.77183916329,48837.47587609979,37086.156187159795
name938,37,high school or lower,0,0,LowSkilled,Construction,1116,758.8949514511481,357.10504854885187,0.0,734.7839353591831,0.6806860884688859,simple loans,24,0.3384219415863183,14037,liquid assets,18244.2805292938,0,0.45185526251525504,0.52916163,0.52,Construction_simple loans,0.24518163191199274,17634.814448620396,2027.8305823546525,2317.5206655481747,2295.9020026232847,1844.1914410139143,1671.8211415624487,1694.4764615139748
name939,35,post graduate degree,1,0,HighSkilled,Consultant,1892,1513.7149743930258,378.28502560697416,0.0,1796.7242011921226,0.5779088344340877,auto loans,48,0.7497035811760827,60080,house,67722.269910622,0,0.32570670911985594,0.44994718,0.16,Consultant_auto loans,0.5157760574873527,86242.76165722188,14323.188413391432,19171.721137179215,6983.666400318183,20674.329984862132,19010.559198864004,18988.278531876247
name940,37,bachelor degree,1,1,HighSkilled,Engineering,2023,1509.0287743155188,513.9712256844812,0.0,735.3457367018535,0.3635657399084222,simple loans,12,0.1094288240323145,0,none,5531.501957005553,0,0.17063537639279125,0.24173677,0.12,Engineering_simple loans,1.0,8824.148840422242,1650.1158331589593,2047.2025309779601,1279.501581861225,3831.6382307150316,4085.6997430900365,3436.618469234918
name941,64,bachelor degree,1,1,HighSkilled,Engineering,20000,25364.33235375017,-5364.332353750171,0.2682166176875085,12451.726324387744,0.819011890779593,simple loans,48,0.8908029339068958,22005,car,64227.086871406646,0,0.3172952277317114,0.29795504,0.14,Engineering_simple loans,0.9686294803020228,597682.8635706117,178311.43838995454,178890.37163148035,83366.38677971899,269660.1233855688,270476.20094830106,237528.7588824743
name942,62,ausbildung,0,0,MediumSkilled,Teacher,9898,4758.037921357569,5139.962078642431,0.0,2974.793260322584,0.3125734969687617,auto loans,24,0.0,0,none,22938.540827087592,0,0.16345543338155272,0.1736898,0.11,Teacher_auto loans,1.0,71395.03824774202,10423.675584170334,13208.082075832273,6996.713748278718,30654.713412473302,31139.63473831322,26927.10662688565
name943,50,post graduate degree,1,0,HighSkilled,Engineering,14715,15960.39288520663,-1245.3928852066292,0.0846342429634134,8527.673846032778,0.6817501426604016,auto loans,48,0.6641567605327494,54683,house,94850.14053678796,0,0.26695902337067906,0.24223065,0.07,Engineering_auto loans,0.9071635237555343,409328.34460957337,104714.42365826934,96173.88555848143,24507.63106895666,173243.41127068587,171966.1278554975,115524.33095644398
name944,56,bachelor degree,1,0,HighSkilled,Consultant,18967,13427.402602956092,5539.597397043908,0.0,18931.694614240187,0.945344627397736,mortgages,12,0.7060735602465481,27240,car,81383.76971979524,0,0.34363197246623334,0.2502477,0.11,Consultant_mortgages,0.8976623733829536,227180.33537088224,69132.69003285196,52206.39719295015,24063.88620612546,94193.55888796455,94733.4782196749,76914.00344926606
name945,62,bachelor degree,2,0,HighSkilled,Engineering,19750,9999.425184079642,9750.574815920358,0.0,13017.17884769242,0.9060081493750384,simple loans,12,0.1653976724947879,22768,car,79219.63633490658,0,0.45911469979088865,0.57990533,0.26,Engineering_simple loans,0.8755841767677373,156206.14617230903,70027.07450999912,78506.91556394432,38979.91452216748,57886.19394611963,48614.93180648687,63716.96284517486
name946,39,ausbildung,1,0,MediumSkilled,Electrician,1671,1089.5080436231249,581.4919563768751,0.0,1630.5094337307216,0.8197691587001834,auto loans,36,0.6277782629286933,10708,liquid assets,14823.394717695184,0,0.43229762511162584,0.38427657,0.13,Electrician_auto loans,0.8274283537684186,58698.33961430598,21175.94034497807,19184.624853821875,5488.259768308536,21122.02121162929,21949.551853409765,19449.58330788211
name947,36,bachelor degree,1,0,HighSkilled,Finance,1801,1907.0532384547023,-106.05323845470252,0.0588857515017781,1276.561921550762,0.7414661075873147,auto loans,24,0.7676930372045888,43653,car,54933.9832203754,0,0.3438910562333519,0.3174258,0.18,Finance_auto loans,0.0,30637.486117218286,0.0,0.0,0.0,0.0,0.0,0.0
name948,56,ausbildung,0,0,MediumSkilled,IT Support,9566,6931.432970840654,2634.567029159346,0.0,2476.4400576129674,0.7365470213060367,simple loans,24,0.0,0,none,20217.321883790904,0,0.20430259948371718,0.1272089,0.08,IT Support_simple loans,1.0,59434.56138271122,12956.734381431046,6300.063506567389,5170.806840295875,26852.635378703173,23625.71626192165,19652.416704424784
name949,45,bachelor degree,1,1,HighSkilled,Doctor,7181,8082.369966505791,-901.3699665057912,0.1255215104450342,6757.500519572488,0.9620658835165858,auto loans,12,1.0665465096892186,0,none,14583.713437019062,1,0.5214584396633638,0.63384914,0.88,Doctor_auto loans,1.0,81090.00623486986,41031.54315484415,51248.88394043775,71197.02547421573,31712.338149445786,25836.080491567882,9321.559484349887
name950,60,bachelor degree,0,1,HighSkilled,Doctor,19715,16383.644975743444,3331.355024256556,0.0,13760.029726018818,0.4148242748034232,simple loans,24,0.5289715801046037,61330,house,112165.51092656818,0,0.2014214643259579,0.18795303,0.1,Doctor_simple loans,0.870678297823357,330240.71342445165,54631.3502249108,58369.284713983645,28753.342223637264,129562.82628751894,127741.28278515174,104488.62414349715
name951,39,post graduate degree,1,0,HighSkilled,Doctor,2514,2497.0400782283323,16.959921771667723,0.0,1723.4990708895205,0.541733378817796,auto loans,36,0.6788142995695516,66526,house,72930.16867338265,1,0.3747686125101096,0.5103242,0.77,Doctor_auto loans,0.25436355591827986,62045.966552022735,6044.595117420157,8411.930019804031,12341.70595776126,7175.440544371856,6270.1871205289535,3347.659966567867
name952,52,post graduate degree,0,1,HighSkilled,Engineering,16700,14838.124056686733,1861.875943313269,0.0,16291.498999484777,0.8852262824843227,auto loans,24,0.8640492848006891,68423,house,112057.85318435237,0,0.13887734633413476,0.12548766,0.02,Engineering_auto loans,0.8783712702164704,390995.9759876346,50485.62591543471,38465.23879271217,10646.628594411402,140548.4588948267,135879.8450305824,53689.55334348103
name953,45,ausbildung,1,1,MediumSkilled,IT Support,3811,3589.282254861689,221.71774513831087,0.0,3259.486328148223,0.6839295505692724,auto loans,36,0.7971053747074028,46099,car,52542.347754234,0,0.3807523411517131,0.32426867,0.25,IT Support_auto loans,0.6647721469329158,117341.50781333604,32372.226920468016,23791.636652392157,21451.47567018965,35333.694203635656,36270.057298596264,36233.254333297555
name954,60,bachelor degree,0,1,HighSkilled,Consultant,19591,17648.28219968982,1942.71780031018,0.0,14828.253651923464,0.6605423478898459,auto loans,12,0.6577273161968906,31452,car,76903.61289187358,0,0.1864621157719348,0.10431293,0.04,Consultant_auto loans,0.8489802281415418,177939.04382308156,30968.679654142557,13898.139161859099,8006.536691071002,66996.32881993169,55822.46076432092,35351.19203016213
name955,55,high school or lower,0,1,LowSkilled,Construction,4705,5150.28451559136,-445.2845155913601,0.0946407046952943,2559.161784930986,0.3060256307764966,mortgages,12,0.6385645697178206,0,none,6541.6923331607095,1,0.22683088148367145,0.27511632,0.73,Construction_mortgages,1.0,30709.94141917183,6756.187112217803,8875.17307014066,22602.516884510467,14110.39269985909,14344.415978298006,7529.094255983518
name956,42,post graduate degree,1,0,HighSkilled,Research,3952,2554.0210491741072,1397.9789508258928,0.0,3032.894306929023,0.7506421981614136,auto loans,60,0.4136931569086868,70634,house,64271.366055339015,1,0.3692133125567886,0.30661047,0.2,Research_auto loans,0.7304684588003063,181973.65841574137,45327.7720715732,41207.065519612,27515.685685676395,60632.5391147121,62040.27081519901,59815.24875994304
name957,55,ausbildung,1,0,MediumSkilled,Nursing,9383,6193.585928569316,3189.414071430684,0.0,8307.709607686984,0.3427498733299092,auto loans,12,0.5454860424444528,0,none,22698.626026160026,0,0.29647549174667015,0.35964358,0.2,Nursing_auto loans,1.0,99692.5152922438,29608.677041796407,34393.917775824106,19041.270420818564,46581.411162945726,45709.21537755718,44860.537464146575
name958,50,bachelor degree,3,1,HighSkilled,Engineering,14547,12459.453780428395,2087.5462195716027,0.0,6710.639425365141,0.2914335628675075,auto loans,24,0.317803891234862,22117,car,57535.24591274818,1,0.5790516324664446,0.6777485,0.75,Engineering_auto loans,0.8825863542569116,161055.34620876337,85855.7315097622,96658.77057390448,105898.21187876299,50603.733328219656,40683.78972299894,32524.072899614333
name959,39,bachelor degree,0,0,HighSkilled,Consultant,2697,1527.445044812104,1169.554955187896,0.0,753.240859498174,0.4077266248830221,auto loans,24,0.0,64633,house,62215.52749647092,0,0.14604632234923917,0.11399627,0.05,Consultant_auto loans,0.0,18077.780627956177,0.0,0.0,0.0,0.0,0.0,0.0
name960,64,ausbildung,1,1,MediumSkilled,IT Support,10000,10972.691732082478,-972.6917320824778,0.0972691732082477,6981.917363870085,0.9500497804756082,mortgages,60,0.7954609095952563,24161,car,45576.52409739523,1,0.27666935518046415,0.3068332,0.57,IT Support_mortgages,0.9508977776214261,418915.0418322051,114723.47009964401,119503.61468712917,229446.94019928802,186093.25017546944,185912.66909419888,144128.17350450304
name961,65,high school or lower,1,0,LowSkilled,Manufacturing,4983,4980.818450440437,2.1815495595628818,0.0,1543.7527386492106,0.5747661151302456,mortgages,48,0.3093660824984242,18498,liquid assets,21310.49824666042,0,0.48667729075762056,0.5183416,0.23,Manufacturing_mortgages,0.7630248007507907,74100.1314551621,27761.256877238586,28722.440923904695,13286.955939207879,23172.193380850702,22211.041722341204,26026.75593882511
name962,30,bachelor degree,1,0,HighSkilled,Finance,1600,1569.5320532891265,30.467946710873548,0.0,349.614582220662,0.4025350889412052,auto loans,48,0.1994666471936177,41032,car,49690.85342044426,0,0.28313667569023326,0.22632453,0.27,Finance_auto loans,0.0,16781.499946591775,0.0,0.0,0.0,0.0,0.0,0.0
name963,60,bachelor degree,2,0,HighSkilled,Consultant,19727,13112.68632325238,6614.313676747621,0.0,17566.286194275526,0.5497909157042089,mortgages,12,0.5551767890468853,25033,car,90470.87491909624,1,0.4651486126939563,0.39673313,0.52,Consultant_mortgages,0.898465845879237,210795.43433130631,90908.39914269997,75378.2142891554,103029.5190283933,79623.96391388726,84851.42355908258,74223.16803908384
name964,59,ausbildung,0,0,MediumSkilled,Teacher,9844,7650.831601554095,2193.168398445905,0.0,7171.923257730737,0.5905235201047079,auto loans,60,0.5057654265831808,26240,car,40442.437709147845,1,0.1769980762626054,0.26496217,0.65,Teacher_auto loans,0.9480071543608019,430315.3954638442,66494.5579856055,108512.59155933167,261082.92706004612,178750.37244536224,190254.2015737073,125208.74642376219
name965,56,high school or lower,0,0,LowSkilled,Agriculture,4810,3341.181267426531,1468.8187325734689,0.0,2516.548654434412,0.5587191058863448,simple loans,12,0.2178232685781586,0,none,9848.886419898528,1,0.20874532145302915,0.22934966,0.69,Agriculture_simple loans,1.0,30198.583853212946,6975.872870092191,7459.050211743597,20806.824274863717,13696.618633002296,13895.961575859725,8359.568151244834
name966,41,bachelor degree,0,0,HighSkilled,Doctor,3240,3202.357652973451,37.64234702654903,0.0,1724.6773496142969,0.9126050540721912,simple loans,24,0.5206898156135025,48019,car,47175.192795613686,1,0.26827466516834786,0.2645189,0.29,Doctor_simple loans,0.011085385214357058,41392.256390743125,108.7472383549284,129.85429727613814,124.34810799234431,214.12543566922966,213.9770383218107,214.46086271733654
name967,34,high school or lower,0,0,LowSkilled,Transportation,1044,557.0040383114487,486.99596168855135,0.0,535.8464133431036,0.6844412856557368,simple loans,48,0.0467916203587664,12886,liquid assets,14537.796755669167,1,0.37411292195432516,0.5067306,0.7,Transportation_simple loans,0.5259780746293979,25720.627840468973,5140.824797719881,6994.227422160996,9686.396197809037,6153.194784239754,5401.371335143056,3639.7807417859776
name968,48,bachelor degree,1,0,HighSkilled,Consultant,11612,6539.662436304378,5072.337563695622,0.0,9098.321986989631,0.4229607490883463,auto loans,12,0.346708958258182,72765,house,121304.02350347054,0,0.3536757708902947,0.40905756,0.07,Consultant_auto loans,0.5357840984413631,109179.86384387557,22053.306763913202,22930.759287676326,4913.734133073499,26899.737971661267,25960.245332838884,18199.038008270956
name969,36,bachelor degree,1,1,HighSkilled,Research,1993,1484.1714028819315,508.8285971180685,0.0,1663.641124305081,0.356836289359008,mortgages,12,0.5794342835860573,41628,car,44989.79470866668,0,0.21379124983375886,0.27311513,0.1,Research_mortgages,0.0,19963.69349166097,0.0,0.0,0.0,0.0,0.0,0.0
name970,31,ausbildung,0,1,MediumSkilled,IT Support,1236,1040.2035460170664,195.7964539829336,0.0,552.0977093852924,0.434107527147719,auto loans,12,0.2882696241119408,34492,car,34139.25375678658,1,0.17147607947261842,0.18369487,0.62,IT Support_auto loans,0.0,6625.172512623509,0.0,0.0,0.0,0.0,0.0,0.0
name971,59,ausbildung,1,0,Unemployed_MediumSkilled,Teacher,4896,3651.607206900562,1244.3927930994378,0.0,2395.3851127342277,0.4167149208777353,auto loans,60,0.2350883005790011,23237,car,32897.12521525418,0,0.3556838740433628,0.4611012,0.22,Teacher_auto loans,0.8621509575593942,143723.10676405366,44731.8760973344,52538.26998689692,27632.156148768903,56925.605785982414,52329.27063104144,56683.81095622982
name972,50,post graduate degree,0,1,HighSkilled,Doctor,14510,14867.137573140992,-357.13757314099166,0.0246132028353543,8104.364518784972,0.9025328267481628,simple loans,24,0.5831496962044082,67387,house,90164.64616199346,0,0.32007074825371445,0.2579134,0.09,Doctor_simple loans,0.7593124490314642,194504.7484508393,44897.72257591453,37513.228731191746,14473.607935656659,68746.82491441318,68766.79942537205,51392.93996519531
name973,64,post graduate degree,0,0,HighSkilled,Consultant,19990,15899.418796620796,4090.581203379205,0.0,13092.523066319543,0.3981735998849232,auto loans,24,0.4503222542741541,37437,car,97042.96516137356,0,0.15437494278949357,0.17229624,0.13,Consultant_auto loans,0.8980829953754556,314220.5535916691,44304.79334856798,44022.59721258984,38660.870629005185,119254.4000196437,122835.67267894847,113006.94866787868
name974,65,bachelor degree,1,0,HighSkilled,Research,20000,15341.265034240836,4658.734965759164,0.0,14504.981423508609,0.5240281085812661,simple loans,24,0.4923123228874722,62668,house,121983.40485371328,1,0.33167772704116055,0.34939793,0.6,Research_simple loans,0.8746869744977528,348119.5541642066,99265.57850809925,101092.55234567162,178129.94916330694,141263.77445998855,140297.46732138755,104178.58146803186
name975,60,bachelor degree,0,1,HighSkilled,Doctor,19764,15340.762463170764,4423.237536829236,0.0,11892.3938618356,0.4220161374295223,mortgages,24,0.3779172396785248,27054,car,91460.73699888928,0,0.1264692838524367,0.09529862,0.01,Doctor_mortgages,0.9189311442900605,285417.4526840544,34883.10519057654,25441.061680345294,2098.2318911624984,104049.08775725374,93467.88205733708,26297.338720351563
name976,62,bachelor degree,1,1,HighSkilled,Research,19899,9678.560195576372,10220.439804423628,0.0,6535.758240975248,0.4464464624297854,mortgages,12,0.0,63085,house,119052.85629242606,0,0.2624007225154933,0.11970945,0.21,Research_mortgages,0.43980514371994645,78429.09889170298,9244.263657450874,4139.222533186958,7726.548728615655,16078.289551370386,13422.042174401733,15660.88706492026
name977,39,ausbildung,0,0,MediumSkilled,Teacher,1681,1304.23050629033,376.76949370966986,0.0,986.2119704641332,0.7691769921199032,simple loans,48,0.3625475768914117,14520,liquid assets,16770.205186996827,0,0.2967163418381122,0.25957114,0.18,Teacher_simple loans,0.7095384532343864,47338.17458227839,10311.594337819091,8195.534261979994,6012.297675796798,15693.867358394897,15645.898210187299,14776.576250828955
name978,31,high school or lower,0,0,LowSkilled,Transportation,1015,1076.2348229371055,-61.23482293710549,0.0603298748148822,535.2543050847485,0.2789005691484671,auto loans,48,0.5876740177555212,13132,liquid assets,10101.828639813571,0,0.34032510665164134,0.48282844,0.22,Transportation_auto loans,0.5176390618445413,25692.206644067926,4641.452120639043,6144.271861705553,2992.340192389068,6150.865454277487,5476.482052453678,6083.837107232169
name979,34,ausbildung,0,1,MediumSkilled,Artist,1246,851.4853275348237,394.5146724651763,0.0,701.9329322572554,0.8136276601908923,auto loans,36,0.2467241250337713,23311,car,29696.653776283107,0,0.2658442646720568,0.25447685,0.13,Artist_auto loans,0.21475194004345366,25269.585561261196,1383.806593460596,1492.340443928094,770.5903383192339,2531.3092843532913,2524.310054517635,2173.147981986868
name980,48,ausbildung,0,1,MediumSkilled,Nursing,5941,3322.5916768255047,2618.4083231744958,0.0,4454.985809988576,0.3552072728082882,mortgages,48,0.3091360859811615,28634,car,50815.49917952177,0,0.08070085238512666,0.035147674,0.07,Nursing_mortgages,0.8856211025387077,213839.31887945166,13824.784774706677,5113.276560507949,13067.262321298094,62862.74761796641,41257.76332392387,58918.486534933
name981,52,ausbildung,0,0,MediumSkilled,Artist,8494,7740.648842968494,753.3511570315059,0.0,6053.84211485273,0.964315766738416,auto loans,24,0.6240276616224658,0,none,14364.441892708166,0,0.34559120785028985,0.27521682,0.11,Artist_auto loans,1.0,145292.21075646553,51433.4426077888,39374.18911500216,16708.60423699354,67054.38342111203,67865.7786850196,54797.90959029316
name982,31,high school or lower,0,0,LowSkilled,Agriculture,1000,1086.6354383691469,-86.63543836914687,0.0866354383691468,312.1998451342492,0.8858683529421129,mortgages,36,0.398835283503396,23821,car,24991.397474348847,0,0.25596796492104223,0.25008672,0.28,Agriculture_mortgages,0.0,11239.194424832971,0.0,0.0,0.0,0.0,0.0,0.0
name983,39,bachelor degree,0,0,HighSkilled,Finance,2448,1454.3245120143908,993.6754879856092,0.0,1600.121741607097,0.8290636204251339,auto loans,12,0.2477313127538757,56837,house,63472.42232058576,0,0.13814092605025147,0.12941922,0.05,Finance_auto loans,0.0,19201.460899285164,0.0,0.0,0.0,0.0,0.0,0.0
name984,54,bachelor degree,1,0,HighSkilled,Consultant,18209,9689.541260140924,8519.458739859077,0.0,14819.517944451369,0.6406064922888872,simple loans,12,0.345986007171854,46234,car,91794.08204816272,0,0.4558768665930724,0.46788022,0.32,Consultant_simple loans,0.7777934386129419,177834.21533341642,64456.32120480095,63073.13834632882,45783.35261542728,58745.797098559604,57972.13186224076,64385.65371846137
name985,45,bachelor degree,3,1,HighSkilled,Consultant,7207,5602.466007021613,1604.5339929783868,0.0,4744.084152620614,0.8244255902787936,auto loans,12,0.4356251088722391,61508,house,78639.1244476132,1,0.8047755605937372,0.8316873,0.87,Consultant_auto loans,0.24909686691286298,56929.00983144737,11259.585360459301,11472.297930241279,12564.222455122092,2585.7261288334757,2250.21380810828,1760.2757873370344
name986,41,ausbildung,0,3,MediumSkilled,IT Support,2032,1635.7681734773446,396.2318265226554,0.0,937.0413267585694,0.6528018718222031,mortgages,12,0.2661464075964144,49932,car,58593.64684849718,0,0.1293918629708956,0.24445736,0.16,IT Support_mortgages,0.0,11244.495921102833,0.0,0.0,0.0,0.0,0.0,0.0
name987,63,ausbildung,0,1,MediumSkilled,Teacher,9922,11252.215693015562,-1330.2156930155616,0.1340672941962871,3487.2870973830645,0.3001939525720483,auto loans,12,0.4855374713161284,39033,car,60720.61141233294,0,0.18222818507078922,0.14400864,0.12,Teacher_auto loans,0.20273194871951683,41847.44516859677,1527.0865394332955,1221.6692315466364,1068.960577603307,3743.001835226899,3511.670040352575,3304.0730364182573
name988,58,bachelor degree,0,0,HighSkilled,Research,19537,15241.808705408446,4295.191294591554,0.0,15569.351884268084,0.4445390624473893,mortgages,24,0.5770671336272984,67200,house,113255.5465224358,0,0.13608843079580527,0.10255916,0.06,Research_mortgages,0.8747812095352817,373664.445222434,46416.198219985534,33668.087441257114,20266.227391824672,132898.32411587166,119984.92118180278,94441.3902486545
name989,63,ausbildung,1,1,MediumSkilled,Electrician,9885,8743.426650766694,1141.5733492333056,0.0,3667.7485270658703,0.2129523764711228,auto loans,48,0.2555564165738558,37309,car,56872.877388535846,0,0.22925270238736936,0.2563226,0.11,Electrician_auto loans,0.8188279093215295,176051.92929916177,33876.71480201277,34165.02726841288,17587.060450406632,66330.20568530925,67092.36419560807,54369.46820923962
name990,42,ausbildung,2,0,MediumSkilled,IT Support,2387,1866.1589987836935,520.8410012163063,0.0,1019.4640808363306,0.5191131605725654,auto loans,12,0.2088911100209569,14916,liquid assets,22061.59282924057,1,0.6264027528672035,0.6913828,0.81,IT Support_auto loans,0.0,12233.568970035967,0.0,0.0,0.0,0.0,0.0,0.0
name991,63,post graduate degree,0,1,HighSkilled,Doctor,19981,19363.560350662498,617.4396493375025,0.0,10162.410259477603,0.4343140644964529,simple loans,36,0.4777023477373556,70179,house,121950.1535734422,0,0.21773999508027342,0.22562559,0.2,Doctor_simple loans,0.8664462783217585,365846.7693411937,75442.80407214843,78612.6697894656,67201.15320712382,144777.5680329822,145539.8854357309,142640.47742316703
name992,34,ausbildung,1,0,MediumSkilled,Electrician,1298,1156.4001417213476,141.5998582786524,0.0,932.6856348476562,0.749636113694008,auto loans,12,0.6094651591440707,25872,car,32372.90162994526,0,0.36285372023574175,0.27062777,0.11,Electrician_auto loans,0.0,11192.227618171873,0.0,0.0,0.0,0.0,0.0,0.0
name993,45,high school or lower,1,0,LowSkilled,Agriculture,2177,2188.2311145721083,-11.231114572108254,0.0051589869417125,939.3304991030794,0.3308774150080175,auto loans,24,0.4366383158820338,0,none,3597.893468659607,1,0.39690351371213484,0.43441406,0.81,Agriculture_auto loans,1.0,22543.931978473905,9333.187839088196,10099.68152635631,18463.480290370127,10098.844316023644,9784.56824570044,4008.0236424740174
name994,54,bachelor degree,0,1,HighSkilled,Engineering,18256,20728.972044166207,-2472.9720441662066,0.1354607824367992,9633.312405594746,0.3365530583356987,auto loans,24,0.663140033400578,29407,car,67501.3880185173,0,0.11034769379994404,0.05856237,0.08,Engineering_auto loans,0.8912961195146567,231199.4977342739,28643.34290783715,12157.965694693463,15248.973922157904,77812.56522310707,58828.7748342191,68137.43867734035
name995,42,post graduate degree,0,0,HighSkilled,Doctor,3997,4280.838455846294,-283.838455846294,0.071012873616786,2143.9002698054514,0.6036685366005684,auto loans,12,0.6073902240809971,53109,house,64617.52533304763,0,0.18368245840203112,0.16825971,0.23,Doctor_auto loans,0.0,25726.803237665416,0.0,0.0,0.0,0.0,0.0,0.0
name996,52,bachelor degree,0,0,HighSkilled,Engineering,16624,17434.032009778166,-810.032009778166,0.0487266608384363,15563.24336688822,0.8664574276562514,simple loans,24,0.9849179124558702,32673,car,65978.4932247788,0,0.14767218853474479,0.06843829,0.1,Engineering_simple loans,0.925376759956076,373517.8408053173,51501.06466722187,26960.288886196682,30762.380908609037,144171.416479645,106400.84597690208,125606.06668669604
name997,34,ausbildung,0,1,MediumSkilled,Teacher,1336,661.1936163302682,674.8063836697318,0.0,1212.9741911411315,0.903017537269836,auto loans,48,0.4028202151732034,23012,car,28825.456237018665,0,0.23306802740968002,0.2735093,0.06,Teacher_auto loans,0.663795728223388,58222.761174774314,8695.804534466786,10319.021380900585,2280.233189037957,17820.3888843362,18048.9601840037,11166.277094869185
name998,30,bachelor degree,1,1,HighSkilled,Consultant,1722,1054.442925048778,667.5570749512219,0.0,539.61753578458,0.8285475566819577,mortgages,12,0.0,11159,liquid assets,14536.28747352501,1,0.3656321721418554,0.47526893,0.7,Consultant_mortgages,0.0,6475.41042941496,0.0,0.0,0.0,0.0,0.0,0.0
name999,34,ausbildung,0,2,MediumSkilled,Teacher,1337,894.6842741902382,442.3157258097618,0.0,444.1261013338742,0.5026099729569411,auto loans,12,0.0013540579836292,22335,car,26855.66362824177,1,0.170458205552306,0.15402347,0.62,Teacher_auto loans,0.0,5329.51321600649,0.0,0.0,0.0,0.0,0.0,0.0
